<body>
	<div id="2" group="1" x="266" y="1119" width="1258" height="297" type="wavyscore"
		sealts="358b_1_1.289" work="pl" section="pl9" attribution="HM">
		<line c="1165" h="66" n="10">
			<w x="363">
				<choice>
					<orig>th'</orig>
					<reg>the</reg>
				</choice>
			</w>
			<w x="565">attempt</w>
			<w x="710">itself,</w>
			<w x="927">intended</w>
			<w x="1005">by</w>
			<w x="1100">our</w>
			<w x="1213">foe:</w>
		</line>
		<line c="1237" h="68" n="11">
			<w x="361">For</w>
			<w x="433">he</w>
			<w x="551">who</w>
			<w x="735">tempts,</w>
			<w x="918">though</w>
			<w x="980">in</w>
			<w x="1107">vain,</w>
			<w x="1178">at</w>
			<w x="1305">least</w>
			<w x="1513">asperses</w>
		</line>
		<line c="1307" h="66" n="12">
			<w x="373">The</w>
			<w x="584">tempted</w>
			<w x="710">with</w>
			<w x="954">dishonour</w>
			<w x="1073">foul,</w>
			<w x="1291">
				<choice>
					<orig>suppos'd</orig>
					<reg>supposed</reg>
				</choice>
			</w>
		</line>
		<line c="1376" h="65" n="13">
			<w x="365">Not</w>
			<w x="675">incorruptible</w>
			<w x="746">of</w>
			<w x="877">faith,</w>
			<w x="976">not</w>
			<w x="1118">proof</w>
		</line>
	</div>
</body>
