<body>
	<div id="2" group="1" x="744" y="954" width="548" height="94" type="underline"
		sealts="358b_1_b132" work="verse" mode="commentary" attribution="HM">
		<line c="1000" h="60" n="5">
			<w x="806">in</w>
			<w x="948">longer</w>
			<w x="1092">Works</w>
			<w x="1290">especially,</w>
		</line>
	</div>
	<div id="3" group="2" x="955" y="1554" width="919" height="59" type="underline"
		sealts="358b_1_b132" work="verse" mode="commentary" attribution="HM">
		<line c="1592" h="59" n="15">
			<w x="1086">which</w>
			<w x="1260">consists</w>
			<w x="1358">only</w>
			<w x="1414">in</w>
			<w x="1486">apt</w>
			<w x="1694">Numbers,</w>
			<w x="1752">fit</w>
			<w x="1866">
				<choice>
					<hyph>quan-</hyph>
					<reg>quantity</reg>
				</choice>
			</w>
		</line>
	</div>
	<div id="4" group="3" x="612" y="1614" width="916" height="64" type="underline"
		sealts="358b_1_b132" work="verse" mode="commentary" attribution="HM">
		<line c="1654" h="61" n="16">
			<blank x="954">and</blank>
			<w x="1044">and</w>
			<w x="1128">the</w>
			<w x="1252">sense</w>
			<w x="1440">variously</w>
			<w x="1590">drawn</w>
			<w x="1678">out</w>
			<w x="1786">from</w>
			<w x="1864">one</w>
		</line>
		<line c="1711" h="80" n="17">
			<w x="714">verse</w>
			<w x="801">into</w>
			<w x="974">another,</w>
		</line>
	</div>
	<div id="5" group="4" x="332" y="2114" width="1784" height="764" type="annotation"
		sealts="358b_1_b132" work="verse" mode="commentary" attribution="HM">
		<line n="1" h="127" c="2177">
			<w x="710">The</w>
			<w x="978">Music</w>
			<w x="1056">of</w>
			<w x="1204">the</w>
			<w x="1436">P.L.</w>
		</line>
		<line n="2" h="126" c="2324">
			<w x="592">Like</w>
			<w x="686">a</w>
			<w x="880">fine</w>
			<w x="1086">organ</w>
			<w x="1192">&#8212;</w>
			<w x="1464">fullest</w>
			<w x="1544">&amp;</w>
			<w x="1836">deepest</w>
			<w x="2022">tones</w>
		</line>
		<line n="3" h="126" c="2468">
			<w x="500">of</w>
			<w x="880">majesty,</w>
			<w x="1056">with</w>
			<w x="1184">the</w>
			<w x="1474">suppleness</w>
			<w x="1574">&amp;</w>
			<w x="1920">eloquence</w>
		</line>
		<line n="4" h="127" c="2590">
			<w x="502">of</w>
			<w x="634">the</w>
			<w x="926">Dorian</w>
			<w x="1252">flute.</w>
			<w x="1604">Variety</w>
			<w x="1930">without</w>
			<w x="2106">end</w>
		</line>
		<line n="5" h="126" c="2720">
			<w x="684">scarcely</w>
			<w x="1008">equalled</w>
			<w x="1104">by</w>
			<w x="1422">Virgil.</w>
		</line>
		<line n="6" h="126" c="2820">
			<w x="1736">Cowper</w>
			<w x="1876">in</w>
			<w x="2098">Letters.</w>
		</line>
	</div>
</body>
