<body>
	<div id="2" group="1" x="551" y="644" width="1274" height="641" type="score" type2="xmark"
		sealts="358b_2_2.108" work="pr" section="pr3" attribution="HM">
		<line c="684" h="62" n="3">
			<w x="608">A</w>
			<w x="943">miscellaneous</w>
			<w x="1118">rabble,</w>
			<w x="1240">who</w>
			<w x="1375">extol</w>
		</line>
		<line c="753" h="58" n="4">
			<w x="728">Things</w>
			<w x="915">vulgar,</w>
			<w x="1020">and</w>
			<w x="1149">well</w>
			<w x="1376">
				<choice>
					<orig>weigh'd,</orig>
					<reg>weighed,</reg>
				</choice>
			</w>
			<w x="1539">scarce</w>
			<w x="1706">worth</w>
			<w x="1809">the</w>
		</line>
		<line c="823" h="57" n="5">
			<w x="846">praise?</w>
		</line>
		<line c="896" h="58" n="6">
			<w x="691">They</w>
			<w x="842">praise</w>
			<w x="945">and</w>
			<w x="1067">they</w>
			<w x="1242">admire</w>
			<w x="1366">they</w>
			<w x="1514">know</w>
			<w x="1609">not</w>
			<w x="1758">what,</w>
		</line>
		<line c="965" h="52" n="7">
			<w x="660">And</w>
			<w x="807">know</w>
			<w x="902">not</w>
			<w x="1076">whom,</w>
			<w x="1176">but</w>
			<w x="1242">as</w>
			<w x="1342">one</w>
			<w x="1480">leads</w>
			<w x="1573">the</w>
			<w x="1744">other:</w>
		</line>
		<line c="1039" h="58" n="8">
			<w x="659">And</w>
			<w x="795">what</w>
			<w x="974">delight</w>
			<w x="1038">to</w>
			<w x="1109">be</w>
			<w x="1188">by</w>
			<w x="1310">such</w>
			<w x="1522">
				<choice>
					<orig>extoll'd,</orig>
					<reg>extolled,</reg>
				</choice>
			</w>
		</line>
		<line c="1111" h="59" n="9">
			<w x="632">To</w>
			<w x="732">live</w>
			<w x="863">upon</w>
			<w x="992">their</w>
			<w x="1188">tongues</w>
			<w x="1290">and</w>
			<w x="1357">be</w>
			<w x="1486">their</w>
			<w x="1609">talk,</w>
		</line>
		<line c="1183" h="60" n="10">
			<w x="627">Of</w>
			<w x="781">whom</w>
			<w x="846">to</w>
			<w x="917">be</w>
			<w x="1152">
				<choice>
					<orig>disprais'd</orig>
					<reg>dispraised</reg>
				</choice>
			</w>
			<w x="1285">were</w>
			<w x="1360">no</w>
			<w x="1501">small</w>
			<w x="1687">praise?</w>
		</line>
		<line c="1253" h="59" n="11">
			<w x="641">His</w>
			<w x="722">lot</w>
			<w x="840">who</w>
			<w x="981">dares</w>
			<w x="1054">be</w>
			<w x="1303">singularly</w>
			<w x="1447">good.</w>
		</line>
	</div>
	<div id="3" group="2" x="552" y="1284" width="1008" height="138" type="score4"
		sealts="358b_2_2.108" work="pr" section="pr3" attribution="HM">
		<line c="1324" h="59" n="12">
			<w x="644">
				<choice>
					<orig>Th'</orig>
					<reg>The</reg>
				</choice>
			</w>
			<w x="903">intelligent</w>
			<w x="1075">among</w>
			<w x="1211">them</w>
			<w x="1314">and</w>
			<w x="1406">the</w>
			<w x="1529">wise</w>
		</line>
		<line c="1396" h="59" n="13">
			<w x="641">Are</w>
			<w x="760">few,</w>
			<w x="866">and</w>
			<w x="1003">glory</w>
			<w x="1166">scarce</w>
			<w x="1239">of</w>
			<w x="1339">few</w>
			<w x="1393">is</w>
			<w x="1549">
				<choice>
					<orig>rais'd.</orig>
					<reg>raised.</reg>
				</choice>
			</w>
		</line>
	</div>
</body>
