<body>
	<div id="2" group="1" x="600" y="472" width="1158" height="730" type="score"
		sealts="358b_2_2.186" work="samag" attribution="HM">
		<line c="520" h="69" n="1">
			<w x="714">Her</w>
			<w x="941">husband,</w>
			<w x="1064">how</w>
			<w x="1100">far</w>
			<w x="1291">
				<choice>
					<orig>urg'd</orig>
					<reg>urged</reg>
				</choice>
			</w>
			<w x="1378">his</w>
			<w x="1595">patience</w>
			<w x="1754">bears,</w>
		</line>
		<line c="594" h="58" n="2">
			<w x="704">His</w>
			<w x="860">virtue</w>
			<w x="929">or</w>
			<w x="1175">weakness</w>
			<w x="1339">which</w>
			<w x="1458">way</w>
			<w x="1526">to</w>
			<w x="1699">assail;</w>
		</line>
		<line c="660" h="50" n="3">
			<w x="749">Then</w>
			<w x="877">with</w>
			<w x="1013">more</w>
			<w x="1227">cautious</w>
			<w x="1333">and</w>
			<w x="1591">instructed</w>
			<w x="1711">skill</w>
		</line>
		<line c="739" h="60" n="4">
			<w x="757">Again</w>
			<w x="1076">transgresses,</w>
			<w x="1182">and</w>
			<w x="1329">again</w>
			<w x="1564">submits;</w>
		</line>
		<line c="807" h="58" n="5">
			<w x="736">That</w>
			<w x="905">wisest</w>
			<w x="1009">and</w>
			<w x="1127">best</w>
			<w x="1247">men</w>
			<w x="1345">full</w>
			<w x="1430">oft</w>
			<w x="1654">
				<choice>
					<orig>beguil'd,</orig>
					<reg>beguiled,</reg>
				</choice>
			</w>
		</line>
		<line c="881" h="59" n="6">
			<w x="737">With</w>
			<w x="969">goodness</w>
			<w x="1224">principled</w>
			<w x="1322">not</w>
			<w x="1389">to</w>
			<w x="1551">reject</w>
		</line>
		<line c="953" h="58" n="7">
			<w x="714">The</w>
			<w x="944">penitent,</w>
			<w x="1048">but</w>
			<w x="1168">ever</w>
			<w x="1234">to</w>
			<w x="1432">forgive,</w>
		</line>
		<line c="1022" h="55" n="8">
			<w x="703">Are</w>
			<w x="873">drawn</w>
			<w x="939">to</w>
			<w x="1077">wear</w>
			<w x="1173">out</w>
			<w x="1418">miserable</w>
			<w x="1565">days,</w>
		</line>
		<line c="1096" h="61" n="9">
			<w x="864">Entangled</w>
			<w x="992">with</w>
			<w x="1038">a</w>
			<w x="1274">
				<choice>
					<orig>pois'nous</orig>
					<reg>poisonous</reg>
				</choice>
			</w>
			<w x="1445">bosom</w>
			<w x="1615">snake,</w>
		</line>
		<line c="1167" h="59" n="10">
			<w x="663">If</w>
			<w x="754">not</w>
			<w x="831">by</w>
			<w x="981">quick</w>
			<w x="1267">destruction</w>
			<w x="1393">soon</w>
			<w x="1488">cut</w>
			<w x="1580">off,</w>
		</line>
	</div>
</body>
