<body>
	<div id="2" group="1" x="704" y="622" width="596" height="92" type="underline"
		sealts="358b_1_1.225" work="pl" section="pl7" attribution="HM">
		<line c="677" h="71" n="3">
			<w x="818">and</w>
			<w x="990">drawn</w>
			<w x="1214">empyreal</w>
			<w x="1294">air,</w>
		</line>
	</div>
	<div id="3" group="2" x="274" y="1414" width="626" height="82" type="underline"
		sealts="358b_1_1.225" work="pl" section="pl7" attribution="HM">
		<line c="1460" h="67" n="14">
			<blank x="748"/>
			<w x="930">though</w>
			<w x="1072">
				<choice>
					<orig>fall'n</orig>
					<reg>fallen</reg>
				</choice>
			</w>
			<w x="1148">on</w>
			<w x="1252">evil</w>
			<w x="1364">days,</w>
		</line>
		<line c="1530" h="74" n="15">
			<w x="370">On</w>
			<w x="474">evil</w>
			<w x="592">days</w>
			<w x="774">though</w>
			<w x="914">
				<choice>
					<orig>fall'n</orig>
					<reg>fallen</reg>
				</choice>
			</w>
			<w x="1014">and</w>
			<w x="1118">evil</w>
			<w x="1312">tongues,</w>
		</line>
		<line c="1601" h="67" n="16">
			<w x="348">In</w>
			<w x="584">darkness,</w>
			<w x="688">and</w>
			<w x="808">with</w>
			<w x="1006">dangers</w>
			<w x="1222">compast</w>
			<w x="1362">round,</w>
		</line>
	</div>
		<line c="1674" h="60" n="17">
			<w x="388">And</w>
			<w x="606">solitude;</w>
		</line>
	
	<div id="4" group="3" x="450" y="1842" width="828" height="86" type="underline"
		sealts="358b_1_1.225" work="pl" section="pl7" attribution="HM">
		<line c="1890" h="63" n="20">
			<w x="570">and</w>
			<w x="642">fit</w>
			<w x="866">audience</w>
			<w x="988">find,</w>
			<w x="1170">though</w>
			<w x="1272">few.</w>
		</line>
	</div>
	<div id="5" group="4" x="796" y="2264" width="668" height="102" type="underline"
		sealts="358b_1_1.225" work="pl" section="pl7" attribution="HM">
		<line c="2327" h="77" n="26">
			<w x="908">nor</w>
			<w x="1048">could</w>
			<w x="1148">the</w>
			<w x="1290">muse</w>
			<w x="1448">defend</w>
		</line>
	</div>
</body>
