<body>
	<div id="2" group="1" x="674" y="648" width="1188" height="356" type="score"
		sealts="358b_2_2.242" work="com" attribution="HM">
		<line c="689" h="66" n="3">
			<w x="759">He</w>
			<w x="875">that</w>
			<w x="970">has</w>
			<w x="1100">light</w>
			<w x="1271">within</w>
			<w x="1384">his</w>
			<w x="1477">own</w>
			<w x="1611">clear</w>
			<w x="1789">breast,</w>
		</line>
		<line c="765" h="79" n="4">
			<w x="793">May</w>
			<w x="870">sit</w>
			<w x="918">
				<choice>
					<orig>i'</orig>
					<reg>in</reg>
				</choice>
			</w>
			<w x="1002">
				<choice>
					<orig>th'</orig>
					<reg>the</reg>
				</choice>
			</w>
			<w x="1184">
				<choice>
					<orig>centre,</orig>
					<reg>center,</reg>
				</choice>
			</w>
			<w x="1291">and</w>
			<w x="1440">enjoy</w>
			<w x="1603">bright</w>
			<w x="1734">day:</w>
		</line>
		<line c="824" h="58" n="5">
			<w x="776">But</w>
			<w x="849">he</w>
			<w x="965">that</w>
			<w x="1106">hides</w>
			<w x="1153">a</w>
			<w x="1278">dark</w>
			<w x="1406">soul,</w>
			<w x="1513">and</w>
			<w x="1621">foul</w>
			<w x="1860">thoughts,</w>
		</line>
		<line c="904" h="67" n="6">
			<w x="932">Benighted</w>
			<w x="1090">walks</w>
			<w x="1244">under</w>
			<w x="1338">the</w>
			<w x="1554">
				<choice>
					<orig>mid-day</orig>
					<reg>mid day</reg>
					<reg>mid</reg>
					<reg>day</reg>
				</choice>
			</w>
			<w x="1680">sun;</w>
		</line>
		<line c="975" h="56" n="7">
			<w x="883">Himself</w>
			<w x="944">is</w>
			<w x="1030">his</w>
			<w x="1151">own</w>
			<w x="1384">dungeon.</w>
		</line>
	</div>
</body>
