<body>
	<div id="2" group="1" x="697" y="516" width="1119" height="362" type="score"
		sealts="358b_2_2.246" work="com" attribution="HM">
		<line c="558" h="59" n="1">
			<w x="787">2</w>
			<w x="905">
				<choice>
					<orig>BR.</orig>
					<reg>Brother</reg>
				</choice>
			</w>
			<w x="1058">How</w>
			<w x="1297">charming</w>
			<w x="1352">is</w>
			<w x="1513">divine</w>
			<w x="1813">philosophy!</w>
		</line>
		<line c="631" h="60" n="2">
			<w x="789">Not</w>
			<w x="948">harsh,</w>
			<w x="1055">and</w>
			<w x="1273">crabbed,</w>
			<w x="1343">as</w>
			<w x="1452">dull</w>
			<w x="1580">fools</w>
			<w x="1798">suppose,</w>
		</line>
		<line c="698" h="73" n="3">
			<w x="788">But</w>
			<w x="987">musical</w>
			<w x="1055">as</w>
			<w x="1112">is</w>
			<w x="1326">Apollo's</w>
			<w x="1451">lute,</w>
		</line>
		<line c="773" h="58" n="4">
			<w x="794">And</w>
			<w x="841">a</w>
			<w x="1081">perpetual</w>
			<w x="1213">feast</w>
			<w x="1283">of</w>
			<w x="1499">
				<choice>
					<orig>nectar'd</orig>
					<reg>nectared</reg>
				</choice>
			</w>
			<w x="1694">sweets,</w>
		</line>
		<line c="844" h="57" n="5">
			<w x="855">Where</w>
			<w x="932">no</w>
			<w x="1082">crude</w>
			<w x="1253">surfeit</w>
			<w x="1427">reigns.</w>
		</line>
	</div>
	<div id="3" group="2" x="692" y="1160" width="1114" height="70" type="score"
		sealts="358b_2_2.246" work="com" attribution="HM">
		<line c="1202" h="56" n="10">
			<w x="868">Either</w>
			<w x="1008">some</w>
			<w x="1112">one</w>
			<w x="1222">like</w>
			<w x="1294">us</w>
			<w x="1678">
				<choice>
					<orig>night-founder'd</orig>
					<reg>night founder'd</reg>
					<reg>night foundered</reg>
					<reg>night-foundered</reg>
					<reg>night</reg>
					<reg>founder'd</reg>
					<reg>foundered</reg>
				</choice>
			</w>
			<w x="1800">here,</w>
		</line>
	</div>
</body>
