<body>
	<div id="2" group="1" x="305" y="985" width="1034" height="143" type="checkmark"
		sealts="358b_2_2.073" work="pr" section="pr1" attribution="HM">
		<line c="1025" h="63" n="8">
			<w x="364">Ill</w>
			<w x="541">sorting</w>
			<w x="666">with</w>
			<w x="758">my</w>
			<w x="946">present</w>
			<w x="1073">state</w>
			<w x="1326">
				<choice>
					<orig>compar'd!</orig>
					<reg>compared!</reg>
				</choice>
			</w>
		</line>
		<line c="1098" h="64" n="9">
			<w x="451">When</w>
			<w x="489">I</w>
			<w x="599">was</w>
			<w x="694">yet</w>
			<w x="738">a</w>
			<w x="882">child,</w>
			<w x="965">no</w>
			<w x="1162">childish</w>
			<w x="1281">play</w>
		</line>
	</div>
</body>
