<body>
	<div id="2" group="1" x="292" y="644" width="1112" height="284" type="score"
		sealts="358b_1_1.121" work="pl" section="pl4" attribution="HM">
		<line c="679" h="59" n="3">
			<w x="538">Breathing</w>
			<w x="628">the</w>
			<w x="769">smell</w>
			<w x="839">of</w>
			<w x="957">field</w>
			<w x="1059">and</w>
			<w x="1218">grove,</w>
			<w x="1386">attune</w>
		</line>
		<line c="750" h="60" n="4">
			<w x="405">The</w>
			<w x="649">trembling</w>
			<w x="821">leaves,</w>
			<w x="969">while</w>
			<w x="1195">universal</w>
			<w x="1327">Pan,</w>
		</line>
		<line c="818" h="52" n="5">
			<w x="413">Knit</w>
			<w x="537">with</w>
			<w x="628">the</w>
			<w x="810">Graces</w>
			<w x="912">and</w>
			<w x="1004">the</w>
			<w x="1169">Hours</w>
			<w x="1232">in</w>
			<w x="1398">dance,</w>
		</line>
		<line c="893" h="60" n="6">
			<w x="404">Led</w>
			<w x="479">on</w>
			<w x="558">
				<choice>
					<orig>th'</orig>
					<reg>the</reg>
				</choice>
			</w>
			<w x="739">eternal</w>
			<w x="914">spring.</w>
			<w x="1067">Not</w>
			<w x="1178">that</w>
			<w x="1276">fair</w>
			<w x="1395">field</w>
		</line>
	</div>
	<div id="3" group="2" x="288" y="1696" width="1058" height="88" type="xmark" type2="annotated"
		sealts="358b_1_1.121" work="pl" section="pl4" attribution="HM">
		<line c="1748" h="59" n="18">
			<w x="395">Nor</w>
			<w x="556">Where</w>
			<w x="757">Abassin</w>
			<w x="900">kings</w>
			<w x="1028">their</w>
			<w x="1158">issue</w>
			<w x="1325">guard,</w>
		</line>
	</div>
	<div id="4" group="3" x="96" y="2646" width="1692" height="316" type="annotation" type2="xmark"
		sealts="358b_1_1.121" work="pl" section="pl4" attribution="HM">
		<line n="1" h="158" c="2748">
			<w x="360">The</w>
			<w x="648">account</w>
			<w x="720">of</w>
			<w x="852">the</w>
			<w x="986">old</w>
			<w x="1374">travellers,</w>
			<w x="1514">on</w>
			<w x="1776">which</w>
		</line>
		<line n="2" h="157" c="2860">
			<w x="442">Johnson</w>
			<w x="762">founded</w>
			<w x="1124">Rasselas;</w>
		</line>
	</div>
</body>
