<body>
	<div id="2" group="1" x="280" y="1642" width="984" height="153" type="underline"
		sealts="358b_2_2.137" work="pr" section="pr4" attribution="HM">
		<line c="1690" h="67" n="17">
			<w x="462">Rather</w>
			<w x="634">accuse</w>
			<w x="736">him</w>
			<w x="892">under</w>
			<w x="1036">usual</w>
			<w x="1204">names,</w>
		</line>
		<line c="1755" h="72" n="18">
			<w x="490">Fortune</w>
			<w x="596">and</w>
			<w x="710">fate,</w>
			<w x="784">as</w>
			<w x="890">one</w>
			<w x="1142">regardless</w>
			<w x="1256">quite</w>
		</line>
		<line c="1826" h="78" n="19">
			<w x="364">Of</w>
			<w x="534">mortal</w>
			<w x="694">things.</w>
		</line>
	</div>
</body>
