<body>
	<div id="2" group="1" x="590" y="920" width="1246" height="1353" type="score" erasure="true"
		sealts="358b_1_1.212" work="pl" section="pl6" attribution="HM">
		<line c="967" h="74" n="7">
			<w x="719">O</w>
			<w x="910">friends,</w>
			<w x="1033">why</w>
			<w x="1170">come</w>
			<w x="1264">not</w>
			<w x="1340">on</w>
			<w x="1478">these</w>
			<w x="1649">victors</w>
			<w x="1831">proud?</w>
		</line>
		<line c="1041" h="67" n="8">
			<w x="706">Ere</w>
			<w x="851">while</w>
			<w x="973">they</w>
			<w x="1116">fierce</w>
			<w x="1248">were</w>
			<w x="1456">coming;</w>
			<w x="1562">and</w>
			<w x="1700">when</w>
			<w x="1800">we,</w>
		</line>
		<line c="1110" h="59" n="9">
			<w x="692">To</w>
			<w x="916">entertain</w>
			<w x="1052">them</w>
			<w x="1148">fair</w>
			<w x="1272">with</w>
			<w x="1401">open</w>
			<w x="1530">front</w>
		</line>
		<line c="1185" h="74" n="10">
			<w x="722">And</w>
			<w x="874">breast</w>
			<w x="1025">(what</w>
			<w x="1158">could</w>
			<w x="1244">we</w>
			<w x="1426">more?)</w>
			<w x="1718">propounded</w>
			<w x="1862">terms</w>
		</line>
		<line c="1255" h="75" n="11">
			<w x="692">Of</w>
			<w x="990">composition,</w>
			<w x="1188">straight</w>
			<w x="1308">they</w>
			<w x="1508">
				<choice>
					<orig>chang'd</orig>
					<reg>changed</reg>
				</choice>
			</w>
			<w x="1634">their</w>
			<w x="1803">minds,</w>
		</line>
		<line c="1325" h="64" n="12">
			<w x="749">Flew</w>
			<w x="838">off,</w>
			<w x="941">and</w>
			<w x="1049">into</w>
			<w x="1234">strange</w>
			<w x="1440">vagaries</w>
			<w x="1552">fell,</w>
		</line>
		<line c="1395" h="77" n="13">
			<w x="688">As</w>
			<w x="807">they</w>
			<w x="971">would</w>
			<w x="1147">dance:</w>
			<w x="1255">yet</w>
			<w x="1338">for</w>
			<w x="1384">a</w>
			<w x="1533">dance</w>
			<w x="1656">they</w>
			<w x="1835">
				<choice>
					<orig>seem'd</orig>
					<reg>seemed</reg>
				</choice>
			</w>
		</line>
		<line c="1466" h="65" n="14">
			<w x="875">Somewhat</w>
			<w x="1164">extravagant</w>
			<w x="1264">and</w>
			<w x="1406">wild;</w>
			<w x="1611">perhaps</w>
		</line>
		<line c="1541" h="69" n="15">
			<w x="712">For</w>
			<w x="801">joy</w>
			<w x="870">of</w>
			<w x="1029">
				<choice>
					<orig>offer'd</orig>
					<reg>offered</reg>
				</choice>
			</w>
			<w x="1202">peace:</w>
			<w x="1312">but</w>
			<w x="1350">I</w>
			<w x="1563">suppose,</w>
		</line>
		<line c="1611" h="71" n="16">
			<w x="674">If</w>
			<w x="761">our</w>
			<w x="992">proposals</w>
			<w x="1116">once</w>
			<w x="1258">again</w>
			<w x="1390">were</w>
			<w x="1554">heard,</w>
		</line>
		<line c="1680" h="67" n="17">
			<w x="713">We</w>
			<w x="881">should</w>
			<w x="1063">compel</w>
			<w x="1200">them</w>
			<w x="1264">to</w>
			<w x="1309">a</w>
			<w x="1452">quick</w>
			<w x="1613">result.</w>
		</line>
		<line c="1747" h="63" n="18">
			<w x="762">To</w>
			<w x="922">whom</w>
			<w x="1038">thus</w>
			<w x="1195">Belial</w>
			<w x="1254">in</w>
			<w x="1356">like</w>
			<w x="1617">gamesome</w>
			<w x="1776">mood.</w>
		</line>
		<line c="1821" h="67" n="19">
			<w x="814">Leader,</w>
			<w x="907">the</w>
			<w x="1057">terms</w>
			<w x="1144">we</w>
			<w x="1261">sent</w>
			<w x="1392">were</w>
			<w x="1540">terms</w>
			<w x="1608">of</w>
			<w x="1795">weight,</w>
		</line>
		<line c="1891" h="60" n="20">
			<w x="702">Of</w>
			<w x="817">hard</w>
			<w x="1042">contents,</w>
			<w x="1148">and</w>
			<w x="1244">full</w>
			<w x="1313">of</w>
			<w x="1440">force</w>
			<w x="1578">
				<choice>
					<orig>urg'd</orig>
					<reg>urged</reg>
				</choice>
			</w>
			<w x="1755">home;</w>
		</line>
		<line c="1964" h="67" n="21">
			<w x="752">Such</w>
			<w x="816">as</w>
			<w x="903">we</w>
			<w x="1059">might</w>
			<w x="1266">perceive</w>
			<w x="1449">
				<choice>
					<orig>amus'd</orig>
					<reg>amused</reg>
				</choice>
			</w>
			<w x="1585">them</w>
			<w x="1677">all,</w>
		</line>
		<line c="2035" h="66" n="22">
			<w x="733">And</w>
			<w x="963">stumbled</w>
			<w x="1134">many;</w>
			<w x="1265">who</w>
			<w x="1468">receives</w>
			<w x="1605">them</w>
			<w x="1750">right,</w>
		</line>
		<line c="2102" h="59" n="23">
			<w x="740">Had</w>
			<w x="866">need</w>
			<w x="993">from</w>
			<w x="1120">head</w>
			<w x="1184">to</w>
			<w x="1293">foot</w>
			<w x="1411">well</w>
			<w x="1710">understand;</w>
		</line>
		<line c="2176" h="63" n="24">
			<w x="730">Not</w>
			<w x="1013">understood,</w>
			<w x="1118">this</w>
			<w x="1218">gift</w>
			<w x="1339">they</w>
			<w x="1464">have</w>
			<w x="1662">besides,</w>
		</line>
		<line c="2251" h="71" n="25">
			<w x="767">They</w>
			<w x="905">shew</w>
			<w x="974">us</w>
			<w x="1121">when</w>
			<w x="1214">our</w>
			<w x="1324">foes</w>
			<w x="1458">walk</w>
			<w x="1551">not</w>
			<w x="1751">upright.</w>
		</line>
	</div>
	<div id="3" group="2" x="288" y="2638" width="1728" height="424" type="annotation"
		erasure="true" sealts="358b_1_1.212" work="pl" section="pl6" attribution="HM">
		<line n="1" h="140" c="2738">
			<w x="524">These</w>
			<w x="710">two</w>
			<w x="918">brigades</w>
			<w x="1084">[of]</w>
			<w x="1556">artillerymen,</w>
			<w x="1642">in</w>
			<w x="1958">their</w>
		</line>
		<line n="2" h="139" c="2822">
			<w x="526">heavy</w>
			<w x="890">maneuvers,</w>
			<w x="1224">suggest</w>
			<w x="1316">the</w>
			<w x="1546">idea</w>
			<w x="1742">of</w>
			<w x="1916">a</w>
			<w x="1998">couple</w>
		</line>
		<line n="3" h="141" c="2930">
			<w x="410">of</w>
			<w x="666">Siam</w>
			<w x="974">elephants</w>
			<w x="1276">essaying</w>
			<w x="1436">to</w>
			<w x="1666">dance</w>
			<w x="1778">the</w>
			<w x="2014">Polka.</w>
		</line>
	</div>
</body>
