<body>
	<div id="2" group="1" x="628" y="784" width="1020" height="210" type="score"
		sealts="358b_2_2.236" work="com" attribution="HM">
		<line c="823" h="58" n="5">
			<w x="699">At</w>
			<w x="843">every</w>
			<w x="935">fall</w>
			<w x="1194">smoothing</w>
			<w x="1285">the</w>
			<w x="1431">raven</w>
			<w x="1576">down</w>
		</line>
		<line c="882" h="53" n="6">
			<w x="705">Of</w>
			<w x="917">darkness</w>
			<w x="994">till</w>
			<w x="1048">it</w>
			<w x="1229">
				<choice>
					<orig>smil'd!</orig>
					<reg>smiled!</reg>
				</choice>
			</w>
			<w x="1281">I</w>
			<w x="1409">have</w>
			<w x="1493">oft</w>
			<w x="1642">heard</w>
		</line>
		<line c="966" h="64" n="7">
			<w x="718">My</w>
			<w x="899">mother</w>
			<w x="1042">Circe</w>
			<w x="1169">with</w>
			<w x="1260">the</w>
			<w x="1425">Sirens</w>
			<w x="1577">three,</w>
		</line>
	</div>
</body>
