<body>
	<div id="2" group="1" x="336" y="1652" width="974" height="152" type="enclosure"
		sealts="358b_2_2.293" work="lalle" attribution="HM">
		<line c="1700" h="71" n="17">
			<w x="410">Or</w>
			<w x="630">sweetest</w>
			<w x="954">Shakespeare,</w>
			<w x="1157">Fancy's</w>
			<w x="1302">child,</w>
		</line>
		<line c="1765" h="58" n="18">
			<w x="516">Warble</w>
			<w x="603">his</w>
			<w x="762">native</w>
			<w x="1048">
				<choice>
					<orig>wood-notes</orig>
					<reg>wood notes</reg>
					<reg>wood</reg>
					<reg>notes</reg>
				</choice>
			</w>
			<w x="1183">wild.</w>
		</line>
	</div>
</body>
