<body>
	<div id="2" group="1" x="674" y="1134" width="1190" height="290" type="arcedscore" type2="xmark"
		type3="annotated" sealts="358b_2_2.194" work="samag" attribution="HM">
		<line c="1173" h="59" n="10">
			<w x="774">Not</w>
			<w x="877">less</w>
			<w x="1115">
				<choice>
					<orig>renown'd</orig>
					<reg>renowned</reg>
				</choice>
			</w>
			<w x="1237">than</w>
			<w x="1300">in</w>
			<w x="1475">Mount</w>
			<w x="1698">Ephraim</w>
		</line>
		<line c="1247" h="59" n="11">
			<w x="791">Jael,</w>
			<w x="914">who</w>
			<w x="1038">with</w>
			<w x="1335">inhospitable</w>
			<w x="1468">guile</w>
		</line>
		<line c="1315" h="72" n="12">
			<w x="833">Smote</w>
			<w x="997">Sisera</w>
			<w x="1205">sleeping</w>
			<w x="1405">through</w>
			<w x="1497">the</w>
			<w x="1698">temples</w>
			<w x="1870">
				<choice>
					<orig>nail'd.</orig>
					<reg>nailed.</reg>
				</choice>
			</w>
		</line>
		<line c="1389" h="55" n="13">
			<w x="774">Nor</w>
			<w x="898">shall</w>
			<w x="939">I</w>
			<w x="1089">count</w>
			<w x="1143">it</w>
			<w x="1338">heinous</w>
			<w x="1403">to</w>
			<w x="1551">enjoy</w>
		</line>
	</div>
	<div id="3" group="2" x="1282" y="1920" width="662" height="78" type="underline"
		sealts="358b_2_2.194" work="samag" attribution="HM">
		<line c="1965" h="62" n="21">
			<w x="1410">God</w>
			<w x="1526">sent</w>
			<w x="1616">her</w>
			<w x="1680">to</w>
			<w x="1854">debase</w>
			<w x="1940">me,</w>
		</line>
	</div>
	<div id="4" group="3" x="422" y="2750" width="1682" height="534" type="annotation" type2="xmark"
		sealts="358b_2_2.194" work="samag" attribution="HM">
		<line n="1" h="133" c="2816">
			<w x="598">There</w>
			<w x="700">is</w>
			<w x="868">basis</w>
			<w x="990">for</w>
			<w x="1142">the</w>
			<w x="1368">doubt</w>
			<w x="1638">expressed</w>
			<w x="1724">by</w>
			<w x="1858">
				<choice>
					<orig>A.</orig>
					<reg>Andrew</reg>
				</choice>
			</w>
			<w x="2074">Marvel</w>
		</line>
		<line n="2" h="133" c="2942">
			<w x="526">in</w>
			<w x="632">his</w>
			<w x="776">lines</w>
			<w x="882">to</w>
			<w x="1100">Milton</w>
			<w x="1188">on</w>
			<w x="1316">the</w>
			<w x="1702">publication</w>
			<w x="1772">of</w>
			<w x="1876">the</w>
			<w x="1988">
				<choice>
					<orig>P.</orig>
					<reg>Paradise</reg>
				</choice>
			</w>
			<w x="2096">Lost.</w>
		</line>
		<line n="3" h="133" c="3090">
			<w x="634">There</w>
			<w x="774">was</w>
			<w x="862">a</w>
			<w x="1068">twist</w>
			<w x="1166">in</w>
			<w x="1554">Milton.</w>
			<w x="1750">From</w>
			<w x="1866">its</w>
			<w x="2080">place,</w>
		</line>
		<line n="4" h="133" c="3215">
			<w x="540">the</w>
			<w x="700">above</w>
			<w x="936">marked</w>
			<w x="1172">passage</w>
			<w x="1298">has</w>
			<w x="1428">an</w>
			<w x="1754">interesting</w>
			<w x="2098">significance.</w>
		</line>
	</div>
</body>
