<body>
	<div id="2" group="1" x="554" y="844" width="1270" height="192" type="score"
		sealts="358b_1_b030" mode="commentary" section="life" attribution="HM">
		<line c="891" h="59" n="7">
			<w x="720">nothing</w>
			<w x="809">that</w>
			<w x="851">I</w>
			<w x="970">could</w>
			<w x="1118">extract</w>
			<w x="1224">with</w>
			<w x="1484">advantage.</w>
			<w x="1615">The</w>
			<w x="1807">beautiful</w>
		</line>
		<line c="950" h="58" n="8">
			<w x="724">monody</w>
			<w x="778">of</w>
			<w x="937">Lycidas</w>
			<w x="1058">shows</w>
			<w x="1113">an</w>
			<w x="1279">intimate</w>
			<w x="1543">acquaintance</w>
			<w x="1641">with</w>
			<w x="1712">the</w>
			<w x="1808">
				<choice>
					<hyph>Ital-</hyph>
					<reg>Italian</reg>
				</choice>
			</w>
		</line>
		<line c="1006" h="53" n="9">
			<w x="632" endhyph="true">ian</w>
			<w x="793">
				<choice>
					<orig>metres</orig>
					<reg>meters</reg>
				</choice>
			</w>
			<w x="880">and</w>
			<w x="931">to</w>
			<w x="1014">one</w>
			<w x="1141">poem,</w>
			<w x="1217">the</w>
			<w x="1382">Alcon</w>
			<w x="1437">of</w>
			<w x="1560">Balth.</w>
			<w x="1806">Castiglione,</w>
		</line>
	</div>
	<div id="3" group="2" x="572" y="1837" width="1255" height="298" type="score"
		sealts="358b_1_b030" mode="commentary" section="life" attribution="HM">
		<line c="1859" h="30" n="26">
			<w x="694">Mr.</w>
			<w x="774">Peck</w>
			<w x="873">thinks</w>
			<w x="945">that</w>
			<w x="1004">the</w>
			<w x="1127">manner</w>
			<w x="1170">in</w>
			<w x="1274">which</w>
			<w x="1382">Milton</w>
			<w x="1445">has</w>
			<w x="1592">dispersed</w>
			<w x="1650">his</w>
			<w x="1770">rhymes</w>
			<w x="1813">in</w>
		</line>
		<line c="1904" h="37" n="27">
			<w x="697">Lycidas,</w>
			<w x="731">is</w>
			<w x="775">an</w>
			<w x="901">attempt,</w>
			<w x="1002">though</w>
			<w x="1117">secretly,</w>
			<w x="1152">to</w>
			<w x="1219">give</w>
			<w x="1243">a</w>
			<w x="1362">poetical</w>
			<w x="1456">image</w>
			<w x="1495">or</w>
			<w x="1615">
				<choice>
					<orig>draught</orig>
					<reg>draft</reg>
				</choice>
			</w>
			<w x="1655">of</w>
			<w x="1705">the</w>
			<w x="1814">
				<choice>
					<hyph>mathe-</hyph>
					<reg>mathemantical</reg>
				</choice>
			</w>
		</line>
		<line c="1942" h="31" n="28">
			<w x="680" endhyph="true">matical</w>
			<w x="773">canon</w>
			<w x="819">of</w>
			<w x="928">music:</w>
			<w x="977">he</w>
			<w x="1099">informs</w>
			<w x="1140">us</w>
			<w x="1210">how</w>
			<w x="1248">to</w>
			<w x="1334">make</w>
			<w x="1403">this</w>
			<w x="1472">out,</w>
			<w x="1533">by</w>
			<w x="1655">drawing</w>
			<w x="1686">a</w>
			<w x="1753">bow</w>
			<w x="1815">line</w>
		</line>
		<line c="1987" h="36" n="29">
			<w x="643">from</w>
			<w x="732">rhyme</w>
			<w x="764">to</w>
			<w x="879">rhyme,</w>
			<w x="926">he</w>
			<w x="1066">considers</w>
			<w x="1120">the</w>
			<w x="1216">whole</w>
			<w x="1301">poem</w>
			<w x="1340">as</w>
			<w x="1373">a</w>
			<w x="1473">lesson</w>
			<w x="1519">of</w>
			<w x="1614">music</w>
			<w x="1772">consisting</w>
			<w x="1812">of</w>
		</line>
		<line c="2026" h="33" n="30">
			<w x="641">such</w>
			<w x="667">a</w>
			<w x="784">number</w>
			<w x="824">of</w>
			<w x="901">bars.</w>
			<w x="989">The</w>
			<w x="1102">rhymes</w>
			<w x="1160">are</w>
			<w x="1219">the</w>
			<w x="1334">several</w>
			<w x="1442">chords</w>
			<w x="1485">in</w>
			<w x="1544">the</w>
			<w x="1619">bar:</w>
			<w x="1680">the</w>
			<w x="1748">odd</w>
			<w x="1816">
				<choice>
					<hyph>dis-</hyph>
					<reg>dispersion</reg>
				</choice>
			</w>
		</line>
		<line c="2070" h="37" n="31">
			<w x="678" endhyph="true">persion</w>
			<w x="719">of</w>
			<w x="773">the</w>
			<w x="887">rhymes</w>
			<w x="957">may</w>
			<w x="997">be</w>
			<w x="1142">compared</w>
			<w x="1179">to</w>
			<w x="1232">the</w>
			<w x="1368">beautiful</w>
			<w x="1439">way</w>
			<w x="1480">of</w>
			<w x="1635">sprinkling</w>
			<w x="1689">the</w>
			<w x="1771">keys</w>
			<w x="1813">of</w>
		</line>
		<line c="2112" h="38" n="32">
			<w x="611">an</w>
			<w x="708">organ.</w>
			<w x="779">He</w>
			<w x="859">says,</w>
			<w x="974">Dryden</w>
			<w x="1113">imagined</w>
			<w x="1167">the</w>
			<w x="1281">rhymes</w>
			<w x="1336">fell</w>
			<w x="1385">so,</w>
			<w x="1505">because</w>
			<w x="1612">Mister</w>
			<w x="1721">Milton</w>
			<w x="1815">could</w>
		</line>
	</div>
</body>
