<body>
	<div id="2" group="1" x="630" y="850" width="1268" height="146" type="score"
		sealts="358b_1_1.052" work="pl" section="pl2" attribution="HM">
		<line c="890" h="47" n="6">
			<w x="716">To</w>
			<w x="829">heal</w>
			<w x="919">the</w>
			<w x="1029">scar</w>
			<w x="1098">of</w>
			<w x="1242">these</w>
			<w x="1466">corrosive</w>
			<w x="1583">fires</w>
		</line>
		<line c="960" h="49" n="7">
			<w x="762">Shall</w>
			<w x="945">breathe</w>
			<w x="1030">her</w>
			<w x="1166">balm.</w>
			<w x="1317">But</w>
			<w x="1417">first</w>
			<w x="1570">whom</w>
			<w x="1688">shall</w>
			<w x="1769">we</w>
			<w x="1886">send</w>
		</line>
	</div>
	<div id="3" group="2" x="622" y="1136" width="1232" height="436" type="score"
		sealts="358b_1_1.052" work="pl" section="pl2" attribution="HM">
		<line c="1182" h="56" n="10">
			<w x="741">The</w>
			<w x="865">dark</w>
			<w x="1145">
				<choice>
					<orig>unbottom'd</orig>
					<reg>unbottomed</reg>
				</choice>
			</w>
			<w x="1324">infinite</w>
			<w x="1483">abyss,</w>
		</line>
		<line c="1250" h="68" n="11">
			<w x="740">And</w>
			<w x="940">through</w>
			<w x="1029">the</w>
			<w x="1240">palpable</w>
			<w x="1434">obscure</w>
			<w x="1542">find</w>
			<w x="1636">out</w>
		</line>
		<line c="1326" h="59" n="12">
			<w x="727">His</w>
			<w x="932">uncouth</w>
			<w x="1060">way,</w>
			<w x="1130">or</w>
			<w x="1295">spread</w>
			<w x="1378">his</w>
			<w x="1499">
				<choice>
					<orig>aery</orig>
					<reg>airy</reg>
				</choice>
			</w>
			<w x="1653">flight,</w>
		</line>
		<line c="1397" h="56" n="13">
			<w x="843">Upborne</w>
			<w x="967">with</w>
			<w x="1280">indefatigable</w>
			<w x="1448">wings,</w>
		</line>
		<line c="1467" h="57" n="14">
			<w x="758">Over</w>
			<w x="848">the</w>
			<w x="960">vast</w>
			<w x="1138">abrupt,</w>
			<w x="1229">ere</w>
			<w x="1304">he</w>
			<w x="1456">arrive</w>
		</line>
		<line c="1535" h="66" n="15">
			<w x="738">The</w>
			<w x="896">happy</w>
			<w x="1023">isle?</w>
			<w x="1169">what</w>
			<w x="1389">strength,</w>
			<w x="1527">what</w>
			<w x="1610">art</w>
			<w x="1711">can</w>
			<w x="1833">then</w>
		</line>
	</div>
</body>
