<body>
	<div id="2" group="1" x="554" y="634" width="1255" height="659" type="score"
		sealts="358b_1_1.362" work="pl" section="pl10" attribution="HM">
		<line c="670" h="56" n="3">
			<w x="713">Out</w>
			<w x="780">of</w>
			<w x="873">my</w>
			<w x="1017">sight,</w>
			<w x="1141">thou</w>
			<w x="1344">serpent!</w>
			<w x="1462">that</w>
			<w x="1596">name</w>
			<w x="1711">best</w>
		</line>
		<line c="740" h="56" n="4">
			<w x="697">Befits</w>
			<w x="813">thee</w>
			<w x="937">with</w>
			<w x="1042">him</w>
			<w x="1242">
				<choice>
					<orig>leagu'd,</orig>
					<reg>leagued,</reg>
				</choice>
			</w>
			<w x="1430">thyself</w>
			<w x="1489">as</w>
			<w x="1613">false</w>
		</line>
		<line c="811" h="56" n="5">
			<w x="658">And</w>
			<w x="863">hateful;</w>
			<w x="1071">nothing</w>
			<w x="1238">wants,</w>
			<w x="1338">but</w>
			<w x="1449">that</w>
			<w x="1543">thy</w>
			<w x="1705">shape,</w>
		</line>
		<line c="881" h="57" n="6">
			<w x="671">Like</w>
			<w x="768">his,</w>
			<w x="874">and</w>
			<w x="1034">
				<choice>
					<orig>colour</orig>
					<reg>color</reg>
				</choice>
			</w>
			<w x="1288">serpentine</w>
			<w x="1406">may</w>
			<w x="1546">show</w>
		</line>
		<line c="951" h="56" n="7">
			<w x="660">Thy</w>
			<w x="836">inward</w>
			<w x="987">fraud,</w>
			<w x="1054">to</w>
			<w x="1189">warn</w>
			<w x="1264">all</w>
			<w x="1494">creatures</w>
			<w x="1620">from</w>
			<w x="1739">thee</w>
		</line>
		<line c="1024" h="60" n="8">
			<w x="844">Henceforth;</w>
			<w x="959">lest</w>
			<w x="1070">that</w>
			<w x="1159">too</w>
			<w x="1379">heavenly</w>
			<w x="1511">form,</w>
			<w x="1767">pretended</w>
		</line>
		<line c="1092" h="54" n="9">
			<w x="625">To</w>
			<w x="794">hellish</w>
			<w x="1041">falsehood,</w>
			<w x="1184">snare</w>
			<w x="1334">them.</w>
			<w x="1486">But</w>
			<w x="1568">for</w>
			<w x="1686">thee</w>
		</line>
		<line c="1165" h="58" n="10">
			<w x="575">I</w>
			<w x="677">had</w>
			<w x="898">persisted</w>
			<w x="1068">happy,</w>
			<w x="1174">had</w>
			<w x="1268">not</w>
			<w x="1363">thy</w>
			<w x="1498">pride</w>
		</line>
		<line c="1236" h="57" n="11">
			<w x="649">And</w>
			<w x="898">
				<choice>
					<orig>wand'ring</orig>
					<reg>wandering</reg>
				</choice>
			</w>
			<w x="1073">vanity,</w>
			<w x="1224">when</w>
			<w x="1352">least</w>
			<w x="1460">was</w>
			<w x="1582">safe,</w>
		</line>
	</div>
</body>
