<body>
	<div id="2" group="1" x="640" y="1230" width="1140" height="142" type="checkmark"
		sealts="358b_2_2.358" work="sonnets" attribution="HM">
		<line c="1268" h="64" n="11">
			<w x="799">And</w>
			<w x="917">post</w>
			<w x="1026">
				<choice>
					<orig>o'er</orig>
					<reg>over</reg>
				</choice>
			</w>
			<w x="1146">land</w>
			<w x="1252">and</w>
			<w x="1407">ocean</w>
			<w x="1614">without</w>
			<w x="1748">rest:</w>
		</line>
		<line c="1339" h="69" n="12">
			<w x="829">They</w>
			<w x="941">also</w>
			<w x="1082">serve</w>
			<w x="1205">who</w>
			<w x="1327">only</w>
			<w x="1474">stand</w>
			<w x="1579">and</w>
			<w x="1753">wait."</w>
		</line>
	</div>
</body>
