<body>
	<div id="2" group="1" x="286" y="572" width="1262" height="76" type="score" type2="underline"
		sealts="358b_1_1.195" work="pl" section="pl6" attribution="HM">
		<line c="613" h="75" n="2">
			<w x="426">How</w>
			<w x="522">few</w>
			<w x="780">sometimes</w>
			<w x="894">may</w>
			<w x="1054">know,</w>
			<w x="1200">when</w>
			<w x="1450">thousands</w>
			<w x="1538">err.</w>
		</line>
	</div>
	<div id="3" group="2" x="588" y="850" width="374" height="84" type="underline"
		sealts="358b_1_1.195" work="pl" section="pl6" attribution="HM">
		<line c="896" h="74" n="6">
			<w x="820">seditious</w>
			<w x="958">angel</w>
		</line>
	</div>
	<div id="4" group="3" x="272" y="1264" width="1130" height="230" type="score"
		sealts="358b_1_1.195" work="pl" section="pl6" attribution="HM">
		<line c="1316" h="61" n="13">
			<w x="449">
				<choice>
					<orig>Vigour</orig>
					<reg>Vigor</reg>
				</choice>
			</w>
			<w x="610">divine</w>
			<w x="785">within</w>
			<w x="938">them,</w>
			<w x="1040">can</w>
			<w x="1189">allow</w>
		</line>
		<line c="1387" h="59" n="14">
			<w x="604">Omnipotence</w>
			<w x="671">to</w>
			<w x="817">none.</w>
			<w x="972">But</w>
			<w x="1092">well</w>
			<w x="1219">thou</w>
			<w x="1394">
				<choice>
					<orig>com'st</orig>
					<reg>comes</reg>
				</choice>
			</w>
		</line>
	</div>
	<div id="5" group="4" x="830" y="1990" width="614" height="92" type="underline"
		sealts="358b_1_1.195" work="pl" section="pl6" attribution="HM">
		<line c="2040" h="77" n="22">
			<w x="936">the</w>
			<w x="1196">minstrelsy</w>
			<w x="1258">of</w>
			<w x="1438">heaven,</w>
		</line>
	</div>
	<div id="6" group="5" x="264" y="2416" width="1094" height="230" type="score"
		sealts="358b_1_1.195" work="pl" section="pl6" attribution="HM">
		<line c="2463" h="61" n="29">
			<w x="490">Unjustly</w>
			<w x="615">thou</w>
			<w x="849">
				<choice>
					<orig>deprav'st</orig>
					<reg>depravest</reg>
				</choice>
			</w>
			<w x="905">it</w>
			<w x="1033">with</w>
			<w x="1127">the</w>
			<w x="1274">name</w>
		</line>
		<line c="2536" h="62" n="30">
			<w x="350">Of</w>
			<w x="579">servitude</w>
			<w x="646">to</w>
			<w x="787">serve</w>
			<w x="953">whom</w>
			<w x="1076">God</w>
			<w x="1282">ordains,</w>
		</line>
		<line c="2608" h="67" n="31">
			<w x="348">Or</w>
			<w x="563">Nature;</w>
			<w x="700">God</w>
			<w x="806">and</w>
			<w x="992">Nature</w>
			<w x="1085">bid</w>
			<w x="1180">the</w>
			<w x="1334">same,</w>
		</line>
	</div>
</body>
