<body>
	<div id="2" group="1" x="582" y="1480" width="1164" height="87" type="underline"
		type2="circledline" type4="annotated" sealts="358b_2_2.132" work="pr" section="pr4"
		attribution="HM">
		<line c="1531" h="73" n="15">
			<w x="806">Though</w>
			<w x="920">sons</w>
			<w x="1004">of</w>
			<w x="1124">God</w>
			<w x="1246">both</w>
			<w x="1420">angels</w>
			<w x="1514">are</w>
			<w x="1618">and</w>
			<w x="1736">men,</w>
		</line>
	</div>
	<div id="3" group="2" x="224" y="2562" width="1700" height="424" type="annotation"
		type2="circledline" sealts="358b_2_2.132" work="pr" section="pr4" attribution="HM">
		<line n="1" h="141" c="2652">
			<w x="438">Put</w>
			<w x="594">into</w>
			<w x="898">Satan's</w>
			<w x="1164">mouth,</w>
			<w x="1334">but</w>
			<w x="1642">spoken</w>
			<w x="1858">with</w>
		</line>
		<line n="2" h="140" c="2774">
			<w x="410">John</w>
			<w x="768">Milton's</w>
			<w x="1036">
				<choice>
					<orig>tounge;</orig>
					<reg>tongue;</reg>
				</choice>
			</w>
			<w x="1152">&#8212;</w>
			<w x="1284">it</w>
			<w x="1564">conveys</w>
			<w x="1672">a</w>
			<w x="1890">strong</w>
		</line>
		<line n="3" h="140" c="2886">
			<w x="736">controversial</w>
			<w x="1120">meaning.</w>
		</line>
	</div>
</body>
