<body>
	<div id="2" group="1" x="250" y="480" width="1084" height="378" type="brokenscore"
		sealts="358b_2_2.257" work="com" attribution="HM">
		<line c="536" h="70" n="1">
			<w x="420">Would</w>
			<w x="487">so</w>
			<w x="697">emblaze</w>
			<w x="791">the</w>
			<w x="1014">forehead</w>
			<w x="1083">of</w>
			<w x="1169">the</w>
			<w x="1312">deep,</w>
		</line>
		<line c="606" h="67" n="2">
			<w x="361">And</w>
			<w x="428">so</w>
			<w x="598">bestud</w>
			<w x="723">with</w>
			<w x="867">stars,</w>
			<w x="985">that</w>
			<w x="1106">they</w>
			<w x="1265">below</w>
		</line>
		<line c="677" h="66" n="3">
			<w x="419">Would</w>
			<w x="557">grow</w>
			<w x="711">
				<choice>
					<orig>inur'd</orig>
					<reg>inured</reg>
				</choice>
			</w>
			<w x="776">to</w>
			<w x="915">light,</w>
			<w x="1023">and</w>
			<w x="1161">come</w>
			<w x="1227">at</w>
			<w x="1329">last</w>
		</line>
		<line c="745" h="59" n="4">
			<w x="333">To</w>
			<w x="458">gaze</w>
			<w x="592">upon</w>
			<w x="684">the</w>
			<w x="784">sun</w>
			<w x="909">with</w>
			<w x="1159">shameless</w>
			<w x="1330">brows.</w>
		</line>
		<line c="820" h="66" n="5">
			<w x="370">List,</w>
			<w x="533">Lady,</w>
			<w x="611">be</w>
			<w x="705">not</w>
			<w x="815">coy,</w>
			<w x="920">and</w>
			<w x="994">be</w>
			<w x="1091">not</w>
			<w x="1287">
				<choice>
					<orig>cozen'd</orig>
					<reg>cozened</reg>
				</choice>
			</w>
		</line>
	</div>
</body>
