<body>
	<div id="2" group="1" x="650" y="1548" width="1290" height="804" type="score"
		sealts="358b_2_2.250" work="com" attribution="HM">
		<line c="1596" h="59" n="16">
			<w x="826">Virtue</w>
			<w x="946">may</w>
			<w x="1020">be</w>
			<w x="1225">
				<choice>
					<orig>assail'd,</orig>
					<reg>assailed,</reg>
				</choice>
			</w>
			<w x="1325">but</w>
			<w x="1474">never</w>
			<w x="1606">hurt,</w>
		</line>
		<line c="1669" h="61" n="17">
			<w x="891">
				<choice>
					<orig>Surpris'd</orig>
					<reg>Surprised</reg>
				</choice>
			</w>
			<w x="969">by</w>
			<w x="1135">unjust</w>
			<w x="1283">force,</w>
			<w x="1383">but</w>
			<w x="1478">not</w>
			<w x="1743">
				<choice>
					<orig>inthrall'd;</orig>
					<reg>enthralled;</reg>
				</choice>
			</w>
		</line>
		<line c="1740" h="63" n="18">
			<w x="770">Yea</w>
			<w x="898">even</w>
			<w x="1013">that</w>
			<w x="1176">which</w>
			<w x="1397">mischief</w>
			<w x="1567">meant</w>
			<w x="1700">most</w>
			<w x="1854">harm,</w>
		</line>
		<line c="1814" h="64" n="19">
			<w x="797">Shall</w>
			<w x="861">in</w>
			<w x="955">the</w>
			<w x="1118">happy</w>
			<w x="1233">trial</w>
			<w x="1381">prove</w>
			<w x="1515">most</w>
			<w x="1683">glory:</w>
		</line>
		<line c="1880" h="60" n="20">
			<w x="762">But</w>
			<w x="864">evil</w>
			<w x="942">on</w>
			<w x="1085">itself</w>
			<w x="1215">shall</w>
			<w x="1346">back</w>
			<w x="1509">recoil,</w>
		</line>
		<line c="1955" h="61" n="21">
			<w x="770">And</w>
			<w x="880">mix</w>
			<w x="956">no</w>
			<w x="1094">more</w>
			<w x="1222">with</w>
			<w x="1468">goodness,</w>
			<w x="1620">when</w>
			<w x="1687">at</w>
			<w x="1790">last</w>
		</line>
		<line c="2025" h="59" n="22">
			<w x="882">
				<choice>
					<orig>Gather'd</orig>
					<reg>Gathered</reg>
				</choice>
			</w>
			<w x="990">like</w>
			<w x="1145">scum,</w>
			<w x="1251">and</w>
			<w x="1430">settled</w>
			<w x="1497">to</w>
			<w x="1648">itself,</w>
		</line>
		<line c="2098" h="63" n="23">
			<w x="712">It</w>
			<w x="839">shall</w>
			<w x="913">be</w>
			<w x="979">in</w>
			<w x="1162">eternal</w>
			<w x="1357">restless</w>
			<w x="1542">change</w>
		</line>
		<line c="2168" h="59" n="24">
			<w x="871">
				<choice>
					<orig>Self-fed,</orig>
					<reg>Self fed,</reg>
					<reg>self</reg>
					<reg>fed,</reg>
				</choice>
			</w>
			<w x="977">and</w>
			<w x="1363">
				<choice>
					<orig>self-consumed:</orig>
					<reg>self consumed:</reg>
					<reg>self</reg>
					<reg>consumed:</reg>
				</choice>
			</w>
			<w x="1436">if</w>
			<w x="1545">this</w>
			<w x="1655">fail,</w>
		</line>
		<line c="2240" h="58" n="25">
			<w x="769">The</w>
			<w x="957">
				<choice>
					<orig>pillar'd</orig>
					<reg>pillared</reg>
				</choice>
			</w>
			<w x="1220">firmament</w>
			<w x="1276">is</w>
			<w x="1556">rottenness,</w>
		</line>
		<line c="2313" h="58" n="26">
			<w x="770">And</w>
			<w x="948">earth's</w>
			<w x="1070">base</w>
			<w x="1200">built</w>
			<w x="1275">on</w>
			<w x="1479">stubble.</w>
			<w x="1633">But</w>
			<w x="1798">come,</w>
			<w x="1918">let's</w>
		</line>
	</div>
</body>
