<body>
	<div id="2" group="1" x="274" y="776" width="1090" height="144" type="checkmark"
		sealts="358b_2_2.159" work="samag" attribution="HM">
		<line c="817" h="60" n="5">
			<w x="377">But</w>
			<w x="516">what</w>
			<w x="572">is</w>
			<w x="788">strength</w>
			<w x="992">without</w>
			<w x="1037">a</w>
			<w x="1213">double</w>
			<w x="1353">share</w>
		</line>
		<line c="888" h="57" n="6">
			<w x="356">Of</w>
			<w x="586">wisdom?</w>
			<w x="722">vast,</w>
			<w x="977">unwieldy,</w>
			<w x="1316">burthensome,</w>
		</line>
	</div>
	<div id="3" group="2" x="288" y="1494" width="1029" height="141" type="brace"
		sealts="358b_2_2.159" work="samag" attribution="HM">
		<line c="1533" h="61" n="15">
			<w x="476">Suffices</w>
			<w x="592">that</w>
			<w x="657">to</w>
			<w x="747">me</w>
			<div id="4" group="2" x="768" y="1498" width="504" height="66" type="underline"
				sealts="358b_2_2.159" work="samag" attribution="HM">
				<w x="982">strength</w>
				<w x="1044">is</w>
				<w x="1134">my</w>
				<w x="1260">bane</w>
			</div>
		</line>
		<line c="1578" h="147" n="16">
			<w x="393">And</w>
			<w x="565">proves</w>
			<w x="659">the</w>
			<w x="830">source</w>
			<w x="902">of</w>
			<w x="979">all</w>
			<w x="1074">my</w>
			<w x="1309">miseries;</w>
		</line>
	</div>
</body>
