<body>
	<div id="2" group="1" x="296" y="992" width="1023" height="89" type="checkmark"
		sealts="358b_2_2.081" work="pr" section="pr1" attribution="HM">
		<line c="1035" h="63" n="8">
			<w x="419">That</w>
			<w x="680">fellowship</w>
			<w x="745">in</w>
			<w x="865">pain</w>
			<w x="1049">divides</w>
			<w x="1147">not</w>
			<w x="1313">smart,</w>
		</line>
	</div>
	<div id="3" group="2" x="286" y="1200" width="1270" height="156" type="checkmark"
		sealts="358b_2_2.081" work="pr" section="pr1" attribution="HM">
		<line c="1252" h="68" n="11">
			<w x="406">This</w>
			<w x="607">wounds</w>
			<w x="698">me</w>
			<w x="845">most,</w>
			<w x="1007">(what</w>
			<w x="1103">can</w>
			<w x="1155">it</w>
			<w x="1294">less?)</w>
			<w x="1411">that</w>
			<w x="1546">man,</w>
		</line>
		<line c="1319" h="60" n="12">
			<w x="402">Man</w>
			<w x="541">
				<choice>
					<orig>fall'n</orig>
					<reg>fallen</reg>
				</choice>
			</w>
			<w x="670">shall</w>
			<w x="744">be</w>
			<w x="959">
				<choice>
					<orig>restor'd,</orig>
					<reg>restored,</reg>
				</choice>
			</w>
			<w x="1002">I</w>
			<w x="1155">never</w>
			<w x="1306">more.</w>
		</line>
	</div>
</body>
