<body>
	<div id="2" group="1" x="260" y="488" width="1181" height="1270" type="wavyscore" type2="xmark"
		sealts="358b_2_2.139" work="pr" section="pr4" attribution="HM">
		<line c="558" h="56" n="1">
			<w x="369">Will</w>
			<w x="454">far</w>
			<w x="525">be</w>
			<w x="675">found</w>
			<w x="921">unworthy</w>
			<w x="986">to</w>
			<w x="1198">compare</w>
		</line>
		<line c="629" h="60" n="2">
			<w x="386">With</w>
			<w x="547">Sion's</w>
			<w x="705">songs,</w>
			<w x="773">to</w>
			<w x="849">all</w>
			<w x="962">true</w>
			<w x="1116">tastes</w>
			<w x="1359">excelling,</w>
		</line>
		<line c="701" h="59" n="3">
			<w x="424">Where</w>
			<w x="545">God</w>
			<w x="599">is</w>
			<w x="773">
				<choice>
					<orig>prais'd</orig>
					<reg>praised</reg>
				</choice>
			</w>
			<w x="943">aright,</w>
			<w x="1047">and</w>
			<w x="1237">godlike</w>
			<w x="1374">men,</w>
		</line>
		<line c="766" h="64" n="4">
			<w x="365">The</w>
			<w x="540">holiest</w>
			<w x="608">of</w>
			<w x="769">holies,</w>
			<w x="877">and</w>
			<w x="963">his</w>
			<w x="1141">saints:</w>
		</line>
		<line c="842" h="65" n="5">
			<w x="411">(Such</w>
			<w x="492">are</w>
			<w x="613">from</w>
			<w x="722">God</w>
			<w x="926">
				<choice>
					<orig>inspir'd,</orig>
					<reg>inspired,</reg>
				</choice>
			</w>
			<w x="1018">not</w>
			<w x="1141">such</w>
			<w x="1269">from</w>
			<w x="1427">thee,)</w>
		</line>
		<line c="918" h="58" n="6">
			<w x="425">Unless</w>
			<w x="587">where</w>
			<w x="740">moral</w>
			<w x="895">virtue</w>
			<w x="952">is</w>
			<w x="1184">
				<choice>
					<orig>express'd</orig>
					<reg>expressed</reg>
				</choice>
			</w>
		</line>
		<line c="989" h="57" n="7">
			<w x="338">By</w>
			<w x="465">light</w>
			<w x="534">of</w>
			<w x="698">nature</w>
			<w x="794">not</w>
			<w x="857">in</w>
			<w x="933">all</w>
			<w x="1069">quite</w>
			<w x="1185">lost.</w>
		</line>
		<line c="1057" h="51" n="8">
			<w x="400">Their</w>
			<w x="579">orators</w>
			<w x="704">thou</w>
			<w x="827">then</w>
			<w x="1048">
				<choice>
					<orig>extoll'st,</orig>
					<reg>extolled,</reg>
				</choice>
			</w>
			<w x="1116">as</w>
			<w x="1259">those</w>
		</line>
		<line c="1132" h="58" n="9">
			<w x="364">The</w>
			<w x="458">top</w>
			<w x="528">of</w>
			<w x="788">eloquence,</w>
			<w x="974">statists</w>
			<w x="1168">indeed,</w>
		</line>
		<line c="1204" h="57" n="10">
			<w x="365">And</w>
			<w x="522">lovers</w>
			<w x="592">of</w>
			<w x="715">their</w>
			<w x="926">country,</w>
			<w x="994">as</w>
			<w x="1122">may</w>
			<w x="1286">seem;</w>
		</line>
		<line c="1277" h="58" n="11">
			<w x="356">But</w>
			<w x="522">herein</w>
			<w x="587">to</w>
			<w x="682">our</w>
			<w x="901">prophets</w>
			<w x="984">far</w>
			<w x="1201">beneath,</w>
		</line>
		<line c="1349" h="59" n="12">
			<w x="328">As</w>
			<w x="448">men</w>
			<w x="654">divinely</w>
			<w x="836">taught,</w>
			<w x="942">and</w>
			<w x="1102">better</w>
			<w x="1319">teaching</w>
		</line>
		<line c="1421" h="59" n="13">
			<w x="365">The</w>
			<w x="491">solid</w>
			<w x="623">rules</w>
			<w x="693">of</w>
			<w x="804">civil</w>
			<w x="1102">government</w>
		</line>
		<line c="1493" h="59" n="14">
			<w x="317">In</w>
			<w x="446">their</w>
			<w x="659">majestic</w>
			<w x="920">unaffected</w>
			<w x="1067">style,</w>
		</line>
		<line c="1565" h="59" n="15">
			<w x="396">Than</w>
			<w x="473">all</w>
			<w x="568">the</w>
			<w x="756">oratory</w>
			<w x="826">of</w>
			<w x="1009">Greece</w>
			<w x="1113">and</w>
			<w x="1286">Rome.</w>
		</line>
		<line c="1638" h="58" n="16">
			<w x="318">In</w>
			<w x="456">them</w>
			<w x="511">is</w>
			<w x="713">plainest</w>
			<w x="898">taught,</w>
			<w x="1003">and</w>
			<w x="1179">easiest</w>
			<w x="1348">
				<choice>
					<orig>learnt,</orig>
					<reg>learned,</reg>
				</choice>
			</w>
		</line>
		<line c="1710" h="58" n="17">
			<w x="400">What</w>
			<w x="567">makes</w>
			<w x="613">a</w>
			<w x="778">nation</w>
			<w x="954">happy,</w>
			<w x="1060">and</w>
			<w x="1212">keeps</w>
			<w x="1268">it</w>
			<w x="1348">so,</w>
		</line>
	</div>
	<div id="3" group="2" x="44" y="2664" width="1964" height="632" type="annotation"
		sealts="358b_2_2.139" work="pr" section="pr4" attribution="HM">
		<line n="1" h="104" c="2744">
			<w x="244">This</w>
			<w x="472">comes</w>
			<w x="692">rather</w>
			<w x="1136">unhandsomely</w>
			<w x="1308">from</w>
			<w x="1604">Milton,</w>
			<w x="1988">disparaging</w>
		</line>
		<line n="2" h="105" c="2840">
			<w x="180">the</w>
			<w x="400">Greeks</w>
			<w x="620">thus</w>
			<w x="748">in</w>
			<w x="1128">complement</w>
			<w x="1216">to</w>
			<w x="1328">the</w>
			<w x="1596">Jews;</w>
			<w x="1776">&#8212;</w>
		</line>
		<line n="3" h="105" c="2936">
			<w x="404">especially</w>
			<w x="496">as</w>
			<w x="600">he</w>
			<w x="888">himself</w>
			<w x="1060">was</w>
			<w x="1204">so</w>
			<w x="1440">Greek</w>
			<w x="1576">in</w>
			<w x="1844">spirit</w>
			<w x="1928">&amp;</w>
		</line>
		<line n="4" h="104" c="3028">
			<w x="204">so</w>
			<w x="444">much</w>
			<w x="728">indebted</w>
			<w x="876">to</w>
			<w x="984">the</w>
			<w x="1164">Greek</w>
			<w x="1488">genius.</w>
			<w x="1768">Milton</w>
			<w x="1896">got</w>
		</line>
		<line n="5" h="104" c="3112">
			<w x="320">nothing</w>
			<w x="468">from</w>
			<w x="584">the</w>
			<w x="744">Jews</w>
			<w x="876">but</w>
			<w x="964">a</w>
			<w x="1240">subject;</w>
			<w x="1368">but</w>
			<w x="1492">from</w>
			<w x="1588">the</w>
			<w x="1816">Greeks</w>
			<w x="1960">he</w>
		</line>
		<line n="6" h="105" c="3208">
			<w x="248">got</w>
			<w x="460">style</w>
			<w x="576">&#8212;</w>
			<w x="916">sublimity</w>
			<w x="1040">&#8212;</w>
			<w x="1424">inspiration</w>
			<w x="1536">&#8212;</w>
			<w x="1864">melody.</w>
		</line>
	</div>
</body>
