<body>
	<div id="2" group="1" x="656" y="494" width="1132" height="578" type="score"
		sealts="358b_2_2.196" work="samag" attribution="HM">
		<line c="540" h="78" n="1">
			<w x="874">Seeming</w>
			<w x="938">at</w>
			<w x="1050">first</w>
			<w x="1126">all</w>
			<w x="1355">heavenly</w>
			<w x="1511">under</w>
			<w x="1667">virgin</w>
			<w x="1785">veil,</w>
		</line>
		<line c="616" h="59" n="2">
			<w x="784">Soft,</w>
			<w x="986">modest,</w>
			<w x="1150">meek,</w>
			<w x="1361">demure,</w>
		</line>
		<line c="684" h="74" n="3">
			<w x="794">Once</w>
			<w x="961">
				<choice>
					<orig>join'd,</orig>
					<reg>joined,</reg>
				</choice>
			</w>
			<w x="1056">the</w>
			<w x="1274">contrary</w>
			<w x="1371">she</w>
			<w x="1558">proves,</w>
			<w x="1607">a</w>
			<w x="1752">thorn</w>
		</line>
		<line c="756" h="60" n="4">
			<w x="893">Intestine,</w>
			<w x="978">far</w>
			<w x="1149">within</w>
			<w x="1388">defensive</w>
			<w x="1523">arms</w>
		</line>
		<line c="827" h="69" n="5">
			<w x="710">A</w>
			<w x="925">cleaving</w>
			<w x="1153">mischief,</w>
			<w x="1219">in</w>
			<w x="1306">his</w>
			<w x="1426">way</w>
			<w x="1492">to</w>
			<w x="1650">virtue</w>
		</line>
		<line c="895" h="61" n="6">
			<w x="862">Adverse</w>
			<w x="966">and</w>
			<w x="1219">turbulent,</w>
			<w x="1288">or</w>
			<w x="1365">by</w>
			<w x="1463">her</w>
			<w x="1651">charms</w>
		</line>
		<line c="972" h="61" n="7">
			<w x="829">Draws</w>
			<w x="937">him</w>
			<w x="1077">awry</w>
			<w x="1288">
				<choice>
					<orig>enslav'd</orig>
					<reg>enslaved</reg>
				</choice>
			</w>
		</line>
		<line c="1043" h="70" n="8">
			<w x="796">With</w>
			<w x="985">dotage,</w>
			<w x="1101">and</w>
			<w x="1178">his</w>
			<w x="1323">sense</w>
			<w x="1548">
				<choice>
					<orig>deprav'd</orig>
					<reg>depraved</reg>
				</choice>
			</w>
		</line>
	</div>
</body>
