<body>
	<div id="2" group="1" x="796" y="1154" width="392" height="76" type="underline"
		sealts="358b_2_2.274" work="lyc" attribution="HM">
		<line c="1197" h="86" n="10">
			<w x="982">strictly</w>
			<w x="1184">meditate</w>
		</line>
	</div>
	<div id="3" group="2" x="688" y="1512" width="832" height="83" type="checkmark"
		sealts="358b_2_2.274" work="lyc" attribution="HM">
		<line c="1552" h="75" n="15">
			<w x="828">(That</w>
			<w x="929">last</w>
			<w x="1144">infirmity</w>
			<w x="1213">of</w>
			<w x="1356">noble</w>
			<w x="1513">mind)</w>
		</line>
	</div>
</body>
