<body>
	<div id="2" group="1" x="670" y="493" width="600" height="90" type="underline"
		sealts="358b_2_2.356" work="sonnets" attribution="HM">
		<line c="541" h="72" n="1">
			<blank x="1128"/>
			<w x="1290">peace</w>
			<w x="1412">hath</w>
			<w x="1500">her</w>
			<w x="1716">victories</w>
		</line>
		<line c="612" h="83" n="2">
			<w x="794">No</w>
			<w x="894">less</w>
			<w x="1128">
				<choice>
					<orig>renown'd</orig>
					<reg>renowned</reg>
				</choice>
			</w>
			<w x="1248">than</w>
			<w x="1342">war</w>
		</line>
	</div>
</body>
