<body>
	<div id="2" group="1" x="236" y="514" width="876" height="78" type="checkmark"
		sealts="358b_2_2.245" work="com" attribution="HM">
		<line c="560" h="58" n="1">
			<w x="342">But</w>
			<w x="472">rigid</w>
			<w x="613">looks</w>
			<w x="685">of</w>
			<w x="858">chaste</w>
			<w x="1102">austerity,</w>
		</line>
	</div>
	<div id="3" group="2" x="236" y="724" width="1196" height="1520" type="brokenscore"
		sealts="358b_2_2.245" work="com" attribution="HM">
		<line c="775" h="59" n="4">
			<w x="315">So</w>
			<w x="437">dear</w>
			<w x="504">to</w>
			<w x="678">
				<choice>
					<orig>heav'n</orig>
					<reg>heaven</reg>
				</choice>
			</w>
			<w x="735">is</w>
			<w x="915">saintly</w>
			<w x="1140">chastity,</w>
		</line>
		<line c="846" h="59" n="5">
			<w x="371">That</w>
			<w x="520">when</w>
			<w x="567">a</w>
			<w x="680">soul</w>
			<w x="737">is</w>
			<w x="891">found</w>
			<w x="1123">sincerely</w>
			<w x="1204">so,</w>
		</line>
		<line c="918" h="58" n="6">
			<w x="292">A</w>
			<w x="525">thousand</w>
			<w x="722">liveried</w>
			<w x="891">angels</w>
			<w x="1040">lacky</w>
			<w x="1149">her,</w>
		</line>
		<line c="989" h="59" n="7">
			<w x="436">Driving</w>
			<w x="520">far</w>
			<w x="606">off</w>
			<w x="738">each</w>
			<w x="880">thing</w>
			<w x="950">of</w>
			<w x="1042">sin</w>
			<w x="1147">and</w>
			<w x="1291">guilt,</w>
		</line>
		<line c="1057" h="53" n="8">
			<w x="350">And</w>
			<w x="416">in</w>
			<w x="551">clear</w>
			<w x="732">dream,</w>
			<w x="839">and</w>
			<w x="1026">solemn</w>
			<w x="1198">vision,</w>
		</line>
		<line c="1131" h="59" n="9">
			<w x="351">Tell</w>
			<w x="451">her</w>
			<w x="522">of</w>
			<w x="691">things</w>
			<w x="807">that</w>
			<w x="884">no</w>
			<w x="1024">gross</w>
			<w x="1118">ear</w>
			<w x="1219">can</w>
			<w x="1354">hear,</w>
		</line>
		<div id="4" group="3" x="236" y="1144" width="1084" height="240" type="score"
			sealts="358b_2_2.245" work="com" attribution="HM">
			<line c="1203" h="60" n="10">
				<w x="342">Till</w>
				<w x="428">oft</w>
				<w x="652">converse</w>
				<w x="783">with</w>
				<w x="1002">
					<choice>
						<orig>heav'nly</orig>
						<reg>heavenly</reg>
					</choice>
				</w>
				<w x="1239">habitants</w>
			</line>
			<line c="1276" h="62" n="11">
				<w x="393">Begin</w>
				<w x="459">to</w>
				<w x="574">cast</w>
				<w x="620">a</w>
				<w x="766">beam</w>
				<w x="843">on</w>
				<w x="923">
					<choice>
						<orig>th'</orig>
						<reg>the</reg>
					</choice>
				</w>
				<w x="1139">outward</w>
				<w x="1306">shape,</w>
			</line>
			<line c="1344" h="64" n="12">
				<w x="350">The</w>
				<w x="625">unpolluted</w>
				<w x="806">temple</w>
				<w x="879">of</w>
				<w x="977">the</w>
				<w x="1131">mind,</w>
			</line>
		</div>
		<line c="1418" h="59" n="13">
			<w x="351">And</w>
			<w x="492">turns</w>
			<w x="547">it</w>
			<w x="624">by</w>
			<w x="826">degrees</w>
			<w x="893">to</w>
			<w x="987">the</w>
			<w x="1140">soul's</w>
			<w x="1353">essence,</w>
		</line>
		<line c="1487" h="56" n="14">
			<w x="343">Till</w>
			<w x="420">all</w>
			<w x="495">be</w>
			<w x="641">made</w>
			<w x="904">immortal:</w>
			<w x="1015">but</w>
			<w x="1165">when</w>
			<w x="1285">lust,</w>
		</line>
		<line c="1560" h="59" n="15">
			<w x="324">By</w>
			<w x="552">unchaste</w>
			<w x="711">looks,</w>
			<w x="849">loose</w>
			<w x="1081">gestures,</w>
			<w x="1189">and</w>
			<w x="1300">foul</w>
			<w x="1428">talk,</w>
		</line>
		<line c="1631" h="59" n="16">
			<w x="344">But</w>
			<w x="477">most</w>
			<w x="554">by</w>
			<w x="690">lewd</w>
			<w x="796">and</w>
			<w x="954">lavish</w>
			<w x="1046">act</w>
			<w x="1118">of</w>
			<w x="1222">sin,</w>
		</line>
		<line c="1704" h="61" n="17">
			<w x="362">Lets</w>
			<w x="429">in</w>
			<w x="701">defilement</w>
			<w x="767">to</w>
			<w x="863">the</w>
			<w x="1050">inward</w>
			<w x="1202">parts,</w>
		</line>
		<line c="1777" h="60" n="18">
			<w x="352">The</w>
			<w x="468">soul</w>
			<w x="631">grows</w>
			<w x="817">clotted</w>
			<w x="897">by</w>
			<w x="1161">contagion,</w>
		</line>
		<line c="1847" h="61" n="19">
			<w x="481">Imbodies,</w>
			<w x="592">and</w>
			<w x="833">imbrutes,</w>
			<w x="922">Till</w>
			<w x="1019">she</w>
			<w x="1158">quite</w>
			<w x="1269">lose</w>
		</line>
		<line c="1920" h="61" n="20">
			<w x="353">The</w>
			<w x="518">divine</w>
			<w x="742">property</w>
			<w x="813">of</w>
			<w x="915">her</w>
			<w x="1028">first</w>
			<w x="1191">being.</w>
		</line>
		<line c="1992" h="60" n="21">
			<w x="372">Such</w>
			<w x="464">are</w>
			<w x="610">those</w>
			<w x="754">thick</w>
			<w x="857">and</w>
			<w x="1053">gloomy</w>
			<w x="1269">shadows</w>
			<w x="1418">damp</w>
		</line>
		<line c="2064" h="59" n="22">
			<w x="335">Oft</w>
			<w x="459">seen</w>
			<w x="525">in</w>
			<w x="719">charnel</w>
			<w x="892">vaults,</w>
			<w x="1000">and</w>
			<w x="1281">sepulchres,</w>
		</line>
		<line c="2136" h="60" n="23">
			<w x="481">
				<choice>
					<orig>Ling'ring</orig>
					<reg>Lingering</reg>
				</choice>
			</w>
			<w x="586">and</w>
			<w x="758">sitting</w>
			<w x="837">by</w>
			<w x="884">a</w>
			<w x="1005">new</w>
			<w x="1151">made</w>
			<w x="1317">grave,</w>
		</line>
		<line c="2207" h="59" n="24">
			<w x="315">As</w>
			<w x="455">loath</w>
			<w x="522">to</w>
			<w x="665">leave</w>
			<w x="762">the</w>
			<w x="899">body</w>
			<w x="1015">that</w>
			<w x="1070">it</w>
			<w x="1219">
				<choice>
					<orig>lov'd,</orig>
					<reg>loved,</reg>
				</choice>
			</w>
		</line>
	</div>
</body>
