<body>
	<div id="2" group="1" x="288" y="1476" width="1286" height="358" type="score"
		sealts="358b_2_2.255" work="com" attribution="HM">
		<line c="1516" h="60" n="15">
			<w x="328">I</w>
			<w x="496">would</w>
			<w x="593">not</w>
			<w x="725">taste</w>
			<w x="825">thy</w>
			<w x="1095">treasonous</w>
			<w x="1247">offer;</w>
			<w x="1391">none</w>
		</line>
		<line c="1586" h="63" n="16">
			<w x="399">But</w>
			<w x="525">such</w>
			<w x="592">as</w>
			<w x="684">are</w>
			<w x="818">good</w>
			<w x="939">men</w>
			<w x="1040">can</w>
			<w x="1156">give</w>
			<w x="1289">good</w>
			<w x="1468">things,</w>
		</line>
		<line c="1659" h="64" n="17">
			<w x="407">And</w>
			<w x="526">that</w>
			<w x="690">which</w>
			<w x="746">is</w>
			<w x="844">not</w>
			<w x="990">good,</w>
			<w x="1049">is</w>
			<w x="1147">not</w>
			<w x="1382">delicious</w>
		</line>
		<line c="1729" h="64" n="18">
			<w x="381">To</w>
			<w x="428">a</w>
			<w x="776">
				<choice>
					<orig>well-govern'd</orig>
					<reg>well governed</reg>
					<reg>well govern'd</reg>
					<reg>well-governed</reg>
					<reg>well</reg>
					<reg>govern'd</reg>
					<reg>governed</reg>
				</choice>
			</w>
			<w x="881">and</w>
			<w x="1007">wise</w>
			<w x="1234">appetite.</w>
		</line>
		<line c="1785" h="68" n="19">
			<w x="495">
				<choice>
					<orig>COM.</orig>
					<reg>Comus</reg>
				</choice>
			</w>
			<w x="572">O</w>
			<w x="849">foolishness</w>
			<w x="920">of</w>
			<w x="1069">men!</w>
			<w x="1199">that</w>
			<w x="1318">lend</w>
			<w x="1450">their</w>
			<w x="1564">ears</w>
		</line>
	</div>
</body>
