<body>
	<div id="2" group="2" x="255" y="472" width="1278" height="575" type="wavyscore"
		sealts="358b_1_1.221" work="pl" section="pl6" attribution="HM">
		<line c="517" h="58" n="1">
			<w x="461">Distinct</w>
			<w x="590">alike</w>
			<w x="720">with</w>
			<w x="969">multitude</w>
			<w x="1042">of</w>
			<w x="1202">eyes;</w>
		</line>
		<line c="595" h="65" n="2">
			<w x="368">One</w>
			<w x="511">spirit</w>
			<w x="575">in</w>
			<w x="715">them</w>
			<w x="858">
				<choice>
					<orig>rul'd,</orig>
					<reg>ruled,</reg>
				</choice>
			</w>
			<w x="966">and</w>
			<w x="1117">every</w>
			<w x="1220">eye</w>
		</line>
		<line c="664" h="72" n="3">
			<w x="421">
				<choice>
					<orig>Glar'd</orig>
					<reg>Glared</reg>
				</choice>
			</w>
			<w x="681">
				<choice>
					<orig>light'ning,</orig>
					<reg>lightning,</reg>
				</choice>
			</w>
			<w x="788">and</w>
			<w x="908">shot</w>
			<w x="1043">forth</w>
			<w x="1305">pernicious</w>
			<w x="1403">fire</w>
			<w x="1689">it</w>
		</line>
		<line c="733" h="75" n="4">
			<w x="441">Among</w>
			<w x="524">
				<choice>
					<orig>th'</orig>
					<reg>the</reg>
				</choice>
			</w>
			<w x="728">
				<choice>
					<orig>accurst,</orig>
					<reg>accursed,</reg>
				</choice>
			</w>
			<w x="846">that</w>
			<w x="1057">
				<choice>
					<orig>wither'd</orig>
					<reg>withered</reg>
				</choice>
			</w>
			<w x="1126">all</w>
			<w x="1254">their</w>
			<w x="1481">strength,</w>
		</line>
		<line c="796" h="82" n="5">
			<w x="371">And</w>
			<w x="441">of</w>
			<w x="578">their</w>
			<w x="774">wonted</w>
			<w x="943">
				<choice>
					<orig>vigour</orig>
					<reg>vigor</reg>
				</choice>
			</w>
			<w x="1043">left</w>
			<w x="1185">them</w>
			<w x="1380">
				<choice>
					<orig>drain'd,</orig>
					<reg>drained,</reg>
				</choice>
			</w>
		</line>
		<line c="880" h="65" n="6">
			<w x="539">Exhausted,</w>
			<w x="782">spiritless,</w>
			<w x="1007">afflicted,</w>
			<w x="1163">
				<choice>
					<orig>fall'n.</orig>
					<reg>fallen.</reg>
				</choice>
			</w>
		</line>
		<line c="948" h="72" n="7">
			<w x="360">Yet</w>
			<w x="475">half</w>
			<w x="566">his</w>
			<w x="783">strength</w>
			<w x="858">he</w>
			<w x="958">put</w>
			<w x="1056">not</w>
			<w x="1204">forth,</w>
			<w x="1305">but</w>
			<w x="1508">
				<choice>
					<orig>check'd</orig>
					<reg>checked</reg>
				</choice>
			</w>
		</line>
		<line c="1023" h="59" n="8">
			<w x="359">His</w>
			<w x="565">thunder</w>
			<w x="630">in</w>
			<w x="739">mid</w>
			<w x="889">volly,</w>
			<w x="977">for</w>
			<w x="1052">he</w>
			<w x="1223">meant</w>
		</line>
	</div>
	<div id="3" group="2" x="268" y="1052" width="1102" height="218" type="wavyscore2"
		sealts="358b_1_1.221" work="pl" section="pl6" attribution="HM">
		<line c="1095" h="64" n="9">
			<w x="367">Not</w>
			<w x="432">to</w>
			<w x="642">destroy,</w>
			<w x="742">but</w>
			<w x="857">root</w>
			<w x="998">them</w>
			<w x="1096">out</w>
			<w x="1166">of</w>
			<w x="1368">heaven.</w>
		</line>
		<line c="1161" h="56" n="10">
			<w x="375">The</w>
			<w x="668">overthrown</w>
			<w x="743">he</w>
			<w x="907">
				<choice>
					<orig>rais'd,</orig>
					<reg>raised,</reg>
				</choice>
			</w>
			<w x="1015">and</w>
			<w x="1083">as</w>
			<w x="1132">a</w>
			<w x="1257">herd</w>
		</line>
		<line c="1237" h="69" n="11">
			<w x="344">Of</w>
			<w x="492">goats</w>
			<w x="561">or</w>
			<w x="787">timorous</w>
			<w x="924">flock</w>
			<w x="1143">together</w>
			<w x="1365">
				<choice>
					<orig>throng'd</orig>
					<reg>thronged</reg>
				</choice>
			</w>
		</line>
	</div>
	<div id="3" group="1" x="266" y="1269" width="1290" height="796" type="wavyscore"
		sealts="358b_1_1.221" work="pl" section="pl6" attribution="HM">
		<line c="1302" h="61" n="12">
			<w x="424">Drove</w>
			<w x="567">them</w>
			<w x="734">before</w>
			<w x="846">him</w>
			<w x="1238">
				<choice>
					<orig>thunder-struck,</orig>
					<reg>thunder struck,</reg>
					<reg>thunder</reg>
					<reg>struck,</reg>
				</choice>
			</w>
			<w x="1436">
				<choice>
					<orig>pursu'd</orig>
					<reg>pursued</reg>
				</choice>
			</w>
		</line>
		<line c="1370" h="71" n="13">
			<w x="400">With</w>
			<w x="577">terrors</w>
			<w x="683">and</w>
			<w x="814">with</w>
			<w x="966">furies</w>
			<w x="1033">to</w>
			<w x="1128">the</w>
			<w x="1317">bounds</w>
		</line>
		<line c="1453" h="73" n="14">
			<w x="379">And</w>
			<w x="559">crystal</w>
			<w x="681">wall</w>
			<w x="752">of</w>
			<w x="956">heaven;</w>
			<w x="1120">which</w>
			<w x="1312">
				<choice>
					<orig>op'ning</orig>
					<reg>opening</reg>
				</choice>
			</w>
			<w x="1448">wide</w>
		</line>
		<line c="1523" h="64" n="15">
			<w x="426">
				<choice>
					<orig>Roll'd</orig>
					<reg>Rolled</reg>
				</choice>
			</w>
			<w x="625">inward,</w>
			<w x="734">and</w>
			<w x="781">a</w>
			<w x="997">spacious</w>
			<w x="1102">gap</w>
			<w x="1326">
				<choice>
					<orig>disclos'd</orig>
					<reg>disclosed</reg>
				</choice>
			</w>
		</line>
		<line c="1596" h="64" n="16">
			<w x="381">Into</w>
			<w x="469">the</w>
			<w x="691">wasteful</w>
			<w x="849">deep;</w>
			<w x="957">the</w>
			<w x="1223">monstrous</w>
			<w x="1361">sight</w>
		</line>
		<line c="1664" h="58" n="17">
			<w x="445">Struck</w>
			<w x="585">them</w>
			<w x="715">with</w>
			<w x="879">horror</w>
			<w x="1158">backward;</w>
			<w x="1270">but</w>
			<w x="1354">far</w>
			<w x="1515">worse</w>
		</line>
		<line c="1741" h="73" n="18">
			<w x="422">
				<choice>
					<orig>Urg'd</orig>
					<reg>Urged</reg>
				</choice>
			</w>
			<w x="557">them</w>
			<w x="761">behind;</w>
			<w x="999">headlong</w>
			<w x="1273">themselves</w>
			<w x="1391">they</w>
			<w x="1546">threw</w>
		</line>
		<line c="1811" h="66" n="19">
			<w x="433">Down</w>
			<w x="563">from</w>
			<w x="658">the</w>
			<w x="810">verge</w>
			<w x="882">of</w>
			<w x="1085">heaven;</w>
			<w x="1274">eternal</w>
			<w x="1429">wrath</w>
		</line>
		<line c="1873" h="72" n="20">
			<w x="452">
				<choice>
					<orig>Burn'd</orig>
					<reg>Burned</reg>
				</choice>
			</w>
			<w x="584">after</w>
			<w x="726">them</w>
			<w x="794">to</w>
			<w x="888">the</w>
			<w x="1165">bottomless</w>
			<w x="1264">pit.</w>
		</line>
		<line c="1952" h="56" n="21">
			<w x="393">Hell</w>
			<w x="546">heard</w>
			<w x="629">
				<choice>
					<orig>th'</orig>
					<reg>the</reg>
				</choice>
			</w>
			<w x="938">unsufferable</w>
			<w x="1095">noise,</w>
			<w x="1204">hell</w>
			<w x="1320">saw</w>
		</line>
		<line c="2027" h="70" n="22">
			<w x="472">Heaven</w>
			<w x="653">ruining</w>
			<w x="784">from</w>
			<w x="979">heaven,</w>
			<w x="1083">and</w>
			<w x="1250">would</w>
			<w x="1380">have</w>
			<w x="1489">fled</w>
		</line>
	</div>
</body>
