<body>
	<div id="2" group="1" x="326" y="1980" width="1032" height="86" type="checkmark"
		sealts="358b_2_2.285" work="ilpen" attribution="HM">
		<line c="2025" h="45" n="22">
			<w x="491">Where</w>
			<w x="629">more</w>
			<w x="687">is</w>
			<w x="856">meant</w>
			<w x="981">than</w>
			<w x="1139">meets</w>
			<w x="1234">the</w>
			<w x="1342">ear.</w>
		</line>
	</div>
	<div id="3" group="2" x="332" y="2062" width="1004" height="78" type="underline"
		sealts="358b_2_2.285" work="ilpen" attribution="HM">
		<line c="2104" h="58" n="23">
			<w x="478">Thus</w>
			<w x="618">night</w>
			<w x="706">oft</w>
			<w x="796">see</w>
			<w x="888">me</w>
			<w x="956">in</w>
			<w x="1060">thy</w>
			<w x="1172">pale</w>
			<w x="1328">career,</w>
		</line>
	</div>
</body>
