<body>
	<div id="2" group="1" x="642" y="920" width="1003" height="443" type="score"
		sealts="358b_1_1.290" work="pl" section="pl9" attribution="HM">
		<line c="956" h="63" n="7">
			<w x="745">If</w>
			<w x="840">this</w>
			<w x="912">be</w>
			<w x="1007">our</w>
			<w x="1251">condition,</w>
			<w x="1370">thus</w>
			<w x="1434">to</w>
			<w x="1580">dwell</w>
		</line>
		<line c="1027" h="106" n="8">
			<w x="693">In</w>
			<w x="875">narrow</w>
			<w x="1042">circuit</w>
			<w x="1277">
				<choice>
					<orig>straiten'd</orig>
					<reg>straitened</reg>
				</choice>
				<choice>
					<orig>straiten'd</orig>
					<reg>straightened</reg>
				</choice>
			</w>
			<w x="1352">by</w>
			<w x="1398">a</w>
			<w x="1498">foe,</w>
		</line>
		<line c="1106" h="69" n="9">
			<w x="794">Subtle</w>
			<w x="860">or</w>
			<w x="1049">violent,</w>
			<w x="1137">we</w>
			<w x="1232">not</w>
			<w x="1405">
				<choice>
					<orig>endu'd</orig>
					<reg>endued</reg>
				</choice>
			</w>
		</line>
		<line c="1185" h="89" n="10">
			<w x="792">Single</w>
			<w x="917">with</w>
			<w x="1020">like</w>
			<w x="1232">defence,</w>
			<w x="1471">wherever</w>
			<w x="1594">met,</w>
		</line>
		<line c="1244" h="75" n="11">
			<w x="762">How</w>
			<w x="851">are</w>
			<w x="939">we</w>
			<w x="1111">happy,</w>
			<w x="1219">still</w>
			<w x="1283">in</w>
			<w x="1391">fear</w>
			<w x="1458">of</w>
			<w x="1626">harm?</w>
		</line>
	</div>
</body>
