<body>
	<div id="2" group="1" x="262" y="1380" width="1116" height="74" type="checkmark"
		sealts="358b_2_2.083" work="pr" section="pr1" attribution="HM">
		<line c="1420" h="61" n="13">
			<w x="370">The</w>
			<w x="619">Gentiles;</w>
			<div id="3" group="1" x="652" y="1374" width="724" height="76" type="underline"
				sealts="358b_2_2.083" work="pr" section="pr1" attribution="HM">
				<w x="936">henceforth</w>
				<w x="1110">oracles</w>
				<w x="1212">are</w>
				<w x="1366">
					<choice>
						<orig>ceas'd,</orig>
						<reg>ceased,</reg>
					</choice>
				</w>
			</div>
		</line>
	</div>
	<div id="4" group="2" x="237" y="2384" width="1084" height="78" type="xmark"
		sealts="358b_2_2.083" work="pr" section="pr1" attribution="HM">
		<line c="2359" h="64" n="26">
			<w x="356">And</w>
			<w x="500">
				<choice>
					<orig>urg'd</orig>
					<reg>urged</reg>
				</choice>
			</w>
			<w x="592">me</w>
			<w x="719">hard</w>
			<w x="849">with</w>
			<w x="1037">doings,</w>
			<w x="1206">which</w>
			<w x="1304">not</w>
			<w x="1429">will,</w>
		</line>
		<line c="2428" h="62" n="27">
			<w x="347">But</w>
			<w x="542">misery,</w>
			<w x="670">hath</w>
			<w x="880">wrested</w>
			<w x="1010">from</w>
			<w x="1128">me;</w>
		</line>
		<div id="5" group="3" x="256" y="2390" width="176" height="76" type="underline"
			sealts="358b_2_2.083" work="pr" section="pr1" attribution="HM">
			<line c="2428" h="62" n="27">
				<blank x="1146"/>
				<w x="1300">where</w>
			</line>
			<line c="2500" h="62" n="28">
				<w x="428">Easily</w>
				<w x="574">canst</w>
				<w x="702">thou</w>
				<w x="804">find</w>
				<w x="914">one</w>
				<w x="1156">miserable,</w>
			</line>
		</div>
	</div>
	<div id="6" group="5" x="572" y="2718" width="1424" height="170" type="annotation"
		type2="checkmark" erasure="true" sealts="358b_2_2.083" work="pr" section="pr1"
		attribution="HM">
		<line n="1" h="170" c="2803">
			<w x="1090">Plutarch's</w>
			<w x="1540">"Cessation</w>
			<w x="1650">of</w>
			<w x="1978">Oracles"</w>
		</line>
	</div>
	<div id="7" group="6" x="194" y="2824" width="1890" height="210" type="annotation" type2="xmark"
		erasure="true" sealts="358b_2_2.083" work="pr" section="pr1" attribution="HM">
		<line n="1" h="210" c="2929">
			<w x="450">Truly,</w>
			<w x="582">the</w>
			<w x="804">devil</w>
			<w x="1000">loses</w>
			<w x="1132">his</w>
			<w x="1436">dignity</w>
			<w x="1566">in</w>
			<w x="1834">Paradise</w>
			<w x="2070">Regained</w>
		</line>
	</div>
</body>
