<body>
	<div id="2" group="1" x="616" y="637" width="1119" height="153" type="score" type2="annotated"
		erasure="true" sealts="358b_1_1.292" work="pl" section="pl9" attribution="HM">
		<line c="688" h="78" n="3">
			<w x="754">So</w>
			<w x="901">
				<choice>
					<orig>spake</orig>
					<reg>spoke</reg>
				</choice>
			</w>
			<w x="993">the</w>
			<w x="1219">patriarch</w>
			<w x="1287">of</w>
			<w x="1515">mankind,</w>
			<w x="1616">but</w>
			<w x="1728">Eve</w>
		</line>
		<line c="759" h="73" n="4">
			<w x="860">Persisted,</w>
			<w x="957">yet</w>
			<w x="1169">submiss,</w>
			<w x="1354">though</w>
			<w x="1468">last,</w>
			<w x="1668">
				<choice>
					<orig>reply'd.</orig>
					<reg>replied.</reg>
				</choice>
			</w>
		</line>
	</div>
	<div id="3" group="1" x="124" y="500" width="452" height="424" type="annotation" erasure="true"
		sealts="358b_1_1.292" work="pl" section="pl9" attribution="HM"/>
</body>
