<body>
    <div id="2" group="1" x="572" y="620" width="1271" height="1774" type="brokenscore"
        sealts="358b_2_2.256" work="com" attribution="HM">
        <line c="660" h="63" n="3">
            <w x="857">Wherefore</w>
            <w x="950">did</w>
            <w x="1136">Nature</w>
            <w x="1262">pour</w>
            <w x="1358">her</w>
            <w x="1576">bounties</w>
            <w x="1732">forth,</w>
        </line>
        <line c="729" h="71" n="4">
            <w x="727">With</w>
            <w x="852">such</w>
            <w x="897">a</w>
            <w x="995">full</w>
            <w x="1099">and</w>
            <w x="1480">unwithdrawing</w>
            <w x="1630">hand,</w>
        </line>
        <line c="802" h="65" n="5">
            <w x="822">Covering</w>
            <w x="915">the</w>
            <w x="1057">earth</w>
            <w x="1186">with</w>
            <w x="1374">
                <choice>
                    <orig>odours,</orig>
                    <reg>odors</reg>
                </choice>
            </w>
            <w x="1533">fruits,</w>
            <w x="1640">and</w>
            <w x="1812">flocks,</w>
        </line>
        <line c="873" h="63" n="6">
            <w x="856">Thronging</w>
            <w x="949">the</w>
            <w x="1066">seas</w>
            <w x="1194">with</w>
            <w x="1364">spawn</w>
            <w x="1691">innumerable,</w>
        </line>
        <line c="941" h="61" n="7">
            <w x="691">But</w>
            <w x="766">all</w>
            <w x="832">to</w>
            <w x="1016">please,</w>
            <w x="1116">and</w>
            <w x="1238">
                <choice>
                    <orig>sate</orig>
                    <reg>satiate</reg>
                </choice>
            </w>
            <w x="1327">the</w>
            <w x="1517">curious</w>
            <w x="1686">taste?</w>
        </line>
        <line c="1017" h="65" n="8">
            <w x="700">And</w>
            <w x="787">set</w>
            <w x="852">to</w>
            <w x="994">work</w>
            <w x="1198">millions</w>
            <w x="1269">of</w>
            <w x="1483">spinning</w>
            <w x="1676">worms,</w>
        </line>
        <line c="1085" h="63" n="9">
            <w x="771">That</w>
            <w x="881">in</w>
            <w x="888">their</w>
            <w x="1028">green</w>
            <w x="1164">shops</w>
            <w x="1325">weave</w>
            <w x="1413">the</w>
            <w x="1753">
                <choice>
                    <orig>smooth-hair'd</orig>
                    <reg>smooth hair'd</reg>
                    <reg>smooth haired</reg>
                    <reg>smooth</reg>
                    <reg>hair'd</reg>
                    <reg>haired</reg>
                </choice>
            </w>
            <w x="1849">silk</w>
        </line>
        <line c="1159" h="69" n="10">
            <w x="670">To</w>
            <w x="800">deck</w>
            <w x="898">her</w>
            <w x="1044">sons;</w>
            <w x="1161">and</w>
            <w x="1278">that</w>
            <w x="1354">no</w>
            <w x="1524">corner</w>
            <w x="1684">might</w>
        </line>
        <line c="1225" h="63" n="11">
            <w x="661">Be</w>
            <w x="831">vacant</w>
            <w x="900">of</w>
            <w x="988">her</w>
            <w x="1166">plenty,</w>
            <w x="1233">in</w>
            <w x="1327">her</w>
            <w x="1445">own</w>
            <w x="1571">loins</w>
        </line>
        <line c="1300" h="73" n="12">
            <w x="681">She</w>
            <w x="870">
                <choice>
                    <orig>hutch'd</orig>
                    <reg>hutched</reg>
                </choice>
            </w>
            <w x="946">
                <choice>
                    <orig>th'</orig>
                    <reg>the</reg>
                </choice>
            </w>
            <w x="1290">
                <choice>
                    <orig>all-worshipp'd</orig>
                    <reg>all worshipp'd</reg>
                    <reg>all worshipped</reg>
                    <reg>all</reg>
                    <reg>worshipp'd</reg>
                    <reg>worshipped</reg>
                </choice>
            </w>
            <w x="1390">ore,</w>
            <w x="1489">and</w>
            <w x="1693">precious</w>
            <w x="1841">gems,</w>
        </line>
        <line c="1364" h="58" n="13">
            <w x="661">To</w>
            <w x="791">store</w>
            <w x="886">her</w>
            <w x="1093">children</w>
            <w x="1244">with:</w>
            <w x="1318">if</w>
            <w x="1388">all</w>
            <w x="1481">the</w>
            <w x="1636">world</w>
        </line>
        <line c="1442" h="69" n="14">
            <w x="753">Should</w>
            <w x="818">in</w>
            <w x="865">a</w>
            <w x="956">pet</w>
            <w x="1024">of</w>
            <w x="1294">
                <choice>
                    <orig>temp'rance</orig>
                    <reg>temperance</reg>
                </choice>
            </w>
            <w x="1413">feed</w>
            <w x="1488">on</w>
            <w x="1641">pulse,</w>
        </line>
        <line c="1513" h="69" n="15">
            <w x="728">Drink</w>
            <w x="819">the</w>
            <w x="952">clear</w>
            <w x="1139">stream,</w>
            <w x="1244">and</w>
            <w x="1438">nothing</w>
            <w x="1573">wear</w>
            <w x="1668">but</w>
            <w x="1841">frieze,</w>
        </line>
        <line c="1587" h="72" n="16">
            <w x="676">
                <choice>
                    <orig>Th'</orig>
                    <reg>The</reg>
                </choice>
            </w>
            <w x="882">
                <choice>
                    <orig>all-giver</orig>
                    <reg>all giver</reg>
                    <reg>all</reg>
                    <reg>giver</reg>
                </choice>
            </w>
            <w x="1038">would</w>
            <w x="1105">be</w>
            <w x="1366">
                <choice>
                    <orig>unthank'd,</orig>
                    <reg>unthanked</reg>
                </choice>
            </w>
            <w x="1528">would</w>
            <w x="1598">be</w>
            <w x="1841">
                <choice>
                    <orig>unprais'd,,</orig>
                    <reg>unpraised</reg>
                </choice>
            </w>
        </line>
        <line c="1656" h="71" n="17">
            <w x="678">Not</w>
            <w x="791">half</w>
            <w x="869">his</w>
            <w x="1023">riches</w>
            <w x="1212">known,</w>
            <w x="1317">and</w>
            <w x="1411">yet</w>
            <w x="1642">
                <choice>
                    <orig>despis'd;</orig>
                    <reg>despised;</reg>
                </choice>
            </w>
        </line>
        <line c="1728" h="69" n="18">
            <w x="685">And</w>
            <w x="772">we</w>
            <w x="944">should</w>
            <w x="1081">serve</w>
            <w x="1189">him</w>
            <w x="1254">as</w>
            <w x="1300">a</w>
            <w x="1526">grudging</w>
            <w x="1715">master,</w>
        </line>
        <line c="1797" h="64" n="19">
            <w x="647">As</w>
            <w x="692">a</w>
            <w x="933">penurious</w>
            <w x="1128">niggard</w>
            <w x="1198">of</w>
            <w x="1275">his</w>
            <w x="1477">wealth;</w>
        </line>
        <line c="1870" h="66" n="20">
            <w x="682">And</w>
            <w x="783">live</w>
            <w x="888">like</w>
            <w x="1108">Nature's</w>
            <w x="1331">bastards,</w>
            <w x="1432">not</w>
            <w x="1526">her</w>
            <w x="1656">sons,</w>
        </line>
        <line c="1944" h="75" n="21">
            <w x="694">Who</w>
            <w x="854">would</w>
            <w x="927">be</w>
            <w x="1060">quite</w>
            <w x="1321">
                <choice>
                    <orig>surcharg'd</orig>
                    <reg>surcharged</reg>
                </choice>
            </w>
            <w x="1441">with</w>
            <w x="1530">her</w>
            <w x="1643">own</w>
            <w x="1832">weight,</w>
        </line>
        <line c="2014" h="69" n="22">
            <w x="679">And</w>
            <w x="911">strangled</w>
            <w x="1037">with</w>
            <w x="1132">her</w>
            <w x="1285">waste</w>
            <w x="1510">fertility;</w>
        </line>
        <line c="2086" h="70" n="23">
            <w x="667">
                <choice>
                    <orig>Th'</orig>
                    <reg>The</reg>
                </choice>
            </w>
            <w x="806">earth</w>
            <w x="1054">
                <choice>
                    <orig>cumber'd,</orig>
                    <reg>encumbered</reg>
                </choice>
            </w>
            <w x="1161">and</w>
            <w x="1254">the</w>
            <w x="1432">
                <choice>
                    <orig>wing'd</orig>
                    <reg>winged</reg>
                </choice>
            </w>
            <w x="1518">air</w>
            <w x="1698">
                <choice>
                    <orig>dark'd</orig>
                    <reg>darkened</reg>
                </choice>
            </w>
            <w x="1833">with</w>
        </line>
        <line c="2154" h="57" n="24">
            <w x="873">plumes,</w>
        </line>
        <line c="2228" h="70" n="25">
            <w x="676">The</w>
            <w x="820">herds</w>
            <w x="982">would</w>
            <w x="1344">
                <choice>
                    <orig>over-multitude</orig>
                    <reg>over multitude</reg>
                    <reg>over</reg>
                    <reg>multitude</reg>
                </choice>
            </w>
            <w x="1475">their</w>
            <w x="1619">lords,</w>
        </line>
        <line c="2304" h="77" n="26">
            <w x="676">The</w>
            <w x="770">sea</w>
            <w x="1054">
                <choice>
                    <orig>o'erfraught</orig>
                    <reg>overfraught</reg>
                </choice>
            </w>
            <w x="1226">would</w>
            <w x="1391">swell,</w>
            <w x="1499">and</w>
            <w x="1591">
                <choice>
                    <orig>th'</orig>
                    <reg>the</reg>
                </choice>
            </w>
            <w x="1834">unsought</w>
        </line>
    </div>
</body>
