<body>
	<div id="2" group="1" x="471" y="1432" width="1562" height="1616" type="annotation"
		erasure="true" sealts="358b_2_2.150" work="pr" section="pr4" attribution="HM">
		<line n="1" h="85" c="1474">
			<w x="634">Who</w>
			<w x="809">[can</w>
			<w x="980">read]</w>
			<w x="1115">
				<choice>
					<orig>[P.</orig>
					<reg>[Paradise</reg>
				</choice>
			</w>
			<w x="1295">
				<choice>
					<orig>Reg.]</orig>
					<reg>Regained]</reg>
				</choice>
			</w>
			<w x="1531">without</w>
			<w x="1907">discerning</w>
		</line>
		<line n="2" h="85" c="1559">
			<w x="706">what</w>
			<w x="992">Milton's</w>
			<w x="1196">[views</w>
			<w x="1426">were],</w>
			<w x="1596">[at]</w>
			<w x="1746">this</w>
			<w x="1946">time,</w>
		</line>
		<line n="3" h="85" c="1644">
			<w x="780">concerning</w>
			<w x="1084">the</w>
			<w x="1292">Trinity?</w>
		</line>
		<line n="4" h="85" c="1729">
			<w x="576">There</w>
			<w x="710">seems</w>
			<w x="810">[to</w>
			<w x="926">be</w>
			<w x="1036">little]</w>
			<w x="1178">of</w>
			<w x="1306">the</w>
			<w x="1510">[creative]</w>
			<w x="1586">in</w>
			<w x="1744">Paradise</w>
		</line>
		<line n="5" h="85" c="1814">
			<w x="792">[Regained].</w>
			<w x="980">Essentially</w>
			<w x="1054">it</w>
			<w x="1158">is</w>
			<w x="1284">little</w>
			<w x="1446">more</w>
			<w x="1608">than</w>
			<w x="1778">a</w>
		</line>
		<line n="6" h="85" c="1899">
			<w x="632">[five</w>
			<w x="756">to</w>
			<w x="852">seven</w>
			<w x="1034">words]</w>
			<w x="1110">of</w>
			<w x="1296">the</w>
			<w x="1586">Gospels.</w>
		</line>
		<line n="7" h="85" c="1984">
			<w x="652">[Perhaps]</w>
			<w x="782">[had</w>
			<w x="908">this]</w>
			<w x="1070">been</w>
			<w x="1178">[all]</w>
			<w x="1328">then</w>
			<w x="1458">he</w>
		</line>
		<line n="8" h="85" c="2069">
			<w x="630">would</w>
			<w x="792">not</w>
			<w x="954">have</w>
			<w x="1108">been</w>
			<w x="1278">known</w>
			<w x="1478">for</w>
			<w x="1554">a</w>
			<w x="1766">poet.</w>
		</line>
		<line n="9" h="85" c="2154">
			<w x="552">Th</w>
			<w x="728">[six</w>
			<w x="872">to</w>
			<w x="1050">eight</w>
			<w x="1278">words]</w>
			<w x="1454">his</w>
		</line>
		<line n="10" h="85" c="2239">
			<w x="708">[--?--]</w>
			<w x="806">of</w>
			<w x="1062">[images]</w>
			<w x="1310">[involving]</w>
			<w x="1550">every</w>
			<w x="1748">great</w>
			<w x="1938">truth,</w>
			<w x="1990">&amp;</w>
		</line>
		<line n="11" h="85" c="2324">
			<w x="638">his</w>
			<w x="998">intensifying</w>
			<w x="1126">of</w>
			<w x="1320">intense</w>
			<w x="1510">phrases.</w>
			<w x="1622">As</w>
			<w x="1784">for</w>
			<w x="1920">his</w>
		</line>
		<line n="12" h="85" c="2409">
			<w x="672">grand</w>
			<w x="886">[catalogues]</w>
			<w x="1016">of</w>
			<w x="1244">[might]y</w>
			<w x="1440">names,</w>
			<w x="1642">take</w>
		</line>
		<line n="13" h="85" c="2494">
			<w x="758">them</w>
			<w x="936">out</w>
			<w x="1090">of</w>
			<w x="1216">his</w>
			<w x="1352">blank</w>
			<w x="1596">verse,</w>
			<w x="1752">&amp;</w>
			<w x="1954">what's</w>
		</line>
		<line n="14" h="85" c="2579">
			<w x="638">left</w>
			<w x="756">but</w>
			<w x="956">some</w>
			<w x="1108">proper</w>
			<w x="1288">names?</w>
			<w x="1384">It</w>
			<w x="1590">is</w>
			<w x="1740">the</w>
		</line>
		<line n="15" h="85" c="2664">
			<w x="714">subject</w>
			<w x="846">that</w>
			<w x="1074">mainly</w>
			<w x="1296">[contributes</w>
			<w x="1462">to]</w>
			<w x="1622">the</w>
			<w x="1694">fame</w>
			<w x="1840">of</w>
			<w x="2018">Par[adise]</w>
		</line>
		<line n="16" h="85" c="2749">
			<w x="646">Lost[.]</w>
			<w x="852">And</w>
			<w x="1006">[therein]</w>
			<w x="1160">Milton</w>
			<w x="1424">showed</w>
			<w x="1576">his</w>
			<w x="1998">dis[cernment].</w>
		</line>
		<line n="17" h="85" c="2834">
			<w x="626">But</w>
			<w x="740">a</w>
			<w x="882">bit</w>
			<w x="990">of</w>
			<w x="1200">margin</w>
			<w x="1402">allows</w>
			<w x="1526">no</w>
			<w x="1700">room</w>
			<w x="1806">for</w>
			<w x="2028">criticizing</w>
		</line>
		<line n="18" h="85" c="2919">
			<w x="660">
				<choice>
					<orig>J.M.</orig>
					<reg>John Milton</reg>
				</choice>
			</w>
			<w x="840">And</w>
			<w x="968">enough</w>
			<w x="1192">has</w>
			<w x="1402">been</w>
			<w x="1630">said</w>
			<w x="1768">already</w>
			<w x="2004">to</w>
		</line>
		<line n="19" h="85" c="3004">
			<w x="716">da[--?--]</w>
			<w x="860">[him]</w>
			<w x="1058">in</w>
			<w x="1180">the</w>
			<w x="1426">[eyes]</w>
			<w x="1556">of</w>
			<w x="1660">the</w>
			<w x="1970">[--?--]s.</w>
		</line>
	</div>
</body>
