<body>
	<div id="2" group="1" x="552" y="2051" width="1105" height="164" type="checkmark"
		sealts="358b_2_2.126" work="pr" section="pr4" attribution="HM">
		<line c="2095" h="69" n="23">
			<w x="623">In</w>
			<w x="805">various</w>
			<w x="964">habits</w>
			<w x="1040">on</w>
			<w x="1132">the</w>
			<w x="1319">Appian</w>
			<w x="1453">road,</w>
		</line>
		<line c="2169" h="73" n="24">
			<w x="635">Or</w>
			<w x="709">on</w>
			<w x="792">
				<choice>
					<orig>th'</orig>
					<reg>the</reg>
				</choice>
			</w>
			<w x="1019">Emilian;</w>
			<w x="1160">some</w>
			<w x="1281">from</w>
			<w x="1481">farthest</w>
			<w x="1645">south,</w>
		</line>
	</div>
</body>
