<body>
	<div id="2" group="1" x="306" y="1265" width="1033" height="141" type="score"
		sealts="358b_2_2.105" work="pr" section="pr2" attribution="HM">
		<line c="1309" h="62" n="12">
			<w x="495">Greater</w>
			<w x="599">and</w>
			<w x="767">nobler</w>
			<w x="912">done,</w>
			<w x="1018">and</w>
			<w x="1086">to</w>
			<w x="1177">lay</w>
			<w x="1326">down</w>
		</line>
		<line c="1379" h="60" n="13">
			<w x="395">Far</w>
			<w x="531">more</w>
			<w x="874">magnanimous</w>
			<w x="998">than</w>
			<w x="1065">to</w>
			<w x="1268">assume.</w>
		</line>
	</div>
</body>
