<body>
	<div id="2" group="1" x="286" y="840" width="1218" height="589" type="wavyscore"
		sealts="358b_1_1.295" work="pl" section="pl9" attribution="HM">
		<line c="809" h="58" n="5">
			<w x="430">Much</w>
			<w x="504">he</w>
			<w x="599">the</w>
			<w x="742">place</w>
			<w x="958">
				<choice>
					<orig>admir'd,</orig>
					<reg>admired,</reg>
				</choice>
			</w>
			<w x="1056">the</w>
			<w x="1233">person</w>
			<w x="1386">more.</w>
		</line>
		<line c="880" h="59" n="6">
			<w x="357">As</w>
			<w x="460">one</w>
			<w x="581">who</w>
			<w x="702">long</w>
			<w x="767">in</w>
			<w x="996">populous</w>
			<w x="1107">city</w>
			<w x="1233">pent</w>
		</line>
		<line c="948" h="58" n="7">
			<w x="454">Where</w>
			<w x="631">houses</w>
			<w x="773">thick</w>
			<w x="878">and</w>
			<w x="1061">sewers</w>
			<w x="1225">annoy</w>
			<w x="1320">the</w>
			<w x="1418">air,</w>
		</line>
		<line c="1021" h="61" n="8">
			<w x="429">Forth</w>
			<w x="612">issuing</w>
			<w x="689">on</w>
			<w x="737">a</w>
			<w x="981">summer's</w>
			<w x="1124">morn</w>
			<w x="1191">to</w>
			<w x="1388">breathe</w>
		</line>
		<line c="1093" h="59" n="9">
			<w x="466">Among</w>
			<w x="560">the</w>
			<w x="778">pleasant</w>
			<w x="975">villages</w>
			<w x="1080">and</w>
			<w x="1233">farms</w>
		</line>
		<line c="1163" h="59" n="10">
			<w x="511">
				<choice>
					<orig>Adjoin'd,</orig>
					<reg>Adjoined,</reg>
				</choice>
			</w>
			<w x="642">from</w>
			<w x="772">each</w>
			<w x="916">thing</w>
			<w x="1029">met</w>
			<w x="1274">conceives</w>
			<w x="1484">delight;</w>
		</line>
		<line c="1234" h="57" n="11">
			<w x="394">The</w>
			<w x="540">smell</w>
			<w x="611">of</w>
			<w x="771">grain,</w>
			<w x="841">or</w>
			<w x="1022">tedded</w>
			<w x="1176">grass,</w>
			<w x="1246">or</w>
			<w x="1384">kine,</w>
		</line>
		<line c="1305" h="61" n="12">
			<w x="361">Or</w>
			<w x="516">dairy,</w>
			<w x="646">each</w>
			<w x="780">rural</w>
			<w x="931">sight,</w>
			<w x="1061">each</w>
			<w x="1194">rural</w>
			<w x="1379">sound;</w>
		</line>
		<line c="1376" h="59" n="13">
			<w x="342">If</w>
			<w x="528">chance</w>
			<w x="660">with</w>
			<w x="953">
				<choice>
					<orig>nymph-like</orig>
					<reg>nymph like</reg>
					<reg>nymph</reg>
					<reg>like</reg>
				</choice>
			</w>
			<w x="1071">step</w>
			<w x="1172">fair</w>
			<w x="1329">virgin</w>
			<w x="1462">pass,</w>
		</line>
	</div>
</body>
