<body>
	<div id="2" group="1" x="552" y="1818" width="1088" height="304" type="score"
		sealts="358b_2_2.254" work="com" attribution="HM">
		<line c="1864" h="62" n="20">
			<w x="776">Scorning</w>
			<w x="870">the</w>
			<w x="1127">unexempt</w>
			<w x="1365">condition</w>
		</line>
		<line c="1936" h="64" n="21">
			<w x="633">By</w>
			<w x="796">which</w>
			<w x="871">all</w>
			<w x="1044">mortal</w>
			<w x="1210">frailty</w>
			<w x="1346">must</w>
			<w x="1539">subsist,</w>
		</line>
		<line c="2009" h="66" n="22">
			<w x="868">Refreshment</w>
			<w x="997">after</w>
			<w x="1108">toil,</w>
			<w x="1231">ease</w>
			<w x="1363">after</w>
			<w x="1497">pain,</w>
		</line>
		<line c="2081" h="69" n="23">
			<w x="680">That</w>
			<w x="808">have</w>
			<w x="941">been</w>
			<w x="1060">
				<choice>
					<orig>tir'd</orig>
					<reg>tired</reg>
				</choice>
			</w>
			<w x="1138">all</w>
			<w x="1245">day</w>
			<w x="1451">without</w>
			<w x="1633">repast,</w>
		</line>
	</div>
</body>
