<body>
    <div id="2" group="1" x="304" y="478" width="984" height="68" type="score" sealts="358b_1_1.367"
        work="pl" section="pl10" attribution="HM">
        <line n="1" h="68" c="512">
            <w x="438">The</w>
            <w x="554">race</w>
            <w x="758">unblest,</w>
            <w x="823">to</w>
            <w x="970">being</w>
            <w x="1066">yet</w>
            <w x="1277">begot.</w>
        </line>
    </div>
    <div id="3" group="2" x="326" y="1766" width="992" height="68" type="diagonalscore"
        sealts="358b_1_1.367" work="pl" section="pl10" attribution="HM">
        <line n="1" h="68" c="1800">
            <w x="624">Destruction</w>
            <w x="749">with</w>
            <w x="1026">destruction</w>
            <w x="1096">to</w>
            <w x="1310">destroy?</w>
        </line>
    </div>
</body>
