<body>
	<div id="2" group="1" x="616" y="716" width="1288" height="1792" type="score"
		sealts="358b_2_2.192" work="samag" attribution="HM">
		<line c="754" h="59" n="4">
			<w x="670">It</w>
			<w x="756">fits</w>
			<w x="872">not;</w>
			<w x="1007">thou</w>
			<w x="1109">and</w>
			<w x="1150">I</w>
			<w x="1270">long</w>
			<w x="1403">since</w>
			<w x="1493">are</w>
			<w x="1668">twain;</w>
		</line>
		<line c="828" h="57" n="5">
			<w x="717">Nor</w>
			<w x="857">think</w>
			<w x="943">me</w>
			<w x="1010">so</w>
			<w x="1204">unwary</w>
			<w x="1269">or</w>
			<div id="3" group="1" x="1280" y="788" width="174" height="66" type="underline"
				sealts="358b_2_2.192" work="samag" attribution="HM">
				<w x="1446">
					<choice>
						<orig>accurst,</orig>
						<reg>accursed,</reg>
					</choice>
				</w>
			</div>
		</line>
		<line c="891" h="73" n="6">
			<w x="698">To</w>
			<w x="834">bring</w>
			<w x="926">my</w>
			<w x="1034">feet</w>
			<w x="1175">again</w>
			<w x="1283">into</w>
			<w x="1374">the</w>
			<w x="1516">snare</w>
		</line>
		<line c="966" h="60" n="7">
			<w x="784">Where</w>
			<w x="908">once</w>
			<w x="948">I</w>
			<w x="1075">have</w>
			<w x="1204">been</w>
			<w x="1404">caught:</w>
			<w x="1459">I</w>
			<w x="1609">know</w>
			<w x="1707">thy</w>
			<w x="1856">trains</w>
		</line>
		<line c="1039" h="61" n="8">
			<w x="815">Though</w>
			<w x="976">dearly</w>
			<w x="1040">to</w>
			<w x="1132">my</w>
			<w x="1255">cost,</w>
			<w x="1353">thy</w>
			<w x="1480">gins,</w>
			<w x="1587">and</w>
			<w x="1726">toils;</w>
		</line>
		<line c="1111" h="59" n="9">
			<w x="731">Thy</w>
			<w x="827">fair</w>
			<w x="1081">enchanted</w>
			<w x="1180">cup</w>
			<w x="1282">and</w>
			<w x="1506">warbling</w>
			<w x="1697">charms</w>
		</line>
		<line c="1180" h="58" n="10">
			<w x="699">No</w>
			<w x="832">more</w>
			<w x="908">on</w>
			<w x="994">me</w>
			<w x="1119">have</w>
			<w x="1301">power;</w>
			<w x="1427">their</w>
			<w x="1559">force</w>
			<w x="1615">is</w>
			<w x="1779">
				<choice>
					<orig>null'd,</orig>
					<reg>nulled,</reg>
				</choice>
			</w>
		</line>
		<line c="1245" h="44" n="11">
			<w x="690">So</w>
			<w x="834">much</w>
			<w x="903">of</w>
			<w x="1080">adder's</w>
			<w x="1277">wisdom</w>
			<w x="1317">I</w>
			<w x="1443">have</w>
			<w x="1600">
				<choice>
					<orig>learnt</orig>
					<reg>learned</reg>
				</choice>
			</w>
		</line>
		<line c="1323" h="59" n="12">
			<w x="701">To</w>
			<w x="842">fence</w>
			<w x="934">my</w>
			<w x="1024">ear</w>
			<w x="1206">against</w>
			<w x="1302">thy</w>
			<w x="1533">sorceries.</w>
		</line>
		<div id="4" group="1" x="620" y="1360" width="1272" height="488" type="score"
			sealts="358b_2_2.192" work="samag" attribution="HM">
			<line c="1395" h="61" n="13">
				<w x="676">If</w>
				<w x="732">in</w>
				<w x="823">my</w>
				<w x="987">flower</w>
				<w x="1054">of</w>
				<w x="1200">youth</w>
				<w x="1302">and</w>
				<w x="1526">strength,</w>
				<w x="1677">when</w>
				<w x="1758">all</w>
				<w x="1878">men</w>
			</line>
			<line c="1464" h="54" n="14">
				<w x="781">
					<choice>
						<orig>Lov'd,</orig>
						<reg>Loved,</reg>
					</choice>
				</w>
				<w x="1020">
					<choice>
						<orig>honour'd,</orig>
						<reg>honoured,</reg>
					</choice>
					<choice>
						<orig>honour'd,</orig>
						<reg>honored,</reg>
					</choice>
				</w>
				<w x="1175">
					<choice>
						<orig>fear'd</orig>
						<reg>feared</reg>
					</choice>
				</w>
				<w x="1277">me,</w>
				<w x="1404">thou</w>
				<w x="1546">alone</w>
				<w x="1748">
					<choice>
						<orig>could'st</orig>
						<reg>could have,</reg>
					</choice>
				</w>
				<w x="1877">hate</w>
			</line>
			<line c="1539" h="27" n="15">
				<w x="816">me</w>
			</line>
			<line c="1610" h="58" n="16">
				<w x="732">Thy</w>
				<w x="952">husband,</w>
				<w x="1102">slight</w>
				<w x="1203">me,</w>
				<w x="1302">sell</w>
				<w x="1405">me,</w>
				<w x="1512">and</w>
				<w x="1682">forego</w>
				<w x="1799">me;</w>
			</line>
			<line c="1681" h="56" n="17">
				<w x="749">How</w>
				<w x="965">
					<choice>
						<orig>would'st</orig>
						<reg>would have</reg>
					</choice>
				</w>
				<w x="1087">thou</w>
				<w x="1178">use</w>
				<w x="1267">me</w>
				<w x="1398">now,</w>
				<w x="1548">blind,</w>
				<w x="1653">and</w>
				<w x="1851">thereby</w>
			</line>
			<line c="1753" h="58" n="18">
				<w x="904">Deceivable,</w>
				<w x="969">in</w>
				<w x="1099">most</w>
				<w x="1256">things</w>
				<w x="1322">as</w>
				<w x="1367">a</w>
				<w x="1499">child</w>
			</line>
		</div>
		<line c="1825" h="58" n="19">
			<w x="846">Helpless,</w>
			<w x="1023">thence</w>
			<w x="1174">easily</w>
			<w x="1448">
				<choice>
					<orig>contemn'd,</orig>
					<reg>contemned,</reg>
				</choice>
			</w>
			<w x="1554">and</w>
			<w x="1751">
				<choice>
					<orig>scorn'd,</orig>
					<reg>scorned,</reg>
				</choice>
			</w>
		</line>
		<line c="1895" h="57" n="20">
			<w x="729">And</w>
			<w x="830">last</w>
			<w x="1108">neglected?</w>
			<w x="1235">how</w>
			<w x="1455">
				<choice>
					<orig>would'st</orig>
					<reg>would have</reg>
				</choice>
			</w>
			<w x="1578">thou</w>
			<w x="1737">insult,</w>
		</line>
		<line c="1967" h="58" n="21">
			<w x="772">When</w>
			<w x="812">I</w>
			<w x="946">must</w>
			<w x="1045">live</w>
			<w x="1258">uxorious</w>
			<w x="1322">to</w>
			<w x="1418">thy</w>
			<w x="1525">will</w>
		</line>
		<line c="2039" h="58" n="22">
			<w x="683">In</w>
			<w x="864">perfect</w>
			<w x="1103">thraldom,</w>
			<w x="1225">how</w>
			<w x="1368">again</w>
			<w x="1535">betray</w>
			<w x="1638">me,</w>
		</line>
		<line c="2110" h="59" n="23">
			<w x="815">Bearing</w>
			<w x="906">my</w>
			<w x="1066">words</w>
			<w x="1169">and</w>
			<w x="1336">doings</w>
			<w x="1403">to</w>
			<w x="1496">the</w>
			<w x="1630">lords</w>
		</line>
		<line c="2181" h="59" n="24">
			<w x="702">To</w>
			<w x="834">gloss</w>
			<w x="979">upon,</w>
			<w x="1087">and</w>
			<w x="1341">censuring,</w>
			<w x="1500">frown</w>
			<w x="1566">or</w>
			<w x="1744">smile?</w>
		</line>
		<line c="2252" h="58" n="25">
			<w x="741">This</w>
			<w x="854">
				<choice>
					<orig>gaol</orig>
					<reg>jail</reg>
				</choice>
			</w>
			<w x="895">I</w>
			<w x="1046">count</w>
			<w x="1137">the</w>
			<w x="1289">house</w>
			<w x="1359">of</w>
			<w x="1525">liberty</w>
		</line>
		<line c="2323" h="59" n="26">
			<w x="705">To</w>
			<w x="854">thine,</w>
			<w x="1019">whose</w>
			<w x="1161">doors</w>
			<w x="1253">my</w>
			<w x="1362">feet</w>
			<w x="1486">shall</w>
			<w x="1634">never</w>
			<w x="1785">enter.</w>
		</line>
		<line c="2396" h="60" n="27">
			<w x="810">DAL.</w>
			<w x="930">Let</w>
			<w x="1030">me</w>
			<w x="1272">approach</w>
			<w x="1350">at</w>
			<w x="1490">least</w>
			<w x="1605">and</w>
			<w x="1772">touch</w>
			<w x="1884">thy</w>
		</line>
		<line c="2460" h="42" n="28">
			<w x="939">hand.</w>
		</line>
	</div>
</body>
