<body>
	<div id="2" group="1" x="664" y="622" width="1112" height="88" type="xmark" type2="annotated"
		sealts="358b_1_1.078" work="pl" section="pl2" attribution="HM">
		<line c="601" h="60" n="2">
			<w x="749">To</w>
			<w x="906">tempt</w>
			<w x="1007">and</w>
			<w x="1181">punish</w>
			<w x="1389">mortals,</w>
			<w x="1569">except</w>
			<w x="1730">whom</w>
		</line>
		<line c="674" h="63" n="3">
			<w x="777">God</w>
			<w x="879">and</w>
			<w x="1010">good</w>
			<w x="1192">angels</w>
			<w x="1346">guard</w>
			<w x="1424">by</w>
			<w x="1604">special</w>
			<w x="1764">grace.</w>
		</line>
	</div>
	<div id="3" group="2" x="662" y="910" width="603" height="83" type="underline"
		sealts="358b_1_1.078" work="pl" section="pl2" attribution="HM">
		<line c="959" h="60" n="7">
			<blank x="1195"/>
			<w x="1326">here</w>
			<w x="1514">Nature</w>
			<w x="1630">first</w>
			<w x="1782">begins</w>
		</line>
		<line c="1028" h="59" n="8">
			<w x="780">Her</w>
			<w x="984">farthest</w>
			<w x="1122">verge,</w>
		</line>
	</div>
	<div id="4" group="3" x="647" y="1340" width="1208" height="156" type="score"
		sealts="358b_1_1.078" work="pl" section="pl2" attribution="HM">
		<line c="1381" h="43" n="13">
			<w x="759">And</w>
			<w x="867">like</w>
			<w x="914">a</w>
			<w x="1303">
				<choice>
					<orig>weather-beaten</orig>
					<reg>weather beaten</reg>
					<reg>weather</reg>
					<reg>beaten</reg>
				</choice>
			</w>
			<w x="1461">vessel</w>
			<w x="1605">holds</w>
		</line>
		<line c="1458" h="60" n="14">
			<w x="820">Gladly</w>
			<w x="914">the</w>
			<w x="1044">port,</w>
			<w x="1230">though</w>
			<w x="1429">shrouds</w>
			<w x="1534">and</w>
			<w x="1699">tackle</w>
			<w x="1843">torn;</w>
		</line>
	</div>
	<div id="5" group="4" x="642" y="1636" width="1076" height="286" type="score"
		sealts="358b_1_1.078" work="pl" section="pl2" attribution="HM">
		<line c="1675" h="58" n="17">
			<w x="738">Far</w>
			<w x="825">off</w>
			<w x="899">
				<choice>
					<orig>th'</orig>
					<reg>the</reg>
				</choice>
			</w>
			<w x="1139">empyreal</w>
			<w x="1337">heaven,</w>
			<w x="1567">extended</w>
			<w x="1702">wide</w>
		</line>
		<line c="1747" h="58" n="18">
			<w x="705">In</w>
			<w x="889">circuit,</w>
			<w x="1227">
				<choice>
					<orig>undetermin'd</orig>
					<reg>undetermined</reg>
				</choice>
			</w>
			<w x="1399">square</w>
			<w x="1468">or</w>
			<w x="1638">round,</w>
		</line>
		<line c="1817" h="57" n="19">
			<w x="775">With</w>
			<w x="892">opal</w>
			<w x="1068">towers</w>
			<w x="1165">and</w>
			<w x="1463">battlements</w>
			<w x="1661">
				<choice>
					<orig>adorn'd</orig>
					<reg>adorned</reg>
				</choice>
			</w>
		</line>
		<line c="1889" h="57" n="20">
			<w x="720">Of</w>
			<w x="864">living</w>
			<w x="1038">saphir,</w>
			<w x="1168">once</w>
			<w x="1255">his</w>
			<w x="1419">native</w>
			<w x="1561">seat;</w>
		</line>
	</div>
	<div id="6" group="5" x="636" y="2206" width="978" height="78" type="score"
		sealts="358b_1_1.078" work="pl" section="pl2" attribution="HM">
		<line c="2246" h="56" n="25">
			<w x="866">
				<choice>
					<orig>Accurs'd,</orig>
					<reg>Accursed,</reg>
				</choice>
			</w>
			<w x="973">and</w>
			<w x="1039">in</w>
			<w x="1086">a</w>
			<w x="1257">cursed</w>
			<w x="1398">hour,</w>
			<w x="1475">he</w>
			<w x="1603">hies.</w>
		</line>
	</div>
	<div id="7" group="6" x="580" y="2712" width="1428" height="296" type="annotation"
		sealts="358b_1_1.078" work="pl" section="pl2" attribution="HM">
		<line n="1" h="147" c="2820">
			<w x="818">Hints</w>
			<w x="960">this</w>
			<w x="1032">at</w>
			<w x="1216">that</w>
			<w x="1546">theological</w>
			<w x="1764">fiction</w>
			<w x="1974">ycleped</w>
		</line>
		<line n="2" h="148" c="2934">
			<w x="876">Election,</w>
			<w x="1170">otherwise</w>
			<w x="1246">a</w>
			<w x="1462">species</w>
			<w x="1560">of</w>
			<w x="1974">nepotism?</w>
		</line>
	</div>
</body>
