<body>
	<div id="2" group="1" x="602" y="470" width="914" height="150" type="score3"
		sealts="358b_1_1.184" work="pl" section="pl5" attribution="HM">
		<line c="509" h="76" n="1">
			<w x="794">Equally</w>
			<w x="929">free;</w>
			<w x="1024">for</w>
			<w x="1188">orders</w>
			<w x="1292">and</w>
			<w x="1492">degrees</w>
		</line>
		<line c="584" h="85" n="2">
			<w x="683">Jar</w>
			<w x="778">not</w>
			<w x="903">with</w>
			<w x="1091">liberty,</w>
			<w x="1191">but</w>
			<w x="1310">well</w>
			<w x="1507">consist.</w>
		</line>
	</div>
</body>
