<body>
	<div id="2" group="1" x="598" y="836" width="1154" height="1429" type="score"
		sealts="358b_1_1.314" work="pl" section="pl9" attribution="HM">
		<line c="950" h="62" n="7">
			<w x="697">Of</w>
			<w x="764">all</w>
			<w x="927">God's</w>
			<w x="1100">works,</w>
			<w x="1310">creature</w>
			<w x="1373">in</w>
			<w x="1532">whom</w>
			<w x="1732">
				<choice>
					<orig>excell'd</orig>
					<reg>excelled</reg>
				</choice>
			</w>
		</line>
		<line c="1018" h="62" n="8">
			<w x="854">Whatever</w>
			<w x="951">can</w>
			<w x="1014">to</w>
			<w x="1144">sight</w>
			<w x="1209">or</w>
			<w x="1405">thought</w>
			<w x="1475">be</w>
			<w x="1659">
				<choice>
					<orig>form'd,</orig>
				</choice>
			</w>
		</line>
		<line c="1091" h="58" n="9">
			<w x="759">Holy,</w>
			<w x="934">divine,</w>
			<w x="1078">good,</w>
			<w x="1291">amiable,</w>
			<w x="1361">or</w>
			<w x="1539">sweet!</w>
		</line>
		<line c="1158" h="53" n="10">
			<w x="744">How</w>
			<w x="826">art</w>
			<w x="946">thou</w>
			<w x="1064">lost!</w>
			<w x="1186">how</w>
			<w x="1252">on</w>
			<w x="1297">a</w>
			<w x="1476">sudden</w>
			<w x="1588">lost,</w>
		</line>
		<line c="1230" h="53" n="11">
			<w x="822">
				<choice>
					<orig>Defac'd,</orig>
					<reg>Defaced,</reg>
				</choice>
			</w>
			<w x="1101">
				<choice>
					<orig>deflower'd,</orig>
					<reg>deflowered,</reg>
				</choice>
			</w>
			<w x="1208">and</w>
			<w x="1325">now</w>
			<w x="1388">to</w>
			<w x="1535">death</w>
			<w x="1733">devote!</w>
		</line>
		<line c="1304" h="58" n="12">
			<w x="790">Rather</w>
			<w x="906">how</w>
			<w x="1020">hast</w>
			<w x="1140">thou</w>
			<w x="1325">yielded</w>
			<w x="1389">to</w>
			<w x="1637">transgress</w>
		</line>
		<line c="1372" h="52" n="13">
			<w x="725">The</w>
			<w x="862">strict</w>
			<w x="1159">forbiddance,</w>
			<w x="1280">how</w>
			<w x="1344">to</w>
			<w x="1515">violate</w>
		</line>
		<line c="1438" h="44" n="14">
			<w x="723">The</w>
			<w x="887">sacred</w>
			<w x="1005">fruit</w>
			<w x="1249">
				<choice>
					<orig>forbidd'n!</orig>
					<reg>forbidden!</reg>
				</choice>
			</w>
			<w x="1398">some</w>
			<w x="1567">cursed</w>
			<w x="1705">fraud</w>
		</line>
		<line c="1516" h="60" n="15">
			<w x="693">Of</w>
			<w x="857">enemy</w>
			<w x="977">hath</w>
			<w x="1181">
				<choice>
					<orig>beguil'd</orig>
					<reg>beguiled</reg>
				</choice>
			</w>
			<w x="1312">thee,</w>
			<w x="1411">yet</w>
			<w x="1656">unknown,</w>
		</line>
		<line c="1584" h="53" n="16">
			<w x="722">And</w>
			<w x="809">me</w>
			<w x="933">with</w>
			<w x="1049">thee</w>
			<w x="1171">hath</w>
			<w x="1338">
				<choice>
					<orig>ruin'd,</orig>
					<reg>ruined,</reg>
				</choice>
			</w>
			<w x="1423">for</w>
			<w x="1548">with</w>
			<w x="1665">thee</w>
		</line>
		<line c="1657" h="59" n="17">
			<w x="799">Certain</w>
			<w x="890">my</w>
			<w x="1134">resolution</w>
			<w x="1187">is</w>
			<w x="1252">to</w>
			<w x="1365">die:</w>
		</line>
		<line c="1730" h="62" n="18">
			<w x="742">How</w>
			<w x="841">can</w>
			<w x="878">I</w>
			<w x="980">live</w>
			<w x="1179">without</w>
			<w x="1320">thee!</w>
			<w x="1456">how</w>
			<w x="1620">forego</w>
		</line>
		<line c="1802" h="60" n="19">
			<w x="728">Thy</w>
			<w x="881">sweet</w>
			<w x="1096">converse</w>
			<w x="1197">and</w>
			<w x="1309">love</w>
			<w x="1377">so</w>
			<w x="1539">dearly</w>
			<w x="1703">
				<choice>
					<orig>join'd,</orig>
					<reg>joined,</reg>
				</choice>
			</w>
		</line>
		<line c="1872" h="58" n="20">
			<w x="697">To</w>
			<w x="797">live</w>
			<w x="939">again</w>
			<w x="1000">in</w>
			<w x="1138">these</w>
			<w x="1258">wild</w>
			<w x="1422">woods</w>
			<w x="1622">forlorn!</w>
		</line>
		<div id="3" group="1" x="604" y="1898" width="1060" height="304" type="score"
			sealts="358b_1_1.314" work="pl" section="pl9" attribution="HM">
			<line c="1941" h="55" n="21">
				<w x="786">Should</w>
				<w x="905">God</w>
				<w x="1063">create</w>
				<w x="1258">another</w>
				<w x="1383">Eve,</w>
				<w x="1485">and</w>
				<w x="1526">I</w>
			</line>
			<line c="2015" h="58" n="22">
				<w x="813">Another</w>
				<w x="892">rib</w>
				<w x="1054">afford,</w>
				<w x="1151">yet</w>
				<w x="1253">loss</w>
				<w x="1324">of</w>
				<w x="1435">thee</w>
			</line>
			<line c="2085" h="59" n="23">
				<w x="780">Would</w>
				<w x="925">never</w>
				<w x="1052">from</w>
				<w x="1143">my</w>
				<w x="1309">heart:</w>
				<w x="1399">no</w>
				<w x="1492">no!</w>
				<w x="1545">I</w>
				<w x="1652">feel</w>
			</line>
			<line c="2151" h="47" n="24">
				<w x="722">The</w>
				<w x="832">link</w>
				<w x="899">of</w>
				<w x="1058">nature</w>
				<w x="1195">draw</w>
				<w x="1307">me:</w>
				<w x="1448">flesh</w>
				<w x="1517">of</w>
				<w x="1638">flesh</w>
			</line>
			<div id="4" group="1" x="610" y="2116" width="1040" height="78" type="score"
				sealts="358b_1_1.314" work="pl" section="pl9" attribution="HM">
				<line c="2231" h="62" n="25">
					<w x="744">Bone</w>
					<w x="816">of</w>
					<w x="902">my</w>
					<w x="1028">bone</w>
					<w x="1151">thou</w>
					<w x="1246">art,</w>
					<w x="1352">and</w>
					<w x="1479">from</w>
					<w x="1575">thy</w>
					<w x="1703">state</w>
				</line>
			</div>
		</div>
		<line c="2300" h="59" n="26">
			<w x="742">Mine</w>
			<w x="889">never</w>
			<w x="1013">shall</w>
			<w x="1086">be</w>
			<w x="1266">parted,</w>
			<w x="1391">bliss</w>
			<w x="1459">or</w>
			<w x="1585">woe.</w>
		</line>
	</div>
</body>
