<body>
	<div id="2" group="1" x="546" y="841" width="1286" height="727" type="score"
		type2="circledxmark" sealts="358b_2_2.120" work="pr" section="pr3" attribution="HM">
		<line c="882" h="63" n="6">
			<w x="638">To</w>
			<w x="776">what</w>
			<w x="879">end</w>
			<w x="920">I</w>
			<w x="1050">have</w>
			<w x="1254">brought</w>
			<w x="1375">thee</w>
			<w x="1537">hither</w>
			<w x="1642">and</w>
			<w x="1819">shown</w>
		</line>
		<line c="956" h="65" n="7">
			<w x="638">All</w>
			<w x="742">this</w>
			<w x="840">fair</w>
			<w x="998">sight;</w>
			<w x="1111">thy</w>
			<w x="1351">kingdom,</w>
			<w x="1539">though</w>
			<w x="1741">foretold</w>
		</line>
		<line c="1020" h="74" n="8">
			<w x="638">By</w>
			<w x="837">prophet</w>
			<w x="903">or</w>
			<w x="980">by</w>
			<w x="1141">angel,</w>
			<w x="1307">unless</w>
			<w x="1435">thou</w>
		</line>
		<line c="1096" h="61" n="9">
			<w x="836">
				<choice>
					<orig>Endeavour,</orig>
					<reg>Endeavor,</reg>
				</choice>
			</w>
			<w x="905">as</w>
			<w x="1005">thy</w>
			<w x="1164">father</w>
			<w x="1328">David</w>
			<w x="1435">did,</w>
		</line>
		<line c="1168" h="61" n="10">
			<w x="694">Thou</w>
			<w x="844">never</w>
			<w x="976">shalt</w>
			<w x="1171">obtain;</w>
			<w x="1442">prediction</w>
			<w x="1549">still</w>
		</line>
		<line c="1240" h="62" n="11">
			<w x="614">In</w>
			<w x="689">all</w>
			<w x="868">things,</w>
			<w x="975">and</w>
			<w x="1052">all</w>
			<w x="1187">men,</w>
			<w x="1417">supposes</w>
			<w x="1609">means;</w>
		</line>
		<line c="1311" h="64" n="12">
			<w x="758">Without</w>
			<w x="926">means</w>
			<w x="1055">
				<choice>
					<orig>us'd,</orig>
					<reg>used,</reg>
				</choice>
			</w>
			<w x="1197">what</w>
			<w x="1253">it</w>
			<w x="1459">predicts</w>
			<w x="1692">revokes.</w>
		</line>
		<line c="1382" h="62" n="13">
			<w x="649">But</w>
			<w x="747">say</w>
			<w x="867">thou</w>
			<w x="998">
				<choice>
					<orig>wert</orig>
					<reg>were</reg>
				</choice>
			</w>
			<w x="1231">
				<choice>
					<orig>possess'd</orig>
					<reg>possessed.</reg>
				</choice>
			</w>
			<w x="1302">of</w>
			<w x="1508">David's</w>
			<w x="1681">throne</w>
		</line>
		<line c="1454" h="66" n="14">
			<w x="628">By</w>
			<w x="736">free</w>
			<w x="938">consent</w>
			<w x="1008">of</w>
			<w x="1102">all,</w>
			<w x="1237">none</w>
			<w x="1467">opposite,</w>
		</line>
		<line c="1528" h="66" n="15">
			<w x="800">Samaritan</w>
			<w x="867">or</w>
			<w x="1011">Jew;</w>
			<w x="1145">how</w>
			<w x="1344">
				<choice>
					<orig>could'st</orig>
					<reg>could have</reg>
				</choice>
			</w>
			<w x="1471">thou</w>
			<w x="1602">hope</w>
		</line>
	</div>
	<div id="3" group="2" x="118" y="2596" width="118" height="128" type="annotation" type2="circledxmark"
		sealts="358b_2_2.120" work="pr" section="pr3" attribution="HM"/>
</body>
