<body>
	<div id="2" group="1" x="296" y="1058" width="1076" height="236" type="score"
		sealts="358b_1_1.179" work="pl" section="pl5" attribution="HM">
		<line c="1108" h="64" n="9">
			<w x="559">Friendliest</w>
			<w x="622">to</w>
			<w x="759">sleep</w>
			<w x="862">and</w>
			<w x="1051">silence,</w>
			<w x="1126">he</w>
			<w x="1326">
				<choice>
					<orig>resolv'd</orig>
					<reg>resolved</reg>
				</choice>
			</w>
		</line>
		<line c="1180" h="65" n="10">
			<w x="424">With</w>
			<w x="498">all</w>
			<w x="584">his</w>
			<w x="765">legions</w>
			<w x="830">to</w>
			<w x="1053">dislodge,</w>
			<w x="1159">and</w>
			<w x="1298">leave</w>
		</line>
		<line c="1252" h="67" n="11">
			<w x="618">
				<choice>
					<orig>Unworship'd,</orig>
					<reg>Unworshipped,</reg>
				</choice>
			</w>
			<w x="865">
				<choice>
					<orig>unobey'd,</orig>
					<reg>unobeyed,</reg>
				</choice>
			</w>
			<w x="960">the</w>
			<w x="1131">throne</w>
			<w x="1359">supreme,</w>
		</line>
	</div>
	<div id="3" group="2" x="294" y="1356" width="1281" height="295" type="score"
		sealts="358b_1_1.179" work="pl" section="pl5" attribution="HM">
		<line c="1396" h="65" n="13">
			<w x="573">
				<choice>
					<orig>Awak'ning,</orig>
					<reg>Awakening,</reg>
				</choice>
			</w>
			<w x="697">thus</w>
			<w x="762">to</w>
			<w x="869">him</w>
			<w x="932">in</w>
			<w x="1089">secret</w>
			<w x="1253">spake.</w>
		</line>
		<line c="1469" h="65" n="14">
			<w x="551">Sleep'st</w>
			<w x="679">thou,</w>
			<w x="941">companion</w>
			<w x="1072">dear,</w>
			<w x="1202">what</w>
			<w x="1330">sleep</w>
			<w x="1424">can</w>
			<w x="1557">close</w>
		</line>
		<line c="1537" h="60" n="15">
			<w x="405">Thy</w>
			<w x="584">eyelids?</w>
			<w x="738">and</w>
			<w x="1047">remember'st</w>
			<w x="1183">what</w>
			<w x="1352">decree</w>
		</line>
		<line c="1613" h="66" n="16">
			<w x="372">Of</w>
			<w x="626">yesterday</w>
			<w x="696">so</w>
			<w x="803">late</w>
			<w x="930">hath</w>
			<w x="1048">past</w>
			<w x="1142">the</w>
			<w x="1245">lips</w>
		</line>
	</div>
</body>
