<body>
	<div id="2" group="1" x="260" y="1790" width="1118" height="94" type="checkmark"
		sealts="358b_2_2.275" work="lyc" attribution="HM">
		<line c="1838" h="69" n="19">
			<w x="391">That</w>
			<w x="545">blows</w>
			<w x="671">from</w>
			<w x="759">off</w>
			<w x="876">each</w>
			<div id="3" group="2" x="888" y="1798" width="464" height="78" type="underline"
				sealts="358b_2_2.275" work="lyc" attribution="HM">
				<w x="1080">beaked</w>
				<w x="1378">promontory:</w>
			</div>
		</line>
	</div>
</body>
