<body>
	<div id="2" group="1" x="278" y="1142" width="876" height="932" type="score"
		sealts="358b_2_2.265" work="com" attribution="HM">
		<line c="1179" h="60" n="8">
			<w x="425">
				<choice>
					<orig>SP.</orig>
					<reg>Spirit</reg>
				</choice>
			</w>
			<w x="618">Virgin,</w>
			<w x="849">daughter</w>
			<w x="919">of</w>
			<w x="1115">Locrine</w>
		</line>
		<line c="1250" h="58" n="9">
			<w x="461">Sprung</w>
			<w x="530">of</w>
			<w x="613">old</w>
			<w x="859">Anchises'</w>
			<w x="978">line,</w>
		</line>
		<line c="1321" h="59" n="10">
			<w x="396">May</w>
			<w x="492">thy</w>
			<w x="714">brimmed</w>
			<w x="879">waves</w>
			<w x="964">for</w>
			<w x="1066">this</w>
		</line>
		<line c="1390" h="51" n="11">
			<w x="424">Their</w>
			<w x="519">full</w>
			<w x="694">tribute</w>
			<w x="843">never</w>
			<w x="963">miss</w>
		</line>
		<line c="1467" h="62" n="12">
			<w x="418">From</w>
			<w x="464">a</w>
			<w x="690">thousand</w>
			<w x="832">petty</w>
			<w x="951">rills,</w>
		</line>
		<line c="1540" h="62" n="13">
			<w x="410">That</w>
			<w x="590">tumble</w>
			<w x="739">down</w>
			<w x="830">the</w>
			<w x="1002">snowy</w>
			<w x="1142">hills:</w>
		</line>
		<line c="1610" h="61" n="14">
			<w x="490">Summer</w>
			<w x="676">drouth,</w>
			<w x="746">or</w>
			<w x="914">singed</w>
			<w x="994">air</w>
		</line>
		<line c="1682" h="60" n="15">
			<w x="432">Never</w>
			<w x="600">scorch</w>
			<w x="697">thy</w>
			<w x="872">tresses</w>
			<w x="983">fair,</w>
		</line>
		<line c="1749" h="51" n="16">
			<w x="380">Nor</w>
			<w x="488">Wet</w>
			<w x="733">October's</w>
			<w x="914">torrent</w>
			<w x="1046">flood</w>
		</line>
		<line c="1827" h="61" n="17">
			<w x="392">Thy</w>
			<w x="572">molten</w>
			<w x="746">crystal</w>
			<w x="828">fill</w>
			<w x="955">with</w>
			<w x="1100">mud;</w>
		</line>
		<line c="1899" h="60" n="18">
			<w x="395">May</w>
			<w x="492">thy</w>
			<w x="677">billows</w>
			<w x="775">roll</w>
			<w x="943">ashore</w>
		</line>
		<line c="1973" h="62" n="19">
			<w x="386">The</w>
			<w x="540">beryl,</w>
			<w x="645">and</w>
			<w x="737">the</w>
			<w x="914">golden</w>
			<w x="1033">ore;</w>
		</line>
		<line c="2043" h="61" n="20">
			<w x="396">May</w>
			<w x="493">thy</w>
			<w x="621">lofty</w>
			<w x="750">head</w>
			<w x="824">be</w>
			<w x="1033">
				<choice>
					<orig>crown'd</orig>
					<reg>crowned</reg>
				</choice>
			</w>
		</line>
	</div>
</body>
