<body>
	<div id="2" group="1" x="256" y="1084" width="1254" height="576" type="wavyscore"
		sealts="358b_2_2.179" work="samag" attribution="HM">
		<line c="1126" h="57" n="9">
			<w x="379">That</w>
			<w x="520">these</w>
			<w x="646">dark</w>
			<w x="761">orbs</w>
			<w x="837">no</w>
			<w x="973">more</w>
			<w x="1100">shall</w>
			<w x="1234">treat</w>
			<w x="1360">with</w>
			<w x="1502">light,</w>
		</line>
		<line c="1202" h="58" n="10">
			<w x="352">Nor</w>
			<w x="433">
				<choice>
					<orig>th'</orig>
					<reg>the</reg>
				</choice>
			</w>
			<w x="577">other</w>
			<w x="704">light</w>
			<w x="775">of</w>
			<w x="863">life</w>
			<w x="1087">continue</w>
			<w x="1222">long,</w>
		</line>
		<line c="1274" h="59" n="11">
			<w x="351">But</w>
			<w x="484">yield</w>
			<w x="550">to</w>
			<w x="723">double</w>
			<w x="950">darkness</w>
			<w x="1072">nigh</w>
			<w x="1137">at</w>
			<w x="1269">hand</w>
		</line>
		<line c="1347" h="59" n="12">
			<w x="323">So</w>
			<w x="472">much</w>
			<w x="511">I</w>
			<w x="618">feel</w>
			<w x="711">my</w>
			<w x="871">genial</w>
			<w x="1030">spirits</w>
			<w x="1201">droop;</w>
		</line>
		<line c="1420" h="59" n="13">
			<w x="341">My</w>
			<w x="492">hopes</w>
			<w x="569">all</w>
			<w x="677">flat,</w>
			<w x="846">nature</w>
			<w x="1020">within</w>
			<w x="1109">me</w>
			<w x="1270">seems</w>
		</line>
		<line c="1492" h="59" n="14">
			<w x="312">In</w>
			<w x="387">all</w>
			<w x="483">her</w>
			<w x="716">functions</w>
			<w x="881">weary</w>
			<w x="951">of</w>
			<w x="1134">herself,</w>
		</line>
		<line c="1564" h="59" n="15">
			<w x="341">My</w>
			<w x="457">race</w>
			<w x="528">of</w>
			<w x="662">glory</w>
			<w x="773">run,</w>
			<w x="879">and</w>
			<w x="995">race</w>
			<w x="1066">of</w>
			<w x="1242">shame,</w>
		</line>
		<line c="1636" h="58" n="16">
			<w x="359">And</w>
			<w x="398">I</w>
			<w x="527">shall</w>
			<w x="709">shortly</w>
			<w x="782">be</w>
			<w x="911">with</w>
			<w x="1050">them</w>
			<w x="1165">that</w>
			<w x="1283">rest.</w>
		</line>
	</div>
</body>
