<body>
	<div id="2" group="1" x="284" y="478" width="1266" height="796" type="score"
		sealts="358b_2_2.061" work="pl" section="pl12" attribution="HM">
		<line c="527" h="60" n="1">
			<w x="363">Of</w>
			<w x="585">wisdom;</w>
			<w x="718">hope</w>
			<w x="796">no</w>
			<w x="980">higher,</w>
			<w x="1161">though</w>
			<w x="1237">all</w>
			<w x="1333">the</w>
			<w x="1461">stars</w>
		</line>
		<line c="599" h="60" n="2">
			<w x="426">Thou</w>
			<w x="658">
				<choice>
					<orig>knew'st</orig>
					<reg>knew</reg>
				</choice>
			</w>
			<w x="754">by</w>
			<w x="948">name,</w>
			<w x="1075">and</w>
			<w x="1186">all</w>
			<w x="1303">
				<choice>
					<orig>th'</orig>
					<reg>the</reg>
				</choice>
			</w>
			<w x="1541">ethereal</w>
		</line>
		<line c="679" h="42" n="3">
			<w x="595">powers,</w>
		</line>
		<line c="742" h="58" n="4">
			<w x="367">All</w>
			<w x="547">secrets</w>
			<w x="618">of</w>
			<w x="716">the</w>
			<w x="861">deep,</w>
			<w x="940">all</w>
			<w x="1149">nature's</w>
			<w x="1328">works,</w>
		</line>
		<line c="811" h="52" n="5">
			<w x="360">Or</w>
			<w x="523">works</w>
			<w x="594">of</w>
			<w x="719">God</w>
			<w x="784">in</w>
			<w x="977">heaven,</w>
			<w x="1068">air,</w>
			<w x="1227">earth,</w>
			<w x="1297">or</w>
			<w x="1403">sea,</w>
		</line>
		<line c="884" h="56" n="6">
			<w x="394">And</w>
			<w x="471">all</w>
			<w x="566">the</w>
			<w x="726">riches</w>
			<w x="796">of</w>
			<w x="906">this</w>
			<w x="1062">world</w>
			<w x="1310">
				<choice>
					<orig>enjoy'dst</orig>
					<reg>enjoyed</reg>
				</choice>
			</w>
		</line>
		<line c="956" h="56" n="7">
			<w x="396">And</w>
			<w x="472">all</w>
			<w x="568">the</w>
			<w x="693">rule,</w>
			<w x="797">one</w>
			<w x="1007">empire;</w>
			<w x="1141">only</w>
			<w x="1245">add</w>
		</line>
		<line c="1026" h="59" n="8">
			<w x="446">Deeds</w>
			<w x="513">to</w>
			<w x="612">thy</w>
			<w x="891">knowledge</w>
			<w x="1191">answerable,</w>
			<w x="1298">add</w>
			<w x="1441">faith,</w>
		</line>
		<line c="1098" h="58" n="9">
			<w x="396">Add</w>
			<w x="567">virtue,</w>
			<w x="801">patience,</w>
			<w x="1111">temperance,</w>
			<w x="1217">add</w>
			<w x="1347">love,</w>
		</line>
		<line c="1170" h="59" n="10">
			<w x="368">By</w>
			<w x="514">name</w>
			<w x="582">to</w>
			<w x="724">come</w>
			<w x="872">
				<choice>
					<orig>call'd</orig>
					<reg>called</reg>
				</choice>
			</w>
			<w x="1073">charity,</w>
			<w x="1170">the</w>
			<w x="1285">soul</w>
		</line>
		<line c="1238" h="53" n="11">
			<w x="365">Of</w>
			<w x="445">all</w>
			<w x="539">the</w>
			<w x="674">rest;</w>
			<w x="812">then</w>
			<w x="928">wilt</w>
			<w x="1052">thou</w>
			<w x="1150">not</w>
			<w x="1222">be</w>
			<w x="1361">loath</w>
		</line>
	</div>
</body>
