<body>
	<div id="2" group="1" x="598" y="1457" width="1285" height="121" type="score"
		sealts="358b_1_b88" mode="commentary" section="life" attribution="HM">
		<line c="1490" h="52" n="17">
			<w x="678">
				<choice>
					<orig>till</orig>
					<reg>until</reg>
				</choice>
			</w>
			<w x="817">eight;</w>
			<w x="913">and</w>
			<w x="1062">supped</w>
			<w x="1172">upon</w>
			<w x="1314">olives,</w>
			<w x="1380">or</w>
			<w x="1504">some</w>
			<w x="1612">light</w>
			<w x="1732">thing;</w>
			<w x="1870">and</w>
		</line>
		<line c="1549" h="50" n="18">
			<w x="712">after</w>
			<w x="751">a</w>
			<w x="846">pipe</w>
			<w x="901">of</w>
			<w x="1069">tobacco,</w>
			<w x="1157">and</w>
			<w x="1192">a</w>
			<w x="1294">glass</w>
			<w x="1345">of</w>
			<w x="1472">water,</w>
			<w x="1581">went</w>
			<w x="1629">to</w>
			<w x="1720">bed.</w>
			<w x="1872">That</w>
		</line>
	</div>
</body>
