<body>
	<div id="2" group="1" x="291" y="414" width="1235" height="2273" type="score"
		sealts="358b_2_2.291" work="lalle" attribution="HM">
		<line c="662" h="65" n="1">
			<w x="439">And</w>
			<w x="585">every</w>
			<w x="809">shepherd</w>
			<w x="926">tells</w>
			<w x="1009">his</w>
			<w x="1116">tale</w>
		</line>
		<line c="729" h="61" n="2">
			<w x="487">Under</w>
			<w x="577">the</w>
			<w x="817">hawthorn</w>
			<w x="880">in</w>
			<w x="973">the</w>
			<w x="1103">dale.</w>
		</line>
		<line c="810" h="79" n="3">
			<w x="528">Straight</w>
			<w x="657">mine</w>
			<w x="756">eye</w>
			<w x="879">hath</w>
			<w x="1053">caught</w>
			<w x="1171">new</w>
			<w x="1405">pleasures</w>
		</line>
		<line c="879" h="76" n="4">
			<w x="494">Whilst</w>
			<w x="584">the</w>
			<w x="825">landscape</w>
			<w x="979">round</w>
			<w x="1035">it</w>
			<w x="1294">measures;</w>
		</line>
		<line c="950" h="75" n="5">
			<w x="493">Russet</w>
			<w x="661">lawns,</w>
			<w x="765">and</w>
			<w x="948">fallows</w>
			<w x="1088">gray,</w>
		</line>
		<line c="1022" h="76" n="6">
			<w x="489">Where</w>
			<w x="582">the</w>
			<w x="790">nibbling</w>
			<w x="942">flocks</w>
			<w x="1016">do</w>
			<w x="1162">stray,</w>
		</line>
		<line c="1086" h="62" n="7">
			<w x="587">Mountains,</w>
			<w x="665">on</w>
			<w x="828">Whose</w>
			<w x="998">barren</w>
			<w x="1158">breast</w>
		</line>
	</div>
</body>
