<body>
	<div id="2" group="1" x="300" y="474" width="1108" height="304" type="score"
		sealts="358b_2_2.089" work="pr" section="pr2" attribution="HM">
		<line c="528" h="66" n="1">
			<w x="457">"Hail,</w>
			<w x="611">highly</w>
			<w x="833">
				<choice>
					<orig>favour'd,</orig>
					<reg>favoured,</reg>
				</choice>
				<choice>
					<orig>favour'd,</orig>
					<reg>favored,</reg>
				</choice>
			</w>
			<w x="1013">among</w>
			<w x="1204">women</w>
			<w x="1392">
				<choice>
					<orig>blest!</orig>
					<reg>blessed!</reg>
				</choice>
			</w>
		</line>
		<line c="595" h="52" n="2">
			<w x="460">While</w>
			<w x="501">I</w>
			<w x="569">to</w>
			<w x="772">sorrows</w>
			<w x="863">am</w>
			<w x="940">no</w>
			<w x="1047">less</w>
			<w x="1292">
				<choice>
					<orig>advanc'd,</orig>
					<reg>advanced,</reg>
				</choice>
			</w>
		</line>
		<line c="669" h="54" n="3">
			<w x="417">And</w>
			<w x="548">fears</w>
			<w x="615">as</w>
			<w x="842">eminent,</w>
			<w x="999">above</w>
			<w x="1096">the</w>
			<w x="1181">lot</w>
		</line>
		<line c="740" h="67" n="4">
			<w x="384">Of</w>
			<w x="531">other</w>
			<w x="736">women,</w>
			<w x="817">by</w>
			<w x="911">the</w>
			<w x="1048">birth</w>
			<w x="1087">I</w>
			<w x="1232">bore;</w>
		</line>
	</div>
	<div id="3" group="2" x="306" y="1346" width="1126" height="140" type="checkmark"
		sealts="358b_2_2.089" work="pr" section="pr2" attribution="HM">
		<line c="1387" h="60" n="13">
			<w x="440">Hath</w>
			<w x="572">been</w>
			<w x="670">our</w>
			<w x="896">dwelling</w>
			<w x="1046">many</w>
			<w x="1216">years;</w>
			<w x="1316">his</w>
			<w x="1411">life</w>
		</line>
		<line c="1458" h="57" n="14">
			<w x="504">Private,</w>
			<w x="739">unactive,</w>
			<w x="887">calm,</w>
			<w x="1256">contemplative,</w>
		</line>
	</div>
</body>
