<body>
    <div id="2" group="1" x="600" y="1428" width="1043" height="362" type="score"
        sealts="358b_1_1.336" work="pl" section="pl10" attribution="HM">
        <line c="1473" h="57" n="14">
            <w x="678">Or</w>
            <w x="933">sympathy,</w>
            <w x="1003">or</w>
            <w x="1138">some</w>
            <w x="1400">connatural</w>
            <w x="1555">force,</w>
        </line>
        <line c="1545" h="58" n="15">
            <w x="826">Powerful</w>
            <w x="892">at</w>
            <w x="1097">greatest</w>
            <w x="1302">distance</w>
            <w x="1369">to</w>
            <w x="1504">unite</w>
        </line>
        <line c="1615" h="61" n="16">
            <w x="730">With</w>
            <w x="887">secret</w>
            <w x="1037">amity</w>
            <w x="1196">things</w>
            <w x="1266">of</w>
            <w x="1365">like</w>
            <w x="1483">kind</w>
        </line>
        <line c="1687" h="60" n="17">
            <w x="680">By</w>
            <w x="902">secretest</w>
            <w x="1200">conveyance.</w>
            <w x="1391">Thou</w>
            <w x="1484">my</w>
            <w x="1632">shade</w>
        </line>
        <line c="1758" h="59" n="18">
            <w x="876">Inseparable</w>
            <w x="1011">must</w>
            <w x="1136">with</w>
            <w x="1223">me</w>
            <w x="1392">along;</w>
        </line>
    </div>
</body>
