<body>
	<div id="2" group="1" x="286" y="628" width="1062" height="82" type="underline"
		type2="annotated" sealts="358b_2_2.169" work="samag" attribution="HM">
		<line c="678" h="61" n="3">
			<w x="426">Who</w>
			<w x="570">made</w>
			<w x="664">our</w>
			<w x="792">laws</w>
			<w x="856">to</w>
			<w x="976">bind</w>
			<w x="1064">us,</w>
			<w x="1154">not</w>
			<w x="1346">himself,</w>
		</line>
	</div>
	<div id="3" group="2" x="1506" y="536" width="493" height="266" type="annotation"
		sealts="358b_2_2.169" work="samag" attribution="HM">
		<line n="1" h="88" c="580">
			<w x="1694">noble</w>
			<w x="1960">rhetoric</w>
		</line>
		<line n="2" h="88" c="668">
			<w x="1764">but</w>
		</line>
		<line n="3" h="88" c="756">
			<w x="1694">vile</w>
			<w x="1992">reasoning.</w>
		</line>
	</div>
</body>
