<body>
	<div id="2" group="1" x="589" y="588" width="1281" height="932" type="score" type2="annotated"
		erasure="true" sealts="358b_1_1.006" work="pl" section="pl1" attribution="HM">
		<line c="635" h="59" n="2">
			<w x="687">His</w>
			<w x="866">utmost</w>
			<w x="1026">power</w>
			<w x="1151">with</w>
			<w x="1343">adverse</w>
			<w x="1507">power</w>
			<w x="1697">
				<choice>
					<orig>oppos'd</orig>
					<reg>opposed</reg>
				</choice>
			</w>
		</line>
		<line c="705" h="57" n="3">
			<w x="654">In</w>
			<w x="848">dubious</w>
			<w x="996">battle</w>
			<w x="1073">on</w>
			<w x="1164">the</w>
			<w x="1319">plains</w>
			<w x="1389">of</w>
			<w x="1582">heaven,</w>
		</line>
		<line c="777" h="59" n="4">
			<w x="700">And</w>
			<w x="852">shook</w>
			<w x="933">his</w>
			<w x="1106">throne.</w>
			<w x="1270">What</w>
			<w x="1449">though</w>
			<w x="1535">the</w>
			<w x="1649">field</w>
			<w x="1718">be</w>
			<w x="1847">lost?</w>
		</line>
		<line c="848" h="57" n="5">
			<w x="672">All</w>
			<w x="727">is</w>
			<w x="820">not</w>
			<w x="946">lost;</w>
			<w x="1037">
				<choice>
					<orig>th'</orig>
					<reg>the</reg>
				</choice>
			</w>
			<w x="1393">unconquerable</w>
			<w x="1515">will,</w>
		</line>
		<line c="919" h="57" n="6">
			<w x="697">And</w>
			<w x="843">study</w>
			<w x="911">of</w>
			<w x="1116">revenge,</w>
			<w x="1345">immortal</w>
			<w x="1465">hate</w>
		</line>
		<line c="992" h="58" n="7">
			<w x="695">And</w>
			<w x="893">courage</w>
			<w x="1039">never</w>
			<w x="1103">to</w>
			<w x="1280">submit</w>
			<w x="1344">or</w>
			<w x="1489">yield,</w>
		</line>
		<line c="1060" h="54" n="8">
			<w x="694">And</w>
			<w x="829">what</w>
			<w x="885">is</w>
			<w x="991">else</w>
			<w x="1088">not</w>
			<w x="1151">to</w>
			<w x="1223">be</w>
			<w x="1491">overcome;</w>
		</line>
		<line c="1133" h="60" n="9">
			<w x="713">That</w>
			<w x="852">glory</w>
			<w x="998">never</w>
			<w x="1128">shall</w>
			<w x="1212">his</w>
			<w x="1369">wrath</w>
			<w x="1434">or</w>
			<w x="1588">might</w>
		</line>
		<line c="1204" h="60" n="10">
			<w x="751">Extort</w>
			<w x="877">from</w>
			<w x="990">me:</w>
			<w x="1069">to</w>
			<w x="1186">bow</w>
			<w x="1288">and</w>
			<w x="1382">sue</w>
			<w x="1467">for</w>
			<w x="1610">grace</w>
		</line>
		<line c="1275" h="60" n="11">
			<w x="716">With</w>
			<w x="943">suppliant</w>
			<w x="1086">knee,</w>
			<w x="1193">and</w>
			<w x="1327">deify</w>
			<w x="1410">his</w>
			<w x="1586">power,</w>
		</line>
		<line c="1339" h="44" n="12">
			<w x="709">Who</w>
			<w x="835">from</w>
			<w x="926">the</w>
			<w x="1077">terror</w>
			<w x="1145">of</w>
			<w x="1241">this</w>
			<w x="1348">arm</w>
			<w x="1415">so</w>
			<w x="1520">late</w>
		</line>
		<line c="1416" h="57" n="13">
			<w x="798">Doubted</w>
			<w x="880">his</w>
			<w x="1075">empire,</w>
			<w x="1191">that</w>
			<w x="1324">were</w>
			<w x="1430">low</w>
			<w x="1614">indeed,</w>
		</line>
		<line c="1486" h="57" n="14">
			<w x="711">That</w>
			<w x="843">were</w>
			<w x="917">an</w>
			<w x="1150">ignominy</w>
			<w x="1252">and</w>
			<w x="1415">shame</w>
			<w x="1619">beneath</w>
		</line>
	</div>
	<div id="3" group="2" x="140" y="630" width="388" height="728" type="annotation" erasure="true"
		sealts="358b_1_1.006" work="pl" section="pl1" attribution="HM">
		<line n="1" h="104" c="682">
			<w x="288">All</w>
			<w x="526">these</w>
		</line>
		<line n="2" h="104" c="786">
			<edit x="522">two undecipherd words</edit>
		</line>
		<line n="3" h="104" c="890">
			<edit x="520">two undecipherd words</edit>
		</line>
		<line n="4" h="104" c="994">
			<edit x="522">two undecipherd words</edit>
		</line>
		<line n="5" h="104" c="1098">
			<edit x="524">two undecipherd words</edit>
		</line>
		<line n="6" h="104" c="1202">
			<w x="248">&amp;</w>
			<w x="474">speak</w>
		</line>
		<line n="7" h="104" c="1306">
			<w x="258">one</w>
			<w x="512">language.</w>
		</line>
	</div>
</body>
