<body>
	<div id="2" group="1" x="606" y="502" width="1240" height="636" type="score"
		sealts="358b_1_1.164" work="pl" section="pl5" attribution="HM">
		<line c="544" h="62" n="1">
			<w x="664">A</w>
			<w x="837">seraph</w>
			<w x="1043">
				<choice>
					<orig>wing'd:</orig>
					<reg>winged:</reg>
				</choice>
			</w>
			<w x="1143">six</w>
			<w x="1302">wings</w>
			<w x="1372">he</w>
			<w x="1525">wore,</w>
			<w x="1594">to</w>
			<w x="1747">shade</w>
		</line>
		<line c="613" h="57" n="2">
			<w x="709">His</w>
			<w x="982">lineaments</w>
			<w x="1171">divine;</w>
			<w x="1279">the</w>
			<w x="1390">pair</w>
			<w x="1506">that</w>
			<w x="1621">clad</w>
		</line>
		<line c="685" h="58" n="3">
			<w x="747">Each</w>
			<w x="964">shoulder</w>
			<w x="1108">broad</w>
			<w x="1250">came</w>
			<w x="1481">mantling</w>
			<w x="1591">
				<choice>
					<orig>o'er</orig>
					<reg>over</reg>
				</choice>
			</w>
			<w x="1677">his</w>
			<w x="1841">breast</w>
		</line>
		<line c="758" h="60" n="4">
			<w x="743">With</w>
			<w x="878">regal</w>
			<w x="1147">ornament;</w>
			<w x="1258">the</w>
			<w x="1439">middle</w>
			<w x="1551">pair</w>
		</line>
		<line c="828" h="59" n="5">
			<w x="723">Girt</w>
			<w x="828">like</w>
			<w x="877">a</w>
			<w x="1033">starry</w>
			<w x="1162">zone</w>
			<w x="1250">his</w>
			<w x="1410">waist,</w>
			<w x="1518">and</w>
			<w x="1674">round</w>
		</line>
		<line c="899" h="59" n="6">
			<w x="797">Skirted</w>
			<w x="883">his</w>
			<w x="1011">loins</w>
			<w x="1115">and</w>
			<w x="1279">thighs</w>
			<w x="1407">with</w>
			<w x="1587">downy</w>
			<w x="1708">gold</w>
		</line>
		<line c="972" h="62" n="7">
			<div id="3" group="1" x="616" y="932" width="706" height="70" type="underline"
				sealts="358b_1_1.164" work="pl" section="pl5" attribution="HM">
				<w x="736">And</w>
				<w x="926">
					<choice>
						<orig>colours</orig>
						<reg>colors</reg>
					</choice>
				</w>
				<w x="1092">
					<choice>
						<orig>dipp'd</orig>
						<reg>dipped</reg>
					</choice>
				</w>
				<w x="1152">in</w>
				<w x="1314">heaven</w>
			</div>
			<w x="1437">the</w>
			<w x="1580">third</w>
			<w x="1667">his</w>
			<w x="1778">feet</w>
		</line>
		<line c="1029" h="53" n="8">
			<w x="876">
				<choice>
					<orig>Shadow'd</orig>
					<reg>Shawdowed</reg>
				</choice>
			</w>
			<w x="981">from</w>
			<w x="1135">either</w>
			<w x="1252">heel</w>
			<w x="1380">with</w>
			<w x="1611">
				<choice>
					<orig>feather'd</orig>
					<reg>feathered</reg>
				</choice>
			</w>
			<w x="1734">mail</w>
		</line>
		<line c="1108" h="52" n="9">
			<w x="936">
				<choice>
					<orig>Sky-tinctur'd</orig>
					<reg>Sky-tinctured</reg>
					<reg>Skytinctured</reg>
					<reg>Sky</reg>
					<reg>tinctured</reg>
				</choice>
			</w>
			<w x="1091">grain.</w>
			<w x="1269">Like</w>
			<w x="1447">Maia's</w>
			<w x="1547">son</w>
			<w x="1622">he</w>
			<w x="1786">stood,</w>
		</line>
	</div>
</body>
