<body>
    <div id="2" group="1" x="617" y="486" width="1259" height="637" type="score"
        sealts="358b_1_1.296" work="pl" section="pl9" attribution="HM">
        <line n="1" h="70" c="529">
            <div id="3" group="1" x="624" y="488" width="346" height="86" type="underline"
                sealts="358b_1_1.296" work="pl" section="pl9" attribution="HM">
                <w x="850">Stupidly</w>
                <w x="968">good,</w>
            </div>
            <w x="1067">of</w>
            <w x="1251">enmity</w>
            <w x="1473">
                <choice>
                    <orig>disarm'd,</orig>
                    <reg>disarmed,</reg>
                </choice>
            </w>
        </line>
        <line n="2" h="69" c="595">
            <w x="715">Of</w>
            <w x="864">guile,</w>
            <w x="940">of</w>
            <w x="1067">hate,</w>
            <w x="1141">of</w>
            <w x="1290">envy,</w>
            <w x="1363">of</w>
            <w x="1600">revenge;</w>
        </line>
        <line n="3" h="69" c="664">
            <w x="730">But</w>
            <w x="818">the</w>
            <w x="919">hot</w>
            <w x="1027">Hell</w>
            <w x="1134">that</w>
            <w x="1318">always</w>
            <w x="1381">in</w>
            <w x="1498">him</w>
            <w x="1649">burns,</w>
        </line>
        <line n="4" h="70" c="739">
            <w x="833">Though</w>
            <w x="894">in</w>
            <w x="996">mid</w>
            <w x="1188">Heaven,</w>
            <w x="1312">soon</w>
            <w x="1473">ended</w>
            <w x="1560">his</w>
            <w x="1764">delight,</w>
        </line>
        <line n="5" h="69" c="807">
            <w x="736">And</w>
            <w x="940">tortures</w>
            <w x="1044">him</w>
            <w x="1170">now</w>
            <w x="1325">more,</w>
            <w x="1422">the</w>
            <w x="1558">more</w>
            <w x="1631">he</w>
            <w x="1748">sees</w>
        </line>
        <line n="6" h="70" c="879">
            <w x="708">Of</w>
            <w x="911">pleasure</w>
            <w x="1012">not</w>
            <w x="1093">for</w>
            <w x="1200">him</w>
            <w x="1450">ordain'd:</w>
            <w x="1578">then</w>
            <w x="1703">soon</w>
        </line>
        <line n="7" h="69" c="943">
            <w x="790">Fierce</w>
            <w x="915">hate</w>
            <w x="980">he</w>
            <w x="1234">recollects,</w>
            <w x="1346">and</w>
            <w x="1430">all</w>
            <w x="1507">his</w>
            <w x="1731">thoughts</w>
        </line>
        <line n="8" h="69" c="1022">
            <w x="708">Of</w>
            <w x="942">mischief,</w>
            <w x="1230">gratulating,</w>
            <w x="1353">thus</w>
            <w x="1542">excites.</w>
        </line>
        <line n="9" h="70" c="1085">
            <w x="935">Thoughts,</w>
            <w x="1147">whither</w>
            <w x="1279">have</w>
            <w x="1366">ye</w>
            <w x="1468">led</w>
            <w x="1601">me!</w>
            <w x="1744">with</w>
            <w x="1871">what</w>
        </line>
    </div>
</body>
