<body>
	<div id="2" group="1" x="578" y="937" width="1212" height="728" type="score"
		sealts="358b_2_2.010" work="pl" section="pl11" attribution="HM">
		<line c="980" h="62" n="7">
			<w x="842">
				<choice>
					<orig>Subscrib'd</orig>
					<reg>Subscribed</reg>
				</choice>
			</w>
			<w x="965">not;</w>
			<w x="1147">nature</w>
			<w x="1261">first</w>
			<w x="1387">gave</w>
			<w x="1539">signs,</w>
			<w x="1784">
				<choice>
					<orig>impress'd</orig>
					<reg>impressed</reg>
				</choice>
			</w>
		</line>
		<line c="1049" h="65" n="8">
			<w x="669">On</w>
			<w x="794">bird,</w>
			<w x="951">beast,</w>
			<w x="1049">air,</w>
			<w x="1133">air</w>
			<w x="1363">suddenly</w>
			<w x="1561">
				<choice>
					<orig>eclips'd</orig>
					<reg>eclipsed</reg>
				</choice>
			</w>
		</line>
		<line c="1123" h="59" n="9">
			<w x="719">After</w>
			<w x="857">short</w>
			<w x="1000">blush</w>
			<w x="1070">of</w>
			<w x="1244">morn:</w>
			<w x="1381">nigh</w>
			<w x="1445">in</w>
			<w x="1541">her</w>
			<w x="1677">sight</w>
		</line>
		<line c="1197" h="58" n="10">
			<w x="693">The</w>
			<w x="807">bird</w>
			<w x="878">of</w>
			<w x="1024">Jove,</w>
			<w x="1214">
				<choice>
					<orig>stoop'd</orig>
					<reg>stooped</reg>
				</choice>
			</w>
			<w x="1344">from</w>
			<w x="1431">his</w>
			<w x="1554">
				<choice>
					<orig>aery</orig>
					<reg>airy</reg>
				</choice>
			</w>
			<w x="1683">tour,</w>
		</line>
		<line c="1269" h="62" n="11">
			<w x="709">Two</w>
			<w x="843">birds</w>
			<w x="915">of</w>
			<w x="1091">gayest</w>
			<w x="1253">plume</w>
			<w x="1418">before</w>
			<w x="1529">him</w>
			<w x="1704">drove:</w>
		</line>
		<line c="1336" h="59" n="12">
			<w x="739">Down</w>
			<w x="867">from</w>
			<w x="914">a</w>
			<w x="1008">hill</w>
			<w x="1102">the</w>
			<w x="1246">beast</w>
			<w x="1360">that</w>
			<w x="1521">reigns</w>
			<w x="1587">in</w>
			<w x="1769">woods,</w>
		</line>
		<line c="1411" h="58" n="13">
			<w x="708">First</w>
			<w x="882">hunter</w>
			<w x="1020">then,</w>
			<w x="1217">
				<choice>
					<orig>pursu'd</orig>
					<reg>pursued</reg>
				</choice>
			</w>
			<w x="1264">a</w>
			<w x="1428">gentle</w>
			<w x="1590">brace,</w>
		</line>
		<line c="1477" h="53" n="14">
			<w x="822">Goodliest</w>
			<w x="891">of</w>
			<w x="972">all</w>
			<w x="1066">the</w>
			<w x="1234">forest,</w>
			<w x="1353">hart</w>
			<w x="1456">and</w>
			<w x="1606">hind;</w>
		</line>
		<line c="1552" h="59" n="15">
			<w x="749">Direct</w>
			<w x="814">to</w>
			<w x="896">
				<choice>
					<orig>th'</orig>
					<reg>the</reg>
				</choice>
			</w>
			<w x="1089">eastern</w>
			<w x="1209">gate</w>
			<w x="1321">was</w>
			<w x="1447">bent</w>
			<w x="1577">their</w>
			<w x="1735">flight.</w>
		</line>
		<line c="1624" h="58" n="16">
			<w x="735">Adam</w>
			<w x="965">
				<choice>
					<orig>observ'd,</orig>
					<reg>observed,</reg>
				</choice>
			</w>
			<w x="1085">and,</w>
			<w x="1216">with</w>
			<w x="1303">his</w>
			<w x="1404">eye</w>
			<w x="1500">the</w>
			<w x="1650">chase</w>
		</line>
	</div>
</body>
