<body>
	<div id="2" group="1" x="770" y="1320" width="798" height="146" type="checkmark"
		sealts="358b_1_b128" mode="commentary" section="complimentary verses" attribution="HM">
		<line c="1347" h="39" n="12">
			<w x="953">Rebelling</w>
			<w x="1081">angels,</w>
			<w x="1146">the</w>
			<w x="1316">forbidden</w>
			<w x="1404">tree,</w>
		</line>
		<line c="1397" h="39" n="13">
			<w x="922">
				<choice>
					<orig>Heav'n</orig>
					<reg>Heaven</reg>
				</choice>
			</w>
			<w x="1007">hell,</w>
			<w x="1117">earth,</w>
			<w x="1232">chaos,</w>
			<w x="1304">all;</w>
			<w x="1376">the</w>
			<w x="1552">argument</w>
		</line>
		<line c="1446" h="39" n="14">
			<w x="872">Held</w>
			<w x="934">me</w>
			<w x="1056">awhile</w>
			<div id="3" group="1" x="1065" y="1413" width="398" height="52" type="underline"
				mode="commentary" section="complimentary verses" attribution="HM">
				<w x="1275">misdoubting</w>
				<w x="1340">his</w>
				<w x="1458">intent,</w>
			</div>
		</line>
	</div>
	<div id="4" group="2" x="760" y="1470" width="840" height="188" type="score" type2="xmark"
		mode="commentary" section="complimentary verses" attribution="HM">
		<line c="1493" h="46" n="15">
			<w x="868">That</w>
			<w x="918">he</w>
			<w x="1033">would</w>
			<w x="1132">
				<choice>
					<orig>ruine</orig>
					<reg>ruin</reg>
				</choice>
			</w>
			<w x="1206">(for</w>
			<w x="1235">I</w>
			<w x="1312">saw</w>
			<w x="1390">him</w>
			<w x="1521">strong)</w>
		</line>
		<line c="1545" h="41" n="16">
			<w x="853">The</w>
			<w x="970">sacred</w>
			<w x="1082">truths</w>
			<w x="1127">to</w>
			<w x="1231">Fable</w>
			<w x="1306">and</w>
			<w x="1370">old</w>
			<w x="1478">song:</w>
		</line>
		<line c="1595" h="42" n="17">
			<w x="845">(So</w>
			<w x="1008">Sampson</w>
			<w x="1127">
				<choice>
					<orig>grop'd</orig>
					<reg>groped</reg>
				</choice>
			</w>
			<w x="1191">the</w>
			<w x="1345">temple's</w>
			<w x="1441">posts</w>
			<w x="1489">in</w>
			<w x="1595">spite)</w>
		</line>
		<line c="1645" h="43" n="18">
			<w x="853">The</w>
			<w x="961">world</w>
			<w x="1205">
				<choice>
					<orig>o'erwhelming</orig>
					<reg>overwhelming</reg>
				</choice>
			</w>
			<w x="1248">to</w>
			<w x="1394">revenge</w>
			<w x="1457">his</w>
			<w x="1562">sight.</w>
		</line>
	</div>
	<div id="5" group="3" x="188" y="2836" width="1948" height="350" type="annotation" type2="xmark"
		mode="commentary" section="complimentary verses" attribution="HM">
		<line n="1" h="175" c="2920">
			<w x="506">It</w>
			<w x="582">is</w>
			<w x="812">still</w>
			<w x="1416">"misdoubted"</w>
			<w x="1546">by</w>
			<w x="1864">some.</w>
		</line>
		<line n="2" h="174" c="3076">
			<w x="500">First</w>
			<w x="1000">impressions</w>
			<w x="1178">are</w>
			<w x="1478">generally</w>
			<w x="1720">true,</w>
			<w x="1892">too,</w>
			<w x="2122">Andrew.</w>
		</line>
	</div>
</body>
