<body>
	<div id="2" group="1" x="640" y="1436" width="1072" height="862" type="score"
		sealts="358b_2_2.262" work="com" attribution="HM">
		<line c="1479" h="51" n="13">
			<w x="834">Sabrina</w>
			<w x="943">fair,</w>
		</line>
		<line c="1549" h="56" n="14">
			<w x="866">Listen</w>
			<w x="1028">where</w>
			<w x="1151">thou</w>
			<w x="1235">art</w>
			<w x="1399">sitting</w>
		</line>
		<line c="1623" h="61" n="15">
			<w x="806">Under</w>
			<w x="896">the</w>
			<w x="1074">glassy,</w>
			<w x="1205">cool,</w>
			<w x="1486">translucent</w>
			<w x="1639">wave,</w>
		</line>
		<line c="1691" h="56" n="16">
			<w x="769">In</w>
			<w x="958">twisted</w>
			<w x="1116">braids</w>
			<w x="1186">of</w>
			<w x="1309">lilies</w>
			<w x="1513">knitting</w>
		</line>
		<line c="1764" h="63" n="17">
			<w x="756">The</w>
			<w x="892">loose</w>
			<w x="1020">train</w>
			<w x="1089">of</w>
			<w x="1179">thy</w>
			<w x="1564">
				<choice>
					<orig>amber-dropping</orig>
					<reg>amber dropping</reg>
					<reg>amber</reg>
					<reg>dropping</reg>
				</choice>
			</w>
			<w x="1699">hair;</w>
		</line>
		<line c="1834" h="50" n="18">
			<w x="868">Listen</w>
			<w x="951">for</w>
			<w x="1071">dear</w>
			<w x="1286">
				<choice>
					<orig>honour's</orig>
					<reg>honor's</reg>
					<reg>honor</reg>
				</choice>
			</w>
			<w x="1422">sake,</w>
		</line>
		<line c="1906" h="50" n="19">
			<w x="913">Goddess</w>
			<w x="982">of</w>
			<w x="1068">the</w>
			<w x="1212">silver</w>
			<w x="1342">lake,</w>
		</line>
		<line c="1977" h="44" n="20">
			<w x="986">Listen</w>
			<w x="1087">and</w>
			<w x="1221">save.</w>
		</line>
		<line c="2057" h="57" n="21">
			<w x="807">Listen</w>
			<w x="909">and</w>
			<w x="1083">appear</w>
			<w x="1147">to</w>
			<w x="1216">us</w>
		</line>
		<line c="2128" h="59" n="22">
			<w x="707">In</w>
			<w x="847">name</w>
			<w x="919">of</w>
			<w x="1052">great</w>
			<w x="1284">Oceanus,</w>
		</line>
		<line c="2200" h="64" n="23">
			<w x="730">By</w>
			<w x="811">
				<choice>
					<orig>th'</orig>
					<reg>the</reg>
				</choice>
			</w>
			<w x="1148">
				<choice>
					<orig>earth-shaking</orig>
					<reg>earth shaking</reg>
					<reg>earth</reg>
					<reg>shaking</reg>
				</choice>
			</w>
			<w x="1404">Neptune's</w>
			<w x="1559">mace,</w>
		</line>
		<line c="2272" h="60" n="24">
			<w x="756">And</w>
			<w x="957">Tethys'</w>
			<w x="1103">grave</w>
			<w x="1318">majestic</w>
			<w x="1454">pace,</w>
		</line>
	</div>
</body>
