<body>
	<div id="2" group="1" x="600" y="974" width="1066" height="704" type="score"
		sealts="358b_2_2.220" work="samag" attribution="HM">
		<line c="1015" h="58" n="8">
			<w x="669">So</w>
			<w x="823">virtue</w>
			<w x="970">given</w>
			<w x="1054">for</w>
			<w x="1170">lost,</w>
		</line>
		<line c="1084" h="59" n="9">
			<w x="854">
				<choice>
					<orig>Depress'd,</orig>
					<reg>Depressed,</reg>
				</choice>
			</w>
			<w x="960">and</w>
			<w x="1261">overthrown,</w>
			<w x="1330">as</w>
			<w x="1527">
				<choice>
					<orig>seem'd,</orig>
					<reg>seemed,</reg>
				</choice>
			</w>
		</line>
		<line c="1155" h="59" n="10">
			<w x="718">Like</w>
			<w x="833">that</w>
			<w x="1157">
				<choice>
					<orig>self-begotten</orig>
					<reg>self begotten</reg>
					<reg>self</reg>
					<reg>begotten</reg>
				</choice>
			</w>
			<w x="1269">bird</w>
		</line>
		<line c="1224" h="56" n="11">
			<w x="654">In</w>
			<w x="747">the</w>
			<w x="950">Arabian</w>
			<w x="1118">woods</w>
			<w x="1308">imbost,</w>
		</line>
		<line c="1293" h="57" n="12">
			<w x="719">That</w>
			<w x="795">no</w>
			<w x="972">second</w>
			<w x="1144">knows</w>
			<w x="1241">nor</w>
			<w x="1388">third,</w>
		</line>
		<line c="1365" h="57" n="13">
			<w x="697">And</w>
			<w x="789">lay</w>
			<w x="879">ere</w>
			<w x="1029">while</w>
			<w x="1076">a</w>
			<w x="1330">holocaust,</w>
		</line>
		<line c="1437" h="60" n="14">
			<w x="727">From</w>
			<w x="822">out</w>
			<w x="917">her</w>
			<w x="1043">ashy</w>
			<w x="1207">womb</w>
			<w x="1326">now</w>
			<w x="1520">
				<choice>
					<orig>teem'd,</orig>
					<reg>teemed,</reg>
				</choice>
			</w>
		</line>
		<line c="1511" h="66" n="15">
			<w x="796">Revives,</w>
			<w x="1099">reflourishes,</w>
		</line>
		<div id="3" group="1" x="598" y="1472" width="475" height="72" type="underline"
			sealts="358b_2_2.220" work="samag" attribution="HM">
			<line c="1511" h="66" n="15">
				<blank x="1112"/>
				<w x="1246">then</w>
				<w x="1460">vigorous</w>
				<w x="1582">most</w>
			</line>
			<line c="1576" h="71" n="16">
				<w x="758">When</w>
				<w x="886">most</w>
				<w x="1106">unactive</w>
				<w x="1282">
					<choice>
						<orig>deem'd;</orig>
						<reg>deemed;</reg>
					</choice>
				</w>

			</line>
		</div>
		<line c="1643" h="75" n="17">
			<w x="725">And</w>
			<w x="878">though</w>
			<w x="973">her</w>
			<w x="1106">body</w>
			<w x="1214">die,</w>
			<w x="1308">her</w>
			<w x="1441">fame</w>
			<w x="1650">survives</w>
		</line>
	</div>
	<div id="4" group="2" x="588" y="1894" width="666" height="80" type="underline"
		sealts="358b_2_2.220" work="samag" attribution="HM">
		<line c="1934" h="63" n="21">
			<blank x="940"/>
			<w x="1052">and</w>
			<w x="1306">heroically</w>
			<w x="1428">hath</w>
			<w x="1602">
				<choice>
					<orig>finish'd</orig>
					<reg>finished</reg>
				</choice>
			</w>
		</line>
		<line c="1998" h="62" n="22">
			<w x="650">A</w>
			<w x="750">life</w>
			<w x="908">heroic,</w>
		</line>
	</div>
</body>
