<body>
	<div id="2" group="1" x="610" y="684" width="1046" height="370" type="score"
		sealts="358b_1_1.206" work="pl" section="pl6" attribution="HM">
		<line c="733" h="63" n="4">
			<div id="3" group="1" x="650" y="686" width="210" height="82" type="underline"
				sealts="358b_1_1.206" work="pl" section="pl6" attribution="HM">
				<w x="758">He</w>
				<w x="848">sat;</w>
			</div>
			<w x="961">and</w>
			<w x="1023">in</w>
			<w x="1103">
				<choice>
					<orig>th'</orig>
					<reg>the</reg>
				</choice>
			</w>
			<w x="1332">assembly</w>
			<w x="1455">next</w>
			<w x="1651">upstood</w>
		</line>
		<line c="802" h="59" n="5">
			<div id="4" group="1" x="610" y="760" width="168" height="84" type="underline"
				sealts="358b_1_1.206" work="pl" section="pl6" attribution="HM">
				<w x="772">Nisroc,</w>
			</div>
			<w x="845">of</w>
			<w x="1148">principalities</w>
			<w x="1239">the</w>
			<w x="1415">prime;</w>
		</line>
		<line c="867" h="73" n="6">
			<w x="665">As</w>
			<w x="769">one</w>
			<w x="841">he</w>
			<w x="982">stood</w>
			<w x="1166">
				<choice>
					<orig>escap'd</orig>
					<reg>escaped</reg>
				</choice>
			</w>
			<w x="1292">from</w>
			<w x="1424">cruel</w>
			<w x="1562">fight,</w>
		</line>
		<line c="942" h="57" n="7">
			<w x="713">Sore</w>
			<w x="865">
				<choice>
					<orig>toil'd,</orig>
					<reg>toiled,</reg>
				</choice>
			</w>
			<w x="953">his</w>
			<w x="1086">riven</w>
			<w x="1213">arms</w>
			<w x="1278">to</w>
			<w x="1461">havock</w>
			<w x="1630">hewn;</w>
		</line>
		<line c="1015" h="60" n="8">
			<w x="702">And</w>
			<w x="873">cloudy</w>
			<w x="936">in</w>
			<w x="1099">aspect</w>
			<w x="1214">thus</w>
			<w x="1471">answering</w>
			<w x="1633">
				<choice>
					<orig>spake.</orig>
					<reg>spoke.</reg>
				</choice>
			</w>
		</line>
	</div>
	<div id="5" group="2" x="576" y="1115" width="1280" height="1141" type="score"
		sealts="358b_1_1.206" work="pl" section="pl6" attribution="HM">
		<line c="1155" h="64" n="10">
			<w x="864">Enjoyment</w>
			<w x="932">of</w>
			<w x="1022">our</w>
			<w x="1151">right</w>
			<w x="1215">as</w>
			<w x="1378">gods;</w>
			<w x="1485">yet</w>
			<w x="1606">hard</w>
		</line>
		<line c="1224" h="61" n="11">
			<w x="688">For</w>
			<w x="833">gods,</w>
			<w x="944">and</w>
			<w x="1029">too</w>
			<w x="1225">unequal</w>
			<w x="1365">work</w>
			<w x="1450">we</w>
			<w x="1557">find</w>
		</line>
		<line c="1297" h="62" n="12">
			<w x="782">Against</w>
			<w x="976">unequal</w>
			<w x="1105">arms</w>
			<w x="1169">to</w>
			<w x="1293">fight</w>
			<w x="1355">in</w>
			<w x="1483">pain,</w>
		</line>
		<line c="1366" h="59" n="13">
			<w x="780">Against</w>
			<w x="1005">
				<choice>
					<orig>unpain'd,</orig>
					<reg>unpained,</reg>
				</choice>
			</w>
			<w x="1272">impassive;</w>
			<w x="1400">from</w>
			<w x="1561">which</w>
			<w x="1661">evil</w>
		</line>
		<line c="1434" h="56" n="14">
			<w x="714">Ruin</w>
			<w x="845">must</w>
			<w x="993">needs</w>
			<w x="1156">ensue,</w>
			<w x="1241">for</w>
			<w x="1377">what</w>
			<w x="1524">avails</w>
		</line>
		<line c="1510" h="66" n="15">
			<w x="754">
				<choice>
					<orig>Valour</orig>
					<reg>Valor</reg>
				</choice>
			</w>
			<w x="830">or</w>
			<w x="1059">strength,</w>
			<w x="1245">though</w>
			<w x="1513">matchless,</w>
			<w x="1704">
				<choice>
					<orig>quell'd</orig>
					<reg>quelled</reg>
				</choice>
			</w>
			<w x="1839">with</w>
		</line>
		<line c="1580" h="56" n="16">
			<w x="826">pain,</w>
		</line>
		<div id="6" group="2" x="588" y="1604" width="1140" height="508" type="score"
			sealts="358b_1_1.206" work="pl" section="pl6" attribution="HM">
			<line c="1649" h="58" n="17">
				<w x="750">Which</w>
				<w x="824">all</w>
				<w x="1037">subdues,</w>
				<w x="1143">and</w>
				<w x="1308">makes</w>
				<w x="1475">remiss</w>
				<w x="1567">the</w>
				<w x="1721">hands</w>
			</line>
			<line c="1725" h="67" n="18">
				<w x="665">Of</w>
				<w x="925">mightiest?</w>
				<w x="1075">sense</w>
				<w x="1145">of</w>
				<w x="1348">pleasure</w>
				<w x="1436">we</w>
				<w x="1555">may</w>
				<w x="1674">well</w>
			</line>
			<line c="1796" h="67" n="19">
				<w x="731">Spare</w>
				<w x="824">out</w>
				<w x="891">of</w>
				<w x="977">life</w>
				<w x="1188">perhaps,</w>
				<w x="1295">and</w>
				<w x="1388">not</w>
				<w x="1562">repine,</w>
			</line>
			<line c="1870" h="75" n="20">
				<div id="7" group="2" x="596" y="1820" width="1026" height="90" type="underline"
					sealts="358b_1_1.206" work="pl" section="pl6" attribution="HM">
					<w x="702">But</w>
					<w x="800">live</w>
					<w x="1014">content,</w>
					<w x="1168">which</w>
					<w x="1222">is</w>
					<w x="1314">the</w>
					<w x="1508">calmest</w>
					<w x="1618">life:</w>
				</div>
			</line>
			<line c="1928" h="81" n="21">
				<w x="702">But</w>
				<w x="790">pain</w>
				<w x="845">is</w>
				<w x="1037">perfect</w>
				<w x="1222">misery,</w>
				<w x="1308">the</w>
				<w x="1555">worst</w>
			</line>
			<line c="2003" h="54" n="22">
				<w x="661">Of</w>
				<w x="790">evils,</w>
				<w x="896">and</w>
				<w x="1128">excessive</w>
				<w x="1363">overturns</w>
			</line>
			<line c="2077" h="57" n="23">
				<w x="665">All</w>
				<w x="889">patience.</w>
				<w x="1024">He</w>
				<w x="1142">who</w>
				<w x="1369">therefore</w>
				<w x="1468">can</w>
				<w x="1629">invent</w>
			</line>
		</div>
		<line c="2152" h="66" n="24">
			<w x="713">With</w>
			<w x="848">what</w>
			<w x="980">more</w>
			<w x="1171">forcible</w>
			<w x="1259">we</w>
			<w x="1379">may</w>
			<w x="1538">offend</w>
		</line>
		<line c="2220" h="59" n="25">
			<w x="686">Our</w>
			<w x="778">yet</w>
			<w x="1062">unwounded</w>
			<w x="1280">enemies,</w>
			<w x="1351">or</w>
			<w x="1458">arm</w>
		</line>
	</div>
</body>
