<body>
	<div id="2" group="1" x="564" y="938" width="1302" height="590" type="score"
		sealts="358b_1_b034" mode="commentary" section="life" attribution="HM">
		<line c="967" h="51" n="8">
			<w x="755">From</w>
			<w x="893">Rome</w>
			<w x="951">he</w>
			<w x="1093">passed</w>
			<w x="1154">on</w>
			<w x="1207">to</w>
			<w x="1365">Naples,</w>
			<w x="1419">in</w>
			<w x="1607">company</w>
			<w x="1707">with</w>
			<w x="1747">a</w>
			<w x="1839">
				<choice>
					<hyph>her-</hyph>
					<reg>hermit</reg>
				</choice>
			</w>
		</line>
		<line c="1026" h="50" n="9">
			<w x="675" endhyph="true">mit,</w>
			<w x="728">to</w>
			<w x="854">whom</w>
			<w x="916">he</w>
			<w x="1038">owed</w>
			<w x="1110">his</w>
			<w x="1367">introduction</w>
			<w x="1428">to</w>
			<w x="1593">Manso,</w>
			<w x="1769">Marquis</w>
			<w x="1836">of</w>
		</line>
		<line c="1085" h="49" n="10">
			<w x="704">Villa,</w>
			<w x="743">a</w>
			<w x="942">nobleman</w>
			<w x="999">of</w>
			<w x="1270">distinguished</w>
			<w x="1375">rank</w>
			<w x="1471">and</w>
			<w x="1631">fortune</w>
			<w x="1744">(who</w>
			<w x="1839">had</w>
		</line>
		<line c="1146" h="51" n="11">
			<w x="783">supported</w>
			<w x="821">a</w>
			<w x="983">military</w>
			<w x="1179">character</w>
			<w x="1279">with</w>
			<w x="1381">high</w>
			<w x="1617">reputation,)</w>
			<w x="1673">of</w>
			<w x="1840">
				<choice>
					<hyph>unblem-</hyph>
					<reg>unblemished</reg>
				</choice>
			</w>
		</line>
		<line c="1204" h="49" n="12">
			<w x="700" endhyph="true">ished</w>
			<w x="861">morals,</w>
			<w x="908">a</w>
			<w x="1036">polite</w>
			<w x="1209">scholar,</w>
			<w x="1296">and</w>
			<w x="1450">known</w>
			<w x="1512">to</w>
			<w x="1700">posterity</w>
			<w x="1756">as</w>
			<w x="1840">the</w>
		</line>
		<line c="1263" h="51" n="13">
			<w x="726">friend,</w>
			<w x="801">the</w>
			<w x="951">patron,</w>
			<w x="1038">and</w>
			<w x="1113">the</w>
			<w x="1335">biographer</w>
			<w x="1392">of</w>
			<w x="1560">Tasso.</w>
			<w x="1656">To</w>
			<w x="1744">him</w>
			<w x="1841">
				<choice>
					<hyph>Mil-</hyph>
					<reg>Milton</reg>
				</choice>
			</w>
		</line>
		<line c="1323" h="46" n="14">
			<w x="662" endhyph="true">ton</w>
			<w x="872">addressed</w>
			<w x="919">a</w>
			<w x="1110">beautiful</w>
			<w x="1239">Latin</w>
			<w x="1377">poem,</w>
			<w x="1433">in</w>
			<w x="1566">which</w>
			<w x="1636">he</w>
			<w x="1840">expresses</w>
		</line>
		<line c="1382" h="51" n="15">
			<w x="658">his</w>
			<w x="781">hope,</w>
			<w x="831">if</w>
			<w x="896">he</w>
			<w x="1027">could</w>
			<w x="1124">find</w>
			<w x="1237">such</w>
			<w x="1276">a</w>
			<w x="1403">friend</w>
			<w x="1489">and</w>
			<w x="1628">patron</w>
			<w x="1684">as</w>
			<w x="1840">Manso,</w>
		</line>
		<line c="1442" h="50" n="16">
			<w x="644">of</w>
			<w x="880">celebrating</w>
			<w x="942">in</w>
			<w x="1063">verse</w>
			<w x="1148">the</w>
			<w x="1316">exploits</w>
			<w x="1381">of</w>
			<w x="1500">King</w>
			<w x="1659">Arthur</w>
			<w x="1761">and</w>
			<w x="1840">his</w>
		</line>
		<line c="1504" h="44" n="17">
			<w x="761">Knights.</w>
		</line>
	</div>
</body>
