<body>
	<div id="2" group="1" x="284" y="1621" width="939" height="74" type="checkmark"
		sealts="358b_2_2.097" work="pr" section="pr2" attribution="HM">
		<line c="1666" h="70" n="17">
			<w x="404">Only</w>
			<w x="465">in</w>
			<w x="511">a</w>
			<w x="691">
				<div id="3" group="1" x="526" y="1620" width="168" height="72" type="underline"
					sealts="358b_2_2.097" work="pr" section="pr2" attribution="HM">
					<w x="690">bottom</w>
				</div>
			</w>
			<w x="801">saw</w>
			<w x="845">a</w>
			<w x="1056">pleasant</w>
			<w x="1215">grove,</w>
		</line>
	</div>
	<div id="4" group="2" x="272" y="2702" width="1426" height="248" type="annotation"
		sealts="358b_2_2.097" work="pr" section="pr2" attribution="HM">
		<line n="1" h="124" c="2764">
			<w x="420">This</w>
			<w x="578">old</w>
			<w x="952">English</w>
			<w x="1110">word</w>
			<w x="1208">is</w>
			<w x="1392">now</w>
			<w x="1552">held</w>
			<w x="1692">an</w>
		</line>
		<line n="2" h="123" c="2904">
			<w x="850">Americanism.</w>
		</line>
	</div>
</body>
