<body>
	<div id="2" group="1" x="672" y="776" width="1280" height="1100" type="score"
		sealts="358b_2_2.178" work="samag" attribution="HM">
		<line c="830" h="77" n="5">
			<w x="862">Against</w>
			<w x="1061">another</w>
			<w x="1227">object</w>
			<w x="1364">more</w>
			<w x="1612">enticing?</w>
		</line>
		<line c="904" h="78" n="6">
			<w x="813">What</w>
			<w x="956">boots</w>
			<w x="1013">it</w>
			<w x="1088">at</w>
			<w x="1190">one</w>
			<w x="1311">gate</w>
			<w x="1379">to</w>
			<w x="1529">make</w>
			<w x="1747">
				<choice>
					<orig>defence,</orig>
					<reg>defense,</reg>
				</choice>
			</w>
		</line>
		<line c="968" h="55" n="7">
			<w x="781">And</w>
			<w x="848">at</w>
			<w x="1046">another</w>
			<w x="1113">to</w>
			<w x="1197">let</w>
			<w x="1262">in</w>
			<w x="1357">the</w>
			<w x="1465">foe,</w>
		</line>
		<line c="1045" h="68" n="8">
			<w x="993">Effeminately</w>
			<w x="1301">
				<choice>
					<orig>vanquish'd?</orig>
					<reg>vanquished?</reg>
				</choice>
			</w>
			<w x="1391">by</w>
			<w x="1557">which</w>
			<w x="1741">means,</w>
		</line>
		<line c="1110" h="71" n="9">
			<w x="800">Now</w>
			<w x="945">blind,</w>
			<w x="1263">
				<choice>
					<orig>dishearten'd,</orig>
					<reg>disheartened,</reg>
				</choice>
			</w>
			<w x="1453">
				<choice>
					<orig>sham'd,</orig>
					<reg>shamed,</reg>
				</choice>
			</w>
			<w x="1759">
				<choice>
					<orig>dishonour'd,</orig>
					<reg>dishonoured,</reg>
				</choice>
				<choice>
					<orig>dishonour'd,</orig>
					<reg>dishonored,</reg>
				</choice>
			</w>
			<w x="1942">
				<choice>
					<orig>quell'd,</orig>
					<reg>quelled,</reg>
				</choice>
			</w>
		</line>
		<line c="1184" h="54" n="10">
			<w x="757">To</w>
			<w x="897">what</w>
			<w x="998">can</w>
			<w x="1039">I</w>
			<w x="1115">be</w>
			<w x="1292">useful,</w>
			<w x="1508">wherein</w>
			<w x="1650">serve</w>
		</line>
		<line c="1259" h="75" n="11">
			<w x="766">My</w>
			<w x="950">nation,</w>
			<w x="1056">and</w>
			<w x="1152">the</w>
			<w x="1297">work</w>
			<w x="1426">from</w>
			<w x="1605">
				<choice>
					<orig>heav'n</orig>
					<reg>heaven</reg>
				</choice>
			</w>
			<w x="1823">
				<choice>
					<orig>impos'd,</orig>
					<reg>imposed,</reg>
				</choice>
			</w>
		</line>
		<line c="1326" h="57" n="12">
			<w x="776">But</w>
			<w x="842">to</w>
			<w x="921">sit</w>
			<w x="1026">idle</w>
			<w x="1105">on</w>
			<w x="1200">the</w>
			<w x="1460">household</w>
			<w x="1648">hearth,</w>
		</line>
		<div id="3" group="1" x="680" y="1371" width="1035" height="211" type="score"
			sealts="358b_2_2.178" work="samag" attribution="HM">
			<line c="1404" h="56" n="13">
				<w x="728">A</w>
				<w x="979">
					<choice>burd'nous</choice>
					<reg>burdenous</reg>
				</w>
				<w x="1160">drone;</w>
				<w x="1240">to</w>
				<w x="1458">visitants</w>
				<w x="1506">a</w>
				<w x="1649">gaze,</w>
			</line>
			<line c="1481" h="72" n="14">
				<w x="752">Or</w>
				<w x="907">pitied</w>
				<w x="1083">object,</w>
				<w x="1230">these</w>
				<w x="1494">redundant</w>
				<w x="1635">locks</w>
			</line>
			<line c="1549" h="65" n="15">
				<w x="954">Robustious</w>
				<w x="1021">to</w>
				<w x="1098">no</w>
				<w x="1302">purpose</w>
				<w x="1548">
					<choice>
						<orig>clust'ring</orig>
						<reg>clustering</reg>
					</choice>
				</w>
				<w x="1707">down,</w>
			</line>
		</div>
		<line c="1619" h="64" n="16">
			<w x="802">Vain</w>
			<w x="1074">monument</w>
			<w x="1144">of</w>
			<w x="1380">strength,</w>
			<w x="1468">till</w>
			<w x="1639">length</w>
			<w x="1711">of</w>
			<w x="1861">years</w>
		</line>
		<line c="1695" h="67" n="17">
			<w x="792">And</w>
			<w x="1042">sedentary</w>
			<w x="1298">numbness</w>
			<w x="1444">craze</w>
			<w x="1540">my</w>
			<w x="1688">limbs</w>
		</line>
		<line c="1768" h="67" n="18">
			<w x="765">To</w>
			<w x="812">a</w>
			<w x="1140">contemptible</w>
			<w x="1233">old</w>
			<w x="1336">age</w>
			<w x="1572">obscure?</w>
		</line>
		<line c="1836" h="65" n="19">
			<w x="814">Here</w>
			<w x="980">rather</w>
			<w x="1063">let</w>
			<w x="1153">me</w>
			<w x="1339">drudge</w>
			<w x="1446">and</w>
			<w x="1570">earn</w>
			<w x="1666">my</w>
			<w x="1832">bread,</w>
		</line>
	</div>
</body>
