<body>
	<div id="2" group="1" x="591" y="1461" width="1232" height="220" type="score"
		sealts="358b_1_1.282" work="pl" section="pl9" attribution="HM">
		<line c="1510" h="70" n="15">
			<w x="736">With</w>
			<w x="871">what</w>
			<w x="1050">delight</w>
			<w x="1189">could</w>
			<w x="1230">I</w>
			<w x="1357">have</w>
			<w x="1536">
				<choice>
					<orig>walk'd</orig>
					<reg>walked</reg>
				</choice>
			</w>
			<w x="1657">thee</w>
			<w x="1823">round,</w>
		</line>
		<line c="1582" h="72" n="16">
			<w x="662">If</w>
			<w x="693">I</w>
			<w x="839">could</w>
			<w x="930">joy</w>
			<w x="992">in</w>
			<w x="1153">aught,</w>
			<w x="1311">sweet</w>
			<w x="1600">interchange</w>
		</line>
		<line c="1653" h="71" n="17">
			<w x="682">Of</w>
			<w x="768">hill</w>
			<w x="871">and</w>
			<w x="1041">valley,</w>
			<w x="1204">rivers,</w>
			<w x="1384">woods,</w>
			<w x="1490">and</w>
			<w x="1658">plains,</w>
		</line>
	</div>
</body>
