<body>
	<div id="2" group="1" x="590" y="1048" width="1080" height="222" type="score"
		sealts="358b_1_1.186" work="pl" section="pl5" attribution="HM">
		<line c="1109" h="96" n="9">
			<w x="732">So</w>
			<w x="886">spake</w>
			<w x="982">the</w>
			<w x="1174">fervent</w>
			<w x="1347">angel;</w>
			<w x="1459">but</w>
			<w x="1546">his</w>
			<w x="1664">zeal</w>
		</line>
		<line c="1171" h="79" n="10">
			<w x="735">None</w>
			<w x="985">seconded,</w>
			<w x="1055">as</w>
			<w x="1154">out</w>
			<w x="1224">of</w>
			<w x="1393">season</w>
			<w x="1577">
				<choice>
					<orig>judg'd,</orig>
					<reg>judged,</reg>
				</choice>
			</w>
		</line>
		<line c="1235" h="65" n="11">
			<w x="674">Or</w>
			<w x="876">singular</w>
			<w x="981">and</w>
			<w x="1125">rash;</w>
			<w x="1353">whereat</w>
			<w x="1550">
				<choice>
					<orig>rejoic'd</orig>
					<reg>rejoiced</reg>
				</choice>
			</w>
		</line>
	</div>
</body>
