<body>
	<div id="2" group="1" x="325" y="1072" width="1256" height="79" type="underline"
		type2="circledline" type4="annotated" sealts="358b_2_2.133" work="pr" section="pr4"
		attribution="HM">
		<line c="1120" h="61" n="9">
			<blank x="852"/>
			<w x="970">the</w>
			<w x="1208">childhood</w>
			<w x="1372">shows</w>
			<w x="1466">the</w>
			<w x="1578">man,</w>
		</line>
		<line c="1192" h="59" n="10">
			<w x="408">As</w>
			<w x="621">morning</w>
			<w x="785">shows</w>
			<w x="879">the</w>
			<w x="991">day.</w>
		</line>
	</div>
	<div id="3" group="2" x="318" y="1430" width="1281" height="856" type="score"
		sealts="358b_2_2.133" work="pr" section="pr4" attribution="HM">
		<line c="1478" h="60" n="14">
			<w x="404">All</w>
			<w x="683">knowledge</w>
			<w x="741">is</w>
			<w x="838">not</w>
			<w x="1039">
				<choice>
					<orig>couch'd</orig>
					<reg>couched</reg>
				</choice>
			</w>
			<w x="1105">in</w>
			<w x="1288">Moses'</w>
			<w x="1410">law,</w>
		</line>
		<line c="1548" h="57" n="15">
			<w x="432">The</w>
			<w x="739">Pentateuch,</w>
			<w x="809">or</w>
			<w x="950">what</w>
			<w x="1043">the</w>
			<w x="1268">prophets</w>
			<w x="1452">wrote;</w>
		</line>
		<line c="1617" h="54" n="16">
			<w x="434">The</w>
			<w x="657">Gentiles</w>
			<w x="768">also</w>
			<w x="935">know,</w>
			<w x="1043">and</w>
			<w x="1202">write,</w>
			<w x="1310">and</w>
			<w x="1458">teach</w>
		</line>
		<line c="1692" h="59" n="17">
			<w x="407">To</w>
			<w x="697">admiration,</w>
			<w x="790">led</w>
			<w x="869">by</w>
			<w x="1079">nature's</w>
			<w x="1234">light;</w>
		</line>
		<line c="1760" h="48" n="18">
			<w x="435">And</w>
			<w x="565">with</w>
			<w x="659">the</w>
			<w x="882">Gentiles</w>
			<w x="1032">much</w>
			<w x="1158">thou</w>
			<w x="1294">must</w>
			<w x="1531">converse,</w>
		</line>
		<line c="1837" h="62" n="19">
			<w x="499">Ruling</w>
			<w x="640">them</w>
			<w x="717">by</w>
			<w x="989">persuasion</w>
			<w x="1056">as</w>
			<w x="1183">thou</w>
			<w x="1414">mean'st;</w>
		</line>
		<line c="1907" h="61" n="20">
			<w x="536">Without</w>
			<w x="667">their</w>
			<w x="878">learning</w>
			<w x="999">how</w>
			<w x="1114">
				<choice>
					<orig>wilt</orig>
					<reg>will</reg>
				</choice>
			</w>
			<w x="1238">thou</w>
			<w x="1364">with</w>
			<w x="1519">them,</w>
		</line>
		<line c="1979" h="66" n="21">
			<w x="401">Or</w>
			<w x="529">they</w>
			<w x="659">with</w>
			<w x="794">thee,</w>
			<w x="918">hold</w>
			<w x="1236">conversation</w>
			<w x="1406">meet?</w>
		</line>
		<line c="2044" h="51" n="22">
			<w x="456">How</w>
			<w x="572">
				<choice>
					<orig>wilt</orig>
					<reg>will</reg>
				</choice>
			</w>
			<w x="697">thou</w>
			<w x="870">reason</w>
			<w x="998">with</w>
			<w x="1172">them?</w>
			<w x="1303">how</w>
			<w x="1463">refute</w>
		</line>
		<line c="2121" h="60" n="23">
			<w x="474">Their</w>
			<w x="701">idolisms,</w>
			<w x="962">traditions,</w>
			<w x="1252">paradoxes?</w>
		</line>
		<line c="2195" h="64" n="24">
			<w x="470">Error</w>
			<w x="548">by</w>
			<w x="635">his</w>
			<w x="756">own</w>
			<w x="889">arms</w>
			<w x="946">is</w>
			<w x="1064">best</w>
			<w x="1266">
				<choice>
					<orig>evinc'd.</orig>
					<reg>evinced</reg>
				</choice>
			</w>
		</line>
		<line c="2263" h="58" n="25">
			<w x="467">Look</w>
			<w x="596">once</w>
			<w x="750">more,</w>
			<w x="845">ere</w>
			<w x="936">we</w>
			<w x="1078">leave</w>
			<w x="1185">this</w>
			<w x="1400">specular</w>
			<w x="1584">mount,</w>
		</line>
	</div>
	<div id="4" group="3" x="132" y="2574" width="1922" height="666" type="annotation"
		type2="circledline" sealts="358b_2_2.133" work="pr" section="pr4" attribution="HM">
		<line n="1" h="130" c="2690">
			<w x="436">True,</w>
			<w x="508">if</w>
			<w x="624">all</w>
			<w x="794">fair</w>
			<w x="1122">dawnings</w>
			<w x="1316">were</w>
			<w x="1600">followed</w>
			<w x="1706">by</w>
			<w x="1864">high</w>
			<w x="2050">noons</w>
		</line>
		<line n="2" h="133" c="2798">
			<w x="284">&amp;</w>
			<w x="608">blazoned</w>
			<w x="932">sunsets.</w>
			<w x="1098">But</w>
			<w x="1188">as</w>
			<w x="1428">many</w>
			<w x="1514">a</w>
			<w x="1748">merry</w>
			<w x="1974">morn</w>
		</line>
		<line n="3" h="132" c="2906">
			<w x="462">preceeds</w>
			<w x="532">a</w>
			<w x="704">dull</w>
			<w x="770">&amp;</w>
			<w x="1012">rainy</w>
			<w x="1200">day;</w>
			<w x="1330">so,</w>
			<w x="1552">often,</w>
			<w x="1990">unpromising</w>
		</line>
		<line n="4" h="133" c="3004">
			<w x="574">mornings</w>
			<w x="798">have</w>
			<w x="1072">glorious</w>
			<w x="1424">middays</w>
			<w x="1528">&amp;</w>
			<w x="1704">eves.</w>
		</line>
		<line n="5" h="133" c="3124">
			<w x="286">The</w>
			<w x="568">greatest,</w>
			<w x="896">grandest</w>
			<w x="1118">things</w>
			<w x="1272">are</w>
			<w x="1746">unpredicted.</w>
		</line>
	</div>
</body>
