<body>
    <div id="2" group="1" x="630" y="438" width="928" height="418" type="score"
        sealts="358b_1_1.200" work="pl" section="pl6" attribution="HM">
        <line c="405" h="46" n="1">
            <w x="661">That</w>
            <w x="753">thou</w>
            <w x="909">
                <choice>
                    <orig>shouldst</orig>
                    <reg>should</reg>
                </choice>
            </w>
            <w x="1015">hope,</w>
            <w x="1208">imperious,</w>
            <w x="1285">and</w>
            <w x="1379">with</w>
            <w x="1513">threats</w>
        </line>
        <line c="453" h="35" n="2">
            <w x="624">To</w>
            <w x="732">chase</w>
            <w x="798">me</w>
            <w x="942">hence?</w>
            <w x="1014">err</w>
            <w x="1085">not</w>
            <w x="1169">that</w>
            <w x="1219">so</w>
            <w x="1314">shall</w>
            <w x="1392">end</w>
        </line>
        <line c="512" h="44" n="3">
            <w x="644">The</w>
            <w x="746">strife</w>
            <w x="866">which</w>
            <w x="959">thou</w>
            <w x="1076">
                <choice>
                    <orig>call'st</orig>
                    <reg>call</reg>
                </choice>
            </w>
            <w x="1163">evil,</w>
            <w x="1239">but</w>
            <w x="1304">we</w>
            <w x="1403">style</w>
        </line>
        <line c="566" h="44" n="4">
            <w x="644">The</w>
            <w x="747">strife</w>
            <w x="800">of</w>
            <w x="924">glory:</w>
            <w x="1056">which</w>
            <w x="1122">we</w>
            <w x="1231">mean</w>
            <w x="1281">to</w>
            <w x="1371">win,</w>
        </line>
        <line c="615" h="34" n="5">
            <w x="619">Or</w>
            <w x="706">turn</w>
            <w x="782">this</w>
            <w x="914">heaven</w>
            <w x="1013">itself</w>
            <w x="1099">into</w>
            <w x="1168">the</w>
            <w x="1249">hell</w>
        </line>
        <line c="671" h="41" n="6">
            <w x="666">Thou</w>
            <w x="814">
                <choice>
                    <orig>fablest</orig>
                    <reg>fable</reg>
                </choice>
            </w>
            <w x="913">here</w>
            <w x="1076">however</w>
            <w x="1126">to</w>
            <w x="1237">dwell</w>
            <w x="1330">free,</w>
        </line>
        <line c="727" h="43" n="7">
            <w x="605">If</w>
            <w x="679">not</w>
            <w x="727">to</w>
            <w x="847">reign:</w>
            <w x="1062">meanwhile</w>
            <w x="1137">thy</w>
            <w x="1272">utmost</w>
            <w x="1382">force,</w>
        </line>
    </div>
    <div id="3" group="2" x="630" y="1578" width="759" height="110" type="score"
        sealts="358b_1_1.200" work="pl" section="pl6" attribution="HM">
        <line c="1591" h="53" n="23">
            <w x="641">And</w>
            <w x="715">left</w>
            <w x="815">large</w>
            <w x="914">field,</w>
            <w x="1041">unsafe</w>
        </line>
        <div id="4" group="2" x="636" y="1576" width="282" height="58" type="underline"
            sealts="358b_1_1.200" work="pl" section="pl6" attribution="HM">
            <line c="1591" h="53" n="23">
                <blank x="1108"/>
                <w x="1228">within</w>
                <w x="1294">the</w>
                <w x="1378">wind</w>
            </line>
            <line c="1640" h="45" n="24">
                <w x="706">Of</w>
                <w x="794">such</w>
                <w x="974">commotion</w>
            </line>
        </div>
        <line c="1640" h="45" n="24">
            <w x="1030">such</w>
            <w x="1084">as,</w>
            <w x="1137">to</w>
            <w x="1202">set</w>
            <w x="1299">forth</w>
        </line>
    </div>
</body>
