<body>
	<div id="2" group="1" x="735" y="690" width="475" height="87" type="underline"
		sealts="358b_1_1.279" work="pl" section="pl9" attribution="HM">
		<line c="739" h="61" n="4">
			<w x="842">the</w>
			<w x="1000">better</w>
			<w x="1202">fortitude</w>
		</line>
	</div>
	<div id="3" group="2" x="586" y="1618" width="536" height="81" type="underline"
		sealts="358b_1_1.279" work="pl" section="pl9" attribution="HM">
		<line c="1666" h="61" n="17">
			<w x="752">unless</w>
			<w x="824">an</w>
			<w x="930">age</w>
			<w x="1018">too</w>
			<w x="1116">late,</w>
		</line>
	</div>
	<div id="4" group="2" x="278" y="1688" width="202" height="80" type="underline"
		sealts="358b_1_1.279" work="pl" section="pl9" attribution="HM">
		<line c="1728" h="82" n="18">
			<w x="474">Climate</w>
		</line>
	</div>
	<div id="5" group="2" x="572" y="1702" width="132" height="72" type="underline"
		sealts="358b_1_1.279" work="pl" section="pl9" attribution="HM">
		<line c="1728" h="82" n="18">
			<w x="696">years</w>
		</line>
	</div>
</body>
