<body>
	<div id="2" group="1" x="326" y="510" width="930" height="147" type="checkmark"
		sealts="358b_1_1.363" work="pl" section="pl10" attribution="HM">
		<line c="555" h="68" n="1">
			<w x="461">With</w>
			<w x="615">spirits</w>
			<w x="875">masculine,</w>
			<w x="1036">create</w>
			<w x="1101">at</w>
			<w x="1202">last</w>
		</line>
		<line c="607" h="102" n="2">
			<w x="450">This</w>
			<w x="640">novelty</w>
			<w x="714">on</w>
			<w x="865">earth,</w>
			<w x="972">this</w>
			<w x="1068">fair</w>
			<w x="1231">defect</w>
		</line>
	</div>
	<div id="3" group="2" x="332" y="790" width="1148" height="158" type="xmark" type2="annotated"
		sealts="358b_1_1.363" work="pl" section="pl10" attribution="HM">
		<line c="838" h="52" n="5">
			<w x="410">Or</w>
			<w x="516">find</w>
			<w x="651">some</w>
			<w x="791">other</w>
			<w x="908">way</w>
			<w x="974">to</w>
			<w x="1192">generate</w>
		</line>
		<line c="898" h="61" n="6">
			<w x="586">Mankind?</w>
			<w x="724">This</w>
			<w x="940">mischief</w>
			<w x="1047">had</w>
			<w x="1142">not</w>
			<w x="1264">then</w>
			<w x="1472">
				<choice>
					<orig>befall'n,</orig>
					<reg>befallen,</reg>
				</choice>
			</w>
		</line>
	</div>
	<div id="4" group="3" x="136" y="2672" width="1928" height="152" type="annotation" type2="xmark"
		sealts="358b_1_1.363" work="pl" section="pl10" attribution="HM">
		<line n="1" h="152" c="2748">
			<w x="350">So</w>
			<w x="514">Sir</w>
			<w x="788">Thomas</w>
			<w x="1102">Browne</w>
			<w x="1236">&#8212;</w>
			<w x="1458">also</w>
			<w x="1736">Byron</w>
			<w x="2054">somewhere</w>
		</line>
	</div>
</body>
