<body>
	<div id="2" group="1" x="658" y="1844" width="620" height="76" type="underline"
		sealts="358b_2_2.068" work="pr" section="pr1" attribution="HM">
		<line c="1885" h="65" n="20">
			<w x="762">His</w>
			<w x="1032">
				<choice>
					<orig>first-begot</orig>
					<reg>first begot</reg>
					<reg>first</reg>
					<reg>begot</reg>
				</choice>
			</w>
			<w x="1114">we</w>
			<w x="1252">know</w>
		</line>
	</div>
	<div id="3" group="2" x="656" y="1992" width="646" height="66" type="underline"
		sealts="358b_2_2.068" work="pr" section="pr1" attribution="HM">
		<line c="2025" h="55" n="22">
			<w x="794">Who</w>
			<w x="894">this</w>
			<w x="962">is</w>
			<w x="1044">we</w>
			<w x="1180">must</w>
			<w x="1296">learn</w>
		</line>
	</div>
	<div id="4" group="3" x="652" y="2121" width="992" height="81" type="xmark"
		sealts="358b_2_2.068" work="pr" section="pr1" attribution="HM">
		<line c="2172" h="63" n="24">
			<w x="760">The</w>
			<w x="983">glimpses</w>
			<w x="1048">of</w>
			<w x="1139">his</w>
			<w x="1337">father's</w>
			<w x="1480">glory</w>
			<w x="1637">shine.</w>
		</line>
	</div>
</body>
