<body>
	<div id="2" group="1" x="618" y="1897" width="1204" height="151" type="score"
		sealts="358b_2_2.238" work="com" attribution="HM">
		<line c="1941" h="68" n="21">
			<w x="808">
				<choice>
					<orig>COM.</orig>
					<reg>Comus</reg>
				</choice>
			</w>
			<w x="861">I</w>
			<w x="1009">know</w>
			<w x="1134">each</w>
			<w x="1263">lane,</w>
			<w x="1367">and</w>
			<w x="1514">every</w>
			<w x="1647">alley</w>
			<w x="1810">green,</w>
		</line>
		<line c="2008" h="62" n="22">
			<w x="784">Dingle</w>
			<w x="850">or</w>
			<w x="1005">bushy</w>
			<w x="1109">dell</w>
			<w x="1179">of</w>
			<w x="1274">this</w>
			<w x="1395">wild</w>
			<w x="1552">wood,</w>
		</line>
	</div>
</body>
