<body>
	<div id="2" group="1" x="279" y="1495" width="1099" height="82" type="checkmark"
		sealts="358b_2_2.121" work="pr" section="pr3" attribution="HM">
		<line c="1543" h="59" n="15">
			<w x="414">Long</w>
			<w x="480">in</w>
			<w x="742">preparing,</w>
			<w x="870">soon</w>
			<w x="938">to</w>
			<w x="1140">nothing</w>
			<w x="1359">brought,</w>
		</line>
	</div>
	<div id="3" group="2" x="272" y="1782" width="1088" height="84" type="underline"
		sealts="358b_2_2.121" work="pr" section="pr3" attribution="HM">
		<line c="1832" h="57" n="19">
			<w x="520">Plausible</w>
			<w x="592">to</w>
			<w x="688">the</w>
			<w x="858">world,</w>
			<w x="924">to</w>
			<w x="1020">me</w>
			<w x="1182">worth</w>
			<w x="1354">naught.</w>
		</line>
	</div>
	<div id="4" group="3" x="976" y="2296" width="306" height="76" type="underline"
		sealts="358b_2_2.121" work="pr" section="pr3" attribution="HM">
		<line c="2338" h="59" n="26">
			<w x="1274">cumbersome</w>
		</line>
	</div>
	<div id="5" group="4" x="264" y="2374" width="1124" height="147" type="checkmark"
		sealts="358b_2_2.121" work="pr" section="pr3" attribution="HM">
		<line c="2408" h="69" n="27">
			<w x="495">Luggage</w>
			<w x="568">of</w>
			<w x="684">war</w>
			<w x="828">there</w>
			<w x="1005">shown</w>
			<w x="1110">me,</w>
		</line>
		<div id="6" group="4" x="280" y="2374" width="252" height="74" type="underline"
			sealts="358b_2_2.121" work="pr" section="pr3" attribution="HM">
			<line c="2408" h="69" n="27">
				<blank x="1122"/>
				<w x="1366">argument</w>
			</line>
			<line c="2486" h="67" n="28">
				<w x="374">Of</w>
				<w x="562">human</w>
				<w x="802">weakness</w>
				<w x="968">rather</w>
				<w x="1100">than</w>
				<w x="1172">of</w>
				<w x="1382">strength.</w>
			</line>
		</div>
	</div>
</body>
