<body>
	<div id="2" group="1" x="596" y="532" width="1288" height="908" type="score" type2="annotated"
		sealts="358b_1_b102" mode="commentary" section="life" attribution="HM">
		<line c="569" h="52" n="1">
			<w x="763">monies,</w>
			<w x="819">or</w>
			<w x="872">to</w>
			<w x="940">be</w>
			<w x="1147">illustrated</w>
			<w x="1218">by</w>
			<w x="1303">any</w>
			<w x="1431">stated</w>
			<w x="1562">forms</w>
			<w x="1628">of</w>
			<w x="1778">prayer.</w>
			<w x="1865">It</w>
		</line>
		<line c="627" h="49" n="2">
			<w x="688">was</w>
			<w x="736">to</w>
			<w x="851">dwell</w>
			<w x="969">alone</w>
			<w x="1018">in</w>
			<w x="1081">its</w>
			<w x="1177">holy</w>
			<w x="1428">meditations,</w>
			<w x="1628">cloistered</w>
			<w x="1728">from</w>
			<w x="1866">public</w>
		</line>
		<line c="691" h="56" n="3">
			<w x="720">gaze,</w>
			<w x="802">and</w>
			<w x="985">secluded</w>
			<w x="1119">within</w>
			<w x="1195">the</w>
			<w x="1373">humbler</w>
			<w x="1579">sanctuary</w>
			<w x="1634">of</w>
			<w x="1703">the</w>
			<w x="1868">adoring</w>
		</line>
		<line c="745" h="47" n="4">
			<w x="727">heart.</w>
			<w x="820">If</w>
			<w x="897">the</w>
			<w x="1064">believer</w>
			<w x="1141">felt</w>
			<w x="1192">it</w>
			<w x="1243">to</w>
			<w x="1303">be</w>
			<w x="1384">his</w>
			<w x="1494">duty</w>
			<w x="1547">to</w>
			<w x="1691">attach</w>
			<w x="1866">himself</w>
		</line>
		<line c="809" h="57" n="5">
			<w x="652">to</w>
			<w x="738">any</w>
			<w x="941">particular</w>
			<w x="1113">church,</w>
			<w x="1213">that</w>
			<w x="1374">church</w>
			<w x="1462">was</w>
			<w x="1520">to</w>
			<w x="1592">be</w>
			<w x="1866">unconnected</w>
		</line>
		<line c="867" h="43" n="6">
			<w x="701">with</w>
			<w x="785">the</w>
			<w x="909">state.</w>
			<w x="1042">The</w>
			<w x="1254">ministers,</w>
			<w x="1312">if</w>
			<w x="1420">such</w>
			<w x="1531">were</w>
			<w x="1758">necessary,</w>
			<w x="1869">were</w>
		</line>
		<line c="929" h="56" n="7">
			<w x="652">to</w>
			<w x="728">be</w>
			<w x="1012">unpensioned,</w>
			<w x="1187">perhaps</w>
			<w x="1343">unpaid</w>
			<w x="1413">by</w>
			<w x="1528">their</w>
			<w x="1869">congregations."</w>
		</line>
		<line c="985" h="47" n="8">
			<w x="697">The</w>
			<w x="930">sacraments</w>
			<w x="1038">were</w>
			<w x="1091">to</w>
			<w x="1151">be</w>
			<w x="1431">administered,</w>
			<w x="1520">and</w>
			<w x="1593">the</w>
			<w x="1691">rites</w>
			<w x="1746">of</w>
			<w x="1869">burial</w>
		</line>
		<line c="1049" h="54" n="9">
			<w x="685">and</w>
			<w x="864">baptism</w>
			<w x="1098">performed,</w>
			<w x="1171">by</w>
			<w x="1321">private</w>
			<w x="1419">and</w>
			<w x="1521">laic</w>
			<w x="1673">hands.</w>
			<w x="1870">Instead</w>
		</line>
		<line c="1109" h="53" n="10">
			<w x="656">of</w>
			<w x="845">receiving</w>
			<w x="1071">instruction</w>
			<w x="1172">from</w>
			<w x="1248">the</w>
			<w x="1444">preacher,</w>
			<w x="1548">each</w>
			<w x="1767">individual,</w>
			<w x="1870">even</w>
		</line>
		<line c="1168" h="52" n="11">
			<w x="674">the</w>
			<w x="874">weakest,</w>
			<w x="1098">according</w>
			<w x="1166">to</w>
			<w x="1258">the</w>
			<w x="1451">measure</w>
			<w x="1522">of</w>
			<w x="1603">his</w>
			<w x="1728">gifts,</w>
			<w x="1872">might</w>
		</line>
		<line c="1226" h="48" n="12">
			<w x="766">instruct</w>
			<w x="852">and</w>
			<w x="992">exhort</w>
			<w x="1076">his</w>
			<w x="1298">brethren.</w>
			<w x="1410">The</w>
			<w x="1598">opinions</w>
			<w x="1808">advanced</w>
			<w x="1871">in</w>
		</line>
		<line c="1287" h="52" n="13">
			<w x="686">this</w>
			<w x="807">work</w>
			<w x="932">differ</w>
			<w x="1011">not</w>
			<w x="1114">only</w>
			<w x="1257">widely</w>
			<w x="1363">from</w>
			<w x="1486">those</w>
			<w x="1554">of</w>
			<w x="1631">the</w>
			<w x="1803">Church</w>
			<w x="1869">of</w>
		</line>
		<line c="1349" h="55" n="14">
			<w x="795">England,</w>
			<w x="887">but,</w>
			<w x="926">I</w>
			<w x="1097">believe,</w>
			<w x="1212">from</w>
			<w x="1282">all</w>
			<w x="1367">the</w>
			<w x="1568">sectarian</w>
			<w x="1771">churches</w>
			<w x="1872">that</w>
		</line>
	</div>
	<div id="3" group="2" x="110" y="610" width="422" height="288" type="annotation"
		sealts="358b_1_b102" mode="commentary" section="life" attribution="HM">
		<line n="1" h="143" c="706">
			<w x="202">A</w>
			<w x="482">singular</w>
		</line>
		<line n="2" h="144" c="828">
			<w x="510">coincidence</w>
		</line>
	</div>
</body>
