<body>
	<div id="2" group="1" x="263" y="2130" width="1125" height="222" type="score"
		sealts="358b_1_1.291" work="pl" section="pl9" attribution="HM">
		<line c="2179" h="66" n="24">
			<w x="475">Wouldst</w>
			<w x="598">thou</w>
			<w x="798">approve</w>
			<w x="898">thy</w>
			<w x="1164">constancy,</w>
			<w x="1367">approve</w>
		</line>
		<line c="2248" h="59" n="25">
			<w x="388">First</w>
			<w x="486">thy</w>
			<w x="762">obedience;</w>
			<w x="859">
				<choice>
					<orig>th'</orig>
					<reg>the</reg>
				</choice>
			</w>
			<w x="1002">other</w>
			<w x="1121">who</w>
			<w x="1220">can</w>
			<w x="1383">know,</w>
		</line>
		<line c="2320" h="61" n="26">
			<w x="365">Not</w>
			<w x="529">seeing</w>
			<w x="647">thee</w>
			<w x="917">attempted,</w>
			<w x="1038">who</w>
			<w x="1221">attest?</w>
		</line>
	</div>
</body>
