<body>
	<div id="2" group="1" x="624" y="830" width="1075" height="82" type="score"
		sealts="358b_1_1.188" work="pl" section="pl5" attribution="HM">
		<line c="878" h="64" n="6">
			<w x="755">So</w>
			<w x="902">
				<choice>
					<orig>spake</orig>
					<reg>spoke</reg>
				</choice>
			</w>
			<w x="994">the</w>
			<w x="1161">seraph</w>
			<w x="1331">Abdiel</w>
			<w x="1519">faithful</w>
			<w x="1683">found,</w>
		</line>
	</div>
	<div id="3" group="1" x="617" y="918" width="1231" height="707" type="score2"
		sealts="358b_1_1.188" work="pl" section="pl5" attribution="HM">
		<line c="951" h="62" n="7">
			<w x="801">Among</w>
			<w x="890">the</w>
			<w x="1099">faithless</w>
			<w x="1284">faithful</w>
			<w x="1403">only</w>
			<w x="1502">he:</w>
		</line>
		<line c="1013" h="72" n="8">
			<w x="799">Among</w>
			<w x="1099">innumerable</w>
			<w x="1225">false</w>
			<w x="1455">
				<choice>
					<orig>unmov'd,</orig>
					<reg>unmoved,</reg>
				</choice>
			</w>
		</line>
		<line c="1083" h="79" n="9">
			<w x="876">Unshaken,</w>
			<w x="1141">
				<choice>
					<orig>unseduc'd,</orig>
					<reg>unseduced,</reg>
				</choice>
			</w>
			<w x="1423">
				<choice>
					<orig>unterrify'd,</orig>
					<reg>unterrified,</reg>
				</choice>
			</w>
		</line>
		<line c="1157" h="71" n="10">
			<w x="711">His</w>
			<w x="890">loyalty</w>
			<w x="962">he</w>
			<w x="1097">kept,</w>
			<w x="1183">his</w>
			<w x="1312">love,</w>
			<w x="1398">his</w>
			<w x="1537">zeal;</w>
		</line>
		<line c="1232" h="75" n="11">
			<w x="718">Nor</w>
			<w x="923">number,</w>
			<w x="1017">nor</w>
			<w x="1227">example</w>
			<w x="1353">with</w>
			<w x="1458">him</w>
			<w x="1675">wrought</w>
		</line>
		<line c="1298" h="77" n="12">
			<w x="699">To</w>
			<w x="878">swerve</w>
			<w x="1003">from</w>
			<w x="1150">truth,</w>
			<w x="1220">or</w>
			<w x="1399">change</w>
			<w x="1484">his</w>
			<w x="1698">constant</w>
			<w x="1832">mind</w>
		</line>
		<line c="1376" h="69" n="13">
			<w x="810">Though</w>
			<w x="974">single.</w>
			<w x="1162">From</w>
			<w x="1334">amidst</w>
			<w x="1469">them</w>
			<w x="1599">forth</w>
			<w x="1672">he</w>
			<w x="1846">
				<choice>
					<orig>pass'd,</orig>
					<reg>passed,</reg>
				</choice>
			</w>
		</line>
		<line c="1439" h="72" n="14">
			<w x="749">Long</w>
			<w x="864">way</w>
			<w x="1061">through</w>
			<w x="1232">hostile</w>
			<w x="1386">scorn,</w>
			<w x="1548">which</w>
			<w x="1621">he</w>
			<w x="1847">
				<choice>
					<orig>sustain'd</orig>
					<reg>sustained</reg>
				</choice>
			</w>
		</line>
		<line c="1516" h="69" n="15">
			<w x="831">Superior,</w>
			<w x="927">nor</w>
			<w x="990">of</w>
			<w x="1189">violence</w>
			<w x="1341">
				<choice>
					<orig>fear'd</orig>
					<reg>feared</reg>
				</choice>
			</w>
			<w x="1518">aught;</w>
		</line>
		<line c="1580" h="60" n="16">
			<w x="718">And</w>
			<w x="841">with</w>
			<w x="1043">retorted</w>
			<w x="1183">scorn</w>
			<w x="1267">his</w>
			<w x="1396">back</w>
			<w x="1471">he</w>
			<w x="1633">
				<choice>
					<orig>turn'd</orig>
					<reg>turned</reg>
				</choice>
			</w>
		</line>
	</div>
	<div id="3" group="1" x="616" y="1624" width="1215" height="71" type="score"
		sealts="358b_1_1.188" work="pl" section="pl5" attribution="HM">
		<line c="1657" h="62" n="17">
			<w x="693">On</w>
			<w x="831">those</w>
			<w x="981">proud</w>
			<w x="1142">
				<choice>
					<orig>tow'rs</orig>
					<reg>towers</reg>
				</choice>
			</w>
			<w x="1207">to</w>
			<w x="1343">swift</w>
			<w x="1619">destruction</w>
			<w x="1819">
				<choice>
					<orig>doom'd.</orig>
					<reg>doomed.</reg>
				</choice>
			</w>
		</line>
	</div>
</body>
