<body>
	<div id="2" group="1" x="286" y="1640" width="1046" height="66" type="score"
		sealts="358b_2_2.021" work="pl" section="pl11" attribution="HM">
		<line c="1681" h="61" n="17">
			<w x="426">More</w>
			<w x="621">terrible</w>
			<w x="690">at</w>
			<w x="772">
				<choice>
					<orig>th'</orig>
					<reg>the</reg>
				</choice>
			</w>
			<w x="1000">entrance</w>
			<w x="1129">than</w>
			<w x="1319">within.</w>
		</line>
	</div>
	<div id="3" group="2" x="302" y="1852" width="1282" height="366" type="score"
		sealts="358b_2_2.021" work="pl" section="pl11" attribution="HM">
		<line c="1894" h="57" n="20">
			<w x="353">In</w>
			<w x="513">meats</w>
			<w x="620">and</w>
			<w x="804">drinks,</w>
			<w x="972">which</w>
			<w x="1050">on</w>
			<w x="1146">the</w>
			<w x="1291">earth</w>
			<w x="1422">shall</w>
			<w x="1566">bring</w>
		</line>
		<line c="1965" h="51" n="21">
			<w x="509">Diseases</w>
			<w x="637">dire,</w>
			<w x="711">of</w>
			<w x="882">which</w>
			<w x="929">a</w>
			<w x="1193">monstrous</w>
			<w x="1332">crew</w>
		</line>
		<line c="2038" h="57" n="22">
			<w x="460">Before</w>
			<w x="583">thee</w>
			<w x="713">shall</w>
			<w x="921">appear;</w>
			<w x="1041">that</w>
			<w x="1159">thou</w>
			<w x="1334">
				<choice>
					<orig>may'st</orig>
					<reg>may</reg>
				</choice>
			</w>
			<w x="1487">know</w>
		</line>
		<line c="2109" h="59" n="23">
			<w x="435">What</w>
			<w x="613">misery</w>
			<w x="696">
				<choice>
					<orig>th'</orig>
					<reg>the</reg>
				</choice>
			</w>
			<w x="1014">inabstinence</w>
			<w x="1087">of</w>
			<w x="1209">Eve</w>
		</line>
		<line c="2182" h="59" n="24">
			<w x="423">Shall</w>
			<w x="568">bring</w>
			<w x="646">on</w>
			<w x="782">men.</w>
			<w x="1149">Immediately</w>
			<w x="1198">a</w>
			<w x="1341">place</w>
		</line>
	</div>
</body>
