<body>
	<div id="2" group="1" x="276" y="476" width="1048" height="218" type="score"
		sealts="358b_2_2.239" work="com" attribution="HM">
		<line c="512" h="67" n="1">
			<w x="378">And</w>
			<w x="524">every</w>
			<w x="678">bosky</w>
			<w x="830">bourn</w>
			<w x="957">from</w>
			<w x="1065">side</w>
			<w x="1131">to</w>
			<w x="1253">side,</w>
		</line>
		<line c="588" h="58" n="2">
			<w x="361">My</w>
			<w x="493">daily</w>
			<w x="646">walks</w>
			<w x="748">and</w>
			<w x="939">ancient</w>
			<w x="1319">
				<choice>
					<orig>neighbourhood;</orig>
					<reg>neighborhood;</reg>
				</choice>
			</w>
		</line>
		<line c="659" h="60" n="3">
			<w x="380">And</w>
			<w x="436">if</w>
			<w x="554">your</w>
			<w x="948">
				<choice>
					<orig>stray-attendants</orig>
					<reg>stray attendants</reg>
					<reg>stray</reg>
					<reg>attendants</reg>
				</choice>
			</w>
			<w x="1022">be</w>
			<w x="1116">yet</w>
			<w x="1278">
				<choice>
					<orig>lodg'd</orig>
					<reg>lodged</reg>
				</choice>
			</w>
		</line>
	</div>
</body>
