<body>
	<div id="2" group="1" x="584" y="700" width="946" height="84" type="score" sealts="358b_1_1.088"
		work="pl" section="pl3" attribution="HM">
		<line c="740" h="81" n="4">
			<w x="680">He</w>
			<w x="808">with</w>
			<w x="892">his</w>
			<w x="1052">whole</w>
			<w x="1281">posterity</w>
			<w x="1416">must</w>
			<w x="1520">die,</w>
		</line>
	</div>
	<div id="3" group="2" x="586" y="1632" width="1176" height="146" type="score"
		sealts="358b_1_1.088" work="pl" section="pl3" attribution="HM">
		<line c="1672" h="61" n="17">
			<w x="693">And</w>
			<w x="813">now</w>
			<w x="1017">without</w>
			<w x="1303">redemption</w>
			<w x="1379">all</w>
			<w x="1605">mankind</w>
		</line>
		<line c="1743" h="62" n="18">
			<w x="717">Must</w>
			<w x="844">have</w>
			<w x="976">been</w>
			<w x="1093">lost,</w>
			<w x="1317">
				<choice>
					<orig>adjudg'd</orig>
					<reg>adjudged</reg>
				</choice>
			</w>
			<w x="1384">to</w>
			<w x="1535">death</w>
			<w x="1639">and</w>
			<w x="1747">hell</w>
		</line>
	</div>
</body>
