<body>
	<div id="2" group="1" x="632" y="478" width="1216" height="218" type="score" type2="checkmark"
		sealts="358b_1_1.254" work="pl" section="pl8" attribution="HM">
		<line c="527" h="59" n="1">
			<w x="848">Grateful</w>
			<w x="1134">digressions,</w>
			<w x="1238">and</w>
			<w x="1374">solve</w>
			<w x="1496">high</w>
			<w x="1683">dispute</w>
		</line>
		<line c="597" h="59" n="2">
			<w x="770">With</w>
			<w x="981">conjugal</w>
			<w x="1208">caresses;</w>
			<w x="1338">from</w>
			<w x="1419">his</w>
			<w x="1496">lip</w>
		</line>
		<line c="666" h="58" n="3">
			<w x="740">Not</w>
			<w x="895">words</w>
			<w x="1037">alone</w>
			<w x="1219">
				<choice>
					<orig>pleas'd</orig>
					<reg>pleased</reg>
				</choice>
			</w>
			<w x="1327">her.</w>
			<w x="1431">O</w>
			<w x="1581">when</w>
			<w x="1718">meet</w>
			<w x="1836">now</w>
		</line>
	</div>
</body>
