<body>
	<div id="2" group="1" x="250" y="1690" width="424" height="102" type="underline"
		sealts="358b_2_2.359" work="sonnets" attribution="HM">
		<line c="1751" h="54" n="16">
			<w x="362">To</w>
			<w x="584">measure</w>
			<w x="666">life</w>
		</line>
	</div>
	<div id="3" group="2" x="296" y="1786" width="1175" height="88" type="underline"
		sealts="358b_2_2.359" work="sonnets" attribution="HM">
		<line c="1827" h="60" n="17">
			<w x="538">Toward</w>
			<w x="662">solid</w>
			<w x="786">good</w>
			<w x="916">what</w>
			<w x="1050">leads</w>
			<w x="1140">the</w>
			<w x="1324">nearest</w>
			<w x="1462">way;</w>
		</line>
	</div>
	<div id="4" group="3" x="270" y="1934" width="1254" height="226" type="arcedscore"
		sealts="358b_2_2.359" work="sonnets" attribution="HM">
		<line c="1971" h="58" n="19">
			<w x="377">And</w>
			<w x="670">disapproves</w>
			<w x="786">that</w>
			<w x="917">care,</w>
			<w x="1103">though</w>
			<w x="1230">wise</w>
			<w x="1296">in</w>
			<w x="1449">show,</w>
		</line>
		<line c="2042" h="59" n="20">
			<w x="459">That</w>
			<w x="587">with</w>
			<w x="871">superfluous</w>
			<w x="1055">burden</w>
			<w x="1195">loads</w>
			<w x="1290">the</w>
			<w x="1410">day,</w>
		</line>
		<line c="2111" h="53" n="21">
			<w x="452">And,</w>
			<w x="604">when</w>
			<w x="726">God</w>
			<w x="875">sends</w>
			<w x="921">a</w>
			<w x="1131">cheerful</w>
			<w x="1272">hour,</w>
			<w x="1485">refrains.</w>
		</line>
	</div>
</body>
