<body>
	<div id="2" group="1" x="1654" y="1158" width="384" height="340" type="annotation"
		sealts="358b_2_2.107" work="pr" section="pr3" attribution="HM">
		<line n="1" h="173" c="1276">
			<w x="1874">Young</w>
		</line>
		<line n="2" h="174" c="1422">
			<w x="2014">men</w>
		</line>
	</div>
	<div id="3" group="2" x="273" y="1211" width="1182" height="348" type="score" type2="annotated"
		sealts="358b_2_2.107" work="pr" section="pr3" attribution="HM">
		<line c="1253" h="58" n="11">
			<w x="361">Of</w>
			<w x="656">Macedonian</w>
			<w x="814">Philip</w>
			<w x="915">had</w>
			<w x="1009">ere</w>
			<w x="1150">these</w>
		</line>
		<line c="1323" h="58" n="12">
			<w x="408">Won</w>
			<w x="540">Asia,</w>
			<w x="644">and</w>
			<w x="735">the</w>
			<w x="906">throne</w>
			<w x="977">of</w>
			<w x="1133">Cyrus</w>
			<w x="1254">held</w>
		</line>
		<line c="1395" h="64" n="13">
			<w x="355">At</w>
			<w x="438">his</w>
			<w x="652">dispose;</w>
			<w x="827">young</w>
			<w x="990">Scipio</w>
			<w x="1092">had</w>
			<w x="1293">brought</w>
			<w x="1440">down</w>
		</line>
		<line c="1466" h="64" n="14">
			<w x="394">The</w>
			<w x="719">Carthaginian</w>
			<w x="881">pride;</w>
			<w x="1055">young</w>
			<w x="1265">Pompey</w>
			<w x="1441">
				<choice>
					<orig>quell'd</orig>
					<reg>quelled</reg>
				</choice>
			</w>
		</line>
		<line c="1538" h="64" n="15">
			<w x="393">The</w>
			<w x="565">Pontic</w>
			<w x="698">king,</w>
			<w x="805">and</w>
			<w x="868">in</w>
			<w x="1093">triumph</w>
			<w x="1305">rode.</w>
		</line>
	</div>
	<div id="4" group="3" x="292" y="1574" width="1105" height="141" type="score"
		sealts="358b_2_2.107" work="pr" section="pr3" attribution="HM">
		<line c="1614" h="66" n="16">
			<w x="382">Yet</w>
			<w x="534">years,</w>
			<w x="639">and</w>
			<w x="704">to</w>
			<w x="809">ripe</w>
			<w x="951">years</w>
			<w x="1194">judgment</w>
			<w x="1390">mature,</w>
		</line>
		<line c="1680" h="63" n="17">
			<w x="479">Quench</w>
			<w x="574">not</w>
			<w x="665">the</w>
			<w x="810">thirst</w>
			<w x="878">of</w>
			<w x="1024">glory,</w>
			<w x="1125">but</w>
			<w x="1357">augment.</w>
		</line>
	</div>
</body>
