<body>
	<div id="2" group="1" x="644" y="1552" width="1110" height="96" type="checkmark"
		sealts="358b_2_2.080" work="pr" section="pr1" attribution="HM">
		<line c="1608" h="70" n="16">
			<w x="717">Or</w>
			<w x="953">virtuous;</w>
			<div id="3" group="1" x="966" y="1563" width="780" height="75" type="underline"
				sealts="358b_2_2.080" work="pr" section="pr1" attribution="HM">
				<w x="1032">I</w>
				<w x="1202">should</w>
				<w x="1270">so</w>
				<w x="1398">have</w>
				<w x="1512">lost</w>
				<w x="1584">all</w>
				<w x="1740">sense.</w>
			</div>
		</line>
	</div>
</body>
