<body>
	<div id="2" group="1" x="347" y="2067" width="875" height="141" type="score"
		sealts="358b_2_2.287" work="ilpen" attribution="HM">
		<line c="2103" h="56" n="23">
			<w x="440">Till</w>
			<w x="532">old</w>
			<w x="807">experience</w>
			<w x="885">do</w>
			<w x="1042">attain</w>
		</line>
		<line c="2175" h="57" n="24">
			<w x="422">To</w>
			<w x="687">something</w>
			<w x="794">like</w>
			<w x="1037">prophetic</w>
			<w x="1205">strain.</w>
		</line>
	</div>
</body>
