<body>
	<div id="2" group="1" x="355" y="904" width="1197" height="85" type="crosschecks3"
		sealts="358b_1_1.175" work="pl" section="pl5" attribution="HM">
		<line c="950" h="58" n="7">
			<w x="483">High</w>
			<w x="658">matter</w>
			<w x="783">thou</w>
			<w x="1003">
				<choice>
					<orig>enjoin'st</orig>
					<reg>enjoinest</reg>
				</choice>
			</w>
			<w x="1106">me,</w>
			<w x="1172">O</w>
			<w x="1327">prime</w>
			<w x="1406">of</w>
			<w x="1543">men,</w>
		</line>
	</div>
	<div id="3" group="2" x="298" y="1692" width="1244" height="208" type="score"
		sealts="358b_1_1.175" work="pl" section="pl5" attribution="HM">
		<line c="1730" h="60" n="18">
			<w x="363">As</w>
			<w x="484">may</w>
			<w x="678">express</w>
			<w x="819">them</w>
			<w x="960">best;</w>
			<w x="1155">though</w>
			<w x="1297">what</w>
			<w x="1354">if</w>
			<w x="1501">earth</w>
		</line>
		<line c="1803" h="65" n="19">
			<div id="4" group="2" x="300" y="1750" width="722" height="85" type="underline"
				sealts="358b_1_1.175" work="pl" section="pl5" attribution="HM">
				<w x="384">Be</w>
				<w x="486">but</w>
				<w x="584">the</w>
				<w x="776">shadow</w>
				<w x="850">of</w>
				<w x="1013">heaven;</w>
			</div>
			<w x="1153">and</w>
			<w x="1317">things</w>
			<w x="1506">therein</w>
		</line>
		<line c="1863" h="70" n="20">
			<w x="425">Each</w>
			<w x="492">to</w>
			<w x="618">other</w>
			<w x="776">like,</w>
			<w x="896">more</w>
			<w x="1022">than</w>
			<w x="1098">on</w>
			<w x="1241">earth</w>
			<w x="1297">is</w>
			<w x="1535">thought?</w>
		</line>
	</div>
</body>
