<body>
	<div id="2" group="1" x="252" y="1294" width="1308" height="486" type="score"
		sealts="358b_1_b077" mode="commentary" section="life" attribution="HM">
		<line c="1326" h="48" n="14">
			<w x="445">Miltono</w>
			<w x="578">facem</w>
			<w x="891">praelucentium;'</w>
			<w x="989">and</w>
			<w x="1048">of</w>
			<w x="1269">remarking</w>
			<w x="1393">(after</w>
			<w x="1549">having</w>
		</line>
		<line c="1384" h="47" n="15">
			<w x="444">perused</w>
			<w x="520">the</w>
			<w x="657">poems</w>
			<w x="792">which</w>
			<w x="891">they</w>
			<w x="1070">contain)</w>
			<w x="1165">that</w>
			<w x="1270">little</w>
			<w x="1397">doubt</w>
			<w x="1482">can</w>
			<w x="1549">be</w>
		</line>
		<line c="1443" h="45" n="16">
			<w x="525">entertained,</w>
			<w x="607">but</w>
			<w x="699">that</w>
			<w x="845">Milton</w>
			<w x="933">was</w>
			<w x="1172">acquainted</w>
			<w x="1274">with</w>
			<w x="1359">the</w>
			<w x="1549">Adamus</w>
		</line>
		<line c="1503" h="45" n="17">
			<w x="402">Exsul</w>
			<w x="461">of</w>
			<w x="633">Grotius,</w>
			<w x="723">and</w>
			<w x="907">probably</w>
			<w x="1009">with</w>
			<w x="1085">the</w>
			<w x="1224">poetry</w>
			<w x="1283">of</w>
			<w x="1460">Ramsay</w>
			<w x="1547">and</w>
		</line>
		<line c="1563" h="46" n="18">
			<w x="485">Masenius.</w>
			<w x="658">Those</w>
			<w x="754">who</w>
			<w x="831">are</w>
			<w x="990">curious</w>
			<w x="1049">on</w>
			<w x="1122">the</w>
			<w x="1274">subject</w>
			<w x="1369">may</w>
			<w x="1546">compare</w>
		</line>
		<line c="1623" h="46" n="19">
			<w x="351">the</w>
			<w x="489">poems</w>
			<w x="546">of</w>
			<w x="715">Ramsay</w>
			<w x="816">with</w>
			<w x="892">the</w>
			<w x="1124">description</w>
			<w x="1182">of</w>
			<w x="1251">the</w>
			<w x="1422">creation</w>
			<w x="1473">in</w>
			<w x="1547">the</w>
		</line>
		<line c="1681" h="45" n="20">
			<w x="438">seventh</w>
			<w x="559">book,</w>
			<w x="648">and</w>
			<w x="724">the</w>
			<w x="865">drama</w>
			<w x="921">of</w>
			<w x="1079">Grotius</w>
			<w x="1181">with</w>
			<w x="1257">the</w>
			<w x="1491">temptation</w>
			<w x="1547">in</w>
		</line>
		<line c="1742" h="46" n="21">
			<w x="350">the</w>
			<w x="492">ninth;</w>
			<w x="602">and,</w>
			<w x="661">if</w>
			<w x="830">familiar</w>
			<w x="937">with</w>
			<w x="1020">the</w>
			<w x="1221">language</w>
			<w x="1287">of</w>
			<w x="1446">Milton,</w>
			<w x="1547">they</w>
		</line>
	</div>
</body>
