<body>
	<div id="2" group="1" x="590" y="492" width="1252" height="138" type="checkmark"
		type2="annotated" sealts="358b_1_1.166" work="pl" section="pl5" attribution="HM">
		<line c="533" h="60" n="1">
			<w x="764">Comes</w>
			<w x="867">this</w>
			<w x="985">way</w>
			<w x="1188">moving,</w>
		</line>
		<div id="3" group="1" x="590" y="492" width="484" height="74" type="underline"
			sealts="358b_1_1.166" work="pl" section="pl5" attribution="HM">
			<line c="533" h="60" n="1">
				<blank x="1206"/>
				<w x="1364">seems</w>
				<w x="1564">another</w>
				<w x="1688">morn</w>
			</line>
			<line c="602" h="60" n="2">
				<w x="740">
					<choice>
						<orig>Ris'n</orig>
						<reg>Risen</reg>
					</choice>
				</w>
				<w x="822">on</w>
				<w x="1062">
					<choice>
						<orig>mid-noon;</orig>
						<reg>mid noon;</reg>
						<reg>mid</reg>
						<reg>noon;</reg>
					</choice>
				</w>
			</line>
		</div>
		<line c="602" h="60" n="2">
			<w x="1218">some</w>
			<w x="1361">great</w>
			<w x="1564">behest</w>
			<w x="1660">from</w>
			<w x="1834">
				<choice>
					<orig>heav'n</orig>
					<reg>heaven</reg>
				</choice>
			</w>
		</line>
	</div>
	<div id="4" group="2" x="856" y="2126" width="706" height="68" type="underline"
		sealts="358b_1_1.166" work="pl" section="pl5" attribution="HM">
		<line c="2165" h="65" n="24">
			<w x="938">on</w>
			<w x="1196">hospitable</w>
			<w x="1422">thoughts</w>
			<w x="1556">intent</w>
		</line>
	</div>
	<div id="5" group="3" x="142" y="538" width="244" height="144" type="annotation"
		sealts="358b_1_1.166" work="pl" section="pl5" attribution="HM">
		<line n="1" h="144" c="610">
			<w x="382">Dante</w>
		</line>
	</div>
</body>
