<body>
	<div id="2" group="1" x="614" y="2067" width="1285" height="146" type="xmark" type2="annotated"
		sealts="358b_2_2.152" work="samag" attribution="HM">
		<line c="2177" h="65" n="20">
			<w x="843">scripture,</w>
			<w x="888">1</w>
			<w x="1017">
				<choice>
					<orig>Cor.</orig>
					<reg>Corinthians</reg>
				</choice>
			</w>
			<w x="1121">xv.</w>
			<w x="1233">33;</w>
			<w x="1335">and</w>
			<w x="1556">Paraeus,</w>
			<w x="1874">commenting</w>
		</line>
	</div>
	<div id="3" group="2" x="434" y="2640" width="1686" height="194" type="annotation" type2="xmark"
		sealts="358b_2_2.152" work="samag" attribution="HM">
		<line n="1" h="194" c="2744">
			<w x="696">"Evil</w>
			<w x="1374">communications</w>
			<w x="1686">corrupt</w>
			<w x="1860">good</w>
			<w x="2114">manners"</w>
		</line>
	</div>
</body>
