<body>
	<div id="2" group="1" x="308" y="488" width="1134" height="145" type="checkmark"
		sealts="358b_2_2.079" work="pr" section="pr1" attribution="HM">
		<line c="532" h="61" n="1">
			<w x="429">Live</w>
			<w x="507">on</w>
			<w x="662">tough</w>
			<w x="798">roots</w>
			<w x="904">and</w>
			<w x="1062">stubs,</w>
			<w x="1131">to</w>
			<w x="1279">thirst</w>
			<w x="1439">
				<choice>
					<orig>inur'd</orig>
					<reg>inured</reg>
				</choice>
			</w>
		</line>
		<line c="602" h="56" n="2">
			<w x="443">More</w>
			<w x="569">than</w>
			<w x="664">the</w>
			<w x="839">camel,</w>
			<w x="947">and</w>
			<w x="1018">to</w>
			<w x="1166">drink</w>
			<w x="1243">go</w>
			<w x="1342">far,</w>
		</line>
	</div>
</body>
