<body>
	<div id="2" group="1" x="264" y="630" width="1218" height="860" type="score"
		sealts="358b_1_1.275" work="pl" section="pl8" attribution="HM">
		<line c="676" h="66" n="3">
			<w x="427">To</w>
			<w x="591">whom</w>
			<w x="686">the</w>
			<w x="834">angel</w>
			<w x="962">with</w>
			<w x="1008">a</w>
			<w x="1151">smile</w>
			<w x="1268">that</w>
			<w x="1448">
				<choice>
					<orig>glow'd</orig>
					<reg>glowed</reg>
				</choice>
			</w>
		</line>
		<line c="745" h="65" n="4">
			<w x="503">Celestial</w>
			<w x="623">rosy</w>
			<w x="733">red,</w>
			<w x="889">love's</w>
			<w x="1063">proper</w>
			<w x="1182">hue,</w>
		</line>
		<line c="811" h="55" n="5">
			<w x="535">
				<choice>
					<orig>Answer'd.</orig>
					<reg>Answered.</reg>
				</choice>
			</w>
			<w x="688">Let</w>
			<w x="743">it</w>
			<w x="911">suffice</w>
			<w x="1033">thee</w>
			<w x="1145">that</w>
			<w x="1266">thou</w>
			<w x="1472">know'st</w>
		</line>
		<line c="889" h="68" n="6">
			<w x="359">Us</w>
			<w x="537">happy,</w>
			<w x="643">and</w>
			<w x="849">without</w>
			<w x="964">love</w>
			<w x="1041">no</w>
			<w x="1304">happiness.</w>
		</line>
		<line c="959" h="69" n="7">
			<w x="526">Whatever</w>
			<w x="648">pure</w>
			<w x="776">thou</w>
			<w x="841">in</w>
			<w x="936">the</w>
			<w x="1073">body</w>
			<w x="1294">
				<choice>
					<orig>enjoy'st,</orig>
					<reg>enjoyest</reg>
				</choice>
			</w>
		</line>
		<line c="1030" h="69" n="8">
			<w x="408">(And</w>
			<w x="522">pure</w>
			<w x="639">thou</w>
			<w x="773">wert</w>
			<w x="1002">created,)</w>
			<w x="1093">We</w>
			<w x="1244">enjoy</w>
		</line>
		<line c="1096" h="58" n="9">
			<w x="341">In</w>
			<w x="600">eminence,</w>
			<w x="707">and</w>
			<w x="918">obstacle</w>
			<w x="1028">find</w>
			<w x="1161">none</w>
		</line>
		<line c="1170" h="62" n="10">
			<w x="357">Of</w>
			<w x="643">membrane,</w>
			<w x="788">joint,</w>
			<w x="858">or</w>
			<w x="997">limb,</w>
			<w x="1236">exclusive</w>
			<w x="1381">bars:</w>
		</line>
		<line c="1243" h="65" n="11">
			<w x="442">Easier</w>
			<w x="567">than</w>
			<w x="651">air</w>
			<w x="779">with</w>
			<w x="875">air,</w>
			<w x="937">if</w>
			<w x="1104">spirits</w>
			<w x="1339">embrace,</w>
		</line>
		<line c="1315" h="67" n="12">
			<w x="419">Total</w>
			<w x="546">they</w>
			<w x="670">mix,</w>
			<w x="824">union</w>
			<w x="896">of</w>
			<w x="1025">pure</w>
			<w x="1155">with</w>
			<w x="1280">pure</w>
		</line>
		<line c="1386" h="67" n="13">
			<w x="517">Desiring;</w>
			<w x="629">nor</w>
			<w x="875">
				<choice>
					<orig>restrain'd</orig>
					<reg>restrained</reg>
				</choice>
			</w>
			<w x="1169">conveyance</w>
			<w x="1303">need</w>
		</line>
		<line c="1455" h="58" n="14">
			<w x="347">As</w>
			<w x="478">flesh</w>
			<w x="544">to</w>
			<w x="655">mix</w>
			<w x="784">with</w>
			<w x="927">flesh,</w>
			<w x="998">or</w>
			<w x="1110">soul</w>
			<w x="1241">with</w>
			<w x="1369">soul.</w>
		</line>
	</div>
	<div id="3" group="2" x="264" y="1702" width="808" height="80" type="underline"
		sealts="358b_1_1.275" work="pl" section="pl8" attribution="HM">
		<line c="1745" h="68" n="18">
			<w x="374">Be</w>
			<w x="548">strong,</w>
			<w x="656">live</w>
			<w x="836">happy,</w>
			<w x="942">and</w>
			<w x="1064">love!</w>
		</line>
	</div>
</body>
