<body>
	<div id="2" group="1" x="578" y="778" width="1202" height="1522" type="score"
		sealts="358b_2_2.116" work="pr" section="pr3" attribution="HM">
		<line c="818" h="58" n="5">
			<w x="763">Forest,</w>
			<w x="869">and</w>
			<w x="1002">field,</w>
			<w x="1110">and</w>
			<w x="1254">flood,</w>
			<w x="1473">temples,</w>
			<w x="1580">and</w>
			<w x="1770">towers,</w>
		</line>
		<line c="890" h="62" n="6">
			<w x="691">Cut</w>
			<w x="870">shorter</w>
			<w x="1017">many</w>
			<w x="1062">a</w>
			<w x="1255">league;</w>
			<w x="1388">here</w>
			<w x="1514">thou</w>
			<w x="1750">
				<choice>
					<orig>behold'st</orig>
					<reg>beheld</reg>
				</choice>
			</w>
		</line>
		<line c="964" h="63" n="7">
			<w x="773">Assyria</w>
			<w x="873">and</w>
			<w x="967">her</w>
			<w x="1180">empire's</w>
			<w x="1369">ancient</w>
			<w x="1564">bounds,</w>
		</line>
		<line c="1036" h="58" n="8">
			<w x="776">Araxes,</w>
			<w x="884">and</w>
			<w x="975">the</w>
			<w x="1183">Caspian</w>
			<w x="1312">lake,</w>
			<w x="1489">thence</w>
			<w x="1566">on</w>
		</line>
		<line c="1107" h="57" n="9">
			<w x="664">As</w>
			<w x="747">far</w>
			<w x="811">as</w>
			<w x="961">Indus</w>
			<w x="1088">east,</w>
			<w x="1353">Euphrates</w>
			<w x="1495">west,</w>
		</line>
		<line c="1178" h="61" n="10">
			<w x="700">And</w>
			<w x="782">oft</w>
			<w x="991">beyond;</w>
			<w x="1069">to</w>
			<w x="1212">south</w>
			<w x="1304">the</w>
			<w x="1499">Persian</w>
			<w x="1616">bay,</w>
		</line>
		<line c="1246" h="55" n="11">
			<w x="699">And</w>
			<w x="989">inaccessible</w>
			<w x="1083">the</w>
			<w x="1286">Arabian</w>
			<w x="1520">drought:</w>
		</line>
		<line c="1318" h="61" n="12">
			<w x="719">Here</w>
			<w x="949">Nineveh,</w>
			<w x="1021">of</w>
			<w x="1183">length</w>
			<w x="1352">within</w>
			<w x="1448">her</w>
			<w x="1567">wall</w>
		</line>
		<line c="1391" h="63" n="13">
			<w x="774">Several</w>
			<w x="913">days'</w>
			<w x="1123">journey,</w>
			<w x="1254">built</w>
			<w x="1330">by</w>
			<w x="1486">Ninus</w>
			<w x="1591">old,</w>
		</line>
		<line c="1464" h="60" n="14">
			<w x="669">Of</w>
			<w x="775">that</w>
			<w x="884">first</w>
			<w x="1057">golden</w>
			<w x="1305">monarchy</w>
			<w x="1398">the</w>
			<w x="1525">seat,</w>
		</line>
		<line c="1532" h="51" n="15">
			<w x="699">And</w>
			<w x="812">seat</w>
			<w x="880">of</w>
			<w x="1200">Salmanassar,</w>
			<w x="1370">whose</w>
			<w x="1561">success</w>
		</line>
		<line c="1609" h="60" n="16">
			<w x="732">Israel</w>
			<w x="795">in</w>
			<w x="913">long</w>
			<w x="1134">captivity</w>
			<w x="1239">still</w>
			<w x="1453">mourns;</w>
		</line>
		<line c="1680" h="61" n="17">
			<w x="747">There</w>
			<w x="977">Babylon,</w>
			<w x="1073">the</w>
			<w x="1266">wonder</w>
			<w x="1335">of</w>
			<w x="1409">all</w>
			<w x="1626">tongues,</w>
		</line>
		<line c="1751" h="60" n="18">
			<w x="666">As</w>
			<w x="867">ancient,</w>
			<w x="966">but</w>
			<w x="1138">rebuilt</w>
			<w x="1215">by</w>
			<w x="1325">him</w>
			<w x="1442">who</w>
			<w x="1588">twice</w>
		</line>
		<line c="1825" h="60" n="19">
			<w x="745">Judah</w>
			<w x="848">and</w>
			<w x="924">all</w>
			<w x="1022">thy</w>
			<w x="1178">father</w>
			<w x="1376">David's</w>
			<w x="1528">house</w>
		</line>
		<line c="1897" h="61" n="20">
			<w x="699">Led</w>
			<w x="896">captive,</w>
			<w x="1003">and</w>
			<w x="1258">Jerusalem</w>
			<w x="1364">laid</w>
			<w x="1534">waste,</w>
		</line>
		<line c="1969" h="62" n="21">
			<w x="689">Till</w>
			<w x="852">Cyrus</w>
			<w x="939">set</w>
			<w x="1076">them</w>
			<w x="1208">free;</w>
			<w x="1481">Persepolis</w>
		</line>
		<line c="2041" h="63" n="22">
			<w x="685">His</w>
			<w x="792">city</w>
			<w x="931">there</w>
			<w x="1055">thou</w>
			<w x="1201">seest,</w>
			<w x="1308">and</w>
			<w x="1485">Bactra</w>
			<w x="1648">there;</w>
		</line>
		<line c="2109" h="51" n="23">
			<w x="825">Ecbatana</w>
			<w x="918">her</w>
			<w x="1144">structure</w>
			<w x="1258">vast</w>
			<w x="1396">there</w>
			<w x="1572">shows,</w>
		</line>
		<line c="2187" h="62" n="24">
			<w x="702">And</w>
			<w x="1058">Hecatompylos</w>
			<w x="1154">her</w>
			<w x="1363">hundred</w>
			<w x="1529">gates;</w>
		</line>
		<line c="2260" h="60" n="25">
			<w x="748">There</w>
			<w x="882">Susa</w>
			<w x="958">by</w>
			<w x="1212">Choaspes,</w>
			<w x="1381">amber</w>
			<w x="1570">stream,</w>
		</line>
	</div>
</body>
