<body>
	<div id="2" group="1" x="316" y="2323" width="992" height="173" type="underline"
		sealts="358b_2_2.219" work="samag" attribution="HM">
		<line c="2371" h="67" n="27">
			<w x="529">
				<choice>
					<orig>Despis'd</orig>
					<reg>Despised</reg>
				</choice>
			</w>
			<w x="635">and</w>
			<w x="840">thought</w>
			<w x="1150">
				<choice>
					<orig>extinguish'd</orig>
					<reg>extinguished</reg>
				</choice>
			</w>
			<w x="1306">quite,</w>
		</line>
		<line c="2443" h="61" n="28">
			<w x="447">With</w>
			<w x="633">inward</w>
			<w x="759">eyes</w>
			<w x="1062">illuminated,</w>
		</line>
	</div>
</body>
