<body>
	<div id="2" group="1" x="604" y="1148" width="1297" height="1074" type="brokenscore"
		sealts="358b_1_1.030" work="pl" section="pl1" attribution="HM">
		<line c="1187" h="59" n="10">
			<w x="869">Mammon,</w>
			<w x="965">the</w>
			<w x="1094">least</w>
			<w x="1281">erected</w>
			<w x="1419">spirit</w>
			<w x="1531">that</w>
			<w x="1625">fell</w>
		</line>
		<line c="1260" h="61" n="11">
			<w x="765">From</w>
			<w x="955">heaven;</w>
			<w x="1032">for</w>
			<w x="1142">
				<choice>
					<orig>ev'n</orig>
					<reg>even</reg>
				</choice>
			</w>
			<w x="1196">in</w>
			<w x="1370">heaven</w>
			<w x="1441">his</w>
			<w x="1572">looks</w>
			<w x="1670">and</w>
			<w x="1883">thoughts</w>
		</line>
		<line c="1331" h="59" n="12">
			<w x="765">Were</w>
			<w x="944">always</w>
			<w x="1207">downward</w>
			<w x="1342">bent,</w>
			<w x="1570">admiring</w>
			<w x="1704">more</w>
		</line>
		<line c="1403" h="59" n="13">
			<w x="734">The</w>
			<w x="889">riches</w>
			<w x="958">of</w>
			<w x="1157">
				<choice>
					<orig>heav'n's</orig>
					<reg>heaven's</reg>
					<reg>heaven</reg>
				</choice>
			</w>
			<w x="1415">pavement,</w>
			<w x="1614">trodden</w>
			<w x="1745">gold,</w>
		</line>
		<line c="1474" h="58" n="14">
			<w x="761">Than</w>
			<w x="911">aught</w>
			<w x="1068">divine</w>
			<w x="1137">or</w>
			<w x="1255">holy</w>
			<w x="1362">else</w>
			<w x="1553">
				<choice>
					<orig>enjoy'd</orig>
					<reg>enjoyed</reg>
				</choice>
			</w>
		</line>
		<line c="1544" h="58" n="15">
			<w x="684">In</w>
			<w x="835">vision</w>
			<w x="1033">beatific.</w>
			<w x="1166">By</w>
			<w x="1273">him</w>
			<w x="1385">first</w>
		</line>
		<line c="1617" h="60" n="16">
			<w x="738">Men</w>
			<w x="845">also</w>
			<w x="942">and</w>
			<w x="1020">by</w>
			<w x="1105">his</w>
			<w x="1368">suggestion</w>
			<w x="1538">taught</w>
		</line>
		<line c="1688" h="60" n="17">
			<w x="874">
				<choice>
					<orig>Ransack'd</orig>
					<reg>Ransacked</reg>
				</choice>
			</w>
			<w x="966">the</w>
			<w x="1145">
				<choice>
					<orig>centre</orig>
					<reg>center</reg>
				</choice>
			</w>
			<w x="1252">and</w>
			<w x="1377">with</w>
			<w x="1574">impious</w>
			<w x="1730">hands</w>
		</line>
		<line c="1752" h="46" n="18">
			<w x="773">Rifled</w>
			<w x="865">the</w>
			<w x="1046">bowels</w>
			<w x="1115">of</w>
			<w x="1237">their</w>
			<w x="1420">mother</w>
			<w x="1562">earth</w>
		</line>
		<line c="1825" h="48" n="19">
			<w x="716">For</w>
			<w x="937">treasures</w>
			<w x="1094">better</w>
			<w x="1197">hid.</w>
			<w x="1378">Soon</w>
			<w x="1480">had</w>
			<w x="1563">his</w>
			<w x="1697">crew</w>
		</line>
		<line c="1902" h="58" n="20">
			<w x="800">
				<choice>
					<orig>Open'd</orig>
					<reg>Opened</reg>
				</choice>
			</w>
			<w x="908">into</w>
			<w x="1000">the</w>
			<w x="1096">hill</w>
			<w x="1143">a</w>
			<w x="1354">spacious</w>
			<w x="1542">wound,</w>
		</line>
		<line c="1973" h="57" n="21">
			<w x="726">And</w>
			<w x="887">
				<choice>
					<orig>digg'd</orig>
					<reg>digged</reg>
				</choice>
			</w>
			<w x="981">out</w>
			<w x="1084">ribs</w>
			<w x="1154">of</w>
			<w x="1281">gold.</w>
			<w x="1430">Let</w>
			<w x="1560">none</w>
			<w x="1741">admire</w>
		</line>
		<line c="2046" h="61" n="22">
			<w x="744">That</w>
			<w x="897">riches</w>
			<w x="1036">grow</w>
			<w x="1098">in</w>
			<w x="1232">hell;</w>
			<w x="1358">that</w>
			<w x="1454">soil</w>
			<w x="1573">may</w>
			<w x="1688">best</w>
		</line>
		<line c="2116" h="57" n="23">
			<w x="816">Deserve</w>
			<w x="909">the</w>
			<w x="1118">precious</w>
			<w x="1260">bane.</w>
			<w x="1421">And</w>
			<w x="1539">here</w>
			<w x="1623">let</w>
			<w x="1764">those</w>
		</line>
		<line c="2190" h="62" n="24">
			<w x="738">Who</w>
			<w x="878">boast</w>
			<w x="940">in</w>
			<w x="1109">mortal</w>
			<w x="1283">things,</w>
			<w x="1389">and</w>
			<w x="1643">
				<choice>
					<orig>wond'ring</orig>
					<reg>wondering</reg>
				</choice>
			</w>
			<w x="1738">tell</w>
		</line>
	</div>
</body>
