<body>
	<div id="2" group="1" x="364" y="972" width="1148" height="81" type="underline" type2="xmark"
		sealts="358b_2_2.317" work="miscp" attribution="HM">
		<line c="1021" h="84" n="7">
			<w x="525">Time</w>
			<w x="634">will</w>
			<w x="739">run</w>
			<w x="875">back,</w>
			<w x="984">and</w>
			<w x="1124">fetch</w>
			<w x="1216">the</w>
			<w x="1317">age</w>
			<w x="1387">of</w>
			<w x="1509">gold;</w>
		</line>
	</div>
	<div id="3" group="2" x="1613" y="912" width="436" height="256" type="annotation"
		sealts="358b_2_2.317" work="miscp" attribution="HM">
		<line n="1" h="127" c="958">
			<w x="1830">From</w>
			<w x="1994">Jesus</w>
		</line>
		<line n="2" h="127" c="1050">
			<w x="1750">to</w>
			<w x="2038">Shakespeare</w>
		</line>
	</div>
</body>
