<body>
	<div id="2" group="1" x="682" y="510" width="1124" height="78" type="underline"
		sealts="358b_2_2.084" work="pr" section="pr1" attribution="HM">
		<line c="552" h="63" n="1">
			<w x="826">And</w>
			<w x="918">not</w>
			<w x="1130">
				<choice>
					<orig>enforc'd</orig>
					<reg>enforced</reg>
				</choice>
			</w>
			<w x="1346">ofttimes</w>
			<w x="1418">to</w>
			<w x="1526">part</w>
			<w x="1662">from</w>
			<w x="1802">truth;</w>
		</line>
	</div>
</body>
