<body>
	<div id="2" group="1" x="246" y="822" width="648" height="154" type="xmark" type2="annotated"
		sealts="358b_2_2.319" work="miscp" attribution="HM">
		<line c="876" h="53" n="4">
			<w x="372">The</w>
			<w x="556">oracles</w>
			<w x="648">are</w>
			<w x="813">dumb,</w>
		</line>
		<line c="951" h="60" n="5">
			<w x="344">No</w>
			<w x="492">voice</w>
			<w x="552">or</w>
			<w x="750">hideous</w>
			<w x="871">hum</w>
		</line>
	</div>
	<div id="3" group="2" x="1088" y="699" width="906" height="243" type="annotation" type2="xmark"
		sealts="358b_2_2.319" work="miscp" attribution="HM">
		<line n="1" h="121" c="776">
			<w x="1742">Plutarch</w>
			<w x="1760">on</w>
			<w x="1790">the</w>
		</line>
		<line n="2" h="119" c="850">
			<w x="1688">Cessation</w>
			<w x="1770">of</w>
			<w x="1982">Oracles</w>
		</line>
	</div>
	<div id="4" group="3" x="266" y="1538" width="1294" height="582" type="score"
		sealts="358b_2_2.319" work="miscp" attribution="HM">
		<line c="1589" h="57" n="13">
			<w x="373">The</w>
			<w x="540">lonely</w>
			<w x="803">mountains</w>
			<w x="926">
				<choice>
					<orig>o'er,</orig>
					<reg>over,</reg>
				</choice>
			</w>
		</line>
		<line c="1660" h="56" n="14">
			<w x="374">And</w>
			<w x="469">the</w>
			<w x="749">resounding</w>
			<w x="908">shore,</w>
		</line>
		<line c="1730" h="59" n="15">
			<w x="375">A</w>
			<w x="516">voice</w>
			<w x="588">of</w>
			<w x="802">weeping</w>
			<w x="953">heard</w>
			<w x="1058">and</w>
			<w x="1179">loud</w>
			<w x="1386">lament;</w>
		</line>
		<line c="1802" h="56" n="16">
			<w x="404">From</w>
			<w x="615">haunted</w>
			<w x="794">spring,</w>
			<w x="902">and</w>
			<w x="1019">dale</w>
		</line>
		<line c="1874" h="58" n="17">
			<w x="419">
				<choice>
					<orig>Edg'd</orig>
					<reg>Edged</reg>
				</choice>
			</w>
			<w x="548">with</w>
			<w x="717">poplar</w>
			<w x="846">pale,</w>
		</line>
		<line c="1945" h="58" n="18">
			<w x="433">The</w>
			<w x="624">parting</w>
			<w x="795">genius</w>
			<w x="853">is</w>
			<w x="983">with</w>
			<w x="1173">sighing</w>
			<w x="1320">sent;</w>
		</line>
		<line c="2008" h="43" n="19">
			<w x="396">With</w>
			<w x="773">
				<choice>
					<orig>flow'r-inwoven</orig>
					<reg>flow'r inwoven</reg>
					<reg>flower inwoven</reg>
					<reg>flower-inwoven</reg>
					<reg>flow'r</reg>
					<reg>flower</reg>
					<reg>inwoven</reg>
				</choice>
			</w>
			<w x="953">tresses</w>
			<w x="1068">torn</w>
		</line>
		<line c="2086" h="59" n="20">
			<w x="374">The</w>
			<w x="594">Nymphs</w>
			<w x="659">in</w>
			<w x="868">twilight</w>
			<w x="1020">shade</w>
			<w x="1103">of</w>
			<w x="1302">tangled</w>
			<w x="1521">thickets</w>
		</line>
	</div>
</body>
