<body>
	<div id="2" group="1" x="290" y="488" width="1198" height="148" type="score"
		sealts="358b_1_1.191" work="pl" section="pl6" attribution="HM">
		<line c="528" h="65" n="1">
			<w x="374">To</w>
			<w x="515">stand</w>
			<w x="728">
				<choice>
					<orig>approv'd</orig>
					<reg>approved</reg>
				</choice>
			</w>
			<w x="792">in</w>
			<w x="925">sight</w>
			<w x="992">of</w>
			<w x="1126">God,</w>
			<w x="1307">though</w>
			<w x="1480">worlds</w>
		</line>
		<line c="602" h="62" n="2">
			<w x="461">
				<choice>
					<orig>Judg'd</orig>
					<reg>Judged</reg>
				</choice>
			</w>
			<w x="577">thee</w>
			<w x="803">perverse.</w>
			<w x="964">The</w>
			<w x="1117">easier</w>
			<w x="1341">conquest</w>
			<w x="1458">now</w>
		</line>
	</div>
</body>
