<body>
	<div id="2" group="1" x="596" y="1120" width="1064" height="155" type="score"
		sealts="358b_1_1.278" work="pl" section="pl9" attribution="HM">
		<line c="1172" h="61" n="10">
			<w x="688">Sin</w>
			<w x="791">and</w>
			<w x="887">her</w>
			<w x="1082">shadow</w>
			<w x="1244">death,</w>
			<w x="1351">and</w></line>
			<div id="3" group="1" x="600" y="1122" width="172" height="84" type="underline"
				sealts="358b_1_1.278" work="pl" section="pl9" attribution="HM">
				<line c="1172" h="61" n="10">
				<blank x="1362"/>
				<w x="1524">misery</w>
		</line>
		<line c="1235" h="75" n="11">
				<w x="806">Death's</w>
				<w x="1040">harbinger:</w></line></div>			
		<line c="1235" h="75" n="11">
			<w x="1170">sad</w>
			<w x="1302">task,</w>
			<w x="1415">ye;</w>
			<w x="1645">argument</w>
		</line>
	</div>
	<div id="4" group="2" x="586" y="1686" width="1038" height="366" type="score"
		sealts="358b_1_1.278" work="pl" section="pl9" attribution="HM">
		<line c="1738" h="60" n="18">
			<w x="649">If</w>
			<w x="933">answerable</w>
			<w x="1066">style</w>
			<w x="1108">I</w>
			<w x="1210">can</w>
			<w x="1377">obtain</w>
		</line>
		<line c="1809" h="59" n="19">
			<w x="672">Of</w>
			<w x="770">my</w>
			<w x="978">celestial</w>
			<w x="1233">patroness,</w>
			<w x="1355">who</w>
			<w x="1527">deigns</w>
		</line>
		<line c="1881" h="63" n="20">
			<w x="698">Her</w>
			<div id="5" group="2" x="708" y="1842" width="184" height="72" type="underline"
				sealts="358b_1_1.278" work="pl" section="pl9" attribution="HM">
				<w x="882">nightly</w>
			</div>
			<w x="1122">visitation</w>
			<w x="1409">
				<choice>
					<orig>unimplor'd,</orig>
					<reg>unimplored,</reg>
				</choice>
			</w>
		</line>
		<line c="1955" h="63" n="21">
			<w x="700">And</w>
			<div id="6" group="2" x="718" y="1906" width="618" height="82" type="underline"
				sealts="358b_1_1.278" work="pl" section="pl9" attribution="HM">
				<w x="922">dictates</w>
				<w x="990">to</w>
				<w x="1076">me</w>
				<w x="1330">slumbering</w>
			</div>
			<w x="1414">or</w>
			<w x="1613">inspires</w>
		</line>
		<line c="2018" h="67" n="23">
			<w x="718">Easy</w>
			<w x="811">my</w>
			<w x="1191">unpremeditated</w>
			<w x="1357">verse:</w>
		</line>
	</div>

</body>
