<body>
	<div id="2" group="1" x="272" y="1442" width="1212" height="80" type="xmark"
		sealts="358b_2_2.033" work="pl" section="pl11" attribution="HM">
		<line c="1490" h="60" n="14">
			<w x="466">Enough</w>
			<w x="533">to</w>
			<w x="681">bear;</w>
			<w x="839">those</w>
			<w x="974">now,</w>
			<w x="1097">that</w>
			<w x="1233">were</w>
			<w x="1475">
				<choice>
					<orig>dispens'd</orig>
					<reg>dispensed</reg>
				</choice>
			</w>
		</line>
	</div>
	<div id="3" group="2" x="278" y="1592" width="1272" height="720" type="wavyscore"
		sealts="358b_2_2.033" work="pl" section="pl11" attribution="HM">
		<line c="1632" h="59" n="16">
			<w x="339">At</w>
			<w x="480">once,</w>
			<w x="561">by</w>
			<w x="655">my</w>
			<w x="1027">foreknowledge</w>
			<w x="1224">gaining</w>
			<w x="1357">birth</w>
		</line>
		<line c="1704" h="57" n="17">
			<w x="498">Abortive,</w>
			<w x="567">to</w>
			<w x="778">torment</w>
			<w x="867">me</w>
			<w x="961">ere</w>
			<w x="1095">their</w>
			<w x="1260">being,</w>
		</line>
		<line c="1777" h="60" n="18">
			<w x="399">With</w>
			<w x="605">thought</w>
			<w x="720">that</w>
			<w x="840">they</w>
			<w x="978">must</w>
			<w x="1059">be.</w>
			<w x="1213">Let</w>
			<w x="1290">no</w>
			<w x="1412">man</w>
			<w x="1540">seek</w>
		</line>
		<line c="1841" h="45" n="19">
			<w x="550">Henceforth</w>
			<w x="629">to</w>
			<w x="704">be</w>
			<w x="910">foretold</w>
			<w x="1046">what</w>
			<w x="1173">shall</w>
			<w x="1327">befall</w>
		</line>
		<line c="1920" h="55" n="20">
			<w x="387">Him</w>
			<w x="456">or</w>
			<w x="542">his</w>
			<w x="784">children;</w>
			<w x="903">evil</w>
			<w x="978">he</w>
			<w x="1101">may</w>
			<w x="1175">be</w>
			<w x="1309">sure,</w>
		</line>
		<line c="1991" h="55" n="21">
			<w x="437">Which</w>
			<w x="625">neither</w>
			<w x="712">his</w>
			<w x="1033">foreknowing</w>
			<w x="1135">can</w>
			<w x="1350">prevent,</w>
		</line>
		<line c="2056" h="45" n="22">
			<w x="378">And</w>
			<w x="453">he</w>
			<w x="550">the</w>
			<w x="713">future</w>
			<w x="819">evil</w>
			<w x="948">shall</w>
			<w x="1025">no</w>
			<w x="1131">less</w>
		</line>
		<line c="2134" h="61" n="23">
			<w x="332">In</w>
			<w x="664">apprehension</w>
			<w x="791">than</w>
			<w x="857">in</w>
			<w x="1106">substance</w>
			<w x="1228">feel,</w>
		</line>
		<line c="2205" h="56" n="24">
			<w x="493">Grievous</w>
			<w x="561">to</w>
			<w x="709">bear:</w>
			<w x="821">but</w>
			<w x="935">that</w>
			<w x="1052">care</w>
			<w x="1174">now</w>
			<w x="1231">is</w>
			<w x="1363">past,</w>
		</line>
		<line c="2277" h="58" n="25">
			<w x="388">Man</w>
			<w x="445">is</w>
			<w x="542">not</w>
			<w x="707">whom</w>
			<w x="774">to</w>
			<w x="940">warn;</w>
			<w x="1096">those</w>
			<w x="1207">few</w>
			<w x="1403">
				<choice>
					<orig>escap'd</orig>
					<reg>escaped</reg>
				</choice>
			</w>
		</line>
	</div>
	<div id="4" group="3" x="100" y="2676" width="1680" height="376" type="annotation"
		sealts="358b_2_2.033" work="pl" section="pl11" attribution="HM">
		<line n="1" h="120" c="2830">
			<w x="352">"Seek</w>
			<w x="488">not</w>
			<w x="582">to</w>
			<w x="776">know"</w>
			<w x="922">the</w>
			<w x="1082">ghost</w>
			<w x="1420">
				<choice>
					<orig>replyed</orig>
					<reg>replied</reg>
				</choice>
			</w>
			<w x="1542">in</w>
			<w x="1746">tears</w>
		</line>
		<line n="2" h="124" c="2940">
			<w x="338">"The</w>
			<w x="584">sorrows</w>
			<w x="664">of</w>
			<w x="824">thy</w>
			<w x="1000">sons</w>
			<w x="1156">in</w>
			<w x="1418">future</w>
			<w x="1722">years"</w>
		</line>
		<line n="3" h="124" c="3006">
			<w x="1660">Virgil</w>
		</line>
	</div>
</body>
