<body>
	<div id="2" group="1" x="566" y="1345" width="1116" height="143" type="score2"
		sealts="358b_2_2.136" work="pr" section="pr4" attribution="HM">
		<line c="1387" h="61" n="13">
			<w x="701">Light</w>
			<w x="827">from</w>
			<w x="992">above,</w>
			<w x="1124">from</w>
			<w x="1218">the</w>
			<w x="1430">fountain</w>
			<w x="1500">of</w>
			<w x="1634">light,</w>
		</line>
		<line c="1460" h="60" n="14">
			<w x="637">No</w>
			<w x="777">other</w>
			<w x="983">doctrine</w>
			<w x="1148">needs,</w>
			<w x="1332">though</w>
			<w x="1528">granted</w>
			<w x="1667">true:</w>
		</line>
	</div>
	<div id="3" group="2" x="332" y="2522" width="1110" height="242" type="annotation"
		erasure="true" sealts="358b_2_2.136" work="pr" section="pr4" attribution="HM"/>
</body>
