<body>
	<div id="2" group="1" x="578" y="2254" width="1184" height="102" type="xmark"
		sealts="358b_2_2.188" work="samag" attribution="HM">
		<line c="2315" h="61" n="26">
			<div id="3" group="1" x="589" y="2270" width="670" height="81" type="underline"
				sealts="358b_2_2.188" work="samag" attribution="HM">
				<w x="680">All</w>
				<w x="958">wickedness</w>
				<w x="1026">is</w>
				<w x="1250">weakness:</w>
			</div>
			<w x="1407">that</w>
			<w x="1522">plea</w>
			<w x="1751">therefore</w>
		</line>
	</div>
	<div id="4" group="2" x="102" y="2686" width="134" height="128" type="annotation" type2="xmark"
		sealts="358b_2_2.188" work="samag" attribution="HM"/>
</body>
