<body>
	<div id="2" group="1" x="626" y="570" width="388" height="64" type="underline" type2="checkmark"
		sealts="358b_2_2.072" work="pr" section="pr1" attribution="HM">
		<line c="606" h="65" n="2">
			<blank x="1418"/>
			<w x="1574">while</w>
			<w x="1666">the</w>
			<w x="1790">hand</w>
		</line>
			<line c="673" h="80" n="3">
				<w x="778">Sung</w>
				<w x="904">with</w>
				<w x="998">the</w>
				<w x="1130">voice,</w>
			</line>
		</div>
	<div id="3" group="3" x="618" y="2060" width="1271" height="74" type="checkmark"
		sealts="358b_2_2.072" work="pr" section="pr1" attribution="HM">
		<line c="2108" h="60" n="23">
			<w x="842">Thought</w>
			<w x="1081">following</w>
			<w x="1297">thought,</w>
			<w x="1399">and</w>
			<w x="1510">step</w>
			<w x="1583">by</w>
			<w x="1699">step</w>
			<w x="1791">led</w>
			<w x="1881">on,</w>
		</line>
	</div>
</body>
