<body>
	<div id="2" group="1" x="618" y="1142" width="1246" height="588" type="score"
		sealts="358b_2_2.172" work="samag" attribution="HM">
		<line c="1191" h="55" n="10">
			<w x="787">Thrice</w>
			<w x="829">I</w>
			<w x="1034">deluded</w>
			<w x="1141">her,</w>
			<w x="1247">and</w>
			<w x="1406">
				<choice>
					<orig>turn'd</orig>
					<reg>turned</reg>
				</choice>
			</w>
			<w x="1473">to</w>
			<w x="1609">sport</w>
		</line>
		<line c="1251" h="84" n="11">
			<w x="723">Her</w>
			<w x="1028">importunity,</w>
			<w x="1157">each</w>
			<w x="1280">time</w>
			<w x="1542">perceiving</w>
		</line>
		<line c="1347" h="113" n="12">
			<w x="746">How</w>
			<w x="922">openly</w>
			<w x="1024">and</w>
			<w x="1150">with</w>
			<w x="1287">what</w>
			<w x="1557">impudence</w>
		</line>
		<line c="1410" h="62" n="13">
			<w x="718">She</w>
			<w x="935">
				<choice>
					<orig>purpos'd</orig>
					<reg>purposed</reg>
				</choice>
			</w>
			<w x="1001">to</w>
			<w x="1169">betray</w>
			<w x="1271">me,</w>
			<w x="1389">and,</w>
			<w x="1570">(which</w>
			<w x="1672">was</w>
			<w x="1820">worse</w>
		</line>
		<div id="3" group="1" x="622" y="1440" width="1118" height="142" type="score"
			sealts="358b_2_2.172" work="samag" attribution="HM">
			<line c="1481" h="63" n="14">
				<w x="756">Than</w>
				<w x="1091">undissembled</w>
				<w x="1249">hate,)</w>
				<w x="1372">with</w>
				<w x="1503">what</w>
				<w x="1736">contempt</w>
			</line>
			<line c="1548" h="70" n="15">
				<w x="718">She</w>
				<w x="892">sought</w>
				<w x="956">to</w>
				<w x="1101">make</w>
				<w x="1193">me</w>
				<w x="1360">traitor</w>
				<w x="1425">to</w>
				<w x="1626">myself;</w>
			</line>
		</div>
		<line c="1618" h="69" n="16">
			<w x="717">Yet</w>
			<w x="808">the</w>
			<w x="969">fourth</w>
			<w x="1105">time,</w>
			<w x="1269">when,</w>
			<w x="1527">mustering</w>
			<w x="1604">all</w>
			<w x="1701">her</w>
			<w x="1856">wiles,</w>
		</line>
		<line c="1696" h="57" n="17">
			<w x="751">With</w>
			<w x="1008">
				<choice>
					<orig>blandish'd</orig>
					<reg>blandished</reg>
				</choice>
			</w>
			<w x="1193">parlies,</w>
			<w x="1415">feminine</w>
			<w x="1628">assaults,</w>
		</line>
	</div>
</body>
