<body>
	<div id="2" group="1" x="288" y="2148" width="1084" height="222" type="score"
		sealts="358b_2_2.263" work="com" attribution="HM">
		<line c="2197" h="59" n="22">
			<w x="366">By</w>
			<w x="458">the</w>
			<w x="792">
				<choice>
					<orig>rushy-fringed</orig>
					<reg>rushy fringed</reg>
					<reg>rushy</reg>
					<reg>fringed</reg>
				</choice>
			</w>
			<w x="940">bank,</w>
		</line>
		<line c="2268" h="63" n="23">
			<w x="453">Where</w>
			<w x="615">grows</w>
			<w x="708">the</w>
			<w x="889">willow</w>
			<w x="992">and</w>
			<w x="1085">the</w>
			<w x="1215">osier</w>
			<w x="1364">dank,</w>
		</line>
		<line c="2343" h="60" n="24">
			<w x="436">My</w>
			<w x="609">sliding</w>
			<w x="790">chariot</w>
			<w x="939">stays,</w>
		</line>
	</div>
</body>
