<body>
	<div id="2" group="1" x="276" y="496" width="1260" height="215" type="score"
		sealts="358b_2_2.195" work="samag" attribution="HM">
		<line c="542" h="63" n="1">
			<w x="488">
				<choice>
					<orig>SAMS.</orig>
					<reg>Samson</reg>
				</choice>
			</w>
			<w x="851">
				<choice>
					<orig>Love-quarrels</orig>
					<reg>Love quarrels</reg>
					<reg>love</reg>
					<reg>quarrels</reg>
				</choice>
			</w>
			<w x="968">oft</w>
			<w x="1065">in</w>
			<w x="1308">pleasing</w>
			<w x="1529">concord</w>
		</line>
		<line c="615" h="52" n="2">
			<w x="576">end;</w>
		</line>
		<line c="686" h="60" n="3">
			<w x="378">Not</w>
			<w x="838">
				<choice>
					<orig>Wedlock-treachery</orig>
					<reg>Wedlock treachery</reg>
					<reg>wedlock</reg>
					<reg>treachery</reg>
				</choice>
			</w>
			<w x="1138">
				<choice>
					<orig>endang'ring</orig>
					<reg>endangering</reg>
				</choice>
			</w>
			<w x="1246">life.</w>
		</line>
	</div>
</body>
