<body>
	<div id="2" group="1" x="696" y="2004" width="1214" height="78" type="score"
		sealts="358b_2_2.032" work="pl" section="pl11" attribution="HM">
		<line c="2049" h="69" n="22">
			<w x="861">Where</w>
			<w x="1035">luxury</w>
			<w x="1145">late</w>
			<w x="1347">
				<choice>
					<orig>reign'd,</orig>
					<reg>reigned,</reg>
				</choice>
			</w>
			<w x="1681">
				<choice>
					<orig>sea-monsters</orig>
					<reg>sea monsters</reg>
					<reg>sea</reg>
					<reg>monsters</reg>
				</choice>
			</w>
			<w x="1893">
				<choice>
					<orig>whelp'd</orig>
					<reg>whelped</reg>
				</choice>
			</w>
		</line>
	</div>
</body>
