<body>
	<div id="2" group="1" x="282" y="1344" width="1044" height="77" type="checkmark"
		sealts="358b_2_2.141" work="pr" section="pr4" attribution="HM">
		<line c="1391" h="61" n="13">
			<w x="531">Wherever,</w>
			<w x="687">under</w>
			<w x="823">some</w>
			<div id="3" group="1" x="842" y="1346" width="484" height="74" type="underline"
				sealts="358b_2_2.141" work="pr" section="pr4" attribution="HM">
				<w x="1090">concourse</w>
				<w x="1160">of</w>
				<w x="1324">shades,</w>
			</div>
		</line>
	</div>
</body>
