<body>
	<div id="2" group="1" x="302" y="548" width="876" height="63" type="score" sealts="358b_1_1.311"
		work="pl" section="pl9" attribution="HM">
		<line c="588" h="65" n="2">
			<w x="543">Superior;</w>
			<div id="69" group="1" x="570" y="548" width="594" height="62" type="underline"
				sealts="358b_1_1.311" work="pl" section="pl9" attribution="HM">
				<w x="660">for</w>
				<w x="856">inferior</w>
				<w x="968">who</w>
				<w x="1026">is</w>
				<w x="1160">free?</w>
			</div>
		</line>
	</div>
</body>
