<body>
	<div id="2" group="1" x="296" y="986" width="1078" height="146" type="score2"
		sealts="358b_2_2.249" work="com" attribution="HM">
		<line c="1026" h="58" n="8">
			<w x="359">At</w>
			<w x="461">last</w>
			<w x="506">a</w>
			<w x="611">soft</w>
			<w x="714">and</w>
			<w x="1144">
				<choice>
					<orig>solemn-breathing</orig>
					<reg>solemn breathing</reg>
					<reg>solemn</reg>
					<reg>breathing</reg>
				</choice>
			</w>
			<w x="1300">sound</w>
		</line>
		<line c="1098" h="58" n="9">
			<w x="416">Rose</w>
			<w x="524">like</w>
			<w x="572">a</w>
			<w x="728">steam</w>
			<w x="799">of</w>
			<w x="914">rich</w>
			<w x="1110">
				<choice>
					<orig>distill'd</orig>
					<reg>distilled</reg>
				</choice>
			</w>
			<w x="1365">perfumes,</w>
		</line>
	</div>
	<div id="3" group="2" x="288" y="1412" width="1074" height="144" type="score"
		sealts="358b_2_2.249" work="com" attribution="HM">
		<line c="1454" h="59" n="14">
			<w x="399">And</w>
			<w x="524">took</w>
			<w x="588">in</w>
			<w x="761">strains</w>
			<w x="876">that</w>
			<w x="1034">might</w>
			<w x="1195">create</w>
			<w x="1243">a</w>
			<w x="1355">soul</w>
		</line>
		<line c="1525" h="56" n="15">
			<w x="452">Under</w>
			<w x="546">the</w>
			<w x="652">ribs</w>
			<w x="722">of</w>
			<w x="906">death:</w>
			<w x="1019">but</w>
			<w x="1080">O</w>
			<w x="1174">ere</w>
			<w x="1297">long</w>
		</line>
	</div>
</body>
