<body>
	<div id="2" group="1" x="316" y="1082" width="1292" height="476" type="score" type2="annotated"
		sealts="358b_1_b099" mode="commentary" section="life" attribution="HM">
		<line c="1114" h="49" n="10">
			<w x="515">Milton,</w>
			<w x="621">says</w>
			<w x="716">one</w>
			<w x="785">of</w>
			<w x="857">his</w>
			<w x="985">latest</w>
			<w x="1246">biographers,</w>
			<w x="1504">commenced</w>
			<w x="1576">his</w>
		</line>
		<line c="1173" h="48" n="11">
			<w x="549">wanderings</w>
			<w x="603">in</w>
			<w x="792">religious</w>
			<w x="938">belief,</w>
			<w x="1052">from</w>
			<w x="1290">Puritanism</w>
			<w x="1351">to</w>
			<w x="1575">Calvinism,</w>
		</line>
		<line c="1231" h="49" n="12">
			<w x="415">from</w>
			<w x="625">Calvinism</w>
			<w x="678">to</w>
			<w x="740">an</w>
			<w x="888">esteem</w>
			<w x="957">for</w>
			<w x="1169">Arminius,</w>
			<w x="1257">and</w>
			<w x="1400">finally</w>
			<w x="1504">from</w>
			<w x="1576">an</w>
		</line>
		<line c="1291" h="47" n="13">
			<w x="546">accordance</w>
			<w x="648">with</w>
			<w x="723">the</w>
			<w x="1003">Independents</w>
			<w x="1090">and</w>
			<w x="1357">Anabaptists,</w>
			<w x="1411">to</w>
			<w x="1457">a</w>
			<w x="1578">
				<choice>
					<hyph>dere-</hyph>
					<reg>dereliction</reg>
				</choice>
			</w>
		</line>
		<line c="1351" h="49" n="14">
			<w x="447" endhyph="true">liction</w>
			<w x="514">of</w>
			<w x="635">every</w>
			<w x="924">denomination</w>
			<w x="994">of</w>
			<w x="1251">Protestants;</w>
			<w x="1435">changes</w>
			<w x="1578">which</w>
		</line>
		<line c="1411" h="48" n="15">
			<w x="416">were</w>
			<w x="516">first</w>
			<w x="693">detailed</w>
			<w x="755">by</w>
			<w x="926">Toland,</w>
			<w x="1023">and</w>
			<w x="1182">which,</w>
			<w x="1283">with</w>
			<w x="1372">the</w>
			<w x="1577">suspicion</w>
		</line>
		<line c="1469" h="46" n="16">
			<w x="366">of</w>
			<w x="439">his</w>
			<w x="663">Arianism,</w>
			<w x="786">have</w>
			<w x="881">not</w>
			<w x="1061">escaped</w>
			<w x="1145">the</w>
			<w x="1292">notice</w>
			<w x="1366">of</w>
			<w x="1406">a</w>
			<w x="1577">French</w>
		</line>
		<line c="1529" h="47" n="17">
			<w x="449">writer.</w>
			<w x="553">'Il</w>
			<w x="616">ne</w>
			<w x="709">faut</w>
			<w x="787">pas</w>
			<w x="878">etre</w>
			<w x="1019">surpris</w>
			<w x="1097">des</w>
			<w x="1291">principes</w>
			<w x="1451">errones</w>
			<w x="1512">de</w>
			<w x="1576">ce</w>
		</line>
	</div>
	<div id="3" group="2" x="1236" y="1108" width="856" height="1880" type="annotation"
		sealts="358b_1_b099" mode="commentary" section="life" attribution="HM">
		<line n="1" h="117" c="1166">
			<w x="1772">He</w>
			<w x="1976">who</w>
		</line>
		<line n="2" h="117" c="1272">
			<w x="1900">thinks</w>
			<w x="2064">for</w>
		</line>
		<line n="3" h="117" c="1400">
			<w x="1988">himself</w>
		</line>
		<line n="4" h="117" c="1504">
			<w x="1892">never</w>
			<w x="2080">can</w>
		</line>
		<line n="5" h="117" c="1616">
			<w x="1884">remain</w>
			<w x="1992">of</w>
		</line>
		<line n="6" h="117" c="1732">
			<w x="1728">the</w>
			<w x="2016">same</w>
		</line>
		<line n="7" h="117" c="1864">
			<w x="1908">mind</w>
			<w x="2064">I</w>
		</line>
		<line n="8" h="117" c="1985">
			<w x="1836">doubt</w>
			<w x="2032">not</w>
		</line>
		<line n="9" h="117" c="2102">
			<w x="1780">that</w>
			<w x="2052">darker</w>
		</line>
		<line n="10" h="117" c="2219">
			<w x="1856">doubts</w>
			<w x="2076">crossed</w>
		</line>
		<line n="11" h="117" c="2336">
			<w x="1976">Milton's</w>
		</line>
		<line n="12" h="117" c="2453">
			<w x="1840">soul</w>
			<w x="2060">than</w>
		</line>
		<line n="13" h="117" c="2588">
			<w x="1784">ever</w>
			<w x="2072">disturbed</w>
		</line>
		<line n="14" h="117" c="2704">
			<w x="1908">
				<choice>
					<orig>Voltair.</orig>
					<reg>Voltaire</reg>
				</choice>
			</w>
			<w x="2064">And</w>
		</line>
		<line n="15" h="117" c="2804">
			<w x="1368">he</w>
			<w x="1528">was</w>
			<w x="1756">more</w>
			<w x="1840">of</w>
			<w x="2016">what</w>
		</line>
		<line n="16" h="117" c="2908">
			<w x="1380">is</w>
			<w x="1624">called</w>
			<w x="1764">an</w>
			<w x="2076">Infidel.</w>
		</line>
	</div>
</body>
