<body>
	<div id="2" group="1" x="620" y="1236" width="1047" height="140" type="score" type2="checkmark"
		sealts="358b_2_2.070" work="pr" section="pr1" attribution="HM">
		<line c="1281" h="64" n="11">
			<w x="720">But</w>
			<w x="936">contrary</w>
			<w x="1204">unweeting</w>
			<w x="1278">he</w>
			<w x="1465">
				<choice>
					<orig>fulfill'd</orig>
					<reg>fulfilled</reg>
				</choice>
			</w>
		</line>
		<line c="1355" h="72" n="12">
			<w x="727">The</w>
			<w x="947">
				<choice>
					<orig>purpos'd</orig>
					<reg>purposed</reg>
				</choice>
			</w>
			<w x="1141">counsel</w>
			<w x="1449">
				<choice>
					<orig>pre-ordain'd</orig>
					<reg>pre-ordained</reg>
					<reg>pre ordain'd</reg>
					<reg>pre</reg>
					<reg>ordain'd</reg>
					<reg>ordained</reg>
				</choice>
			</w>
			<w x="1553">and</w>
			<w x="1654">
				<choice>
					<orig>fixt</orig>
					<reg>fixed</reg>
				</choice>
			</w>
		</line>
	</div>
</body>
