<body>
	<div id="2" group="1" x="264" y="1427" width="1113" height="76" type="checkmark"
		sealts="358b_2_2.113" work="pr" section="pr3" attribution="HM">
		<line c="1390" h="67" n="13">
			<w x="404">What</w>
			<w x="444">I</w>
			<w x="546">can</w>
			<w x="704">suffer,</w>
			<w x="829">how</w>
			<w x="995">obey?</w>
		</line>
		<div id="3" group="2" x="268" y="1360" width="218" height="66" type="underline"
			sealts="358b_2_2.113" work="pr" section="pr3" attribution="HM">
			<line c="1390" h="67" n="13">
				<blank x="1028"/>
				<w x="1146">who</w>
				<w x="1238">best</w>
			</line>
			<line c="1463" h="69" n="14">
				<w x="388">Can</w>
				<w x="552">suffer,</w>
				<w x="670">best</w>
				<w x="768">can</w>
				<w x="848">do;</w>
			</line>
		</div>
		<line c="1463" h="69" n="14">
			<w x="976">best</w>
			<w x="1127">reign,</w>
			<w x="1247">who</w>
			<w x="1357">first</w>
		</line>
	</div>
	<div id="4" group="4" x="867" y="2434" width="397" height="74" type="underline"
		sealts="358b_2_2.113" work="pr" section="pr3" attribution="HM">
		<line c="2468" h="78" n="28">
			<w x="1020">worst</w>
			<w x="1076">is</w>
			<w x="1170">my</w>
			<w x="1262">port</w>
		</line>
	</div>
</body>
