<body>
	<div id="2" group="1" x="284" y="1980" width="1286" height="382" type="score" type2="checkmark"
		sealts="358b_2_2.117" work="pr" section="pr3" attribution="HM">
		<line c="2016" h="41" n="20">
			<w x="492">inhabitants</w>
			<w x="547">of</w>
			<w x="781">Kermanshah</w>
			<w x="887">drink</w>
			<w x="941">of</w>
			<w x="1004">the</w>
			<w x="1139">stream</w>
			<w x="1194">of</w>
			<w x="1285">Aub</w>
			<w x="1473">Dedoong,</w>
			<w x="1552">and</w>
		</line>
		<line c="2073" h="47" n="21">
			<w x="336">of</w>
			<w x="409">the</w>
			<w x="537">spring</w>
			<w x="657">called</w>
			<w x="1070">Aubi-i-Hassan-Khan,</w>
			<w x="1140">the</w>
			<w x="1271">king's</w>
			<w x="1354">son</w>
			<w x="1467">alone</w>
			<w x="1551">has</w>
		</line>
		<line c="2125" h="43" n="22">
			<w x="353">the</w>
			<w x="469">water</w>
			<w x="532">for</w>
			<w x="680">himself</w>
			<w x="759">and</w>
			<w x="823">his</w>
			<w x="950">harem</w>
			<w x="1111">brought</w>
			<w x="1214">from</w>
			<w x="1284">the</w>
			<w x="1427">stream</w>
			<w x="1480">of</w>
			<w x="1551">the</w>
		</line>
		<line c="2182" h="48" n="23">
			<w x="398">Kara</w>
			<w x="477">Soo</w>
			<w x="559">(the</w>
			<w x="766">Choaspes).</w>
			<w x="878">We</w>
			<w x="996">drank</w>
			<w x="1056">of</w>
			<w x="1097">it</w>
			<w x="1285">ourselves</w>
			<w x="1343">as</w>
			<w x="1409">we</w>
			<w x="1554">passed,</w>
		</line>
		<line c="2234" h="47" n="24">
			<w x="362">and</w>
			<w x="465">from</w>
			<w x="527">its</w>
			<w x="741">superiority</w>
			<w x="796">to</w>
			<w x="862">all</w>
			<w x="939">the</w>
			<w x="1081">waters</w>
			<w x="1142">of</w>
			<w x="1265">which</w>
			<w x="1337">we</w>
			<w x="1424">had</w>
			<w x="1555">tasted</w>
		</line>
		<line c="2290" h="48" n="25">
			<w x="388">since</w>
			<w x="541">leaving</w>
			<w x="618">the</w>
			<w x="744">banks</w>
			<w x="806">of</w>
			<w x="886">the</w>
			<w x="1037">Tigris,</w>
			<w x="1123">the</w>
			<w x="1286">draught</w>
			<w x="1375">was</w>
			<w x="1555">delicious</w>
		</line>
	</div>
</body>
