<body>
	<div id="2" group="1" x="714" y="560" width="804" height="88" type="bracket2"
		sealts="358b_2_2.284" work="ilpen" attribution="HM">
		<line c="612" h="85" n="2">
			<w x="974">Swinging</w>
			<w x="1100">slow</w>
			<w x="1228">with</w>
			<w x="1388">sullen</w>
			<w x="1510">roar;</w>
		</line>
	</div>
	<div id="3" group="2" x="726" y="922" width="754" height="150" type="checkmark"
		sealts="358b_2_2.284" work="ilpen" attribution="HM">
		<line c="966" h="58" n="7">
			<w x="810">Far</w>
			<w x="938">from</w>
			<w x="1014">all</w>
			<w x="1170">resort</w>
			<w x="1239">of</w>
			<w x="1406">mirth,</w>
		</line>
		<line c="1037" h="59" n="8">
			<w x="838">Save</w>
			<w x="933">the</w>
			<w x="1119">cricket</w>
			<w x="1194">on</w>
			<w x="1286">the</w>
			<w x="1472">hearth,</w>
		</line>
	</div>
</body>
