<body>
	<div id="2" group="1" x="298" y="496" width="1266" height="1006" type="score"
		sealts="358b_1_1.203" work="pl" section="pl6" attribution="HM">
		<line c="537" h="61" n="1">
			<w x="428">Uriel</w>
			<w x="533">and</w>
			<w x="747">Raphael</w>
			<w x="833">his</w>
			<w x="1059">vaunting</w>
			<w x="1164">foe,</w>
		</line>
		<line c="607" h="66" n="2">
			<w x="495">Though</w>
			<w x="641">huge,</w>
			<w x="746">and</w>
			<w x="811">in</w>
			<w x="858">a</w>
			<w x="981">rock</w>
			<w x="1050">of</w>
			<w x="1265">diamond</w>
			<w x="1429">
				<choice>
					<orig>arm'd</orig>
					<reg>armed</reg>
				</choice>
			</w>
		</line>
		<line c="680" h="63" n="3">
			<w x="583">
				<choice>
					<orig>Vanquish'd,</orig>
					<reg>Vanquished,</reg>
				</choice>
			</w>
			<w x="858">Adramelec</w>
			<w x="963">and</w>
			<w x="1202">Asmadai,</w>
		</line>
		<line c="751" h="66" n="4">
			<w x="422">Two</w>
			<w x="592">potent</w>
			<w x="797">thrones,</w>
			<w x="914">that</w>
			<w x="980">to</w>
			<w x="1054">be</w>
			<w x="1161">less</w>
			<w x="1282">than</w>
			<w x="1408">gods</w>
		</line>
		<line c="820" h="61" n="5">
			<w x="550">
				<choice>
					<orig>Disdain'd,</orig>
					<reg>Disdained,</reg>
				</choice>
			</w>
			<w x="669">but</w>
			<w x="871">meaner</w>
			<w x="1113">thoughts</w>
			<w x="1317">
				<choice>
					<orig>learn'd</orig>
					<reg>learned</reg>
				</choice>
			</w>
			<w x="1402">in</w>
			<w x="1552">their</w>
		</line>
		<line c="900" h="56" n="6">
			<w x="565">flight,</w>
		</line>
		<line c="966" h="68" n="7">
			<w x="516">Mangled</w>
			<w x="644">with</w>
			<w x="835">ghastly</w>
			<w x="1030">wounds</w>
			<w x="1161">
				<choice>
					<orig>thro'</orig>
					<reg>through</reg>
				</choice>
			</w>
			<w x="1297">plate</w>
			<w x="1403">and</w>
			<w x="1537">mail.</w>
		</line>
		<line c="1040" h="60" n="8">
			<w x="402">Nor</w>
			<w x="545">stood</w>
			<w x="803">unmindful</w>
			<w x="978">Abdiel</w>
			<w x="1045">to</w>
			<w x="1204">annoy</w>
		</line>
		<line c="1105" h="57" n="9">
			<w x="410">The</w>
			<w x="589">atheist</w>
			<w x="738">crew,</w>
			<w x="838">but</w>
			<w x="964">with</w>
			<w x="1215">redoubled</w>
			<w x="1357">blow</w>
		</line>
		<line c="1178" h="55" n="10">
			<w x="441">Ariel,</w>
			<w x="547">and</w>
			<w x="704">Arioc,</w>
			<w x="808">and</w>
			<w x="900">the</w>
			<w x="1107">violence</w>
		</line>
		<line c="1245" h="52" n="11">
			<w x="378">Of</w>
			<w x="569">Ramiel</w>
			<w x="779">
				<choice>
					<orig>scorch'd</orig>
					<reg>scorched</reg>
				</choice>
			</w>
			<w x="880">and</w>
			<w x="1076">blasted,</w>
			<w x="1345">overthrew.</w>
		</line>
		<line c="1322" h="65" n="12">
			<w x="332">I</w>
			<w x="487">might</w>
			<w x="637">relate</w>
			<w x="706">of</w>
			<w x="972">thousands,</w>
			<w x="1079">and</w>
			<w x="1206">their</w>
			<w x="1371">names</w>
		</line>
		<line c="1389" h="55" n="13">
			<w x="514">Eternize</w>
			<w x="634">here</w>
			<w x="710">on</w>
			<w x="874">earth;</w>
			<w x="984">but</w>
			<w x="1122">those</w>
			<w x="1256">elect</w>
		</line>
		<line c="1466" h="65" n="14">
			<w x="487">Angels,</w>
			<w x="738">contented</w>
			<w x="863">with</w>
			<w x="992">their</w>
			<w x="1123">fame</w>
			<w x="1188">in</w>
			<w x="1383">heaven,</w>
		</line>
	</div>
	<div id="3" group="2" x="308" y="1506" width="1118" height="712" type="score"
		sealts="358b_1_1.203" work="pl" section="pl6" attribution="HM">
		<div id="4" group="2" x="310" y="1498" width="1058" height="70" type="score"
			sealts="358b_1_1.203" work="pl" section="pl6" attribution="HM">
			<line c="1537" h="62" n="15">
				<w x="432">Seek</w>
				<w x="525">not</w>
				<w x="618">the</w>
				<w x="771">praise</w>
				<w x="841">of</w>
				<w x="991">men:</w>
				<w x="1097">the</w>
				<w x="1238">other</w>
				<w x="1356">sort,</w>
			</line>
		</div>
		<line c="1609" h="66" n="16">
			<w x="366">In</w>
			<w x="519">might</w>
			<w x="697">though</w>
			<w x="938">wondrous</w>
			<w x="1041">and</w>
			<w x="1103">in</w>
			<w x="1213">acts</w>
			<w x="1282">of</w>
			<w x="1408">war,</w>
		</line>
		<line c="1678" h="59" n="17">
			<w x="406">Nor</w>
			<w x="473">of</w>
			<w x="671">renown</w>
			<w x="773">less</w>
			<w x="932">eager,</w>
			<w x="1031">yet</w>
			<w x="1105">by</w>
			<w x="1251">doom</w>
		</line>
		<line c="1746" h="53" n="18">
			<w x="524">
				<choice>
					<orig>Cancel'd</orig>
					<reg>Canceled</reg>
				</choice>
			</w>
			<w x="651">from</w>
			<w x="821">
				<choice>
					<orig>heav'n</orig>
					<reg>heaven</reg>
				</choice>
			</w>
			<w x="924">and</w>
			<w x="1089">sacred</w>
			<w x="1311">memory,</w>
		</line>
		<div id="5" group="2" x="304" y="1772" width="1116" height="432" type="arcedscore"
			sealts="358b_1_1.203" work="pl" section="pl6" attribution="HM">
			<line c="1816" h="56" n="19">
				<w x="540">Nameless</w>
				<w x="603">in</w>
				<w x="726">dark</w>
				<w x="926">oblivion</w>
				<w x="1008">let</w>
				<w x="1146">them</w>
				<w x="1308">dwell.</w>
			</line>
			<line c="1850" h="152" n="20">
				<w x="401">For</w>
				<w x="614">strength</w>
				<w x="739">from</w>
				<w x="876">truth</w>
				<w x="1063">divided</w>
				<w x="1165">and</w>
				<w x="1293">from</w>
				<w x="1469">just,</w>
			</line>
			<line c="1956" h="80" n="21">
				<w x="565">Illaudable,</w>
				<w x="751">naught</w>
				<w x="915">merits</w>
				<w x="1012">but</w>
				<w x="1230">dispraise</w>
			</line>
			<div id="6" group="2" x="312" y="2006" width="1124" height="204" type="score"
				sealts="358b_1_1.203" work="pl" section="pl6" attribution="HM">
				<line c="2038" h="66" n="22">
					<w x="416">And</w>
					<w x="674">ignominy;</w>
					<w x="779">yet</w>
					<w x="846">to</w>
					<w x="986">glory</w>
					<w x="1162">aspires</w>
				</line>
				<line c="2108" h="69" n="23">
					<w x="624">Vainglorious,</w>
					<w x="732">and</w>
					<w x="932">through</w>
					<w x="1111">infamy</w>
					<w x="1255">seeks</w>
					<w x="1415">fame:</w>
				</line>
				<line c="2171" h="73" n="24">
					<w x="555">Therefore</w>
					<w x="735">eternal</w>
					<w x="912">silence</w>
					<w x="986">be</w>
					<w x="1115">their</w>
					<w x="1272">doom.</w>
				</line>
			</div>
		</div>
	</div>
</body>
