<body>
	<div id="2" group="1" x="600" y="824" width="1119" height="653" type="score"
		sealts="358b_1_1.176" work="pl" section="pl5" attribution="HM">
		<line c="876" h="59" n="6">
			<w x="723">Ten</w>
			<w x="947">thousand</w>
			<w x="1170">thousand</w>
			<w x="1357">ensigns</w>
			<w x="1477">high</w>
			<w x="1711">
				<choice>
					<orig>advanc'd,</orig>
					<reg>advanced,</reg>
				</choice>
			</w>
		</line>
		<line c="947" h="58" n="7">
			<w x="853">Standards</w>
			<w x="954">and</w>
			<w x="1190">gonfalons</w>
			<w x="1333">twixt</w>
			<w x="1431">van</w>
			<w x="1532">and</w>
			<w x="1643">rear</w>
		</line>
		<line c="1014" h="53" n="8">
			<w x="788">Stream</w>
			<w x="849">in</w>
			<w x="940">the</w>
			<w x="1034">air,</w>
			<w x="1139">and</w>
			<w x="1223">for</w>
			<w x="1480">distinction</w>
			<w x="1617">serve</w>
		</line>
		<line c="1088" h="61" n="9">
			<w x="686">Of</w>
			<w x="958">hierarchies,</w>
			<w x="1029">of</w>
			<w x="1196">orders,</w>
			<w x="1300">and</w>
			<w x="1518">degrees:</w>
		</line>
		<line c="1160" h="60" n="10">
			<w x="682">Or</w>
			<w x="744">in</w>
			<w x="870">their</w>
			<w x="1103">glittering</w>
			<w x="1272">tissues</w>
			<w x="1392">bear</w>
			<w x="1607">
				<choice>
					<orig>imblaz'd</orig>
					<reg>imblazed</reg>
				</choice>
			</w>
		</line>
		<line c="1230" h="58" n="11">
			<w x="738">Holy</w>
			<w x="1004">memorials,</w>
			<w x="1117">acts</w>
			<w x="1185">of</w>
			<w x="1292">zeal</w>
			<w x="1394">and</w>
			<w x="1506">love</w>
		</line>
		<line c="1295" h="48" n="12">
			<w x="839">Recorded</w>
			<w x="1057">eminent.</w>
			<w x="1243">Thus</w>
			<w x="1388">when</w>
			<w x="1449">in</w>
			<w x="1564">orbs</w>
		</line>
		<line c="1372" h="59" n="13">
			<w x="686">Of</w>
			<w x="843">circuit</w>
			<w x="1156">inexpressible</w>
			<w x="1280">they</w>
			<w x="1432">stood,</w>
		</line>
		<line c="1442" h="56" n="14">
			<w x="707">Orb</w>
			<w x="873">within</w>
			<w x="978">orb,</w>
			<w x="1073">the</w>
			<w x="1249">Father</w>
			<w x="1443">infinite,</w>
		</line>
	</div>
</body>
