<body>
	<div id="2" group="1" x="556" y="2481" width="1283" height="183" type="score"
		sealts="358b_1_b096" mode="commentary" section="life" attribution="HM"/>
	<line c="2507" h="37" n="36">
		<w x="699">'On</w>
		<w x="845">Thursday</w>
		<w x="915">last,</w>
		<w x="987">May</w>
		<w x="1022">9,</w>
		<w x="1102">1754,</w>
		<w x="1171">died</w>
		<w x="1208">at</w>
		<w x="1355">Islington,</w>
		<w x="1394">in</w>
		<w x="1449">the</w>
		<w x="1520">66th</w>
		<w x="1590">year</w>
		<w x="1629">of</w>
		<w x="1681">her</w>
		<w x="1745">age,</w>
		<w x="1821">after</w>
	</line>
	<line c="2550" h="35" n="37">
		<w x="598">a</w>
		<w x="657">long</w>
		<w x="718">and</w>
		<w x="828">painful</w>
		<w x="938">illness,</w>
		<w x="1036">which</w>
		<w x="1093">she</w>
		<w x="1242">sustained</w>
		<w x="1318">with</w>
		<w x="1463">Christian</w>
		<w x="1603">fortitude</w>
		<w x="1673">and</w>
		<w x="1818">patience,</w>
	</line>
	<line c="2593" h="36" n="38">
		<w x="632">Mrs.</w>
		<w x="780">Elizabeth</w>
		<w x="889">Foster,</w>
		<div id="3" group="1" x="896" y="2568" width="377" height="44" type="underline"
			sealts="358b_1_b096" mode="commentary" section="life" attribution="HM">
			<w x="1114">granddaughter</w>
			<w x="1156">of</w>
			<w x="1268">Milton.'</w>
		</div>
		<w x="1364">This</w>
		<w x="1515">paragraph</w>
		<w x="1592">from</w>
		<w x="1616">a</w>
		<w x="1818">contemporary</w>
	</line>
	<line c="2629" h="43" n="39">
		<w x="730">newspaper,</w>
		<w x="764">is</w>
		<w x="915">preserved</w>
		<w x="936">in</w>
		<w x="1004">the</w>
		<w x="1137">Memoirs</w>
		<w x="1178">of</w>
		<w x="1218">T.</w>
		<w x="1323">Hollis,</w>
		<w x="1361">v.</w>
		<w x="1391">i.</w>
		<w x="1429">p.</w>
		<w x="1495">114.</w>
	</line>
</body>
