<body>
	<div id="2" group="1" x="702" y="510" width="1234" height="1005" type="score"
		sealts="358b_2_2.244" work="com" attribution="HM">
		<line c="551" h="63" n="1">
			<w x="825">Will</w>
			<w x="944">dare</w>
			<w x="1011">to</w>
			<w x="1111">soil</w>
			<w x="1207">her</w>
			<w x="1362">virgin</w>
			<w x="1550">purity:</w>
		</line>
		<line c="620" h="65" n="2">
			<w x="817">Yea</w>
			<w x="972">there,</w>
			<w x="1139">where</w>
			<w x="1262">very</w>
			<w x="1520">desolation</w>
			<w x="1707">dwells,</w>
		</line>
		<line c="694" h="76" n="3">
			<w x="794">By</w>
			<w x="945">grots,</w>
			<w x="1051">and</w>
			<w x="1247">caverns</w>
			<w x="1443">
				<choice>
					<orig>shagg'd</orig>
					<reg>shagged</reg>
				</choice>
			</w>
			<w x="1575">with</w>
			<w x="1737">horrid</w>
			<w x="1928">shades,</w>
		</line>
		<line c="766" h="68" n="4">
			<w x="812">She</w>
			<w x="934">may</w>
			<w x="1052">pass</w>
			<w x="1130">on</w>
			<w x="1258">with</w>
			<w x="1537">
				<choice>
					<orig>unblench'd</orig>
					<reg>unblenched</reg>
				</choice>
			</w>
			<w x="1756">majesty,</w>
		</line>
		<line c="834" h="65" n="5">
			<w x="788">Be</w>
			<w x="845">it</w>
			<w x="942">not</w>
			<w x="1072">done</w>
			<w x="1138">in</w>
			<w x="1292">pride,</w>
			<w x="1361">or</w>
			<w x="1425">in</w>
			<w x="1753">presumption.</w>
		</line>
		<line c="908" h="70" n="6">
			<w x="855">Some</w>
			<w x="954">say</w>
			<w x="1031">no</w>
			<w x="1135">evil</w>
			<w x="1279">thing</w>
			<w x="1394">that</w>
			<w x="1552">walks</w>
			<w x="1631">by</w>
			<w x="1790">night,</w>
		</line>
		<line c="981" h="70" n="7">
			<w x="777">In</w>
			<w x="883">fog,</w>
			<w x="954">or</w>
			<w x="1050">fire,</w>
			<w x="1144">by</w>
			<w x="1279">lake,</w>
			<w x="1348">or</w>
			<w x="1556">moorish</w>
			<w x="1664">fen,</w>
		</line>
		<line c="1051" h="69" n="8">
			<w x="837">Blue</w>
			<w x="1032">meager</w>
			<w x="1151">hag,</w>
			<w x="1220">or</w>
			<w x="1446">stubborn</w>
			<w x="1611">unlaid</w>
			<w x="1774">ghost,</w>
		</line>
		<line c="1120" h="66" n="9">
			<w x="846">That</w>
			<w x="1020">breaks</w>
			<w x="1106">his</w>
			<w x="1268">magic</w>
			<w x="1437">chains</w>
			<w x="1504">at</w>
			<w x="1686">curfew</w>
			<w x="1827">time,</w>
		</line>
		<line c="1196" h="69" n="10">
			<w x="797">No</w>
			<w x="976">goblin,</w>
			<w x="1047">or</w>
			<w x="1200">swart</w>
			<w x="1341">
				<choice>
					<orig>faery</orig>
					<reg>fairy</reg>
				</choice>
			</w>
			<w x="1411">of</w>
			<w x="1510">the</w>
			<w x="1662">mine,</w>
		</line>
		<line c="1265" h="66" n="11">
			<w x="849">Hath</w>
			<w x="1030">hurtful</w>
			<w x="1198">power</w>
			<w x="1308">
				<choice>
					<orig>o'er</orig>
					<reg>over</reg>
				</choice>
			</w>
			<w x="1421">true</w>
			<w x="1659">virginity.</w>
		</line>
		<line c="1338" h="72" n="12">
			<w x="798">Do</w>
			<w x="873">ye</w>
			<w x="1060">believe</w>
			<w x="1152">me</w>
			<w x="1264">yet,</w>
			<w x="1334">or</w>
			<w x="1463">shall</w>
			<w x="1504">I</w>
			<w x="1610">call</w>
		</line>
		<line c="1409" h="70" n="13">
			<w x="951">Antiquity</w>
			<w x="1084">from</w>
			<w x="1179">the</w>
			<w x="1281">old</w>
			<w x="1473">schools</w>
			<w x="1545">of</w>
			<w x="1742">Greece</w>
		</line>
		<line c="1481" h="68" n="14">
			<w x="797">To</w>
			<w x="968">testify</w>
			<w x="1062">the</w>
			<w x="1198">arms</w>
			<w x="1271">of</w>
			<w x="1518">chastity?</w>
		</line>
	</div>
	<div id="3" group="2" x="712" y="2012" width="1272" height="226" type="score"
		sealts="358b_2_2.244" work="com" attribution="HM">
		<line c="2055" h="67" n="22">
			<w x="863">What</w>
			<w x="974">was</w>
			<w x="1092">that</w>
			<w x="1442">
				<choice>
					<orig>snaky-headed</orig>
					<reg>snaky headed</reg>
					<reg>snaky</reg>
					<reg>headed</reg>
				</choice>
			</w>
			<w x="1642">Gorgon</w>
			<w x="1817">shield,</w>
		</line>
		<line c="2125" h="61" n="23">
			<w x="851">That</w>
			<w x="977">wise</w>
			<w x="1197">Minerva</w>
			<w x="1351">wore,</w>
			<w x="1667">
				<choice>
					<orig>unconquer'd</orig>
					<reg>unconquered</reg>
				</choice>
			</w>
			<w x="1841">virgin,</w>
		</line>
		<line c="2197" h="60" n="24">
			<w x="1002">Wherewith</w>
			<w x="1099">she</w>
			<w x="1287">
				<choice>
					<orig>freez'd</orig>
					<reg>froze</reg>
				</choice>
			</w>
			<w x="1383">her</w>
			<w x="1496">foes</w>
			<w x="1563">to</w>
			<w x="1810">
				<choice>
					<orig>congeal'd</orig>
					<reg>congealed</reg>
				</choice>
			</w>
			<w x="1966">stone,</w>
		</line>
	</div>
</body>
