<body>
	<div id="2" group="1" x="600" y="850" width="778" height="80" type="score" sealts="358b_2_2.268"
		work="com" attribution="HM">
		<line c="893" h="58" n="4">
			<w x="767">Where</w>
			<w x="873">day</w>
			<w x="1023">never</w>
			<w x="1164">shuts</w>
			<w x="1252">his</w>
			<w x="1371">eye,</w>
		</line>
	</div>
	<div id="3" group="2" x="594" y="1412" width="1044" height="86" type="score"
		sealts="358b_2_2.268" work="com" attribution="HM">
		<line c="1464" h="61" n="12">
			<w x="704">The</w>
			<w x="904">Graces,</w>
			<w x="1010">and</w>
			<w x="1106">the</w>
			<w x="1444">
				<choice>
					<orig>rosy-bosom'd</orig>
					<reg>rosy bosom'd</reg>
					<reg>rosy bosomed</reg>
					<reg>rosy-bosomed</reg>
					<reg>rosy</reg>
					<reg>bosom'd</reg>
					<reg>bosomed</reg>
				</choice>
			</w>
			<w x="1627">Hours,</w>
		</line>
	</div>
</body>
