<body>
	<div id="2" group="1" x="263" y="482" width="1295" height="1618" type="wavyscore"
		sealts="358b_1_1.211" work="pl" section="pl6" attribution="HM">
		<line c="546" h="59" n="1">
			<w x="341">A</w>
			<w x="510">seraph</w>
			<w x="664">stood,</w>
			<w x="771">and</w>
			<w x="833">in</w>
			<w x="918">his</w>
			<w x="1051">hand</w>
			<w x="1097">a</w>
			<w x="1217">reed</w>
		</line>
		<line c="623" h="72" n="2">
			<w x="433">Stood</w>
			<w x="621">waving</w>
			<w x="745">
				<choice>
					<orig>tip'd</orig>
					<reg>tipped</reg>
				</choice>
			</w>
			<w x="870">with</w>
			<w x="989">fire;</w>
			<w x="1154">while</w>
			<w x="1238">we</w>
			<w x="1462">suspense</w>
		</line>
		<line c="693" h="70" n="3">
			<w x="523">Collected</w>
			<w x="663">stood</w>
			<w x="832">within</w>
			<w x="929">our</w>
			<w x="1152">thoughts</w>
			<w x="1362">
				<choice>
					<orig>amus'd;</orig>
					<reg>amused;</reg>
				</choice>
			</w>
		</line>
		<line c="760" h="61" n="4">
			<w x="387">Not</w>
			<w x="517">long,</w>
			<w x="603">for</w>
			<w x="784">sudden</w>
			<w x="860">all</w>
			<w x="926">at</w>
			<w x="1051">once</w>
			<w x="1182">their</w>
			<w x="1325">reeds</w>
		</line>
		<line c="837" h="71" n="5">
			<w x="383">Put</w>
			<w x="526">forth,</w>
			<w x="634">and</w>
			<w x="699">to</w>
			<w x="745">a</w>
			<w x="928">narrow</w>
			<w x="1049">vent</w>
			<w x="1239">
				<choice>
					<orig>apply'd</orig>
					<reg>applied</reg>
				</choice>
			</w>
		</line>
		<line c="908" h="70" n="6">
			<w x="415">With</w>
			<w x="569">nicest</w>
			<w x="728">touch.</w>
			<w x="1042">Immediate</w>
			<w x="1106">in</w>
			<w x="1151">a</w>
			<w x="1313">flame,</w>
		</line>
		<line c="983" h="77" n="7">
			<w x="385">But</w>
			<w x="507">soon</w>
			<w x="720">
				<choice>
					<orig>obscur'd</orig>
					<reg>obscured</reg>
				</choice>
			</w>
			<w x="846">with</w>
			<w x="1029">smoke,</w>
			<w x="1109">all</w>
			<w x="1289">heaven</w>
			<w x="1513">
				<choice>
					<orig>appear'd,</orig>
					<reg>appeared</reg>
				</choice>
			</w>
		</line>
		<line c="1052" h="71" n="8">
			<w x="422">From</w>
			<w x="557">those</w>
			<w x="893">
				<choice>
					<orig>deep-throated</orig>
					<reg>deep throated</reg>
					<reg>deep</reg>
					<reg>throated</reg>
				</choice>
			</w>
			<w x="1085">engines</w>
			<w x="1281">
				<choice>
					<orig>belch'd,</orig>
					<reg>belched,</reg>
				</choice>
			</w>
			<w x="1446">whose</w>
			<w x="1552">roar</w>
		</line>
		<div id="3" group="2" x="280" y="1082" width="1192" height="214" type="score"
			sealts="358b_1_1.211" work="pl" section="pl6" attribution="HM">
			<line c="1123" h="70" n="9">
				<w x="566">
					<choice>
						<orig>Embowel'd</orig>
						<reg>Emboweled</reg>
					</choice>
				</w>
				<w x="692">with</w>
				<w x="962">outrageous</w>
				<w x="1098">noise</w>
				<w x="1192">the</w>
				<w x="1285">air,</w>
			</line>
			<div id="4" group="2" x="290" y="1148" width="978" height="90" type="score"
				sealts="358b_1_1.211" work="pl" section="pl6" attribution="HM">
				<line c="1196" h="70" n="10">
					<w x="392">And</w>
					<w x="469">all</w>
					<w x="564">her</w>
					<w x="756">entrails</w>
					<w x="881">tore,</w>
					<w x="1146">disgorging</w>
					<w x="1254">foul</w>
				</line>
			</div>
			<line c="1262" h="62" n="11">
				<w x="427">Their</w>
				<w x="624">devilish</w>
				<w x="748">glut,</w>
				<w x="937">
					<choice>
						<orig>chain'd</orig>
						<reg>chained</reg>
					</choice>
				</w>
				<w x="1250">thunderbolts</w>
				<w x="1353">and</w>
				<w x="1458">hail</w>
			</line>
		</div>
		<line c="1332" h="61" n="12">
			<w x="360">Of</w>
			<w x="462">iron</w>
			<w x="641">globes,</w>
			<w x="807">which</w>
			<w x="882">on</w>
			<w x="969">the</w>
			<w x="1123">victor</w>
			<w x="1239">host</w>
		</line>
		<line c="1410" h="72" n="13">
			<w x="471">
				<choice>
					<orig>Level'd</orig>
					<reg>Leveled</reg>
				</choice>
			</w>
			<w x="597">with</w>
			<w x="723">such</w>
			<w x="980">impetuous</w>
			<w x="1096">fury</w>
			<w x="1267">smote,</w>
		</line>
		<line c="1484" h="75" n="14">
			<w x="408">That</w>
			<w x="569">whom</w>
			<w x="693">they</w>
			<w x="783">hit,</w>
			<w x="915">none</w>
			<w x="992">on</w>
			<w x="1122">their</w>
			<w x="1231">feet</w>
			<w x="1387">might</w>
			<w x="1544">stand,</w>
		</line>
		<line c="1556" h="78" n="15">
			<w x="474">Though</w>
			<w x="693">standing</w>
			<w x="801">else</w>
			<w x="868">as</w>
			<w x="1039">rocks;</w>
			<w x="1149">but</w>
			<w x="1297">down</w>
			<w x="1422">they</w>
			<w x="1517">fell</w>
		</line>
		<line c="1625" h="71" n="16">
			<w x="356">By</w>
			<w x="622">thousands,</w>
			<w x="771">angel</w>
			<w x="847">on</w>
			<w x="1092">archangel</w>
			<w x="1248">
				<choice>
					<orig>roll'd,</orig>
					<reg>rolled,</reg>
				</choice>
			</w>
		</line>
		<line c="1700" h="75" n="17">
			<w x="385">The</w>
			<w x="557">sooner</w>
			<w x="640">for</w>
			<w x="769">their</w>
			<w x="919">arms;</w>
			<w x="1144">
				<choice>
					<orig>unarm'd</orig>
					<reg>unarmed</reg>
				</choice>
			</w>
			<w x="1268">they</w>
			<w x="1423">might</w>
		</line>
		<line c="1765" h="64" n="18">
			<w x="410">Have</w>
			<w x="565">easily</w>
			<w x="631">as</w>
			<w x="789">spirits</w>
			<w x="972">evaded</w>
			<w x="1109">swift</w>
		</line>
		<line c="1835" h="59" n="19">
			<w x="356">By</w>
			<w x="502">quick</w>
			<w x="782">contraction</w>
			<w x="849">or</w>
			<w x="1059">remove:</w>
			<w x="1171">but</w>
			<w x="1290">now</w>
		</line>
		<line c="1907" h="61" n="20">
			<w x="391">Foul</w>
			<w x="658">dissipation</w>
			<w x="866">
				<choice>
					<orig>follow'd</orig>
					<reg>followed</reg>
				</choice>
			</w>
			<w x="971">and</w>
			<w x="1124">
				<choice>
					<orig>forc'd</orig>
					<reg>forced</reg>
				</choice>
			</w>
			<w x="1268">rout:</w>
		</line>
		<line c="1978" h="57" n="21">
			<w x="374">Nor</w>
			<w x="531">
				<choice>
					<orig>serv'd</orig>
					<reg>served</reg>
				</choice>
			</w>
			<w x="585">it</w>
			<w x="650">to</w>
			<w x="787">relax</w>
			<w x="916">their</w>
			<w x="1092">serried</w>
			<w x="1218">files.</w>
		</line>
		<line c="2059" h="74" n="22">
			<w x="414">What</w>
			<w x="577">should</w>
			<w x="696">they</w>
			<w x="798">do?</w>
			<w x="866">if</w>
			<w x="936">on</w>
			<w x="1054">they</w>
			<w x="1224">
				<choice>
					<orig>rush'd,</orig>
					<reg>rushed,</reg>
				</choice>
			</w>
			<w x="1409">repulse</w>
		</line>
	</div>
</body>
