<body>
	<div id="2" group="1" x="670" y="1338" width="1260" height="104" type="checkmark"
		sealts="358b_2_2.248" work="com" attribution="HM">
		<line c="1392" h="66" n="13">
			<w x="792">That</w>
			<w x="924">brow</w>
			<w x="1021">this</w>
			<div id="3" group="1" x="1039" y="1346" width="311" height="79" type="underline"
				sealts="358b_2_2.248" work="com" attribution="HM">
				<line n="1" h="79" c="1385">
					<w x="1346">
						<choice>
							<orig>bottom-glade,</orig>
							<reg>bottom glade,</reg>
							<reg>bottom</reg>
							<reg>glade,</reg>
						</choice>
					</w>
				</line>
			</div>
			<w x="1571">whence,</w>
			<w x="1706">night</w>
			<w x="1772">by</w>
			<w x="1922">night,</w>
		</line>
	</div>
</body>
