<body>
	<div id="2" group="1" x="286" y="1272" width="1016" height="222" type="score"
		sealts="358b_1_1.313" work="pl" section="pl9" attribution="HM">
		<line c="1317" h="62" n="12">
			<w x="410">Lest</w>
			<w x="531">thou</w>
			<w x="625">not</w>
			<w x="815">tasting,</w>
			<w x="1033">different</w>
			<w x="1208">degree</w>
		</line>
		<line c="1387" h="58" n="13">
			<w x="469">Disjoin</w>
			<w x="551">us,</w>
			<w x="659">and</w>
			<w x="698">I</w>
			<w x="821">then</w>
			<w x="914">too</w>
			<w x="1019">late</w>
			<w x="1249">renounce</w>
		</line>
		<line c="1462" h="66" n="14">
			<w x="435">Deity</w>
			<w x="518">for</w>
			<w x="649">thee,</w>
			<w x="799">when</w>
			<w x="907">fate</w>
			<w x="1014">will</w>
			<w x="1111">not</w>
			<w x="1294">permit.</w>
		</line>
	</div>
	<div id="3" group="1" x="288" y="1494" width="1257" height="150" type="diagonalscore"
		sealts="358b_1_1.313" work="pl" section="pl9" attribution="HM">
		<line c="1535" h="66" n="15">
			<w x="481">Thus</w>
			<w x="593">Eve</w>
			<w x="720">with</w>
			<w x="1027">countenance</w>
			<w x="1178">blithe</w>
			<w x="1274">her</w>
			<w x="1409">story</w>
			<w x="1537">told;</w>
		</line>
		<line c="1605" h="64" n="16">
			<w x="389">But</w>
			<w x="450">in</w>
			<w x="546">her</w>
			<w x="702">cheek</w>
			<w x="951">distemper</w>
			<w x="1154">flushing</w>
			<w x="1345">
				<choice>
					<orig>glow'd.</orig>
					<reg>glowed.</reg>
				</choice>
			</w>
		</line>
	</div>
</body>
