<body>
	<div id="2" group="1" x="296" y="561" width="1278" height="151" type="checkmark" type2="xmark"
		type3="annotated" sealts="358b_2_2.153" work="samag" attribution="HM">
		<line c="608" h="69" n="2">
			<w x="453">
				<hyph>
					<choice>
						<orig>gustus</orig>
						<reg>Augustus</reg>
					</choice>
				</hyph>
			</w>
			<w x="624">Caesar</w>
			<w x="735">also</w>
			<w x="852">had</w>
			<w x="1026">begun</w>
			<w x="1119">his</w>
			<w x="1267">Ajax,</w>
			<w x="1367">but</w>
			<w x="1551">unable</w>
		</line>
		<line c="666" h="92" n="3">
			<w x="349">to</w>
			<w x="514">please</w>
			<w x="601">his</w>
			<w x="720">own</w>
			<w x="978">judgment</w>
			<w x="1118">with</w>
			<w x="1269">What</w>
			<w x="1353">he</w>
			<w x="1458">had</w>
			<w x="1553">
				<choice>
					<hyph>be-</hyph>
					<reg>begun</reg>
				</choice>
			</w>
		</line>
	</div>
	<div id="3" group="2" x="308" y="1351" width="1267" height="164" type="underline2"
		type2="questionmark" sealts="358b_2_2.153" work="samag" attribution="HM">
		<line c="1389" h="64" n="13">
			<blank x="1394"/>
			<w x="1564">poet's</w>
		</line>
		<line c="1462" h="75" n="14">
			<w x="428">error</w>
		</line>
	</div>
	<div id="4" group="3" x="310" y="2760" width="1424" height="166" type="annotation" type2="xmark"
		sealts="358b_2_2.153" work="samag" attribution="HM">
		<line n="1" h="166" c="2843">
			<w x="598">
				<choice>
					<orig>J.Q.A.</orig>
					<reg>John Quincy Adams</reg>
				</choice>
			</w>
			<w x="812">might</w>
			<w x="984">have</w>
			<w x="1282">followed</w>
			<w x="1402">his</w>
			<w x="1730">example.</w>
		</line>
	</div>
</body>
