<body>
	<div id="2" group="1" x="574" y="488" width="952" height="148" type="score" type2="checkmark"
		sealts="358b_2_2.114" work="pr" section="pr3" attribution="HM">
		<line c="532" h="71" n="1">
			<w x="670">My</w>
			<w x="880">
				<choice>
					<orig>harbour,</orig>
					<reg>harbor,</reg>
				</choice>
			</w>
			<w x="983">and</w>
			<w x="1076">my</w>
			<w x="1285">ultimate</w>
			<w x="1478">repose;</w>
		</line>
		<line c="604" h="66" n="2">
			<w x="689">The</w>
			<w x="793">end</w>
			<w x="831">I</w>
			<w x="994">would</w>
			<w x="1157">attain,</w>
			<w x="1254">my</w>
			<w x="1370">final</w>
			<w x="1513">good.</w>
		</line>
	</div>
	<div id="3" group="2" x="850" y="990" width="744" height="83" type="underline"
		sealts="358b_2_2.114" work="pr" section="pr3" attribution="HM">
		<line c="1031" h="66" n="8">
			<w x="1008">placid</w>
			<w x="1174">aspect</w>
			<w x="1276">and</w>
			<w x="1420">meek</w>
			<w x="1586">regard,</w>
		</line>
	</div>
	<div id="4" group="3" x="432" y="2652" width="1132" height="200" type="annotation"
		type2="checkmark" sealts="358b_2_2.114" work="pr" section="pr3" attribution="HM">
		<line n="1" h="200" c="2752">
			<w x="540">A</w>
			<w x="796">spark</w>
			<w x="970">from</w>
			<w x="1114">the</w>
			<w x="1294">old</w>
			<w x="1548">flint.</w>
		</line>
	</div>
</body>
