<body>
	<div id="2" group="1" x="614" y="1777" width="1261" height="143" type="score"
		sealts="358b_2_2.058" work="pl" section="pl12" attribution="HM">
		<line c="1819" h="65" n="19">
			<w x="810">Though</w>
			<w x="907">not</w>
			<w x="1004">but</w>
			<w x="1081">by</w>
			<w x="1175">the</w>
			<w x="1332">Spirit</w>
			<w x="1624">understood.</w>
		</line>
		<line c="1889" h="65" n="20">
			<w x="751">Then</w>
			<w x="879">shall</w>
			<w x="1004">they</w>
			<w x="1129">seek</w>
			<w x="1196">to</w>
			<w x="1326">avail</w>
			<w x="1606">themselves</w>
			<w x="1678">of</w>
			<w x="1865">names,</w>
		</line>
	</div>
</body>
