<body>
	<div id="2" group="1" x="609" y="575" width="1248" height="719" type="score"
		sealts="358b_1_1.316" work="pl" section="pl9" attribution="HM">
		<line c="617" h="59" n="2">
			<w x="877">Dependent</w>
			<w x="1042">made;</w>
			<w x="1122">so</w>
			<w x="1246">God</w>
			<w x="1373">shall</w>
			<w x="1606">uncreate,</w>
		</line>
		<line c="686" h="52" n="3">
			<w x="684">Be</w>
			<w x="910">frustrate,</w>
			<w x="1001">do,</w>
			<w x="1151">undo,</w>
			<w x="1257">and</w>
			<w x="1424">
				<choice>
					<orig>labour</orig>
					<reg>labor</reg>
				</choice>
			</w>
			<w x="1545">lose,</w>
		</line>
		<line c="760" h="58" n="4">
			<w x="707">Not</w>
			<w x="829">well</w>
			<w x="1058">
				<choice>
					<orig>conceiv'd</orig>
					<reg>conceived</reg>
				</choice>
			</w>
			<w x="1127">of</w>
			<w x="1271">God;</w>
			<w x="1416">who,</w>
			<w x="1599">though</w>
			<w x="1686">his</w>
			<w x="1850">power</w>
		</line>
		<line c="831" h="59" n="5">
			<w x="818">Creation</w>
			<w x="958">could</w>
			<w x="1138">repeat,</w>
			<w x="1235">yet</w>
			<w x="1395">would</w>
			<w x="1470">be</w>
			<w x="1581">loth</w>
		</line>
		<line c="903" h="58" n="6">
			<w x="680">Us</w>
			<w x="745">to</w>
			<w x="937">abolish,</w>
			<w x="1043">lest</w>
			<w x="1134">the</w>
			<w x="1376">adversary</w>
		</line>
		<line c="974" h="58" n="7">
			<w x="819">Triumph</w>
			<w x="921">and</w>
			<w x="1044">say;</w>
			<w x="1223">Fickle</w>
			<w x="1352">their</w>
			<w x="1481">state</w>
			<w x="1644">whom</w>
			<w x="1770">God</w>
		</line>
		<line c="1045" h="61" n="8">
			<w x="729">Most</w>
			<w x="935">
				<choice>
					<orig>favours;</orig>
					<reg>favors;</reg>
				</choice>
			</w>
			<w x="1055">who</w>
			<w x="1144">can</w>
			<w x="1308">please</w>
			<w x="1416">him</w>
			<w x="1568">long?</w>
			<w x="1674">Me</w>
			<w x="1785">first</w>
		</line>
		<line c="1115" h="55" n="9">
			<w x="682">He</w>
			<w x="850">
				<choice>
					<orig>ruin'd,</orig>
					<reg>ruined,</reg>
				</choice>
			</w>
			<w x="973">now</w>
			<w x="1217">mankind;</w>
			<w x="1391">whom</w>
			<w x="1501">will</w>
			<w x="1575">he</w>
			<w x="1731">next?</w>
		</line>
		<line c="1189" h="60" n="10">
			<w x="769">Matter</w>
			<w x="838">of</w>
			<w x="984">scorn,</w>
			<w x="1083">not</w>
			<w x="1150">to</w>
			<w x="1222">be</w>
			<w x="1367">given</w>
			<w x="1460">the</w>
			<w x="1564">foe.</w>
		</line>
		<line c="1260" h="61" n="11">
			<w x="825">However</w>
			<w x="863">I</w>
			<w x="990">with</w>
			<w x="1108">thee</w>
			<w x="1235">have</w>
			<w x="1356">
				<choice>
					<orig>fix'd</orig>
					<reg>fixed</reg>
				</choice>
			</w>
			<w x="1449">my</w>
			<w x="1543">lot,</w>
		</line>
	</div>
	<div id="3" group="2" x="148" y="70" width="236" height="244" type="annotation"
		sealts="358b_1_1.316" work="pl" section="pl9" attribution="HM">
		<line n="1" h="61" c="116">
			<w x="270">300</w>
		</line>
		<line n="2" h="61" c="130">
			<w x="326">30</w>
		</line>
		<line n="3" h="61" c="168">
			<w x="354">_____</w>
		</line>
		<line n="4" h="61" c="208">
			<w x="356">9000</w>
		</line>
	</div>
</body>
