<body>
	<div id="2" group="1" x="680" y="1954" width="1158" height="142" type="arcedscore3"
		sealts="358b_2_2.180" work="samag" attribution="HM">
		<line c="2005" h="126" n="21">
			<w x="825">Sleep</w>
			<w x="949">hath</w>
			<w x="1141">forsook</w>
			<w x="1245">and</w>
			<w x="1391">given</w>
			<w x="1481">me</w>
			<w x="1592">
				<choice>
					<orig>o'er</orig>
					<reg>over</reg>
				</choice>
			</w>
		</line>
		<line c="2071" h="83" n="22">
			<w x="766">To</w>
			<w x="952">death's</w>
			<w x="1231">benumbing</w>
			<w x="1394">opium</w>
			<w x="1460">as</w>
			<w x="1555">my</w>
			<w x="1679">only</w>
			<w x="1822">cure:</w>
		</line>
	</div>
</body>
