<body>
	<div id="2" group="1" x="616" y="769" width="868" height="939" type="brokenscore"
		sealts="358b_2_2.266" work="com" attribution="HM">
		<line c="817" h="57" n="5">
			<w x="728">Let</w>
			<w x="796">us</w>
			<w x="876">fly</w>
			<w x="979">this</w>
			<w x="1150">cursed</w>
			<w x="1304">place,</w>
		</line>
		<line c="881" h="44" n="6">
			<w x="748">Lest</w>
			<w x="839">the</w>
			<w x="1046">sorcerer</w>
			<w x="1114">us</w>
			<w x="1274">entice</w>
		</line>
		<line c="953" h="45" n="7">
			<w x="761">With</w>
			<w x="899">some</w>
			<w x="1044">other</w>
			<w x="1163">new</w>
			<w x="1348">device.</w>
		</line>
		<line c="1030" h="55" n="8">
			<w x="730">Not</w>
			<w x="776">a</w>
			<w x="946">waste,</w>
			<w x="1017">or</w>
			<w x="1233">needless</w>
			<w x="1405">sound,</w>
		</line>
		<line c="1106" h="60" n="9">
			<w x="728">Till</w>
			<w x="818">we</w>
			<w x="961">come</w>
			<w x="1030">to</w>
			<w x="1185">holier</w>
			<w x="1395">ground;</w>
		</line>
		<line c="1175" h="61" n="10">
			<w x="656">I</w>
			<w x="787">shall</w>
			<w x="861">be</w>
			<w x="990">your</w>
			<w x="1180">faithful</w>
			<w x="1330">guide</w>
		</line>
		<line c="1247" h="59" n="11">
			<w x="845">Through</w>
			<w x="951">this</w>
			<w x="1144">gloomy</w>
			<w x="1313">covert</w>
			<w x="1462">wide,</w>
		</line>
		<line c="1319" h="59" n="12">
			<w x="733">And</w>
			<w x="830">not</w>
			<w x="979">many</w>
			<w x="1191">furlongs</w>
			<w x="1370">thence</w>
		</line>
		<line c="1389" h="59" n="13">
			<w x="676">Is</w>
			<w x="804">your</w>
			<w x="1022">Father's</w>
			<w x="1281">residence,</w>
		</line>
		<line c="1462" h="60" n="14">
			<w x="791">Where</w>
			<w x="899">this</w>
			<w x="1044">night</w>
			<w x="1136">are</w>
			<w x="1250">met</w>
			<w x="1315">in</w>
			<w x="1445">state</w>
		</line>
		<line c="1534" h="61" n="15">
			<w x="769">Many</w>
			<w x="815">a</w>
			<w x="973">friend</w>
			<w x="1041">to</w>
			<w x="1273">gratulate</w>
		</line>
		<line c="1605" h="60" n="16">
			<w x="717">His</w>
			<w x="892">
				<choice>
					<orig>wish'd</orig>
					<reg>wished</reg>
				</choice>
			</w>
			<w x="1133">presence,</w>
			<w x="1240">and</w>
			<w x="1411">beside</w>
		</line>
		<line c="1677" h="57" n="17">
			<w x="704">All</w>
			<w x="798">the</w>
			<w x="978">swains</w>
			<w x="1094">that</w>
			<w x="1236">there</w>
			<w x="1399">abide,</w>
		</line>
	</div>
</body>
