<body>
	<div id="2" group="1" x="272" y="484" width="1292" height="1264" type="score" type2="xmark"
		type3="annotated" sealts="358b_2_2.277" work="lyc" attribution="HM">
		<line c="549" h="57" n="1">
			<w x="450">Creep,</w>
			<w x="557">and</w>
			<w x="753">intrude,</w>
			<w x="861">and</w>
			<w x="1008">climb</w>
			<w x="1115">into</w>
			<w x="1205">the</w>
			<w x="1346">fold?</w>
		</line>
		<line c="625" h="65" n="2">
			<w x="363">Of</w>
			<w x="499">other</w>
			<w x="611">care</w>
			<w x="733">they</w>
			<w x="860">little</w>
			<w x="1110">reckoning</w>
			<w x="1267">make,</w>
		</line>
		<line c="696" h="64" n="3">
			<w x="422">Than</w>
			<w x="540">how</w>
			<w x="602">to</w>
			<w x="824">scramble</w>
			<w x="890">at</w>
			<w x="981">the</w>
			<w x="1204">shearer's</w>
			<w x="1344">feast,</w>
		</line>
		<line c="771" h="71" n="4">
			<w x="389">And</w>
			<w x="536">shove</w>
			<w x="679">away</w>
			<w x="770">the</w>
			<w x="955">worthy</w>
			<w x="1121">bidden</w>
			<w x="1289">guest;</w>
			<w x="1536">[hold</w>
		</line>
		<line c="834" h="57" n="5">
			<w x="422">Blind</w>
			<w x="630">mouths!</w>
			<w x="757">that</w>
			<w x="919">scarce</w>
			<w x="1192">themselves</w>
			<w x="1340">know</w>
			<w x="1462">how</w>
			<w x="1536">to</w>
		</line>
		<line c="911" h="64" n="6">
			<w x="332">A</w>
			<w x="626">
				<choice>
					<orig>sheep-hook,</orig>
					<reg>sheep hook,</reg>
					<reg>sheep</reg>
					<reg>hook,</reg>
				</choice>
			</w>
			<w x="695">or</w>
			<w x="818">have</w>
			<w x="999">
				<choice>
					<orig>learn'd</orig>
					<reg>learned</reg>
				</choice>
			</w>
			<w x="1151">aught</w>
			<w x="1255">else</w>
			<w x="1348">the</w>
			<w x="1476">least</w>
		</line>
		<line c="982" h="67" n="7">
			<w x="409">That</w>
			<w x="473">to</w>
			<w x="566">the</w>
			<w x="751">faithful</w>
			<w x="1007">herdman's</w>
			<w x="1095">art</w>
			<w x="1316">belongs!</w>
		</line>
		<line c="1055" h="68" n="8">
			<w x="422">What</w>
			<w x="557">recks</w>
			<w x="602">it</w>
			<w x="759">them?</w>
			<w x="910">What</w>
			<w x="1029">need</w>
			<w x="1169">they?</w>
			<w x="1315">They</w>
			<w x="1396">are</w>
			<w x="1534">sped;</w>
		</line>
		<line c="1125" h="67" n="9">
			<w x="389">And</w>
			<w x="536">when</w>
			<w x="658">they</w>
			<w x="761">list,</w>
			<w x="892">their</w>
			<w x="1007">lean</w>
			<w x="1111">and</w>
			<w x="1274">flashy</w>
			<w x="1419">songs</w>
		</line>
		<line c="1195" h="64" n="10">
			<w x="424">Grate</w>
			<w x="500">on</w>
			<w x="627">their</w>
			<w x="835">scrannel</w>
			<w x="972">pipes</w>
			<w x="1042">of</w>
			<w x="1272">wretched</w>
			<w x="1444">straw;</w>
		</line>
		<line c="1266" h="64" n="11">
			<w x="386">The</w>
			<w x="570">hungry</w>
			<w x="718">sheep</w>
			<w x="837">look</w>
			<w x="926">up,</w>
			<w x="1031">and</w>
			<w x="1120">are</w>
			<w x="1215">not</w>
			<w x="1318">fed,</w>
		</line>
		<line c="1339" h="68" n="12">
			<w x="376">But</w>
			<w x="529">
				<choice>
					<orig>swoln</orig>
					<reg>swollen</reg>
				</choice>
			</w>
			<w x="652">with</w>
			<w x="798">wind,</w>
			<w x="903">and</w>
			<w x="995">the</w>
			<w x="1120">rank</w>
			<w x="1237">mist</w>
			<w x="1358">they</w>
			<w x="1506">draw,</w>
		</line>
		<line c="1409" h="66" n="13">
			<w x="376">Rot</w>
			<w x="610">inwardly,</w>
			<w x="713">and</w>
			<w x="821">foul</w>
			<w x="1064">contagion</w>
			<w x="1256">spread;</w>
		</line>
		<line c="1481" h="66" n="14">
			<w x="464">Besides</w>
			<w x="600">what</w>
			<w x="690">the</w>
			<w x="816">grim</w>
			<w x="944">wolf</w>
			<w x="1062">with</w>
			<w x="1200">privy</w>
			<w x="1316">paw</w>
		</line>
		<line c="1552" h="64" n="15">
			<w x="416">Daily</w>
			<w x="612">devours</w>
			<w x="777">apace,</w>
			<w x="884">and</w>
			<w x="1079">nothing</w>
			<w x="1213">said;</w>
		</line>
		<line c="1622" h="61" n="16">
			<w x="375">But</w>
			<w x="486">that</w>
			<w x="778">
				<choice>
					<orig>two-handed</orig>
					<reg>two handed</reg>
					<reg>two</reg>
					<reg>handed</reg>
				</choice>
			</w>
			<w x="951">engine</w>
			<w x="1018">at</w>
			<w x="1108">the</w>
			<w x="1229">door</w>
		</line>
		<line c="1694" h="59" n="17">
			<w x="443">Stands</w>
			<w x="594">ready</w>
			<w x="659">to</w>
			<w x="802">smite</w>
			<w x="940">once,</w>
			<w x="1044">and</w>
			<w x="1186">smite</w>
			<w x="1262">no</w>
			<w x="1411">more.</w>
		</line>
	</div>
	<div id="3" group="2" x="100" y="2660" width="1910" height="474" type="score"
		sealts="358b_2_2.277" work="lyc" attribution="HM">
		<line n="1" h="94" c="2707">
			<w x="348">Mark</w>
			<w x="506">the</w>
			<w x="860">deforming</w>
			<w x="1080">effect</w>
			<w x="1172">of</w>
			<w x="1288">the</w>
			<w x="1614">intrusion</w>
			<w x="1702">of</w>
		</line>
		<line n="2" h="94" c="2764">
			<w x="1554">however</w>
			<w x="1740">serious</w>
			<w x="1818">in</w>
			<w x="1998">import,</w>
		</line>
		<line n="3" h="93" c="2858">
			<w x="478">partisan</w>
			<w x="716">topics</w>
			<w x="800">&amp;</w>
			<w x="1070">feelings</w>
			<w x="1150">of</w>
			<w x="1256">the</w>
			<w x="1456">day,</w>
			<w x="1736">into</w>
			<w x="1816">a</w>
		</line>
		<line n="4" h="93" c="2944">
			<w x="476">otherwise</w>
		</line>
		<line n="5" h="93" c="3000">
			<w x="382">poem</w>
			<w x="504">of</w>
			<w x="680">the</w>
			<w x="878">first</w>
			<w x="1118">order</w>
			<w x="1214">of</w>
			<w x="1434">merit</w>
		</line>
	</div>
</body>
