<body>
	<div id="2" group="1" x="634" y="488" width="1138" height="424" type="score"
		sealts="358b_1_1.210" work="pl" section="pl6" attribution="HM">
		<line c="519" h="68" n="1">
			<w x="734">Not</w>
			<w x="911">distant</w>
			<w x="989">far</w>
			<w x="1113">with</w>
			<w x="1267">heavy</w>
			<w x="1389">pace</w>
			<w x="1482">the</w>
			<w x="1573">foe</w>
		</line>
		<line c="594" h="83" n="2">
			<w x="936">Approaching</w>
			<w x="1070">gross</w>
			<w x="1173">and</w>
			<w x="1332">huge;</w>
			<w x="1407">in</w>
			<w x="1583">hollow</w>
			<w x="1710">cube</w>
		</line>
		<line c="664" h="76" n="3">
			<w x="849">Training</w>
			<w x="931">his</w>
			<w x="1126">devilish</w>
			<w x="1362">enginery,</w>
			<w x="1555">
				<choice>
					<orig>impal'd</orig>
					<reg>impaled</reg>
				</choice>
			</w>
		</line>
		<line c="734" h="78" n="4">
			<w x="720">On</w>
			<w x="864">every</w>
			<w x="973">side</w>
			<w x="1099">with</w>
			<w x="1365">shadowing</w>
			<w x="1614">squadrons</w>
			<w x="1758">deep,</w>
		</line>
		<line c="800" h="69" n="5">
			<w x="719">To</w>
			<w x="833">hide</w>
			<w x="925">the</w>
			<w x="1077">fraud.</w>
			<w x="1200">At</w>
			<w x="1437">interview</w>
			<w x="1560">both</w>
			<w x="1702">stood</w>
		</line>
		<line c="875" h="72" n="6">
			<w x="689">A</w>
			<w x="858">while;</w>
			<w x="966">but</w>
			<w x="1190">suddenly</w>
			<w x="1255">at</w>
			<w x="1383">head</w>
			<w x="1602">
				<choice>
					<orig>appear'd</orig>
					<reg>appeared</reg>
				</choice>
			</w>
		</line>
	</div>
</body>
