<body>
	<div id="2" group="1" x="608" y="1500" width="1025" height="134" type="arcedscore"
		type2="annotated" sealts="358b_1_1.002" work="pl" section="pl1" attribution="HM">
		<line c="1538" h="60" n="14">
			<w x="737">That</w>
			<w x="860">with</w>
			<w x="935">no</w>
			<w x="1109">middle</w>
			<w x="1252">flight</w>
			<w x="1438">intends</w>
			<w x="1504">to</w>
			<w x="1617">soar</w>
		</line>
		<line c="1606" h="56" n="15">
			<w x="764">Above</w>
			<w x="844">
				<choice>
					<orig>th'</orig>
					<reg>the</reg>
				</choice>
			</w>
			<w x="1030">Aonian</w>
			<w x="1209">mount,</w>
			<w x="1361">while</w>
			<w x="1417">it</w>
			<w x="1611">pursues</w>
		</line>
	</div>
	<div id="3" group="2" x="624" y="1640" width="1024" height="66" type="arcedscore"
		sealts="358b_1_1.002" work="pl" section="pl1" attribution="HM">
		<line c="1678" h="59" n="16">
			<w x="785">Things</w>
			<w x="1098">unattempted</w>
			<w x="1193">yet</w>
			<w x="1254">in</w>
			<w x="1394">prose</w>
			<w x="1461">or</w>
			<w x="1641">rhyme.</w>
		</line>
	</div>
	<div id="4" group="3" x="224" y="1523" width="274" height="221" type="annotation"
		sealts="358b_1_1.002" work="pl" section="pl1" attribution="HM">
		<line c="1578" h="110" n="1">
			<w x="450">Tasso</w>
		</line>
	</div>
	<div id="5" group="4" x="224" y="1651" width="274" height="221" type="annotation"
		sealts="358b_1_1.002" work="pl" section="pl1" attribution="HM">
		<line c="1690" n="2" h="109">
			<w x="492">Ariosto</w>
		</line>
	</div>
</body>
