<body>
    <div id="2" group="1" x="600" y="554" width="816" height="154" type="score"
        sealts="358b_2_2.270" work="com" attribution="HM">
        <line c="591" h="65" n="2">
            <w x="694">Or,</w>
            <w x="755">if</w>
            <w x="918">Virtue</w>
            <w x="1077">feeble</w>
            <w x="1227">were,</w>
        </line>
        <line c="669" h="58" n="3">
            <w x="789">
                <choice>
                    <orig>Heav'n</orig>
                    <reg>Heaven</reg>
                </choice>
            </w>
            <w x="930">itself</w>
            <w x="1087">would</w>
            <w x="1229">stoop</w>
            <w x="1296">to</w>
            <w x="1405">her.</w>
        </line>
    </div>
    <div id="3" group="2" x="575" y="1684" width="363" height="468" type="annotation" type2="brace"
        sealts="358b_2_2.270" work="com" attribution="HM">
        <line n="1" h="116" c="1774">
            <w x="910">Comus</w>
        </line>
        <line n="2" h="117" c="1872">
            <w x="922">Arcades</w>
        </line>
        <line n="3" h="117" c="1976">
            <w x="908">L'All.</w>
        </line>
        <line n="4" h="117" c="2093">
            <w x="754">Il'</w>
            <w x="930">Pen.</w>
        </line>
    </div>
    <div id="4" group="3" x="1073" y="1718" width="475" height="231" type="annotation"
        sealts="358b_2_2.270" work="com" attribution="HM">
        <line n="1" h="115" c="1775">
            <w x="1326">Written</w>
            <w x="1534">between</w>
        </line>
        <line n="2" h="115" c="1890">
            <w x="1346">25th</w>
            <w x="1414">and</w>
            <w x="1542">30th</w>
        </line>
    </div>
</body>
