<body>
	<div id="2" group="1" x="548" y="1050" width="1208" height="945" type="score"
		sealts="358b_2_2.110" work="pr" section="pr3" attribution="HM">
		<line c="1098" h="64" n="9">
			<w x="696">To</w>
			<w x="856">whom</w>
			<w x="948">the</w>
			<w x="1152">tempter</w>
			<w x="1429">murmuring</w>
			<w x="1548">thus</w>
			<w x="1741">replied.</w>
		</line>
		<line c="1168" h="61" n="10">
			<w x="713">Think</w>
			<w x="806">not</w>
			<w x="872">so</w>
			<w x="1020">slight</w>
			<w x="1087">of</w>
			<w x="1233">glory,</w>
			<w x="1420">therein</w>
			<w x="1551">least</w>
		</line>
		<line c="1240" h="65" n="11">
			<w x="839">Resembling</w>
			<w x="937">thy</w>
			<w x="1078">great</w>
			<w x="1279">Father:</w>
			<w x="1368">he</w>
			<w x="1514">seeks</w>
			<w x="1667">glory,</w>
		</line>
		<line c="1313" h="66" n="12">
			<w x="660">And</w>
			<w x="744">for</w>
			<w x="826">his</w>
			<w x="965">glory</w>
			<w x="1040">all</w>
			<w x="1201">things</w>
			<w x="1359">made,</w>
			<w x="1439">all</w>
			<w x="1608">things</w>
		</line>
		<line c="1382" h="60" n="13">
			<w x="721">Orders</w>
			<w x="823">and</w>
			<w x="1044">governs;</w>
			<w x="1152">nor</w>
			<w x="1346">content</w>
			<w x="1408">in</w>
			<w x="1593">heaven</w>
		</line>
		<line c="1454" h="63" n="14">
			<w x="632">By</w>
			<w x="707">all</w>
			<w x="792">his</w>
			<w x="958">angels</w>
			<w x="1188">
				<choice>
					<orig>glorify'd,</orig>
					<reg>glorified,</reg>
				</choice>
			</w>
			<w x="1396">requires</w>
		</line>
		<line c="1528" h="65" n="15">
			<w x="697">Glory</w>
			<w x="824">from</w>
			<w x="957">men,</w>
			<w x="1089">from</w>
			<w x="1165">all</w>
			<w x="1285">men</w>
			<w x="1415">good</w>
			<w x="1482">or</w>
			<w x="1596">bad,</w>
		</line>
		<line c="1601" h="67" n="16">
			<w x="677">Wise</w>
			<w x="743">or</w>
			<w x="938">unwise,</w>
			<w x="1017">no</w>
			<w x="1275">difference,</w>
			<w x="1354">no</w>
			<w x="1645">exemption;</w>
		</line>
		<line c="1673" h="64" n="17">
			<w x="706">Above</w>
			<w x="783">all</w>
			<w x="987">sacrifice</w>
			<w x="1054">or</w>
			<w x="1273">
				<choice>
					<orig>hallow'd</orig>
					<reg>hallowed</reg>
				</choice>
			</w>
			<w x="1374">gift</w>
		</line>
		<line c="1744" h="64" n="18">
			<w x="695">Glory</w>
			<w x="768">he</w>
			<w x="985">requires,</w>
			<w x="1095">and</w>
			<w x="1234">glory</w>
			<w x="1307">he</w>
			<w x="1514">receives</w>
		</line>
		<line c="1814" h="63" n="19">
			<w x="850">Promiscuous</w>
			<w x="977">from</w>
			<w x="1053">all</w>
			<w x="1254">nations,</w>
			<w x="1388">Jew,</w>
			<w x="1457">or</w>
			<w x="1638">Greek,</w>
		</line>
		<line c="1886" h="63" n="20">
			<w x="617">Or</w>
			<w x="873">barbarous,</w>
			<w x="966">nor</w>
			<w x="1209">exception</w>
			<w x="1334">hath</w>
			<w x="1567">
				<choice>
					<orig>declar'd:</orig>
					<reg>declared:</reg>
				</choice>
			</w>
		</line>
		<line c="1959" h="66" n="21">
			<w x="679">From</w>
			<w x="763">us,</w>
			<w x="851">his</w>
			<w x="962">foes</w>
			<w x="1252">
				<choice>
					<orig>pronounc'd,</orig>
					<reg>pronounced,</reg>
				</choice>
			</w>
			<w x="1395">glory</w>
			<w x="1470">he</w>
			<w x="1651">exacts.</w>
		</line>
	</div>
</body>
