<body>
	<div id="2" group="1" x="278" y="2008" width="1150" height="232" type="score"
		sealts="358b_2_2.165" work="samag" attribution="HM">
		<line c="2052" h="65" n="22">
			<w x="412">Have</w>
			<w x="560">
				<choice>
					<orig>err'd,</orig>
					<reg>erred,</reg>
				</choice>
			</w>
			<w x="665">and</w>
			<w x="746">by</w>
			<w x="851">bad</w>
			<w x="1045">women</w>
			<w x="1178">been</w>
			<w x="1420">
				<choice>
					<orig>deceiv'd;</orig>
					<reg>deceived;</reg>
				</choice>
			</w>
		</line>
		<line c="2126" h="65" n="23">
			<w x="385">And</w>
			<w x="515">shall</w>
			<w x="677">again,</w>
			<w x="883">pretend</w>
			<w x="1009">they</w>
			<w x="1148">
				<choice>
					<orig>ne'er</orig>
					<reg>never</reg>
				</choice>
			</w>
			<w x="1217">so</w>
			<w x="1359">wise.</w>
		</line>
		<line c="2200" h="67" n="24">
			<w x="448">Deject</w>
			<w x="545">not</w>
			<w x="672">then</w>
			<w x="742">so</w>
			<w x="996">overmuch</w>
			<w x="1193">thyself,</w>
		</line>
	</div>
</body>
