<body>
	<div id="2" group="1" x="296" y="500" width="1142" height="243" type="score3" type2="annotated"
		sealts="358b_2_2.129" work="pr" section="pr4" attribution="HM">
		<line c="548" h="76" n="1">
			<w x="400">(For</w>
			<w x="444">I</w>
			<w x="566">have</w>
			<w x="671">also</w>
			<w x="837">heard,</w>
			<w x="1043">perhaps</w>
			<w x="1171">have</w>
			<w x="1334">read,)</w>
		</line>
		<line c="618" h="72" n="2">
			<w x="441">Their</w>
			<w x="595">wines</w>
			<w x="667">of</w>
			<w x="829">Setia,</w>
			<w x="999">Cales,</w>
			<w x="1106">and</w>
			<w x="1326">Falerne,</w>
		</line>
		<line c="692" h="78" n="3">
			<w x="454">Chios,</w>
			<w x="560">and</w>
			<w x="731">Crete,</w>
			<w x="837">and</w>
			<w x="960">how</w>
			<w x="1087">they</w>
			<w x="1232">quaff</w>
			<w x="1288">in</w>
			<w x="1425">gold,</w>
		</line>
	</div>
	<div id="3" group="2" x="1774" y="576" width="261" height="221" type="annotation"
		sealts="358b_2_2.129" work="pr" section="pr4" attribution="HM">
		<line n="1" h="221" c="686">
			<w x="2012">wines</w>
		</line>
	</div>
</body>
