<body>
	<div id="2" group="1" x="610" y="610" width="1044" height="424" type="score"
		sealts="358b_1_1.208" work="pl" section="pl6" attribution="HM">
		<line c="656" h="63" n="3">
			<w x="894">Impossible:</w>
			<w x="1001">yet</w>
			<w x="1144">
				<choice>
					<orig>haply</orig>
					<reg>happily</reg>
				</choice>
			</w>
			<w x="1213">of</w>
			<w x="1303">thy</w>
			<w x="1416">race</w>
		</line>
		<line c="723" h="63" n="4">
			<w x="679">In</w>
			<w x="834">future</w>
			<w x="969">days,</w>
			<w x="1031">if</w>
			<w x="1192">malice</w>
			<w x="1361">should</w>
			<w x="1558">abound,</w>
		</line>
		<line c="791" h="56" n="5">
			<w x="757">Some</w>
			<w x="855">one</w>
			<w x="1010">intent</w>
			<w x="1082">on</w>
			<w x="1305">mischief,</w>
			<w x="1374">or</w>
			<w x="1562">
				<choice>
					<orig>inspir'd</orig>
					<reg>inspired</reg>
				</choice>
			</w>
		</line>
		<line c="862" h="57" n="6">
			<w x="746">With</w>
			<w x="937">
				<choice>
					<orig>dev'lish</orig>
					<reg>devilish</reg>
				</choice>
			</w>
			<w x="1247">machination,</w>
			<w x="1406">might</w>
			<w x="1564">devise</w>
		</line>
		<line c="934" h="60" n="7">
			<w x="736">Like</w>
			<w x="1017">instrument,</w>
			<w x="1082">to</w>
			<w x="1250">plague</w>
			<w x="1342">the</w>
			<w x="1459">sons</w>
			<w x="1528">of</w>
			<w x="1641">men</w>
		</line>
		<line c="1005" h="56" n="8">
			<w x="710">For</w>
			<w x="804">sin,</w>
			<w x="882">on</w>
			<w x="989">war</w>
			<w x="1090">and</w>
			<w x="1269">mutual</w>
			<w x="1502">slaughter</w>
			<w x="1636">bent.</w>
		</line>
	</div>
</body>
