<body>
	<div id="2" group="1" x="636" y="1922" width="1072" height="146" type="score"
		sealts="358b_2_2.208" work="samag" attribution="HM">
		<line c="1959" h="73" n="21">
			<w x="780">Some</w>
			<w x="973">rousing</w>
			<w x="1177">motions</w>
			<w x="1242">in</w>
			<w x="1345">me,</w>
			<w x="1511">which</w>
			<w x="1702">dispose</w>
		</line>
		<line c="2037" h="61" n="22">
			<w x="719">To</w>
			<w x="981">something</w>
			<w x="1320">extraordinary</w>
			<w x="1414">my</w>
			<w x="1655">thoughts.</w>
		</line>
	</div>
</body>
