<body>
	<div id="2" group="1" x="593" y="482" width="1217" height="666" type="score"
		sealts="358b_1_1.102" work="pl" section="pl3" attribution="HM">
		<line c="542" h="64" n="1">
			<w x="815">Through</w>
			<w x="907">the</w>
			<w x="1029">pure</w>
			<w x="1209">marble</w>
			<w x="1292">air</w>
			<w x="1378">his</w>
			<w x="1568">oblique</w>
			<w x="1688">way</w>
		</line>
		<line c="613" h="63" n="2">
			<w x="818">Amongst</w>
			<w x="1122">innumerable</w>
			<w x="1266">stars,</w>
			<w x="1383">that</w>
			<w x="1534">shone</w>
		</line>
		<line c="680" h="61" n="3">
			<w x="730">Stars</w>
			<w x="921">distant,</w>
			<w x="1020">but</w>
			<w x="1142">nigh</w>
			<w x="1274">hand</w>
			<w x="1457">
				<choice>
					<orig>seem'd</orig>
					<reg>seemed</reg>
				</choice>
			</w>
			<w x="1601">other</w>
			<w x="1799">worlds;</w>
		</line>
		<line c="753" h="58" n="4">
			<w x="673">Or</w>
			<w x="813">other</w>
			<w x="988">worlds</w>
			<w x="1112">they</w>
			<w x="1309">
				<choice>
					<orig>seem'd</orig>
					<reg>seemed</reg>
				</choice>
			</w>
			<w x="1378">or</w>
			<w x="1541">happy</w>
			<w x="1676">isles,</w>
		</line>
		<line c="823" h="59" n="5">
			<w x="722">Like</w>
			<w x="865">those</w>
			<w x="1126">Hesperian</w>
			<w x="1328">gardens</w>
			<w x="1480">
				<choice>
					<orig>fam'd</orig>
					<reg>famed</reg>
				</choice>
			</w>
			<w x="1551">of</w>
			<w x="1650">old,</w>
		</line>
		<line c="894" h="60" n="6">
			<w x="842">Fortunate</w>
			<w x="998">fields,</w>
			<w x="1103">and</w>
			<w x="1287">groves,</w>
			<w x="1395">and</w>
			<w x="1581">
				<choice>
					<orig>flow'ry</orig>
					<reg>flowery</reg>
				</choice>
			</w>
			<w x="1732">vales,</w>
		</line>
		<line c="965" h="59" n="7">
			<w x="767">Thrice</w>
			<w x="930">happy</w>
			<w x="1075">isles;</w>
			<w x="1185">but</w>
			<w x="1303">who</w>
			<w x="1458">
				<choice>
					<orig>dwelt</orig>
					<reg>dwelled</reg>
				</choice>
			</w>
			<w x="1620">happy</w>
			<w x="1760">there</w>
		</line>
		<line c="1036" h="58" n="8">
			<w x="681">He</w>
			<w x="843">
				<choice>
					<orig>stay'd</orig>
					<reg>stayed</reg>
				</choice>
			</w>
			<w x="939">not</w>
			<w x="1004">to</w>
			<w x="1225">enquire:</w>
			<w x="1392">above</w>
			<w x="1534">them</w>
			<w x="1611">all</w>
		</line>
		<line c="1108" h="58" n="9">
			<w x="707">The</w>
			<w x="884">golden</w>
			<w x="984">sun</w>
			<w x="1048">in</w>
			<w x="1266">splendor</w>
			<w x="1417">likest</w>
			<w x="1601">heaven</w>
		</line>
	</div>
</body>
