<body>
	<div id="2" group="1" x="596" y="634" width="1066" height="92" type="underline"
		type2="checkmark" sealts="358b_2_2.130" work="pr" section="pr4" attribution="HM">
		<line c="691" h="75" n="3">
			<w x="720">Let</w>
			<w x="810">his</w>
			<w x="1058">tormentor</w>
			<w x="1338">conscience</w>
			<w x="1446">find</w>
			<w x="1560">him</w>
			<w x="1652">out;</w>
		</line>
	</div>
	<div id="3" group="2" x="616" y="1574" width="1174" height="224" type="score" type2="checkmark"
		sealts="358b_2_2.130" work="pr" section="pr4" attribution="HM">
		<line c="1613" h="63" n="16">
			<w x="763">What</w>
			<w x="889">wise</w>
			<w x="995">and</w>
			<w x="1177">valiant</w>
			<w x="1297">man</w>
			<w x="1461">would</w>
			<w x="1589">seek</w>
			<w x="1656">to</w>
			<w x="1767">free</w>
		</line>
		<line c="1688" h="73" n="17">
			<w x="780">These</w>
			<w x="900">thus</w>
			<w x="1197">degenerate,</w>
			<w x="1276">by</w>
			<w x="1558">themselves</w>
			<w x="1785">
				<choice>
					<orig>enslav'd,</orig>
					<reg>enslaved,</reg>
				</choice>
			</w>
		</line>
		<line c="1756" h="67" n="18">
			<w x="698">Or</w>
			<w x="845">could</w>
			<w x="916">of</w>
			<w x="1105">inward</w>
			<w x="1260">slaves</w>
			<w x="1409">make</w>
			<w x="1627">outward</w>
			<w x="1772">free?</w>
		</line>
	</div>
</body>
