<body>
	<div id="2" group="1" x="298" y="654" width="1062" height="142" type="score"
		sealts="358b_1_1.029" work="pl" section="pl1" attribution="HM">
		<line c="689" h="71" n="3">
			<w x="374">At</w>
			<w x="540">length</w>
			<w x="665">from</w>
			<w x="732">us</w>
			<w x="850">may</w>
			<w x="969">find,</w>
			<w x="1089">who</w>
			<w x="1353">overcomes</w>
		</line>
		<line c="760" h="67" n="4">
			<w x="384">By</w>
			<w x="530">force,</w>
			<w x="655">hath</w>
			<w x="893">overcome</w>
			<w x="989">but</w>
			<w x="1101">half</w>
			<w x="1179">his</w>
			<w x="1282">foe.</w>
		</line>
	</div>
</body>
