<body>
	<div id="2" group="1" x="1012" y="832" width="416" height="91" type="emended"
		sealts="358b_1_1.037" work="pl" section="pl2" attribution="HM">
		<line c="886" h="67" n="6">
			<w x="1187">success</w>
			<w x="1419">untaught</w>
		</line>
	</div>
	<div id="3" group="2" x="282" y="1260" width="1194" height="230" type="arcedscore"
		sealts="358b_1_1.037" work="pl" section="pl2" attribution="HM">
		<line c="1307" h="58" n="12">
			<w x="496">Celestial</w>
			<w x="672">virtues</w>
			<w x="820">rising</w>
			<w x="928">will</w>
			<w x="1101">appear</w>
		</line>
		<line c="1380" h="62" n="13">
			<div id="4" group="2" x="288" y="1332" width="1176" height="148" type="underline"
				sealts="358b_1_1.037" work="pl" section="pl2" attribution="HM">
				<w x="432">More</w>
				<w x="630">glorious</w>
				<w x="734">and</w>
				<w x="868">more</w>
				<w x="1034">dread,</w>
				<w x="1158">than</w>
				<w x="1286">from</w>
				<w x="1362">no</w>
				<w x="1454">fall,</w>
			</div>
		</line>
		<line c="1446" h="76" n="14">
				<w x="412">And</w>
				<w x="528">trust</w>
				<w x="808">themselves</w>
				<w x="868">to</w>
				<w x="976">fear</w>
				<w x="1050">no</w>
				<w x="1234">second</w>
				<w x="1338">fate.</w>			
		</line>
		<div id="5" group="3" x="1574" y="792" width="298" height="108" type="emendation"
			sealts="358b_1_1.037" work="pl" section="pl2" attribution="HM">
			<line n="1" h="107" c="854">
				<w x="1862">reverse?</w>
			</line>
		</div>
	</div>
</body>
