<body>
	<div id="2" group="1" x="608" y="704" width="1167" height="76" type="score"
		sealts="358b_2_2.024" work="pl" section="pl11" attribution="HM">
		<line c="748" h="57" n="4">
			<w x="846">
				<choice>
					<orig>Gather'd,</orig>
					<reg>Gathered,</reg>
				</choice>
			</w>
			<w x="945">not</w>
			<w x="1131">harshly</w>
			<w x="1332">
				<choice>
					<orig>pluck'd,</orig>
					<reg>plucked,</reg>
				</choice>
			</w>
			<w x="1420">for</w>
			<w x="1567">death</w>
			<w x="1762">mature.</w>
		</line>
	</div>
	<div id="3" group="2" x="604" y="1476" width="1170" height="440" type="score"
		sealts="358b_2_2.024" work="pl" section="pl11" attribution="HM">
		<line c="1528" h="66" n="15">
			<w x="944">Henceforth</w>
			<w x="984">I</w>
			<w x="1063">fly</w>
			<w x="1157">not</w>
			<w x="1316">death,</w>
			<w x="1415">nor</w>
			<w x="1576">would</w>
			<w x="1770">prolong</w>
		</line>
		<line c="1602" h="59" n="16">
			<w x="719">Life</w>
			<w x="880">much,</w>
			<w x="1006">bent</w>
			<w x="1163">rather</w>
			<w x="1280">how</w>
			<w x="1319">I</w>
			<w x="1439">may</w>
			<w x="1511">be</w>
			<w x="1623">quit</w>
		</line>
		<line c="1668" h="71" n="17">
			<w x="785">Fairest</w>
			<w x="887">and</w>
			<w x="1060">easiest</w>
			<w x="1129">of</w>
			<w x="1226">this</w>
			<w x="1467">cumbrous</w>
			<w x="1654">charge,</w>
		</line>
		<line c="1740" h="70" n="18">
			<w x="774">Which</w>
			<w x="812">I</w>
			<w x="948">must</w>
			<w x="1078">keep</w>
			<w x="1161">till</w>
			<w x="1255">my</w>
			<w x="1499">appointed</w>
			<w x="1602">day</w>
		</line>
		<line c="1802" h="100" n="19">
			<w x="687">Of</w>
			<w x="912">
				<choice>
					<orig>rend'ring</orig>
					<reg>rendering</reg>
				</choice>
			</w>
			<w x="1001">up,</w>
			<w x="1107">and</w>
			<w x="1332">patiently</w>
			<w x="1498">attend</w>
		</line>
	</div>
	<div id="4" group="3" x="600" y="1920" width="1230" height="218" type="score"
		sealts="358b_2_2.024" work="pl" section="pl11" attribution="HM">
		<line c="1959" h="57" n="21">
			<div id="5" group="3" x="660" y="1914" width="1172" height="72" type="score"
				sealts="358b_2_2.024" work="pl" section="pl11" attribution="HM">
				<w x="780">Nor</w>
				<w x="902">love</w>
				<w x="994">thy</w>
				<w x="1110">life,</w>
				<w x="1200">nor</w>
				<w x="1352">hate;</w>
				<w x="1454">but</w>
				<w x="1592">what</w>
				<w x="1718">thou</w>
				<w x="1826">
					<choice>
						<orig>liv'st</orig>
						<reg>lived</reg>
					</choice>
				</w>
			</div>
		</line>
		<line c="2031" h="58" n="22">
			<w x="721">Live</w>
			<w x="855">well,</w>
			<w x="978">how</w>
			<w x="1097">long</w>
			<w x="1162">or</w>
			<w x="1296">short</w>
			<w x="1468">permit</w>
			<w x="1532">to</w>
			<w x="1740">heaven:</w>
		</line>
		<line c="2103" h="58" n="23">
			<w x="713">And</w>
			<w x="830">now</w>
			<w x="1021">prepare</w>
			<w x="1140">thee</w>
			<w x="1226">for</w>
			<w x="1421">another</w>
			<w x="1565">sight.</w>
		</line>
	</div>
</body>
