<body>
	<div id="2" group="1" x="646" y="482" width="1064" height="78" type="checkmark"
		sealts="358b_2_2.074" work="pr" section="pr1" attribution="HM">
		<line c="530" h="61" n="1">
			<w x="723">By</w>
			<w x="928">winning</w>
			<w x="1087">words</w>
			<w x="1152">to</w>
			<w x="1352">conquer</w>
			<w x="1531">willing</w>
			<w x="1703">hearts,</w>
		</line>
	</div>
	<div id="3" group="2" x="656" y="562" width="1014" height="68" type="checkmark"
		sealts="358b_2_2.074" work="pr" section="pr1" attribution="HM">
		<line c="600" h="61" n="2">
			<w x="750">And</w>
			<w x="891">make</w>
			<w x="1151">persuasion</w>
			<w x="1224">do</w>
			<w x="1315">the</w>
			<w x="1454">work</w>
			<w x="1523">of</w>
			<w x="1652">fear;</w>
		</line>
	</div>
	<div id="4" group="3" x="644" y="707" width="891" height="139" type="score"
		sealts="358b_2_2.074" work="pr" section="pr1" attribution="HM">
		<line c="750" h="68" n="4">
			<w x="742">Not</w>
			<w x="937">wilfully</w>
			<w x="1172">misdoing,</w>
			<w x="1272">but</w>
			<w x="1485">unaware</w>
		</line>
		<line c="812" h="57" n="5">
			<w x="829">Misled;</w>
			<w x="932">the</w>
			<w x="1151">stubborn</w>
			<w x="1268">only</w>
			<w x="1333">to</w>
			<w x="1533">subdue.</w>
		</line>
	</div>
</body>
