<body>
	<div id="2" group="1" x="690" y="1062" width="904" height="154" type="score"
		sealts="358b_2_2.282" work="ilpen" attribution="HM">
		<line c="1113" h="64" n="9">
			<w x="855">Come,</w>
			<w x="1048">pensive</w>
			<w x="1181">Nun,</w>
			<w x="1352">devout</w>
			<w x="1453">and</w>
			<w x="1587">pure,</w>
		</line>
		<line c="1182" h="58" n="10">
			<w x="850">Sober,</w>
			<w x="1088">steadfast,</w>
			<w x="1192">and</w>
			<w x="1398">demure,</w>
		</line>
	</div>
</body>
