<body>
	<div id="2" group="1" x="582" y="1336" width="1066" height="138" type="score" type2="annotated"
		sealts="358b_1_1.104" work="pl" section="pl3" attribution="HM">
		<line c="1373" h="58" n="13">
			<w x="697">Saw</w>
			<w x="865">within</w>
			<w x="968">ken</w>
			<w x="1013">a</w>
			<w x="1211">glorious</w>
			<w x="1354">angel</w>
			<w x="1510">stand,</w>
		</line>
		<line c="1436" h="45" n="14">
			<w x="689">The</w>
			<w x="824">same</w>
			<w x="988">whom</w>
			<w x="1119">John</w>
			<w x="1230">saw</w>
			<w x="1338">also</w>
			<w x="1400">in</w>
			<w x="1492">the</w>
			<w x="1619">sun:</w>
		</line>
	</div>
	<div id="3" group="2" x="1070" y="1756" width="754" height="90" type="underline"
		type2="annotated" sealts="358b_1_1.104" work="pl" section="pl3" attribution="HM">
		<line c="1806" h="74" n="19">
			<w x="1150">on</w>
			<w x="1290">some</w>
			<w x="1424">great</w>
			<w x="1602">charge</w>
			<w x="1814">
				<choice>
					<orig>employ'd</orig>
					<reg>employed</reg>
				</choice>
			</w>
		</line>
	</div>
	<div id="4" group="3" x="102" y="1428" width="423" height="218" type="annotation"
		sealts="358b_1_1.104" work="pl" section="pl3" attribution="HM">
		<line n="1" h="108" c="1508">
			<w x="206">The</w>
			<w x="362">Italian</w>
			<w x="516">prints</w>
		</line>
		<line n="2" h="109" c="1591">
			<w x="200">he</w>
			<w x="296">saw</w>
			<w x="358">in</w>
			<w x="516">Rome.</w>
		</line>
	</div>
	<div id="5" group="4" x="226" y="1706" width="224" height="136" type="annotation"
		sealts="358b_1_1.104" work="pl" section="pl3" attribution="HM">
		<line n="1" h="136" c="1774">
			<w x="442">Dante</w>
		</line>
	</div>
</body>
