<body>
	<div id="2" group="1" x="538" y="2100" width="1014" height="160" type="diagonalscore"
		sealts="358b_1_1.366" work="pl" section="pl10" attribution="HM">
		<line c="2148" h="58" n="24">
			<w x="667">Food</w>
			<w x="751">for</w>
			<w x="817">so</w>
			<w x="923">foul</w>
			<w x="965">a</w>
			<w x="1205">monster,)</w>
			<w x="1272">in</w>
			<w x="1370">thy</w>
			<w x="1538">power</w>
		</line>
		<line c="2220" h="58" n="25">
			<w x="588">It</w>
			<w x="695">lies,</w>
			<w x="792">yet</w>
			<w x="881">ere</w>
			<w x="1152">conception</w>
			<w x="1217">to</w>
			<w x="1426">prevent</w>
		</line>
	</div>
</body>
