<body>
	<div id="2" group="1" x="604" y="1414" width="1138" height="80" type="checkmark2"
		sealts="358b_2_2.212" work="samag" attribution="HM">
		<line c="1462" h="64" n="14">
			<w x="747">Made</w>
			<w x="883">older</w>
			<w x="1005">than</w>
			<w x="1101">thy</w>
			<w x="1200">age</w>
			<w x="1404">through</w>
			<w x="1620">eyesight</w>
			<w x="1735">lost.</w>
		</line>
	</div>
	<div id="3" group="2" x="618" y="2212" width="1202" height="208" type="score"
		sealts="358b_2_2.212" work="samag" attribution="HM">
		<line c="2250" h="61" n="25">
			<w x="717">Not</w>
			<w x="780">to</w>
			<w x="855">sit</w>
			<w x="955">idle</w>
			<w x="1082">with</w>
			<w x="1149">so</w>
			<w x="1289">great</w>
			<w x="1333">a</w>
			<w x="1432">gift</w>
		</line>
		<line c="2321" h="60" n="26">
			<w x="817">Useless,</w>
			<w x="921">and</w>
			<w x="1095">thence</w>
			<w x="1352">ridiculous,</w>
			<w x="1505">about</w>
			<w x="1625">him.</w>
		</line>
		<line c="2392" h="65" n="27">
			<w x="726">And</w>
			<w x="860">since</w>
			<w x="944">his</w>
			<w x="1156">strength</w>
			<w x="1280">with</w>
			<w x="1494">eyesight</w>
			<w x="1602">was</w>
			<w x="1699">not</w>
			<w x="1813">lost,</w>
		</line>
	</div>
</body>
