<body>
	<div id="2" group="1" x="304" y="709" width="1222" height="353" type="score"
		sealts="358b_1_1.187" work="pl" section="pl5" attribution="HM">
		<line c="740" h="84" n="4">
			<w x="444">He</w>
			<w x="570">said,</w>
			<w x="689">and,</w>
			<w x="758">as</w>
			<w x="854">the</w>
			<w x="1012">sound</w>
			<w x="1083">of</w>
			<w x="1254">waters</w>
			<w x="1400">deep,</w>
		</line>
		<line c="820" h="70" n="5">
			<w x="479">Hoarse</w>
			<w x="687">murmur</w>
			<w x="858">
				<choice>
					<orig>echo'd</orig>
					<reg>echoed</reg>
				</choice>
			</w>
			<w x="924">to</w>
			<w x="1010">his</w>
			<w x="1171">words</w>
			<w x="1393">applause</w>
		</line>
		<line c="886" h="63" n="6">
			<w x="518">Through</w>
			<w x="611">the</w>
			<w x="795">infinite</w>
			<w x="939">host;</w>
			<w x="1049">nor</w>
			<w x="1154">less</w>
			<w x="1240">for</w>
			<w x="1354">that</w>
		</line>
		<line c="955" h="73" n="7">
			<w x="409">The</w>
			<w x="605">flaming</w>
			<w x="776">seraph</w>
			<w x="985">fearless,</w>
			<w x="1170">though</w>
			<w x="1313">alone</w>
		</line>
		<line c="1028" h="61" n="9">
			<w x="622">
				<choice>
					<orig>Encompass'd</orig>
					<reg>Encompassed</reg>
				</choice>
			</w>
			<w x="776">round</w>
			<w x="905">with</w>
			<w x="1031">foes,</w>
			<w x="1152">thus</w>
			<w x="1384">
				<choice>
					<orig>answer'd</orig>
					<reg>answered</reg>
				</choice>
			</w>
			<w x="1517">bold.</w>
		</line>
	</div>
</body>
