<body>
	<div id="2" group="1" x="268" y="626" width="998" height="228" type="annotated"
		sealts="358b_2_2.161" work="samag" attribution="HM">
		<line c="674" h="59" n="3">
			<w x="374">And</w>
			<w x="569">buried;</w>
			<w x="680">but</w>
			<w x="743">O</w>
			<w x="842">yet</w>
			<w x="980">more</w>
			<w x="1254">miserable!</w>
		</line>
		<line c="747" h="61" n="4">
			<w x="445">Myself</w>
			<w x="542">my</w>
			<w x="799">sepulchre,</w>
			<w x="842">a</w>
			<w x="1042">moving</w>
			<w x="1207">grave,</w>
		</line>
		<line c="819" h="59" n="5">
			<w x="452">Buried,</w>
			<w x="551">yet</w>
			<w x="646">not</w>
			<w x="843">exempt</w>
		</line>
	</div>
	<div id="3" group="2" x="1276" y="634" width="780" height="208" type="annotation"
		sealts="358b_2_2.161" work="samag" attribution="HM">
		<line n="1" h="103" c="702">
			<w x="1430">My</w>
			<w x="1558">own</w>
			<w x="1780">soul's</w>
			<w x="2050">sepulchre</w>
		</line>
		<line n="2" h="104" c="790">
			<w x="2022">Byron</w>
		</line>
	</div>
</body>
