<body>
	<div id="2" group="1" x="176" y="64" width="1890" height="352" type="annotation" erasure="true"
		sealts="358b_2_2.138" work="pr" section="pr4" attribution="HM"/>
	<div id="3" group="2" x="636" y="646" width="1200" height="503" type="score" type2="checkmark"
		sealts="358b_2_2.138" work="pr" section="pr4" attribution="HM">
		<line c="690" h="67" n="3">
			<w x="913">Incessantly,</w>
			<w x="1020">and</w>
			<w x="1084">to</w>
			<w x="1167">his</w>
			<w x="1358">reading</w>
			<w x="1518">brings</w>
			<w x="1613">not</w>
		</line>
		<line c="761" h="69" n="4">
			<w x="679">A</w>
			<w x="815">spirit</w>
			<w x="915">and</w>
			<w x="1156">judgment</w>
			<w x="1297">equal</w>
			<w x="1363">or</w>
			<w x="1581">superior,</w>
		</line>
		<line c="830" h="79" n="5">
			<w x="754">(And</w>
			<w x="883">what</w>
			<w x="944">he</w>
			<w x="1094">brings</w>
			<w x="1227">what</w>
			<w x="1346">need</w>
			<w x="1415">he</w>
			<w x="1664">elsewhere</w>
			<w x="1829">seek?)</w>
		</line>
		<line c="896" h="53" n="6">
			<w x="871">Uncertain</w>
			<w x="972">and</w>
			<w x="1205">unsettled</w>
			<w x="1311">still</w>
			<w x="1530">remains,</w>
		</line>
		<line c="972" h="71" n="7">
			<w x="764">Deep</w>
			<w x="921">
				<choice>
					<orig>vers'd</orig>
					<reg>versed</reg>
				</choice>
			</w>
			<w x="984">in</w>
			<w x="1148">books,</w>
			<w x="1255">and</w>
			<w x="1454">shallow</w>
			<w x="1517">in</w>
			<w x="1720">himself,</w>
		</line>
		<line c="1044" h="56" n="8">
			<w x="784">Crude</w>
			<w x="851">or</w>
			<w x="1110">intoxicate,</w>
			<w x="1357">collecting</w>
			<w x="1487">toys,</w>
		</line>
		<line c="1113" h="54" n="9">
			<w x="739">And</w>
			<w x="887">trifles</w>
			<w x="970">for</w>
			<w x="1134">choice</w>
			<w x="1342">matters,</w>
			<w x="1504">worth</w>
			<w x="1549">a</w>
			<w x="1754">sponge;</w>
		</line>
	</div>
	<div id="4" group="3" x="636" y="1144" width="1030" height="147" type="xmark"
		sealts="358b_2_2.138" work="pr" section="pr4" attribution="HM">
		<line c="1187" h="63" n="10">
			<w x="702">As</w>
			<w x="909">children</w>
			<w x="1138">
				<choice>
					<orig>gath'ring</orig>
					<reg>gathering</reg>
				</choice>
			</w>
			<w x="1330">pebbles</w>
			<w x="1406">on</w>
			<w x="1499">the</w>
			<w x="1653">shore.</w>
		</line>
		<line c="1257" h="61" n="11">
			<w x="704">Or</w>
			<w x="761">if</w>
			<w x="794">I</w>
			<w x="957">would</w>
			<w x="1140">delight</w>
			<w x="1234">my</w>
			<w x="1413">private</w>
			<w x="1559">hours</w>
		</line>
	</div>
	<div id="5" group="4" x="186" y="2560" width="1368" height="334" type="annotation" type2="xmark"
		erasure="true" sealts="358b_2_2.138" work="pr" section="pr4" attribution="HM"/>
</body>
