<body>
	<div id="2" group="1" x="300" y="757" width="1182" height="77" type="checkmark"
		sealts="358b_2_2.127" work="pr" section="pr4" attribution="HM">
		<line c="793" h="56" n="5">
			<w x="437">Dusk</w>
			<w x="573">faces</w>
			<w x="703">with</w>
			<w x="856">white</w>
			<w x="1018">silken</w>
			<w x="1213">turbans</w>
			<w x="1475">
				<choice>
					<orig>wreath'd:</orig>
					<reg>wreathed:</reg>
				</choice>
			</w>
		</line>
	</div>
	<div id="3" group="2" x="304" y="1687" width="1190" height="713" type="score"
		sealts="358b_2_2.127" work="pr" section="pr4" attribution="HM">
		<line c="1730" h="70" n="18">
			<w x="418">The</w>
			<w x="670">kingdoms</w>
			<w x="741">of</w>
			<w x="840">the</w>
			<w x="1012">world,</w>
			<w x="1119">and</w>
			<w x="1197">all</w>
			<w x="1329">their</w>
			<w x="1485">glory.</w>
		</line>
		<line c="1802" h="70" n="19">
			<w x="431">This</w>
			<w x="648">emperor</w>
			<w x="773">hath</w>
			<w x="851">no</w>
			<w x="965">son,</w>
			<w x="1072">and</w>
			<w x="1194">now</w>
			<w x="1251">is</w>
			<w x="1358">old,</w>
		</line>
		<div id="4" group="2" x="316" y="1820" width="1030" height="162" type="checkmark"
			sealts="358b_2_2.127" work="pr" section="pr4" attribution="HM">
			<line c="1861" h="75" n="20">
				<w x="409">Old</w>
				<w x="515">and</w>
				<w x="777">lascivious,</w>
				<w x="884">and</w>
				<w x="1015">from</w>
				<w x="1176">Rome</w>
				<w x="1344">
					<choice>
						<orig>retir'd</orig>
						<reg>retired</reg>
					</choice>
				</w>
			</line>
			<line c="1948" h="65" n="21">
				<w x="392">To</w>
				<w x="612">Capreae,</w>
				<w x="691">an</w>
				<w x="850">island</w>
				<w x="994">small</w>
				<w x="1093">but</w>
				<w x="1261">strong</w>
			</line>
		</div>
		<line c="2016" h="66" n="22">
			<w x="396">On</w>
			<w x="490">the</w>
			<w x="783">Campanian</w>
			<w x="942">shore,</w>
			<w x="1072">with</w>
			<w x="1270">purpose</w>
			<w x="1413">there</w>
		</line>
		<line c="2088" h="61" n="23">
			<w x="408">His</w>
			<w x="570">horrid</w>
			<w x="699">lusts</w>
			<w x="765">in</w>
			<w x="949">private</w>
			<w x="1017">to</w>
			<w x="1187">enjoy;</w>
		</line>
		<line c="2162" h="65" n="24">
			<w x="614">Committing</w>
			<w x="681">to</w>
			<w x="728">a</w>
			<w x="919">wicked</w>
			<w x="1149">
				<choice>
					<orig>favourite</orig>
					<reg>favorite</reg>
				</choice>
			</w>
		</line>
		<line c="2234" h="69" n="25">
			<w x="397">All</w>
			<w x="559">public</w>
			<w x="716">cares,</w>
			<w x="823">and</w>
			<w x="920">yet</w>
			<w x="991">of</w>
			<w x="1103">him</w>
			<w x="1383">suspicious;</w>
		</line>
		<line c="2303" h="61" n="26">
			<w x="477">Hated</w>
			<w x="549">of</w>
			<w x="631">all</w>
			<w x="736">and</w>
			<w x="936">hating:</w>
			<w x="1080">with</w>
			<w x="1220">what</w>
			<w x="1354">ease,</w>
		</line>
		<line c="2378" h="63" n="27">
			<w x="481">
				<choice>
					<orig>Indu'd</orig>
					<reg>Indued</reg>
				</choice>
			</w>
			<w x="611">with</w>
			<w x="748">regal</w>
			<w x="930">virtues</w>
			<w x="998">as</w>
			<w x="1125">thou</w>
			<w x="1223">art,</w>
		</line>
	</div>
</body>
