<body>
	<div id="2" group="1" x="254" y="1205" width="1072" height="366" type="score"
		sealts="358b_1_1.177" work="pl" section="pl5" attribution="HM">
		<line c="1247" h="58" n="11">
			<w x="319">In</w>
			<w x="446">song</w>
			<w x="544">and</w>
			<w x="700">dance</w>
			<w x="939">about</w>
			<w x="990">the</w>
			<w x="1105">sacred</w>
			<w x="1216">hill,</w>
		</line>
		<line c="1321" h="64" n="12">
			<w x="471">Mystical</w>
			<w x="638">dance,</w>
			<w x="803">which</w>
			<w x="980">yonder</w>
			<w x="1134">starry</w>
			<w x="1305">sphere</w>
		</line>
		<line c="1390" h="58" n="13">
			<w x="337">Of</w>
			<w x="515">planets</w>
			<w x="617">and</w>
			<w x="686">of</w>
			<w x="801">
				<choice>
					<orig>fix'd</orig>
					<reg>fixed</reg>
				</choice>
			</w>
			<w x="866">in</w>
			<w x="943">all</w>
			<w x="1038">her</w>
			<w x="1218">wheels</w>
		</line>
		<line c="1461" h="57" n="14">
			<w x="521">Resembles</w>
			<w x="719">nearest,</w>
			<w x="885">mazes</w>
			<w x="1111">intricate,</w>
		</line>
		<line c="1534" h="61" n="15">
			<w x="508">Eccentric,</w>
			<w x="787">
				<choice>
					<orig>intervolv'd,</orig>
					<reg>intervolved,</reg>
				</choice>
			</w>
			<w x="885">yet</w>
			<w x="1069">regular</w>
		</line>
	</div>
	<div id="3" group="2" x="258" y="2060" width="1230" height="456" type="score"
		sealts="358b_1_1.177" work="pl" section="pl5" attribution="HM">
		<line c="2107" h="59" n="23">
			<w x="490">Desirous;</w>
			<w x="564">all</w>
			<w x="628">in</w>
			<w x="794">circles</w>
			<w x="862">as</w>
			<w x="986">they</w>
			<w x="1140">stood,</w>
		</line>
		<line c="2179" h="60" n="24">
			<w x="426">Tables</w>
			<w x="517">are</w>
			<w x="617">set,</w>
			<w x="724">and</w>
			<w x="800">on</w>
			<w x="845">a</w>
			<w x="1026">sudden</w>
			<w x="1146">
				<choice>
					<orig>pil'd</orig>
					<reg>piled</reg>
				</choice>
			</w>
		</line>
		<line c="2249" h="60" n="25">
			<w x="385">With</w>
			<w x="551">angels</w>
			<w x="682">food,</w>
			<w x="786">and</w>
			<w x="952">rubied</w>
			<w x="1119">nectar</w>
			<w x="1271">flows,</w>
		</line>
		<line c="2321" h="60" n="26">
			<w x="316">In</w>
			<w x="463">pearl,</w>
			<w x="531">in</w>
			<w x="759">diamond,</w>
			<w x="862">and</w>
			<w x="1023">massy</w>
			<w x="1165">gold;</w>
		</line>
		<line c="2391" h="61" n="27">
			<w x="386">Fruit</w>
			<w x="457">of</w>
			<w x="670">delicious</w>
			<w x="820">vines,</w>
			<w x="915">the</w>
			<w x="1102">growth</w>
			<w x="1172">of</w>
			<w x="1360">heaven.</w>
		</line>
		<line c="2464" h="62" n="28">
			<w x="337">On</w>
			<w x="518">flowers</w>
			<w x="695">
				<choice>
					<orig>repos'd</orig>
					<reg>reposed</reg>
				</choice>
			</w>
			<w x="796">and</w>
			<w x="921">with</w>
			<w x="1055">fresh</w>
			<w x="1258">flowrets</w>
			<w x="1482">
				<choice>
					<orig>crown'd,</orig>
					<reg>crowned,</reg>
				</choice>
			</w>
		</line>
	</div>
</body>
