<body>
	<div id="2" group="1" x="812" y="690" width="688" height="68" type="underline"
		sealts="358b_1_1.287" work="pl" section="pl9" attribution="HM">
		<line c="737" h="73" n="4">
			<w x="912">for</w>
			<w x="1080">smiles</w>
			<w x="1206">from</w>
			<w x="1380">reason</w>
			<w x="1492">flow,</w>
		</line>
	</div>
	<div id="3" group="2" x="278" y="900" width="1016" height="146" type="score"
		sealts="358b_1_1.287" work="pl" section="pl9" attribution="HM">
		<line c="942" h="58" n="7">
			<w x="372">For</w>
			<w x="469">not</w>
			<w x="534">to</w>
			<w x="739">irksome</w>
			<w x="851">toil,</w>
			<w x="952">but</w>
			<w x="1017">to</w>
			<w x="1216">delight,</w>
		</line>
		<line c="1012" h="59" n="8">
			<w x="359">He</w>
			<w x="505">made</w>
			<w x="591">us,</w>
			<w x="697">and</w>
			<w x="882">delight</w>
			<w x="947">to</w>
			<w x="1120">reason</w>
			<w x="1286">
				<choice>
					<orig>join'd.</orig>
					<reg>joined.</reg>
				</choice>
			</w>
		</line>
	</div>
	<div id="4" group="2" x="274" y="1394" width="954" height="77" type="score"
		sealts="358b_1_1.287" work="pl" section="pl9" attribution="HM">
		<line c="1438" h="56" n="14">
			<w x="371">For</w>
			<w x="574">solitude</w>
			<w x="843">sometimes</w>
			<w x="900">is</w>
			<w x="1018">best</w>
			<w x="1217">society,</w>
		</line>
	</div>
</body>
