<body>
	<div id="2" group="1" x="676" y="1861" width="979" height="218" type="score"
		sealts="358b_2_2.030" work="pl" section="pl11" attribution="HM">
		<line c="1902" h="58" n="20">
			<w x="781">The</w>
			<w x="902">only</w>
			<w x="1142">righteous</w>
			<w x="1208">in</w>
			<w x="1255">a</w>
			<w x="1409">world</w>
			<w x="1643">perverse,</w>
		</line>
		<line c="1977" h="65" n="21">
			<w x="779">And</w>
			<w x="1013">therefore</w>
			<w x="1179">hated,</w>
			<w x="1416">therefore</w>
			<w x="1487">so</w>
			<w x="1632">beset</w>
		</line>
		<line c="2045" h="59" n="22">
			<w x="800">With</w>
			<w x="912">foes</w>
			<w x="998">for</w>
			<w x="1168">daring</w>
			<w x="1325">single</w>
			<w x="1393">to</w>
			<w x="1467">be</w>
			<w x="1589">just,</w>
		</line>
	</div>
</body>
