<body>
	<div id="2" group="1" x="304" y="1138" width="959" height="154" type="score"
		sealts="358b_1_1.315" work="pl" section="pl9" attribution="HM">
		<line c="1186" h="58" n="10">
			<w x="398">But</w>
			<w x="512">past</w>
			<w x="628">who</w>
			<w x="728">can</w>
			<w x="872">
				<choice>
					<orig>recal,</orig>
					<reg>recall</reg>
				</choice>
			</w>
			<w x="939">or</w>
			<w x="1067">done</w>
			<w x="1232">undo?</w>
		</line>
		<line c="1257" h="59" n="11">
			<w x="398">Not</w>
			<w x="523">God</w>
			<w x="820">omnipotent,</w>
			<w x="920">nor</w>
			<w x="1072">Fate;</w>
			<w x="1181">yet</w>
			<w x="1248">so</w>
		</line>
	</div>
</body>
