<body>
	<div id="2" group="1" x="262" y="717" width="1034" height="139" type="checkmark"
		sealts="358b_2_2.145" work="pr" section="pr4" attribution="HM">
		<line c="754" h="65" n="4">
			<w x="410">Then</w>
			<w x="546">hear,</w>
			<w x="609">O</w>
			<w x="722">Son</w>
			<w x="793">of</w>
			<w x="975">David,</w>
			<w x="1287">
				<choice>
					<orig>virgin-born;</orig>
					<reg>virgin born;</reg>
					<reg>virgin</reg>
					<reg>born;</reg>
				</choice>
			</w>
		</line>
		<line c="825" h="63" n="5">
			<w x="365">For</w>
			<w x="478">Son</w>
			<w x="549">of</w>
			<w x="674">God</w>
			<w x="740">to</w>
			<w x="829">me</w>
			<w x="888">is</w>
			<w x="984">yet</w>
			<w x="1048">in</w>
			<w x="1227">doubt:</w>
		</line>
	</div>
	<div id="3" group="2" x="268" y="1866" width="1138" height="422" type="score"
		sealts="358b_2_2.145" work="pr" section="pr4" attribution="HM">
		<line c="1900" h="61" n="20">
			<w x="326">In</w>
			<w x="466">what</w>
			<w x="643">degree</w>
			<w x="713">or</w>
			<w x="935">meaning</w>
			<w x="1061">thou</w>
			<w x="1148">art</w>
			<w x="1294">
				<choice>
					<orig>call'd</orig>
					<reg>called</reg>
				</choice>
			</w>
		</line>
		<line c="1972" h="64" n="21">
			<w x="372">The</w>
			<w x="486">Son</w>
			<w x="559">of</w>
			<w x="700">God,</w>
			<w x="865">which</w>
			<w x="1009">bears</w>
			<w x="1087">no</w>
			<w x="1241">single</w>
			<w x="1418">sense;</w>
		</line>
		<line c="2042" h="58" n="22">
			<w x="373">The</w>
			<w x="487">Son</w>
			<w x="558">of</w>
			<w x="684">God</w>
			<w x="726">I</w>
			<w x="839">also</w>
			<w x="944">am,</w>
			<w x="1015">or</w>
			<w x="1149">was;</w>
		</line>
		<line c="2114" h="57" n="23">
			<w x="373">And</w>
			<w x="432">if</w>
			<w x="477">I</w>
			<w x="590">was,</w>
			<w x="632">I</w>
			<w x="754">am;</w>
			<w x="968">relation</w>
			<w x="1162">stands;</w>
		</line>
		<line c="2189" h="63" n="24">
			<w x="345">All</w>
			<w x="467">men</w>
			<w x="559">are</w>
			<w x="681">sons</w>
			<w x="752">of</w>
			<w x="904">God;</w>
			<w x="1014">yet</w>
			<w x="1135">thee</w>
			<w x="1177">I</w>
			<w x="1385">thought</w>
		</line>
		<line c="2258" h="64" n="25">
			<w x="324">In</w>
			<w x="464">some</w>
			<w x="656">respect</w>
			<w x="741">far</w>
			<w x="912">higher</w>
			<w x="980">so</w>
			<w x="1216">declared.</w>
		</line>
	</div>
</body>
