<body>
	<div id="2" group="1" x="664" y="639" width="1028" height="76" type="checkmark"
		sealts="358b_2_2.028" work="pl" section="pl11" attribution="HM">
		<line c="680" h="57" n="3">
			<w x="817">Holds</w>
			<w x="891">on</w>
			<w x="982">the</w>
			<w x="1137">same,</w>
			<w x="1266">from</w>
			<w x="1456">woman</w>
			<w x="1522">to</w>
			<w x="1684">begin.</w>
		</line>
	</div>
	<div id="3" group="2" x="724" y="716" width="1038" height="64" type="checkmark"
		sealts="358b_2_2.028" work="pl" section="pl11" attribution="HM">
		<line c="751" h="57" n="4">
			<w x="862">From</w>
			<w x="1013">man's</w>
			<w x="1277">effeminate</w>
			<w x="1518">slackness</w>
			<w x="1574">it</w>
			<w x="1758">begins,</w>
		</line>
		<line c="823" h="58" n="5">
			<w x="778">Said</w>
			<w x="862">
				<choice>
					<orig>th'</orig>
					<reg>the</reg>
				</choice>
			</w>
			<w x="1021">angel,</w>
			<w x="1143">who</w>
			<w x="1315">should</w>
			<w x="1474">better</w>
			<w x="1596">hold</w>
			<w x="1682">his</w>
			<w x="1824">place</w>
		</line>
	</div>
	<div id="4" group="3" x="651" y="1201" width="1181" height="87" type="checkmark"
		sealts="358b_2_2.028" work="pl" section="pl11" attribution="HM">
		<line c="1249" h="60" n="11">
			<w x="919">Concourse</w>
			<w x="985">in</w>
			<w x="1131">arms,</w>
			<div id="5" group="3" x="1154" y="1206" width="554" height="82" type="underline"
				sealts="358b_2_2.028" work="pl" section="pl11" attribution="HM">
				<w x="1304">fierce</w>
				<w x="1440">faces</w>
				<w x="1702">
					<choice>
						<orig>threat'ning</orig>
						<reg>threatening</reg>
					</choice>
				</w>
			</div>
			<w x="1824">war,</w>
		</line>
	</div>
</body>
