<body>
	<div id="2" group="1" x="700" y="555" width="123" height="79" type="underline"
		sealts="358b_1_1.238" work="pl" section="pl7" attribution="HM">
		<line c="599" h="65" n="2">
			<w x="820">light</w>
		</line>
	</div>
	<div id="3" group="2" x="1272" y="764" width="288" height="74" type="underline"
		sealts="358b_1_1.238" work="pl" section="pl7" attribution="HM">
		<line c="817" h="74" n="5">
			<w x="1554">unlightsome</w>
		</line>
	</div>
	<div id="4" group="3" x="576" y="1424" width="1136" height="192" type="score"
		sealts="358b_1_1.238" work="pl" section="pl7" attribution="HM">
		<line c="1016" h="49" n="8">
			<w x="683">And</w>
			<w x="836">
				<choice>
					<orig>sow'd</orig>
					<reg>sowed</reg>
				</choice>
			</w>
			<w x="960">with</w>
			<w x="1084">stars</w>
			<w x="1176">the</w>
			<w x="1354">heaven</w>
			<w x="1485">thick</w>
			<w x="1551">as</w>
			<w x="1599">a</w>
			<w x="1731">field.</w>
		</line>
	</div>
	<div id="5" group="4" x="652" y="1058" width="124" height="66" type="underline"
		sealts="358b_1_1.238" work="pl" section="pl7" attribution="HM">
		<line c="1096" h="68" n="9">
			<w x="772">light</w>
		</line>
	</div>
	<div id="6" group="5" x="1070" y="1264" width="122" height="86" type="underline"
		sealts="358b_1_1.238" work="pl" section="pl7" attribution="HM">
		<line c="1310" h="61" n="12">
			<w x="1186">light</w>
		</line>
	</div>
	<div id="7" group="6" x="1558" y="1332" width="128" height="86" type="underline"
		sealts="358b_1_1.238" work="pl" section="pl7" attribution="HM">
		<line c="1383" h="80" n="13">
			<w x="1678">light</w>
		</line>
	</div>
	<div id="8" group="7" x="582" y="980" width="1156" height="72" type="score"
		sealts="358b_1_1.238" work="pl" section="pl7" attribution="HM">
		<line c="1449" h="59" n="14">
			<w x="746">Hither,</w>
			<w x="817">as</w>
			<w x="883">to</w>
			<w x="1010">their</w>
			<w x="1231">fountain,</w>
			<w x="1377">other</w>
			<w x="1503">stars</w>
		</line>
		<line c="1520" h="81" n="15">
			<w x="817">Repairing,</w>
			<w x="883">in</w>
			<w x="1011">their</w>
			<w x="1184">golden</w>
			<w x="1301">urns</w>
			<w x="1438">draw</w>
			<div id="9" group="7" x="1444" y="1482" width="142" height="82" type="underline"
				sealts="358b_1_1.238" work="pl" section="pl7" attribution="HM">
				<w x="1574">light</w>
			</div>
		</line>
		<line c="1594" h="70" n="16">
			<w x="672">And</w>
			<w x="825">hence</w>
			<w x="919">the</w>
			<w x="1130">morning</w>
			<w x="1294">planet</w>
			<w x="1421">gilds</w>
			<w x="1504">her</w>
			<w x="1636">horns</w>
		</line>
	</div>
</body>
