<body>
	<div id="2" group="1" x="262" y="706" width="622" height="78" type="underline"
		sealts="358b_2_2.193" work="samag" attribution="HM">
		<line c="753" h="66" n="4">
			<w x="340">At</w>
			<w x="550">distance</w>
			<w x="598">I</w>
			<w x="774">forgive</w>
			<w x="878">thee</w>
		</line>
	</div>
	<div id="3" group="2" x="270" y="2080" width="1138" height="146" type="score"
		sealts="358b_2_2.193" work="samag" attribution="HM">
		<line c="2117" h="62" n="23">
			<w x="348">On</w>
			<w x="470">both</w>
			<w x="553">his</w>
			<w x="725">wings,</w>
			<w x="831">one</w>
			<w x="990">black,</w>
			<w x="1086">the</w>
			<w x="1229">other</w>
			<w x="1396">white,</w>
		</line>
		<line c="2190" h="63" n="24">
			<w x="409">Bears</w>
			<w x="615">greatest</w>
			<w x="780">names</w>
			<w x="843">in</w>
			<w x="927">his</w>
			<w x="1050">wild</w>
			<w x="1169">
				<choice>
					<orig>aery</orig>
					<reg>airy</reg>
				</choice>
			</w>
			<w x="1324">flight.</w>
		</line>
	</div>
</body>
