<body>
	<div id="2" group="1" x="288" y="960" width="1022" height="146" type="score"
		sealts="358b_2_2.043" work="pl" section="pl12" attribution="HM">
		<line c="1003" h="59" n="7">
			<w x="374">His</w>
			<w x="585">outward</w>
			<w x="806">freedom.</w>
			<w x="1073">Tyranny</w>
			<w x="1207">must</w>
			<w x="1294">be,</w>
		</line>
		<line c="1070" h="78" n="8">
			<w x="478">Though</w>
			<w x="542">to</w>
			<w x="634">the</w>
			<w x="797">tyrant</w>
			<w x="992">thereby</w>
			<w x="1067">no</w>
			<w x="1258">excuse.</w>
		</line>
	</div>
</body>
