<body>
	<div id="2" group="1" x="584" y="432" width="834" height="164" type="annotation"
		sealts="358b_2_2.271" work="lyc" attribution="HM">
		<line n="1" h="164" c="514">
			<w x="876">Written</w>
			<w x="1026">at</w>
			<w x="1182">age</w>
			<w x="1270">of</w>
			<w x="1414">29.</w>
		</line>
	</div>
	<div id="3" group="2" x="296" y="1144" width="1144" height="592" type="enclosure3"
		sealts="358b_2_2.271" work="lyc" attribution="HM">
		<line c="1268" h="61" n="7">
			<w x="319">I</w>
			<w x="463">come</w>
			<w x="531">to</w>
			<w x="682">pluck</w>
			<w x="808">your</w>
			<w x="987">berries</w>
			<w x="1135">harsh</w>
			<w x="1239">and</w>
			<w x="1454">crude,</w>
		</line>
		<line c="1343" h="64" n="8">
			<w x="397">And</w>
			<w x="525">with</w>
			<w x="680">
				<choice>
					<orig>forc'd</orig>
					<reg>forced</reg>
				</choice>
			</w>
			<w x="858">fingers</w>
			<w x="997">rude,</w>
		</line>
		<line c="1411" h="70" n="9">
			<w x="476">Shatter</w>
			<w x="601">your</w>
			<w x="763">leaves</w>
			<w x="929">before</w>
			<w x="1024">the</w>
			<w x="1293">mellowing</w>
			<w x="1473">year.</w>
		</line>
		<line c="1485" h="82" n="10">
			<w x="441">Bitter</w>
			<w x="710">constraint,</w>
			<w x="816">and</w>
			<w x="914">sad</w>
			<w x="1132">occasion</w>
			<w x="1455">dear,</w>
		</line>
		<line c="1556" h="69" n="11">
			<w x="505">Compels</w>
			<w x="596">me</w>
			<w x="663">to</w>
			<w x="847">disturb</w>
			<w x="974">your</w>
			<w x="1148">season</w>
			<w x="1279">due:</w>
		</line>
		<line c="1625" h="67" n="12">
			<w x="384">For</w>
			<w x="595">Lycidas</w>
			<w x="647">is</w>
			<w x="792">dead,</w>
			<w x="924">dead</w>
			<w x="1018">ere</w>
			<w x="1106">his</w>
			<w x="1276">prime,</w>
		</line>
		<line c="1700" h="59" n="13">
			<w x="454">Young</w>
			<w x="680">Lycidas,</w>
			<w x="787">and</w>
			<w x="914">hath</w>
			<w x="1011">not</w>
			<w x="1111">left</w>
			<w x="1196">his</w>
			<w x="1362">peer:</w>
		</line>
	</div>
	<div id="4" group="3" x="302" y="1726" width="1114" height="78" type="checkmark"
		sealts="358b_2_2.271" work="lyc" attribution="HM">
		<line c="1772" h="60" n="14">
			<w x="411">Who</w>
			<w x="577">would</w>
			<w x="675">not</w>
			<w x="791">sing</w>
			<w x="877">for</w>
			<w x="1121">Lycidas?</w>
			<w x="1257">He</w>
			<w x="1411">knew</w>
		</line>
		<div id="5" group="4" x="300" y="1798" width="1044" height="82" type="xmark"
			sealts="358b_2_2.271" work="lyc" attribution="HM">
			<line c="1844" h="64" n="15">
				<w x="494">Himself</w>
				<w x="565">to</w>
				<w x="695">sing,</w>
				<div id="6" group="4" x="722" y="1808" width="616" height="68" type="underline"
					sealts="358b_2_2.271" work="lyc" attribution="HM">
					<w x="831">and</w>
					<w x="962">build</w>
					<w x="1058">the</w>
					<w x="1185">lofty</w>
					<w x="1330">
						<choice>
							<orig>rhime.</orig>
							<reg>rhyme.</reg>
						</choice>
					</w>
				</div>
			</line>
		</div>
	</div>
	<div id="7" group="6" x="1253" y="2720" width="287" height="172" type="annotation" type2="xmark"
		sealts="358b_2_2.271" work="lyc" attribution="HM">
		<line n="1" h="190" c="2815">
			<w x="1532">
				<choice>
					<orig>Spencer</orig>
					<reg>Spenser</reg>
				</choice>
			</w>
		</line>
	</div>
</body>
