<body>
	<div id="2" group="1" x="594" y="1292" width="1110" height="146" type="score"
		sealts="358b_2_2.014" work="pl" section="pl11" attribution="HM">
		<line c="1326" h="50" n="12">
			<w x="701">And</w>
			<w x="861">wild?</w>
			<w x="994">how</w>
			<w x="1122">shall</w>
			<w x="1213">we</w>
			<w x="1409">breathe</w>
			<w x="1474">in</w>
			<w x="1617">other</w>
			<w x="1697">air</w>
		</line>
		<line c="1403" h="63" n="13">
			<w x="713">Less</w>
			<w x="850">pure,</w>
			<w x="1135">
				<choice>
					<orig>accustom'd</orig>
					<reg>accustomed</reg>
				</choice>
			</w>
			<w x="1201">to</w>
			<w x="1435">immortal</w>
			<w x="1612">fruits?</w>
		</line>
		<line c="1474" h="61" n="14">
			<w x="821">Whom</w>
			<w x="939">thus</w>
			<w x="1032">the</w>
			<w x="1178">angel</w>
			<w x="1464">interrupted</w>
			<w x="1607">mild.</w>
		</line>
	</div>
</body>
