<body>
	<div id="2" group="1" x="548" y="508" width="1084" height="78" type="score" type2="annotated"
		erasure="true" sealts="358b_2_2.040" work="pl" section="pl12" attribution="HM">
		<line c="559" h="57" n="1">
			<w x="680">Must</w>
			<w x="832">needs</w>
			<w x="1003">impair</w>
			<w x="1108">and</w>
			<w x="1275">weary</w>
			<w x="1452">human</w>
			<w x="1626">sense:</w>
		</line>
	</div>
	<div id="3" group="2" x="100" y="444" width="423" height="236" type="annotation" erasure="true"
		sealts="358b_2_2.040" work="pl" section="pl12" attribution="HM"/>
</body>
