<body>
	<div id="2" group="1" x="656" y="758" width="810" height="156" type="checkmark"
		sealts="358b_2_2.160" work="samag" attribution="HM">
		<line c="811" h="61" n="5">
			<w x="992">Irrecoverably</w>
			<w x="1132">dark,</w>
			<w x="1262">total</w>
			<w x="1441">eclipse</w>
		</line>
		<line c="881" h="61" n="6">
			<w x="875">Without</w>
			<w x="949">all</w>
			<w x="1080">hope</w>
			<w x="1152">of</w>
			<w x="1277">day!</w>
		</line>
	</div>
	<div id="3" group="2" x="664" y="1842" width="1196" height="152" type="checkmark"
		sealts="358b_2_2.160" work="samag" attribution="HM">
		<line c="1882" h="61" n="20">
			<w x="772">And</w>
			<w x="870">not</w>
			<w x="937">as</w>
			<w x="1130">feeling,</w>
			<w x="1322">through</w>
			<w x="1398">all</w>
			<w x="1535">parts</w>
			<w x="1742">
				<choice>
					<orig>diffus'd,</orig>
					<reg>diffused,</reg>
				</choice>
			</w>
		</line>
		<line c="1956" h="66" n="21">
			<w x="792">That</w>
			<w x="888">she</w>
			<w x="1047">might</w>
			<w x="1166">look</w>
			<w x="1233">at</w>
			<w x="1341">will</w>
			<w x="1546">through</w>
			<w x="1696">every</w>
			<w x="1852">pore?</w>
		</line>
	</div>
</body>
