<body>
	<div id="2" group="1" x="676" y="1202" width="1050" height="74" type="checkmark"
		type2="circledline" type3="annotated" sealts="358b_2_2.082" work="pr" section="pr1"
		attribution="HM">
		<line c="1248" h="56" n="11">
			<w x="811">With</w>
			<w x="886">all</w>
			<w x="1170">inflictions?</w>
			<w x="1277">but</w>
			<w x="1362">his</w>
			<w x="1579">patience</w>
			<w x="1714">Won.</w>
		</line>
	</div>
	<div id="3" group="2" x="680" y="1994" width="1128" height="68" type="checkmark"
		sealts="358b_2_2.082" work="pr" section="pr1" attribution="HM">
		<line c="2031" h="60" n="22">
			<w x="787">And</w>
			<w x="884">not</w>
			<w x="1004">Well</w>
			<w x="1282">understood</w>
			<w x="1351">as</w>
			<w x="1483">good</w>
			<w x="1581">not</w>
			<w x="1797">known?</w>
		</line>
	</div>
	<div id="4" group="3" x="366" y="2733" width="1243" height="215" type="annotation"
		type2="circledline" erasure="true" sealts="358b_2_2.082" work="pr" section="pr1"
		attribution="HM">
		<line n="1" h="215" c="2840">
			<w x="860">Afflict</w>
			<w x="1102">with</w>
			<w x="1258">all</w>
			<w x="1604">afflictions</w>
		</line>
	</div>
</body>
