<body>
	<div id="2" group="1" x="266" y="2054" width="1156" height="214" type="score"
		sealts="358b_1_1.157" work="pl" section="pl5" attribution="HM">
		<line c="2096" h="50" n="23">
			<w x="380">Evil</w>
			<w x="493">into</w>
			<w x="587">the</w>
			<w x="728">mind</w>
			<w x="799">of</w>
			<w x="922">God</w>
			<w x="992">or</w>
			<w x="1113">man</w>
		</line>
		<line c="2172" h="70" n="24">
			<w x="388">May</w>
			<w x="531">come</w>
			<w x="638">and</w>
			<w x="729">go,</w>
			<w x="801">so</w>
			<w x="1099">
				<choice>
					<orig>unapprov'd,</orig>
					<reg>unapproved,</reg>
				</choice>
			</w>
			<w x="1207">and</w>
			<w x="1355">leave</w>
		</line>
		<line c="2243" h="69" n="25">
			<w x="350">No</w>
			<w x="465">spot</w>
			<w x="529">or</w>
			<w x="687">blame</w>
			<w x="887">behind;</w>
			<w x="1059">which</w>
			<w x="1195">gives</w>
			<w x="1285">me</w>
			<w x="1413">hope</w>
		</line>
	</div>
</body>
