<body>
	<div id="2" group="1" x="624" y="714" width="884" height="77" type="score" sealts="358b_1_1.122"
		work="pl" section="pl4" attribution="HM">
		<line c="757" h="59" n="4">
			<w x="734">Saw</w>
			<w x="1021">undelighted</w>
			<w x="1096">all</w>
			<w x="1290">delight,</w>
			<w x="1369">all</w>
			<w x="1497">kind</w>
		</line>
	</div>
	<div id="3" group="2" x="610" y="1626" width="928" height="88" type="xmark"
		sealts="358b_1_1.122" work="pl" section="pl4" attribution="HM">
		<line c="1680" h="59" n="17">
			<w x="699">He</w>
			<w x="783">for</w>
			<w x="901">God</w>
			<w x="1034">only,</w>
			<w x="1133">she</w>
			<w x="1217">for</w>
			<w x="1337">God</w>
			<w x="1402">in</w>
			<w x="1521">him.</w>
		</line>
	</div>
</body>
