<body>
	<div id="2" group="1" x="274" y="638" width="992" height="154" type="score"
		sealts="358b_2_2.115" work="pr" section="pr3" attribution="HM">
		<line c="678" h="64" n="3">
			<w x="380">The</w>
			<w x="558">wisest,</w>
			<w x="918">
				<choice>
					<orig>unexperienc'd,</orig>
					<reg>unexperienced,</reg>
				</choice>
			</w>
			<w x="1029">will</w>
			<w x="1103">be</w>
			<w x="1223">ever</w>
		</line>
		<line c="752" h="67" n="4">
			<w x="507">Timorous</w>
			<w x="610">and</w>
			<w x="732">loth,</w>
			<w x="859">with</w>
			<w x="1024">novice</w>
			<w x="1256">modesty,</w>
		</line>
	</div>
</body>
