<body>
	<div id="2" group="1" x="220" y="1000" width="830" height="106" type="checkmark" attribution="HM" sealts="277_1_1.199" section="9">
		<line n="15" h="53" c="1026">
			<w x="277">All</w>
			<w x="353">that</w>
			<w x="488">Apollo's</w>
			<w x="598">marble</w>
			<w x="676">fane</w>
			<w x="715">in</w>
			<w x="809">stony</w>
			<w x="921">Pythos</w>
			<w x="1019">holds,</w>
		</line>
		<line n="16" h="53" c="1079">
			<w x="252">I</w>
			<div id="3" group="1" x="246" y="1040" width="809" height="58" type="underline"
				attribution="HM" sealts="277_1_1.199" section="9">
				<w x="342">value</w>
				<w x="433">equal</w>
				<w x="502">with</w>
				<w x="564">the</w>
				<w x="628">life</w>
				<w x="696">that</w>
				<w x="754">my</w>
				<w x="825">free</w>
				<w x="932">breast</w>
				<w x="1049">enfolds.</w>
			</div>
		</line>
	</div>
	<div id="4" group="1" x="223" y="1104" width="1081" height="190" type="wavyscore" attribution="HM" sealts="277_1_1.199" section="9">
		<line c="1126" h="54" n="17">
			<w x="325">Sheep,</w>
			<w x="418">oxen,</w>
			<w x="543">tripods,</w>
			<w x="742">crest-deck'd</w>
			<w x="842">horse,</w>
			<w x="961">though</w>
			<w x="1033">lost,</w>
			<w x="1112">may</w>
			<w x="1199">come</w>
			<w x="1301">again,</w>
		</line>
		<line c="1176" h="44" n="18">
			<w x="284">But</w>
			<w x="375">when</w>
			<w x="435">the</w>
			<w x="528">white</w>
			<w x="630">guard</w>
			<w x="674">of</w>
			<w x="732">our</w>
			<w x="819">teeth</w>
			<w x="866">no</w>
			<w x="975">longer</w>
			<w x="1038">can</w>
			<w x="1159">contain</w>
		</line>
		<line c="1224" h="43" n="19">
			<w x="286">Our</w>
			<w x="401">human</w>
			<w x="481">soul,</w>
			<w x="572">away</w>
			<w x="606">it</w>
			<w x="688">flies,</w>
			<w x="766">and,</w>
			<w x="847">once</w>
			<w x="941">gone,</w>
			<w x="1123">nevermore</w>
		</line>
		<line c="1274" h="43" n="20">
			<w x="267">To</w>
			<w x="330">her</w>
			<w x="403">frail</w>
			<w x="539">mansion</w>
			<w x="608">any</w>
			<w x="685">man</w>
			<w x="749">can</w>
			<w x="811">her</w>
			<w x="876">lost</w>
			<w x="983">pow'rs</w>
			<w x="1106">restore.</w>
		</line>
	</div>
	<div id="5" group="2" x="218" y="1441" width="893" height="51" type="checkmark" attribution="HM" sealts="277_1_1.199" section="9">
		<line n="24" h="51" c="1466">
			<w x="282">My</w>
			<w x="355">safe</w>
			<w x="461">return</w>
			<w x="538">shall</w>
			<w x="637">never</w>
			<w x="706">live,</w>
			<w x="768">my</w>
			<w x="859">fame</w>
			<w x="935">shall</w>
			<w x="1030">never</w>
			<w x="1102">die;</w>
		</line>
	</div>
	<div id="6" group="3" x="218" y="1587" width="1058" height="62" type="checkmark" attribution="HM" sealts="277_1_1.199" section="9">
		<line n="27" h="62" c="1618">
			<w x="296">This</w>
			<w x="392">being</w>
			<w x="530">reveal'd,</w>
			<w x="641">'twere</w>
			<w x="740">foolish</w>
			<w x="834">pride</w>
			<w x="866">t'</w>
			<w x="990">abridge</w>
			<w x="1047">my</w>
			<w x="1111">life</w>
			<w x="1163">for</w>
			<w x="1269">praise.</w>
		</line>
	</div>
</body>
