<body>
	<div id="2" group="1" x="216" y="905" width="967" height="60" type="checkmark" attribution="HM" sealts="277_1_1.101" section="4">
		<line n="13" h="60" c="935">
			<w x="287">She</w>
			<w x="368">gave</w>
			<w x="420">it,</w>
			<w x="569">marching</w>
			<w x="609">in</w>
			<w x="672">the</w>
			<w x="779">midst.</w>
			<div id="3" group="1" x="214" y="914" width="385" height="53" type="underline"
				attribution="HM" sealts="277_1_1.101" section="4">
				<blank x="799"/>
				<w x="892">Then</w>
				<w x="964">flew</w>
				<w x="1024">the</w>
				<w x="1106">fatal</w>
				<w x="1180">hour</w>
			</div>
		</line>
		<line n="14" h="56" c="979">
			<w x="313">Back</w>
			<w x="361">on</w>
			<w x="475">Diores,</w>
		</line>
	</div>
</body>
