<body>
	<div id="2" group="1" x="169" y="702" width="376" height="56" type="underline" attribution="HM" sealts="277_1_b13" mode="commentary" section="intro">
		<line n="9" h="56" c="730">
			<blank x="940"/>
			<w x="991">"he</w>
			<w x="1100">covers</w>
			<w x="1163">his</w>
			<w x="1276">defects</w>
		</line>
		<line n="10" h="50" c="773">
			<w x="223">by</w>
			<w x="249">a</w>
			<w x="354">daring</w>
			<w x="434">fiery</w>
			<w x="519">spirit</w>
		</line>
	</div>	
	<div id="4" group="2" x="464" y="1790" width="466" height="55" type="underline" attribution="HM" sealts="277_1_b13" mode="commentary" section="intro">
		<line n="31" h="55" c="1818">
			<w x="604">printer's</w>
			<w x="766">compound</w>
			<w x="928">epithets--</w>
		</line>
	</div>
</body>
