<body>
	<div id="2" group="1" x="478" y="482" width="342" height="59" type="underline" attribution="HM" sealts="277_2_2.040" section="14">
		<line n="5" h="59" c="511">
			<w x="598">Death's</w>
			<w x="722">brother,</w>
			<w x="818">Sleep,</w>
		</line>
	</div>
	<div id="3" group="2" x="477" y="933" width="541" height="44" type="underline" attribution="HM" sealts="277_2_2.040" section="14">
		<line n="14" h="44" c="955">
			<w x="596">Besides</w>
			<w x="686">Jove,</w>
			<w x="754">but</w>
			<w x="782">I</w>
			<w x="883">would</w>
			<w x="1016">becalm;</w>
		</line>
	</div>
</body>
