<body>
	<div id="2" group="1" x="216" y="829" width="1086" height="488" type="wavyscore" attribution="HM" sealts="277_2_2.141" section="18">
		<line c="845" h="42" n="12">
			<w x="292">That</w>
			<w x="361">cast</w>
			<w x="466">beams</w>
			<w x="566">round</w>
			<w x="662">about</w>
			<w x="717">his</w>
			<w x="825">brows.</w>
			<w x="932">And</w>
			<w x="975">as</w>
			<w x="1067">when</w>
			<w x="1153">arms</w>
			<w x="1257">enfold</w>
		</line>
		<line c="902" h="39" n="13">
			<w x="247">A</w>
			<w x="314">city</w>
			<w x="356">in</w>
			<w x="405">an</w>
			<w x="476">isle,</w>
			<w x="561">from</w>
			<w x="672">thence</w>
			<w x="702">a</w>
			<w x="790">fume</w>
			<w x="832">at</w>
			<w x="903">first</w>
			<w x="1038">appears,</w>
		</line>
		<line c="951" h="39" n="14">
			<w x="310">Being</w>
			<w x="351">in</w>
			<w x="411">the</w>
			<w x="487">day,</w>
			<w x="559">but,</w>
			<w x="651">when</w>
			<w x="711">the</w>
			<w x="792">even</w>
			<w x="855">her</w>
			<w x="965">cloudy</w>
			<w x="1106">forehead</w>
			<w x="1202">rears,</w>
		</line>
		<line c="1002" h="42" n="15">
			<w x="307">Thick</w>
			<w x="393">show</w>
			<w x="452">the</w>
			<w x="537">fires,</w>
			<w x="606">and</w>
			<w x="655">up</w>
			<w x="735">they</w>
			<w x="806">cast</w>
			<w x="890">their</w>
			<w x="1057">splendour,</w>
			<w x="1132">that</w>
			<w x="1208">men</w>
			<w x="1299">nigh,</w>
		</line>
		<line c="1051" h="41" n="16">
			<w x="321">Seeing</w>
			<w x="405">their</w>
			<w x="536">distress,</w>
			<w x="667">perhaps</w>
			<w x="745">may</w>
			<w x="799">set</w>
			<w x="887">ships</w>
			<w x="947">out</w>
			<w x="988">to</w>
			<w x="1072">their</w>
			<w x="1199">supply;</w>
		</line>
		<line c="1100" h="41" n="17">
			<w x="266">So,</w>
			<w x="307">to</w>
			<w x="394">show</w>
			<w x="474">such</w>
			<w x="541">aid,</w>
			<w x="624">from</w>
			<w x="680">his</w>
			<w x="764">head</w>
			<w x="794">a</w>
			<w x="878">light</w>
			<w x="959">rose,</w>
			<w x="1079">scaling</w>
			<w x="1205">heaven,</w>
		</line>
		<line c="1150" h="42" n="18">
			<w x="286">And</w>
			<w x="372">forth</w>
			<w x="431">the</w>
			<w x="504">wall</w>
			<w x="552">he</w>
			<w x="637">stept</w>
			<w x="705">and</w>
			<w x="803">stood,</w>
			<w x="867">nor</w>
			<w x="963">brake</w>
			<w x="1023">the</w>
			<w x="1147">precept</w>
			<w x="1241">given</w>
		</line>
		<line c="1198" h="38" n="19">
			<w x="265">By</w>
			<w x="320">his</w>
			<w x="413">great</w>
			<w x="541">mother,</w>
			<w x="640">mix'd</w>
			<w x="683">in</w>
			<w x="774">fight,</w>
			<w x="838">but</w>
			<w x="911">sent</w>
			<w x="1024">abroad</w>
			<w x="1079">his</w>
			<w x="1183">voice;</w>
		</line>
		<line c="1245" h="35" n="20">
			<w x="323">Which</w>
			<w x="426">Pallas</w>
			<w x="539">far-off</w>
			<w x="657">echoed,</w>
			<w x="731">who</w>
			<w x="792">did</w>
			<w x="914">betwixt</w>
			<w x="1002">them</w>
			<w x="1090">hoise</w>
		</line>
		<line c="1297" h="38" n="21">
			<w x="304">Shrill</w>
			<w x="415">tumult</w>
			<w x="455">to</w>
			<w x="486">a</w>
			<w x="598">topless</w>
			<w x="717">height.</w>
			<w x="825">And</w>
			<w x="867">as</w>
			<w x="897">a</w>
			<w x="984">voice</w>
			<w x="1020">is</w>
			<w x="1118">heard</w>
		</line>
	</div>
</body>
