<body>
	<div id="2" group="1" x="604" y="777" width="870" height="92" type="diagonalscore" attribution="HM" sealts="277_2_2.176" section="20">
		<line n="11" h="44" c="799">
			<w x="680">And</w>
			<w x="746">thy</w>
			<w x="910">unwearied</w>
			<w x="989">steel</w>
			<w x="1031">as</w>
			<w x="1128">right,</w>
			<w x="1195">nor</w>
			<w x="1307">utterly</w>
			<w x="1356">be</w>
			<w x="1431">beat</w>
		</line>
		<line n="12" h="44" c="843">
			<w x="694">With</w>
			<div id="3" group="1" x="701" y="830" width="335" height="41" type="underline" attribution="HM" sealts="277_2_2.176" section="20">
				<w x="770">only</w>
				<w x="886">cruelty</w>
				<w x="932">of</w>
				<w x="1033">words,</w>
			</div>
			<w x="1101">not</w>
			<w x="1193">proof</w>
			<w x="1312">against</w>
			<w x="1342">a</w>
			<w x="1470">threat."</w>
		</line>
	</div>
	<div id="4" group="2" x="620" y="1861" width="941" height="49" type="score" attribution="HM" sealts="277_2_2.176" section="20">
		<line n="33" h="49" c="1886">
			<w x="694">And</w>
			<w x="835">manifest</w>
			<w x="915">their</w>
			<w x="1023">proper</w>
			<w x="1132">forms,</w>
			<w x="1196">are</w>
			<w x="1316">passing</w>
			<w x="1459">dreadful</w>
			<w x="1560">then."</w>
		</line>
	</div>
</body>
