<body>
	<div id="2" group="1" x="192" y="1281" width="1093" height="400" type="score" attribution="HM" sealts="277_1_1.015" section="1">
		<line c="1316" h="42" n="21">
			<w x="320">Her</w>
			<w x="436">answer</w>
			<w x="498">she</w>
			<w x="607">pour'd</w>
			<w x="667">out</w>
			<w x="708">in</w>
			<w x="792">tears:</w>
			<w x="892">"O</w>
			<w x="960">me,</w>
			<w x="1021">my</w>
			<w x="1103">son,"</w>
			<w x="1186">said</w>
			<w x="1257">she,</w>
		</line>
		<line c="1365" h="42" n="22">
			<w x="329">"Why</w>
			<w x="461">brought</w>
			<w x="489">I</w>
			<w x="539">up</w>
			<w x="603">thy</w>
			<w x="700">being</w>
			<w x="741">at</w>
			<w x="799">all,</w>
			<w x="873">that</w>
			<w x="1005">brought</w>
			<w x="1081">thee</w>
			<w x="1167">forth</w>
			<w x="1208">to</w>
			<w x="1255">be</w>
		</line>
		<line c="1413" h="39" n="23">
			<w x="274">Sad</w>
			<w x="391">subject</w>
			<w x="435">of</w>
			<w x="474">so</w>
			<w x="557">hard</w>
			<w x="587">a</w>
			<w x="654">fate?</w>
			<w x="723">O</w>
			<w x="825">would</w>
			<w x="865">to</w>
			<w x="991">heaven,</w>
			<w x="1066">that</w>
			<w x="1152">since</w>
		</line>
		<line c="1460" h="47" n="24">
			<w x="281">Thy</w>
			<w x="348">fate</w>
			<w x="384">is</w>
			<w x="475">little,</w>
			<w x="544">and</w>
			<w x="605">not</w>
			<w x="693">long,</w>
			<w x="773">thou</w>
			<w x="910">might'st</w>
			<w x="1034">without</w>
			<w x="1150">offence</w>
		</line>
		<line c="1512" h="38" n="25">
			<w x="283">And</w>
			<w x="367">tears</w>
			<w x="499">perform</w>
			<w x="549">it!</w>
			<w x="629">But</w>
			<w x="669">to</w>
			<w x="735">live</w>
			<w x="829">thrall</w>
			<w x="869">to</w>
			<w x="912">so</w>
			<w x="1000">stern</w>
			<w x="1031">a</w>
			<w x="1098">fate</w>
		</line>
		<line c="1563" h="40" n="26">
			<w x="259">As</w>
			<w x="367">grants</w>
			<w x="443">thee</w>
			<w x="525">least</w>
			<w x="593">life,</w>
			<w x="663">and</w>
			<w x="735">that</w>
			<w x="815">least</w>
			<w x="857">so</w>
			<w x="941">most</w>
			<w x="1136">unfortunate,</w>
		</line>
		<line c="1613" h="41" n="27">
			<w x="331">Grieves</w>
			<w x="389">me</w>
			<w x="422">t'</w>
			<w x="502">have</w>
			<w x="598">given</w>
			<w x="673">thee</w>
			<w x="742">any</w>
			<w x="808">life.</w>
			<w x="907">But</w>
			<w x="992">what</w>
			<w x="1071">thou</w>
			<w x="1192">wishest</w>
			<w x="1274">now,</w>
		</line>
		<line c="1662" h="41" n="28">
			<w x="249">If</w>
			<w x="328">Jove</w>
			<w x="396">will</w>
			<w x="499">grant,</w>
			<w x="560">I'll</w>
			<w x="609">up</w>
			<w x="680">and</w>
			<w x="740">ask;</w>
			<w x="914">Olympus</w>
			<w x="1045">crown'd</w>
			<w x="1123">with</w>
			<w x="1210">snow</w>
		</line>
	</div>
</body>
