<body>
	<div id="2" group="1" x="583" y="914" width="1034" height="141" type="checkmark" attribution="HM" sealts="277_2_2.192" section="21">
		<line c="937" h="41" n="14">
			<w x="634">An</w>
			<w x="733">arrow</w>
			<w x="805">that</w>
			<w x="891">must</w>
			<w x="985">reach</w>
			<w x="1046">my</w>
			<w x="1133">life."</w>
			<w x="1243">This</w>
			<w x="1324">said,</w>
			<div id="3" group="1" x="1337" y="913" width="210" height="43" type="underline" attribution="HM" sealts="277_2_2.192" section="21">
				<w x="1362">a</w>
				<w x="1545">languishing</w>
			</div>
		</line>
		<line c="988" h="45" n="15">
			<w x="725">Lycaon's</w>
			<w x="817">heart</w>
			<w x="892">bent</w>
			<w x="959">like</w>
			<w x="1015">his</w>
			<w x="1123">knees,</w>
			<w x="1184">yet</w>
			<w x="1246">left</w>
			<w x="1317">him</w>
			<w x="1456">strength</w>
			<w x="1488">t'</w>
			<w x="1618">advance</w>
		</line>
		<line c="1036" h="41" n="16">
			<w x="663">Both</w>
			<w x="762">hands</w>
			<w x="817">for</w>
			<w x="922">mercy</w>
			<w x="965">as</w>
			<w x="1013">he</w>
			<w x="1144">kneel'd.</w>
			<w x="1241">His</w>
			<w x="1299">foe</w>
			<w x="1359">yet</w>
			<w x="1460">leaves</w>
			<w x="1516">his</w>
			<w x="1617">lance,</w>
		</line>
	</div>
</body>
