<body>
	<div id="2" group="1" x="194" y="837" width="856" height="51" type="underline" attribution="HM"
		sealts="277_1_1.041" section="2">
		<line n="12" h="51" c="863">
			<blank x="439"/>
			<w x="516">Jove</w>
			<w x="623">heard</w>
			<w x="688">him</w>
			<w x="762">not,</w>
			<w x="825">but</w>
			<w x="925">made</w>
			<w x="1009">more</w>
			<w x="1140">plentiful</w>
			<w x="1203">the</w>
			<w x="1291">birth</w>
		</line>
		<line n="13" h="51" c="909">
			<w x="254">Of</w>
			<w x="312">his</w>
			<w x="370">sad</w>
			<w x="455">toils,</w>
			<w x="516">yet</w>
			<w x="590">took</w>
			<w x="650">his</w>
			<w x="731">gifts.</w>
		</line>
	</div>
</body>
