<body>
	<div id="2" group="1" x="216" y="1295" width="1089" height="254" type="wavyscore" attribution="HM" sealts="277_1_1.071" section="3">
		<line c="1329" h="40" n="21">
			<w x="328">"O</w>
			<w x="421">Jove,</w>
			<w x="493">that</w>
			<w x="558">Ida</w>
			<w x="630">dost</w>
			<w x="755">protect,</w>
			<w x="823">and</w>
			<w x="896">hast</w>
			<w x="954">the</w>
			<w x="1039">titles</w>
			<w x="1111">won</w>
		</line>
		<line c="1379" h="43" n="22">
			<w x="304">Most</w>
			<w x="444">glorious,</w>
			<w x="528">most</w>
			<w x="699">invincible;</w>
			<w x="775">and</w>
			<w x="853">thou</w>
			<w x="1013">all-seeing</w>
			<w x="1094">Sun,</w>
		</line>
		<line c="1431" h="46" n="23">
			<w x="417">All-hearing,</w>
			<w x="467">all</w>
			<w x="705">re-comforting;</w>
			<w x="843">Floods;</w>
			<w x="968">Earth;</w>
			<w x="1044">and</w>
			<w x="1164">Powers</w>
			<w x="1302">beneath,</w>
		</line>
		<line c="1476" h="39" n="24">
			<w x="302">That</w>
			<w x="350">all</w>
			<w x="409">the</w>
			<w x="552">perjuries</w>
			<w x="597">of</w>
			<w x="668">men</w>
			<w x="797">chastise</w>
			<w x="877">even</w>
			<w x="959">after</w>
			<w x="1068">death!</w>
		</line>
		<line c="1526" h="41" n="25">
			<w x="272">Be</w>
			<w x="429">witnesses,</w>
			<w x="498">and</w>
			<w x="556">see</w>
			<w x="714">perform'd</w>
			<w x="773">the</w>
			<w x="881">hearty</w>
			<w x="964">vows</w>
			<w x="1016">we</w>
			<w x="1159">make.--</w>
		</line>
	</div>
	<div id="3" group="2" x="217" y="1590" width="1038" height="362" type="wavyscore" attribution="HM" sealts="277_1_1.071" section="3">
		<line c="1625" h="40" n="27">
			<w x="277">He</w>
			<w x="358">shall</w>
			<w x="441">from</w>
			<w x="611">henceforth</w>
			<w x="742">Helena,</w>
			<w x="820">with</w>
			<w x="869">all</w>
			<w x="931">her</w>
			<w x="1049">wealth,</w>
			<w x="1159">retain,</w>
		</line>
		<line c="1676" h="43" n="28">
			<w x="294">And</w>
			<w x="346">we</w>
			<w x="412">will</w>
			<w x="453">to</w>
			<w x="515">our</w>
			<w x="675">household</w>
			<w x="772">Gods,</w>
			<w x="861">hoise</w>
			<w x="933">sail,</w>
			<w x="1001">and</w>
			<w x="1093">home</w>
			<w x="1198">again.</w>
		</line>
		<line c="1724" h="40" n="29">
			<w x="260">If</w>
			<w x="305">by</w>
			<w x="365">my</w>
			<w x="509">honour'd</w>
			<w x="656">brother's</w>
			<w x="742">hand</w>
			<w x="787">he</w>
			<w x="956">Alexander</w>
			<w x="1046">slain,</w>
		</line>
		<line c="1773" h="41" n="30">
			<w x="289">The</w>
			<w x="416">Trojans</w>
			<w x="495">then</w>
			<w x="577">shall</w>
			<w x="631">his</w>
			<w x="729">forc'd</w>
			<w x="829">queen</w>
			<w x="906">with</w>
			<w x="955">all</w>
			<w x="1017">her</w>
			<w x="1126">wealth</w>
			<w x="1249">restore,</w>
		</line>
		<line c="1821" h="38" n="31">
			<w x="295">And</w>
			<w x="362">pay</w>
			<w x="534">convenient</w>
			<w x="600">fine</w>
			<w x="640">to</w>
			<w x="695">us,</w>
			<w x="762">and</w>
			<w x="836">ours</w>
			<w x="891">for</w>
			<w x="1048">evermore.</w>
		</line>
		<line c="1872" h="42" n="32">
			<w x="260">If</w>
			<w x="361">Priam</w>
			<w x="428">and</w>
			<w x="482">his</w>
			<w x="558">sons</w>
			<w x="643">deny</w>
			<w x="683">to</w>
			<w x="749">pay</w>
			<w x="824">this,</w>
			<w x="900">thus</w>
			<w x="1023">agreed,</w>
		</line>
		<line c="1921" h="42" n="33">
			<w x="321">When</w>
			<w x="489">Alexander</w>
			<w x="569">shall</w>
			<w x="617">be</w>
			<w x="707">slain,</w>
			<w x="763">for</w>
			<w x="835">that</w>
			<w x="991">perfidious</w>
			<w x="1082">deed,</w>
		</line>
	</div>
</body>
