<body>
	<div id="2" group="1" x="496" y="269" width="1128" height="215" type="score" attribution="HM" sealts="277_1_1.024" mode="commentary" section="1">
		<line c="311" h="46" n="1">
			<w x="661">inimitable</w>
			<w x="845">characters,</w>
			<w x="956">which</w>
			<w x="1023">not</w>
			<w x="1216">understood,</w>
			<w x="1299">how</w>
			<w x="1366">are</w>
			<w x="1458">their</w>
			<w x="1614">speeches,</w>
		</line>
		<line c="360" h="44" n="2">
			<w x="596">being</w>
			<w x="668">one</w>
			<w x="725">by</w>
			<w x="859">another</w>
			<w x="909">as</w>
			<w x="1119">conveniently</w>
			<w x="1194">and</w>
			<w x="1378">necessarily</w>
			<w x="1496">known</w>
			<w x="1546">as</w>
			<w x="1614">the</w>
		</line>
		<line c="409" h="44" n="3">
			<w x="675">instrument</w>
			<w x="729">by</w>
			<w x="788">the</w>
			<w x="911">sound?</w>
			<w x="971">If</w>
			<w x="999">a</w>
			<w x="1157">translator</w>
			<w x="1201">or</w>
			<w x="1380">interpreter</w>
			<w x="1425">of</w>
			<w x="1453">a</w>
			<w x="1614">ridiculous</w>
		</line>
		<line c="461" h="46" n="4">
			<w x="568">and</w>
			<w x="882">cowardly-described</w>
			<w x="1002">person</w>
			<w x="1123">(being</w>
			<w x="1271">deceived</w>
			<w x="1323">in</w>
			<w x="1389">his</w>
			<w x="1562">character)</w>
			<w x="1614">so</w>
		</line>
	</div>
</body>
