<body>
	<div id="2" group="1" x="600" y="1027" width="1041" height="104" type="score" attribution="HM" sealts="277_1_1.144" section="6">
		<line n="16" h="52" c="1053">
			<w x="688">With</w>
			<w x="800">careful</w>
			<w x="917">spirits,</w>
			<w x="963">or</w>
			<w x="1025">too</w>
			<w x="1116">much</w>
			<w x="1190">with</w>
			<w x="1301">labour</w>
			<w x="1435">overlaid,</w>
		</line>
		<line n="17" h="52" c="1105">
			<w x="698">Wine</w>
			<w x="809">brings</w>
			<w x="901">much</w>
			<w x="1025">rescue,</w>
			<w x="1256">strengthening</w>
			<w x="1352">much</w>
			<w x="1418">the</w>
			<w x="1504">body</w>
			<w x="1575">and</w>
			<w x="1633">the</w>
		</line>
	</div>
	<div id="3" group="2" x="601" y="1225" width="1020" height="145" type="score" attribution="HM" sealts="277_1_1.144" section="6">
		<line c="1251" h="47" n="20">
			<w x="693">"My</w>
			<w x="781">royal</w>
			<w x="909">mother,</w>
			<w x="1004">bring</w>
			<w x="1052">no</w>
			<w x="1144">wine,</w>
			<w x="1210">lest</w>
			<w x="1313">rather</w>
			<w x="1348">it</w>
			<w x="1459">impair</w>
		</line>
		<line c="1300" h="48" n="21">
			<w x="689">Than</w>
			<w x="764">help</w>
			<w x="825">my</w>
			<w x="971">strength,</w>
			<w x="1040">and</w>
			<w x="1133">make</w>
			<w x="1194">my</w>
			<w x="1283">mind</w>
			<w x="1423">forgetful</w>
			<w x="1466">of</w>
			<w x="1515">th'</w>
			<w x="1607">affair</w>
		</line>
		<line c="1349" h="40" n="22">
			<w x="776">Committed</w>
			<w x="815">to</w>
			<w x="866">it;</w>
			<w x="951">and,</w>
			<w x="993">to</w>
			<w x="1075">pour</w>
			<w x="1109">it</w>
			<w x="1169">out</w>
			<w x="1211">in</w>
			<w x="1353">sacrifice,</w>
		</line>
	</div>
</body>
