<body>
	<div id="2" group="1" x="567" y="1247" width="1090" height="95" type="checkmark" attribution="HM" sealts="277_1_1.158" section="7">
		<line n="20" h="47" c="1271">
			<w x="648">And</w>
			<w x="717">arm</w>
			<w x="838">against</w>
			<w x="920">him,</w>
			<w x="1038">though</w>
			<w x="1109">you</w>
			<w x="1199">think</w>
			<w x="1230">I</w>
			<w x="1305">arm</w>
			<w x="1415">'gainst</w>
			<w x="1474">too</w>
			<w x="1561">much</w>
			<w x="1652">odds;</w>
		</line>
		<line n="21" h="47" c="1318">
			<w x="643">But</w>
			<w x="807">conquest's</w>
			<w x="946">garlands</w>
			<w x="1033">hang</w>
			<w x="1123">aloft,</w>
			<w x="1266">amongst</w>
			<w x="1320">th'</w>
			<w x="1464">immortal</w>
			<w x="1580">Gods."</w>
		</line>
	</div>
</body>
