<body>
	<div id="2" group="1" x="609" y="1050" width="872" height="51" type="checkmark" attribution="HM" sealts="277_1_1.148" section="6">
		<line n="16" h="51" c="1076">
			<w x="676">But</w>
			<w x="721">he</w>
			<w x="763">is</w>
			<w x="910">senseless,</w>
			<div id="3" group="1" x="920" y="1052" width="557" height="45" type="underline" attribution="HM" sealts="277_1_1.148" section="6">
					<w x="977">nor</w>
					<w x="1130">conceives</w>
					<w x="1215">what</w>
					<w x="1281">any</w>
					<w x="1431">manhood</w>
					<w x="1472">is,</w>				
			</div>
		</line>
	</div>
</body>
