<body>
	<div id="2" group="1" x="529" y="611" width="1025" height="101" type="checkmark"
		attribution="HM" sealts="277_1_1.040" section="2">
		<line n="8" h="50" c="649">
			<w x="597">But</w>
			<w x="679">Jove</w>
			<w x="756">hath</w>
		</line>
		<div id="3" group="1" x="531" y="618" width="780" height="51" type="underline"
			attribution="HM" sealts="277_1_1.040" section="2">
			<line n="8" h="50" c="649">
				<blank x="761"/>
				<w x="882">order'd</w>
				<w x="916">I</w>
				<w x="1017">should</w>
				<w x="1137">grieve,</w>
				<w x="1206">and</w>
				<w x="1248">to</w>
				<w x="1320">that</w>
				<w x="1389">end</w>
				<w x="1471">hath</w>
				<w x="1534">cast</w>
			</line>
			<line n="9" h="50" c="697">
				<w x="591">My</w>
				<w x="652">life</w>
				<w x="724">into</w>
				<w x="852">debates</w>
				<w x="924">past</w>
				<w x="986">end.</w>
			</line>
		</div>
		<line n="9" h="50" c="697">
			<w x="1148">Myself,</w>
			<w x="1221">and</w>
			<w x="1338">Thetis'</w>
			<w x="1416">son,</w>
		</line>
	</div>
</body>
