<body>
	<div id="2" group="1" x="370" y="912" width="762" height="271" type="arcedscore" attribution="HM" sealts="277_1_b53" mode="commentary" section="frontverse">
		<line c="938" h="34" n="2">
			<w x="458">LEST</w>
			<w x="528">with</w>
			<w x="591">foul</w>
			<w x="681">hands</w>
			<w x="743">you</w>
			<w x="827">touch</w>
			<w x="908">these</w>
			<w x="977">holy</w>
			<w x="1059">rites,</w>
		</line>
		<line c="970" h="32" n="3">
			<w x="479">And</w>
			<w x="550">with</w>
			<w x="735">prejudicacies</w>
			<w x="787">too</w>
			<w x="908">profane,</w>
		</line>
		<line c="1003" h="32" n="4">
			<w x="448">Pass</w>
			<w x="554">Homer</w>
			<w x="591">in</w>
			<w x="665">your</w>
			<w x="745">other</w>
			<w x="833">poets'</w>
			<w x="939">slights,</w>
		</line>
		<div id="3" group="1" x="376" y="1009" width="718" height="76" type="checkmark" attribution="HM" sealts="277_1_b53" mode="commentary" section="frontverse">
			<line n="5" h="38" c="1028">
				<div id="4" group="1" x="407" y="1010" width="173" height="43" type="underline" attribution="HM" sealts="277_1_b53" mode="commentary" section="frontverse">
						<w x="500">Wash</w>
						<w x="575">here.</w>			
				</div>
				<w x="642">In</w>
				<w x="700">this</w>
				<w x="788">porch</w>
				<w x="828">to</w>
				<w x="880">his</w>
				<w x="1021">numerous</w>
				<w x="1092">fane,</w>
			</line>
			<line n="6" h="38" c="1066">
				<w x="458">Hear</w>
				<w x="568">ancient</w>
				<w x="672">oracles</w>
				<w x="762">speak,</w>
				<w x="827">and</w>
				<w x="878">tell</w>
				<w x="940">you</w>
				<w x="1033">whom</w>
			</line>
		</div>
		<line c="1099" h="33" n="7">
			<w x="473">You</w>
			<w x="547">have</w>
			<w x="583">to</w>
			<w x="702">censure.</w>
			<w x="803">First</w>
			<w x="872">then</w>
			<w x="960">Silius</w>
			<w x="1042">hear,</w>
		</line>
		<line c="1132" h="33" n="8">
			<w x="451">Who</w>
			<w x="542">thrice</w>
			<w x="603">was</w>
			<w x="699">consul</w>
			<w x="736">in</w>
			<w x="876">renowned</w>
			<w x="973">Rome,</w>
		</line>
		<line c="1165" h="34" n="9">
			<w x="512">Whose</w>
			<w x="601">verse,</w>
			<w x="678">saith</w>
			<w x="801">Martial,</w>
			<w x="915">nothing</w>
			<w x="988">shall</w>
			<w x="1126">out-wear.</w>
		</line>
	</div>
	<div id="5" group="2" x="254" y="1456" width="838" height="250" type="wavyscore" attribution="HM" sealts="277_1_b53" mode="commentary" section="frontverse">
		<line c="1483" h="41" n="15">
			<w x="352">Said:</w>
			<w x="507">'Virgin,</w>
			<w x="593">what</w>
			<w x="629">is</w>
			<w x="677">he</w>
			<w x="779">whose</w>
			<w x="923">heavenly</w>
			<w x="995">face</w>
		</line>
		<line c="1532" h="41" n="16">
			<w x="409">Shines</w>
			<w x="484">past</w>
			<w x="532">all</w>
			<w x="646">others,</w>
			<w x="690">as</w>
			<w x="749">the</w>
			<w x="840">morn</w>
			<w x="899">the</w>
			<w x="1009">night;</w>
		</line>
		<line c="1582" h="42" n="17">
			<w x="371">Whom</w>
			<w x="468">many</w>
			<w x="642">marvelling</w>
			<w x="735">souls,</w>
			<w x="819">from</w>
			<w x="908">place</w>
			<w x="948">to</w>
			<w x="1048">place,</w>
		</line>
		<line c="1627" h="49" n="18">
			<w x="414">Pursue</w>
			<w x="481">and</w>
			<w x="580">haunt</w>
			<w x="657">with</w>
			<w x="769">sounds</w>
			<w x="819">of</w>
			<w x="890">such</w>
			<w x="1027">delight;</w>
		</line>
		<line c="1680" h="41" n="19">
			<w x="373">Whose</w>
			<w x="570">countenance</w>
			<w x="689">(were't</w>
			<w x="750">not</w>
			<w x="787">in</w>
			<w x="847">the</w>
			<w x="977">Stygian</w>
			<w x="1088">shade)</w>
		</line>
	</div>
</body>
