<body>
	<div id="2" group="1" x="218" y="1742" width="398" height="33" type="underline" attribution="HM"
		sealts="277_1_1.201" section="9">
		<line n="30" h="33" c="1758">
			<blank x="718"/>
			<w x="755">It</w>
			<w x="812">fits</w>
			<w x="869">not</w>
			<w x="936">one</w>
			<w x="1009">that</w>
			<w x="1109">moves</w>
		</line>
		<line n="31" h="45" c="1810">
			<w x="287">The</w>
			<w x="391">hearts</w>
			<w x="437">of</w>
			<w x="480">all</w>
			<w x="525">to</w>
			<w x="585">live</w>
			<w x="723">unmov'd,</w>
		</line>
	</div>
</body>
