<body>
	<div id="2" group="1" x="606" y="1119" width="1049" height="500" type="score" attribution="HM" sealts="277_1_1.260" section="12">
		<line c="1149" h="60" n="18">
			<w x="663">On</w>
			<w x="747">their</w>
			<w x="858">troops'</w>
			<w x="921">left</w>
			<w x="1016">hand,</w>
			<w x="1084">and</w>
			<w x="1228">sustain'd</w>
			<w x="1258">a</w>
			<w x="1384">dragon,</w>
			<w x="1433">all</w>
			<w x="1569">engor'd,</w>
		</line>
		<line c="1204" h="50" n="19">
			<w x="653">In</w>
			<w x="715">her</w>
			<w x="821">strong</w>
			<w x="915">seres,</w>
			<w x="960">of</w>
			<w x="1110">wondrous</w>
			<w x="1186">size,</w>
			<w x="1255">and</w>
			<w x="1313">yet</w>
			<w x="1380">had</w>
			<w x="1428">no</w>
			<w x="1507">such</w>
			<w x="1604">check</w>
		</line>
		<line c="1253" h="50" n="20">
			<w x="654">In</w>
			<w x="713">life</w>
			<w x="780">and</w>
			<w x="869">spirit</w>
			<w x="929">but</w>
			<w x="996">still</w>
			<w x="1058">she</w>
			<w x="1176">fought,</w>
			<w x="1244">and</w>
			<w x="1370">turning</w>
			<w x="1452">back</w>
			<w x="1514">her</w>
			<w x="1596">neck</w>
		</line>
		<line c="1304" h="48" n="21">
			<w x="658">So</w>
			<w x="753">stung</w>
			<w x="811">the</w>
			<w x="925">eagle's</w>
			<w x="1034">gorge,</w>
			<w x="1106">that</w>
			<w x="1195">down</w>
			<w x="1256">she</w>
			<w x="1327">cast</w>
			<w x="1388">her</w>
			<w x="1504">fervent</w>
			<w x="1583">prey</w>
		</line>
		<line c="1354" h="48" n="22">
			<w x="758">Amongst</w>
			<w x="816">the</w>
			<w x="979">multitude,</w>
			<w x="1047">and</w>
			<w x="1123">took</w>
			<w x="1208">upon</w>
			<w x="1266">the</w>
			<w x="1364">winds</w>
			<w x="1425">her</w>
			<w x="1507">way,</w>
		</line>
		<line c="1402" h="54" n="23">
			<w x="729">Crying</w>
			<w x="806">with</w>
			<w x="943">anguish.</w>
			<w x="1076">When</w>
			<w x="1154">they</w>
			<w x="1221">saw</w>
			<w x="1251">a</w>
			<w x="1384">branded</w>
			<w x="1506">serpent</w>
			<w x="1613">sprawl</w>
		</line>
		<line c="1450" h="49" n="24">
			<w x="662">So</w>
			<w x="723">full</w>
			<w x="861">amongst</w>
			<w x="947">them</w>
			<w x="1029">from</w>
			<w x="1135">above,</w>
			<w x="1204">and</w>
			<w x="1286">from</w>
			<w x="1392">Jove's</w>
			<w x="1466">fowl</w>
			<w x="1515">let</w>
			<w x="1584">fall,</w>
		</line>
		<line c="1501" h="51" n="25">
			<w x="705">They</w>
			<w x="781">took</w>
			<w x="815">it</w>
			<w x="863">an</w>
			<w x="964">ostent</w>
			<w x="1045">from</w>
			<w x="1125">him,</w>
			<w x="1217">stood</w>
			<w x="1358">frighted,</w>
			<w x="1426">and</w>
			<w x="1508">their</w>
			<w x="1600">cause</w>
		</line>
		<line c="1550" h="52" n="26">
			<w x="789">Polydamas</w>
			<w x="919">thought</w>
			<w x="994">just,</w>
			<w x="1062">and</w>
			<w x="1173">spake:</w>
			<w x="1342">"Hector,</w>
			<w x="1409">you</w>
			<w x="1509">know,</w>
			<w x="1649">applause</w>
		</line>
		<line c="1597" h="41" n="27">
			<w x="670">Of</w>
			<w x="793">humour</w>
			<w x="872">hath</w>
			<w x="953">been</w>
			<w x="1006">far</w>
			<w x="1087">from</w>
			<w x="1160">me;</w>
			<w x="1232">nor</w>
			<w x="1287">fits</w>
			<w x="1331">it,</w>
			<w x="1375">or</w>
			<w x="1416">in</w>
			<w x="1492">war,</w>
		</line>
	</div>
</body>
