<body>
	<div id="2" group="1" x="473" y="1032" width="1129" height="264" type="crosschecks3" attribution="HM" sealts="277_1_b32" mode="commentary" section="intro">
		<line c="1069" h="49" n="16">
			<w x="570">In</w>
			<w x="607">p.</w>
			<w x="666">26,</w>
			<w x="764">under</w>
			<w x="821">the</w>
			<w x="953">Chapter</w>
			<w x="999">on</w>
			<w x="1143">"Race,"</w>
			<w x="1171">I</w>
			<w x="1237">find</w>
			<w x="1294">the</w>
			<w x="1502">following--"</w>
			<w x="1587">How</w>
		</line>
		<line c="1117" h="45" n="17">
			<w x="571">came</w>
			<w x="646">such</w>
			<w x="719">men</w>
			<w x="756">as</w>
			<w x="847">King</w>
			<w x="955">Alfred</w>
			<w x="1021">and</w>
			<w x="1126">Roger</w>
			<w x="1240">Bacon,</w>
			<w x="1373">William</w>
			<w x="1413">of</w>
			<w x="1587">Wykeham,</w>
		</line>
		<line c="1167" h="45" n="18">
			<w x="603">Walter</w>
			<w x="747">Raleigh,</w>
			<w x="853">Philip</w>
			<w x="992">Sydney,</w>
			<w x="1086">Isaac</w>
			<w x="1229">Newton,</w>
			<w x="1369">William</w>
			<w x="1587">Shakespeare,</w>
		</line>
	</div>
</body>
