<body>
	<div id="2" group="1" x="570" y="302" width="980" height="90" type="diagonalscore"
		attribution="HM" sealts="277_1_1.246" section="11">
		<line n="1" h="45" c="325">
			<w x="649">You</w>
			<w x="749">know,</w>
			<w x="840">good</w>
			<w x="956">father,</w>
			<w x="1017">our</w>
			<w x="1113">great</w>
			<w x="1206">friend</w>
			<w x="1250">is</w>
			<w x="1307">apt</w>
			<w x="1350">to</w>
			<w x="1425">take</w>
			<w x="1547">offence,</w>
		</line>
		<line n="2" h="45" c="370">
			<w x="694">Whose</w>
			<w x="776">fiery</w>
			<w x="891">temper</w>
			<w x="959">will</w>
			<w x="1077">inflame</w>
			<w x="1250">sometimes</w>
			<w x="1322">with</w>
			<w x="1514">innocence."</w>
		</line>
	</div>
	<div id="3" group="2" x="594" y="1485" width="445" height="42" type="underline"
		attribution="HM" sealts="277_1_1.246" section="11">
		<line n="25" h="42" c="1506">
			<blank x="1157"/>
			<w x="1223">that</w>
			<w x="1298">us'd</w>
			<w x="1356">my</w>
			<w x="1454">youth</w>
			<w x="1496">in</w>
			<w x="1598">deeds,</w>
		</line>
		<line n="26" h="46" c="1563">
			<w x="669">And</w>
			<w x="763">would</w>
			<w x="823">not</w>
			<w x="956">smother</w>
			<w x="995">it</w>
			<w x="1031">in</w>
			<w x="1138">moods.</w>
		</line>
	</div>
</body>
