<body>
	<div id="2" group="1" x="633" y="1640" width="962" height="257" type="score" attribution="HM" sealts="277_1_1.196" section="9">
		<line c="1670" h="46" n="28">
			<w x="710">Even</w>
			<w x="802">share</w>
			<w x="881">hath</w>
			<w x="930">he</w>
			<w x="1001">that</w>
			<w x="1097">keeps</w>
			<w x="1152">his</w>
			<w x="1225">tent</w>
			<w x="1291">and</w>
			<w x="1339">he</w>
			<w x="1380">to</w>
			<w x="1456">field</w>
			<w x="1533">doth</w>
			<w x="1598">go,</w>
		</line>
		<line c="1724" h="50" n="29">
			<w x="714">With</w>
			<w x="806">equal</w>
			<w x="921">honour</w>
			<w x="1051">cowards</w>
			<w x="1117">die,</w>
			<w x="1186">and</w>
			<w x="1261">men</w>
			<w x="1345">most</w>
			<w x="1466">valiant,</w>
		</line>
		<line c="1773" h="50" n="30">
			<w x="695">The</w>
			<w x="789">much</w>
			<w x="958">performer,</w>
			<w x="1027">and</w>
			<w x="1086">the</w>
			<w x="1163">man</w>
			<w x="1299">that</w>
			<w x="1232">can</w>
			<w x="1342">of</w>
			<w x="1466">nothing</w>
			<w x="1570">vaunt.</w>
		</line>
		<line c="1821" h="54" n="31">
			<w x="682">No</w>
			<w x="818">overplus</w>
			<w x="848">I</w>
			<w x="923">ever</w>
			<w x="1028">found,</w>
			<w x="1129">when,</w>
			<w x="1208">with</w>
			<w x="1267">my</w>
			<w x="1378">mind's</w>
			<w x="1461">most</w>
			<w x="1548">strife</w>
		</line>
		<line c="1869" h="53" n="32">
			<w x="679">To</w>
			<w x="727">do</w>
			<w x="815">them</w>
			<w x="908">good,</w>
			<w x="949">to</w>
			<w x="1115">dangerous</w>
			<w x="1198">fight</w>
			<w x="1227">I</w>
			<w x="1307">have</w>
			<w x="1431">expos'd</w>
			<w x="1490">my</w>
			<w x="1556">life.</w>
		</line>
	</div>
</body>
