<body>
	<div id="2" group="1" x="599" y="1371" width="923" height="49" type="underline" attribution="HM" sealts="277_1_1.172" section="8">
		<line n="23" h="49" c="1396">
			<w x="636">If</w>
			<w x="691">my</w>
			<w x="780">lance</w>
			<w x="858">dote</w>
			<w x="935">with</w>
			<w x="997">the</w>
			<w x="1108">defects</w>
			<w x="1177">that</w>
			<w x="1239">fail</w>
			<w x="1309">best</w>
			<w x="1412">minds</w>
			<w x="1453">in</w>
			<w x="1518">age,</w>
		</line>
	</div>
</body>
