<body>
	<div id="2" group="1" x="545" y="272" width="1092" height="147" type="wavyscore" attribution="HM" sealts="277_2_2.142" section="18">
		<line c="303" h="41" n="1">
			<w x="663">Twelve</w>
			<w x="740">men</w>
			<w x="785">of</w>
			<w x="913">greatest</w>
			<w x="1050">strength</w>
			<w x="1092">in</w>
			<w x="1180">Troy</w>
			<w x="1242">left</w>
			<w x="1319">with</w>
			<w x="1403">their</w>
			<w x="1481">lives</w>
			<w x="1603">exhal'd</w>
			<w x="1636">I</w>
		</line>
		<line c="353" h="36" n="2">
			<w x="641">Their</w>
			<w x="770">chariots</w>
			<w x="838">and</w>
			<w x="922">their</w>
			<w x="1018">darts,</w>
			<w x="1060">to</w>
			<w x="1156">death</w>
			<w x="1235">with</w>
			<w x="1290">his</w>
			<w x="1380">three</w>
			<w x="1532">summons</w>
			<w x="1635">call'd.</w>
		</line>
		<line c="403" h="39" n="3">
			<w x="622">And</w>
			<w x="700">then</w>
			<w x="759">the</w>
			<w x="904">Grecians</w>
			<w x="1069">spritefully</w>
			<w x="1154">drew</w>
			<w x="1237">from</w>
			<w x="1296">the</w>
			<w x="1384">darts</w>
			<w x="1445">the</w>
			<w x="1543">corse,</w>
		</line>
	</div>
</body>
