<body>
	<div id="2" group="1" x="566" y="1517" width="951" height="255" type="score" attribution="HM" sealts="277_1_1.108" section="5">
		<line c="1553" h="39" n="26">
			<w x="624">To</w>
			<w x="696">heir</w>
			<w x="751">his</w>
			<w x="857">goods,</w>
			<w x="919">yet</w>
			<w x="1050">Diomed</w>
			<w x="1127">took</w>
			<w x="1216">both,</w>
			<w x="1285">and</w>
			<w x="1346">left</w>
			<w x="1417">him</w>
			<w x="1502">store</w>
		</line>
		<line c="1602" h="38" n="27">
			<w x="625">Of</w>
			<w x="705">tears</w>
			<w x="773">and</w>
			<w x="897">sorrows</w>
			<w x="940">in</w>
			<w x="1023">their</w>
			<w x="1134">steads,</w>
			<w x="1223">since</w>
			<w x="1270">he</w>
			<w x="1362">could</w>
			<w x="1456">never</w>
			<w x="1513">see</w>
		</line>
		<line c="1650" h="37" n="28">
			<w x="639">His</w>
			<w x="714">sons</w>
			<w x="802">leave</w>
			<w x="892">those</w>
			<w x="953">hot</w>
			<w x="1033">wars</w>
			<w x="1134">alive;</w>
			<w x="1185">so</w>
			<w x="1252">this</w>
			<w x="1313">the</w>
			<w x="1380">end</w>
			<w x="1464">must</w>
			<w x="1511">be</w>
		</line>
		<line c="1701" h="41" n="29">
			<w x="625">Of</w>
			<w x="670">all</w>
			<w x="725">his</w>
			<w x="861">labours;</w>
			<w x="955">what</w>
			<w x="1003">he</w>
			<w x="1115">heap'd</w>
			<w x="1155">to</w>
			<w x="1249">make</w>
			<w x="1304">his</w>
			<w x="1387">issue</w>
			<w x="1479">great</w>
		</line>
		<line c="1751" h="41" n="30">
			<w x="730">Authority</w>
			<w x="837">heir'd,</w>
			<w x="906">and</w>
			<w x="983">with</w>
			<w x="1045">her</w>
			<w x="1123">seed</w>
			<w x="1202">fill'd</w>
			<w x="1257">his</w>
			<w x="1405">forgotten</w>
			<w x="1484">seat.</w>
		</line>
	</div>
	<div id="3" group="2" x="579" y="1788" width="1098" height="41" type="score" attribution="HM" sealts="277_1_1.108" section="5">
		<line n="1" h="41" c="1809">
			<blank x="662"/>
			<w x="790">Authority</w>
			<w x="901">heir'd--</w>
			<w x="965">The</w>
			<w x="1042">word</w>
			<w x="1113">that</w>
			<w x="1252">Chapman</w>
			<w x="1329">here</w>
			<w x="1475">translates</w>
			<w x="1601">authority</w>
			<w x="1640">is</w>
			<w x="1674">in</w>
		</line>
	</div>
</body>
