<body>
	<div id="2" group="1" x="584" y="741" width="393" height="49" type="underline" attribution="HM"
		sealts="277_1_1.240" section="11">
		<line n="10" h="49" c="766">
			<blank x="1167"/>
			<w x="1280">Thrice</w>
			<w x="1406">shouted</w>
			<w x="1457">he</w>
			<w x="1555">aloud,</w>
		</line>
		<line n="11" h="40" c="817">
			<w x="638">As</w>
			<w x="702">did</w>
			<w x="805">denote</w>
			<w x="840">a</w>
			<w x="915">man</w>
			<w x="1049">engag'd.</w>
		</line>
	</div>
	<div id="4" group="2" x="584" y="890" width="846" height="42" type="underline" attribution="HM"
		sealts="277_1_1.240" section="11">
		<line n="13" h="42" c="911">
			<w x="643">He</w>
			<w x="717">told</w>
			<w x="784">him</w>
			<w x="836">of</w>
			<w x="963">Ulysses'</w>
			<w x="1082">shouts,</w>
			<w x="1125">as</w>
			<w x="1162">if</w>
			<w x="1203">he</w>
			<w x="1292">were</w>
			<w x="1416">enclos'd</w>
		</line>
		<line n="14" h="50" c="971">
			<w x="687">From</w>
			<w x="733">all</w>
			<w x="897">assistance,</w>
		</line>
	</div>
</body>
