<body>
	<div id="2" group="1" x="585" y="1028" width="945" height="98" type="underline" attribution="HM"
		sealts="277_2_2.144" section="18">
		<div id="3" group="1" x="585" y="1028" width="945" height="98" type="checkmark"
			attribution="HM" sealts="277_2_2.144" section="18">
			<line n="16" h="49" c="1052">
				<w x="705">This</w>
				<w x="825">counsel</w>
				<w x="890">gat</w>
				<w x="1029">applause</w>
				<w x="1073">of</w>
				<w x="1128">all,</w>
				<w x="1171">so</w>
				<w x="1265">much</w>
				<w x="1351">were</w>
				<w x="1402">all</w>
				<w x="1525">unwise;</w>
			</line>
			<line n="17" h="49" c="1101">
				<w x="725">Minerva</w>
				<w x="833">robb'd</w>
				<w x="917">them</w>
				<w x="961">of</w>
				<w x="1046">their</w>
				<w x="1154">brains,</w>
				<w x="1198">to</w>
				<w x="1265">like</w>
				<w x="1324">the</w>
				<w x="1368">ill</w>
				<w x="1477">advice</w>
			</line>
		</div>
		<line n="18" h="50" c="1152">
			<w x="655">The</w>
			<w x="748">great</w>
			<w x="823">man</w>
			<w x="914">gave,</w>
			<w x="982">and</w>
			<w x="1071">leave</w>
			<w x="1135">the</w>
			<w x="1218">good</w>
			<w x="1305">since</w>
			<w x="1355">by</w>
			<w x="1421">the</w>
			<w x="1541">meaner</w>
			<w x="1642">given.</w>
		</line>
	</div>
</body>
