<body>
	<div id="2" group="1" x="178" y="656" width="1098" height="165" type="checkmark" attribution="HM" sealts="277_1_1.131" section="5">
		<line c="696" h="65" n="8">
			<w x="265">With</w>
			<w x="334">note</w>
			<w x="396">and</w>
			<w x="548">reverence</w>
			<w x="587">of</w>
			<w x="661">your</w>
			<w x="798">charge."</w>
			<w x="909">"My</w>
			<w x="1024">dearest</w>
			<w x="1137">mind,"</w>
			<w x="1206">said</w>
			<w x="1273">she,</w>
		</line>
		<line c="746" h="64" n="9">
			<w x="303">"What</w>
			<w x="381">then</w>
			<w x="447">was</w>
			<w x="491">fit</w>
			<w x="527">is</w>
			<w x="667">chang'd.</w>
			<w x="760">'Tis</w>
			<w x="843">true,</w>
			<w x="935">Mars</w>
			<w x="1015">hath</w>
			<w x="1083">just</w>
			<w x="1153">rule</w>
			<w x="1195">in</w>
			<w x="1271">war,</w>
		</line>
		<line c="790" h="55" n="10">
			<w x="239">But</w>
			<w x="305">just</w>
			<w x="388">war;</w>
			<w x="550">otherwise</w>
			<w x="598">he</w>
			<w x="698">raves,</w>
			<w x="761">not</w>
			<w x="865">fights.</w>
			<w x="978">He's</w>
			<w x="1089">alter'd</w>
			<w x="1151">far.</w>
		</line>
	</div>
</body>
