<body>
	<div id="2" group="1" x="219" y="410" width="988" height="66" type="checkmark" attribution="HM" sealts="277_1_1.263" section="12">
		<line n="3" h="66" c="443">
			<w x="288">And</w>
			<w x="332">as</w>
			<w x="375">in</w>
			<w x="480">winter</w>
			<w x="573">time,</w>
			<w x="663">when</w>
			<w x="745">Jove</w>
			<w x="792">his</w>
			<div id="3" group="1" x="800" y="425" width="293" height="54" type="underline"
				attribution="HM" sealts="277_1_1.263" section="12">
				<w x="869">cold</w>
				<w x="960">sharp</w>
				<w x="1089">javelins</w>
			</div>
			<w x="1196">throws</w>
		</line>
	</div>
</body>
