<body>
	<div id="2" group="1" x="176" y="1469" width="1127" height="155" type="enclosure"
		attribution="HM" sealts="277_2_2.049" mode="commentary" section="14">
		<line c="1499" h="44" n="25">
			<w x="345">hairpatch,</w>
			<w x="389">as</w>
			<w x="484">every</w>
			<w x="579">goose</w>
			<w x="661">may</w>
			<w x="719">eat</w>
			<w x="791">oats</w>
			<w x="935">through.</w>
			<w x="1104">Against</w>
			<w x="1216">which,</w>
			<w x="1286">and</w>
		</line>
		<line c="1550" h="45" n="26">
			<w x="231">all</w>
			<w x="320">these</w>
			<div id="3" group="1" x="328" y="1517" width="279" height="51" type="underline"
				attribution="HM" sealts="277_2_2.049" mode="commentary" section="14">
				<w x="459">plebeian</w>
				<w x="603">opinions,</w>
			</div>
		</line>
		<div id="4" group="1" x="191" y="1519" width="676" height="54" type="underline"
			attribution="HM" sealts="277_2_2.049" mode="commentary" section="14">
			<line c="1550" h="45" n="26">
				<blank x="617"/>
				<w x="683">that</w>
				<w x="713">a</w>
				<w x="787">man</w>
				<w x="829">is</w>
				<w x="929">bound</w>
				<w x="972">to</w>
				<w x="1053">write</w>
				<w x="1091">to</w>
				<w x="1187">every</w>
				<w x="1288">vulgar</w>
			</line>
			<line c="1596" h="41" n="27">
				<w x="317">reader's</w>
				<w x="549">understanding,</w>
			</line>
		</div>
		<line c="1596" h="41" n="27">
			<w x="617">you</w>
			<w x="675">see</w>
			<w x="736">the</w>
			<w x="831">great</w>
			<w x="954">Master</w>
			<w x="998">of</w>
			<w x="1048">all</w>
			<w x="1199">elocution</w>
			<w x="1284">hath</w>
		</line>
	</div>
</body>
