<body>
	<div id="2" group="1" x="529" y="888" width="1015" height="103" type="checkmark"
		attribution="HM" sealts="277_1_1.032" section="2">
		<line n="1" h="51" c="914">
			<w x="635">Men's</w>
			<w x="776">footsteps</w>
			<w x="862">from</w>
			<w x="902">so</w>
			<w x="1000">many</w>
			<w x="1111">towns;</w>
		</line>
		<div id="3" group="1" x="534" y="884" width="419" height="49" type="underline"
			attribution="HM" sealts="277_1_1.032" section="2">
			<line n="1" h="51" c="914">
				<blank x="1119"/>
				<w x="1248">because</w>
				<w x="1305">his</w>
				<w x="1407">power</w>
				<w x="1447">is</w>
				<w x="1534">most,</w>
			</line>
			<line n="2" h="51" c="965">
				<w x="591">He</w>
				<w x="656">will</w>
				<w x="780">destroy</w>
				<w x="866">most.</w>
			</line>
		</div>
		<line n="2" h="51" c="965">
			<w x="971">But</w>
			<w x="1043">how</w>
			<w x="1109">vile</w>
			<w x="1189">such</w>
			<w x="1259">and</w>
			<w x="1305">so</w>
			<w x="1392">great</w>
			<w x="1443">an</w>
			<w x="1518">host</w>
		</line>
	</div>
</body>
