<body>
	<div id="2" group="1" x="212" y="658" width="1063" height="106" type="checkmark" attribution="HM" sealts="277_1_1.009" section="1">
		<line n="8" h="53" c="685">
			<w x="312">Stand</w>
			<w x="445">heartily</w>
			<w x="569">inclin'd</w>
			<w x="615">to</w>
			<w x="708">both.</w>
			<w x="840">Come,</w>
			<w x="910">give</w>
			<w x="956">us</w>
			<w x="1035">both</w>
			<w x="1177">respects,</w>
		</line>
		<line n="9" h="53" c="738">
			<w x="296">And</w>
			<w x="385">cease</w>
			<w x="568">contention;</w>
			<div id="3" group="1" x="574" y="702" width="431" height="62" type="underline"
				attribution="HM" sealts="277_1_1.009" section="1">
				<w x="663">draw</w>
				<w x="709">no</w>
				<w x="834">sword;</w>
				<w x="903">use</w>
				<w x="1001">words,</w>
			</div>
			<w x="1074">and</w>
			<w x="1164">such</w>
			<w x="1205">as</w>
			<w x="1268">may</w>
		</line>
	</div>
	<div id="4" group="1" x="214" y="750" width="486" height="60" type="underline" attribution="HM" sealts="277_1_1.009" section="1">
		<line n="10" h="60" c="780">
			<w x="268">Be</w>
			<w x="361">bitter</w>
			<w x="403">to</w>
			<w x="464">his</w>
			<w x="566">pride,</w>
			<w x="629">but</w>
			<w x="698">just;</w>
		</line>
	</div>
</body>
