<body>
	<div id="2" group="1" x="214" y="517" width="1000" height="106" type="wavyscore" attribution="HM" sealts="277_1_1.195" section="9">
		<line n="5" h="53" c="543">
			<w x="306">That</w>
			<w x="379">may</w>
			<w x="507">advance</w>
			<w x="596">her.</w>
			<w x="656">In</w>
			<w x="700">fit</w>
			<w x="815">bounds</w>
			<w x="940">contain</w>
			<w x="996">thy</w>
			<w x="1120">mighty</w>
			<w x="1208">mind,</w>
		</line>
		<line n="6" h="53" c="596">
			<w x="296">Nor</w>
			<w x="342">let</w>
			<w x="396">the</w>
			<w x="571">knowledge</w>
			<w x="613">of</w>
			<w x="667">thy</w>
			<w x="811">strength</w>
			<w x="856">be</w>
			<w x="1012">factiously</w>
			<w x="1143">inclin'd,</w>
		</line>
	</div>
	<div id="3" group="2" x="800" y="671" width="286" height="50" type="underline" attribution="HM" sealts="277_1_1.195" section="9">
		<line n="8" h="50" c="696">
			<w x="960">Benignity</w>
			<w x="998">is</w>
			<w x="1080">best.'</w>
		</line>
	</div>
</body>
