<body>
	<div id="2" group="1" x="606" y="1352" width="1031" height="234" type="score" attribution="HM" sealts="277_1_1.206" section="9">
		<line c="1365" h="52" n="22">
			<w x="670">Out</w>
			<w x="712">of</w>
			<w x="771">thy</w>
			<w x="860">heart</w>
			<w x="888">I</w>
			<w x="981">know</w>
			<w x="1060">thou</w>
			<w x="1201">speak'st,</w>
			<w x="1270">and</w>
			<w x="1313">as</w>
			<w x="1392">thou</w>
			<w x="1503">hold'st</w>
			<w x="1559">me</w>
			<w x="1646">dear,</w>
		</line>
		<line c="1413" h="42" n="23">
			<w x="669">But</w>
			<w x="735">still</w>
			<w x="777">as</w>
			<w x="864">often</w>
			<w x="906">as</w>
			<w x="935">I</w>
			<w x="1028">think</w>
			<w x="1100">how</w>
			<w x="1208">rudely</w>
			<w x="1237">I</w>
			<w x="1303">was</w>
			<w x="1386">us'd,</w>
		</line>
		<line c="1463" h="49" n="24">
			<w x="687">And,</w>
			<w x="756">like</w>
			<w x="786">a</w>
			<w x="930">stranger,</w>
			<w x="985">for</w>
			<w x="1034">all</w>
			<w x="1121">rites,</w>
			<w x="1165">fit</w>
			<w x="1220">for</w>
			<w x="1282">our</w>
			<w x="1374">good,</w>
			<w x="1498">refus'd,</w>
		</line>
		<line c="1514" h="53" n="25">
			<w x="665">My</w>
			<w x="755">heart</w>
			<w x="833">doth</w>
			<w x="918">swell</w>
			<w x="1040">against</w>
			<w x="1098">the</w>
			<w x="1176">man</w>
			<w x="1249">that</w>
			<w x="1336">durst</w>
			<w x="1382">be</w>
			<w x="1426">so</w>
			<w x="1550">profane</w>
		</line>
		<line c="1562" h="44" n="26">
			<w x="655">To</w>
			<w x="765">violate</w>
			<w x="820">his</w>
			<w x="926">sacred</w>
			<w x="1033">place;</w>
			<w x="1103">not</w>
			<w x="1157">for</w>
			<w x="1216">my</w>
			<w x="1332">private</w>
			<w x="1423">bane,</w>
		</line>
	</div>
	<div id="3" group="2" x="606" y="1690" width="1098" height="143" type="doublescore" attribution="HM" sealts="277_1_1.206" section="9">
		<line c="1711" h="50" n="29">
			<w x="742">Without</w>
			<w x="800">my</w>
			<w x="945">wisdom's</w>
			<w x="1026">least</w>
			<w x="1170">impeach.</w>
			<w x="1259">He</w>
			<w x="1295">is</w>
			<w x="1326">a</w>
			<w x="1401">fool,</w>
			<w x="1469">and</w>
			<w x="1554">base,</w>
		</line>
		<line c="1760" h="54" n="30">
			<w x="689">That</w>
			<w x="777">pities</w>
			<w x="978">vice-plagued</w>
			<w x="1085">minds,</w>
			<w x="1174">when</w>
			<w x="1257">pain,</w>
			<w x="1316">not</w>
			<w x="1386">love</w>
			<w x="1427">of</w>
			<w x="1519">right,</w>
			<w x="1605">gives</w>
			<w x="1699">place.</w>
		</line>
		<line c="1808" h="48" n="31">
			<w x="683">And</w>
			<w x="828">therefore</w>
			<w x="888">tell</w>
			<w x="968">your</w>
			<w x="1057">king,</w>
			<w x="1119">my</w>
			<w x="1212">lords,</w>
			<w x="1274">my</w>
			<w x="1340">just</w>
			<w x="1438">wrath</w>
			<w x="1502">will</w>
			<w x="1563">not</w>
			<w x="1637">care</w>
		</line>
	</div>
</body>
