<body>
	<div id="2" group="1" x="510" y="654" width="1049" height="349" type="score" attribution="HM" sealts="277_2_2.054" section="15">
		<line c="681" h="46" n="8">
			<w x="617">This</w>
			<w x="723">heard,</w>
			<w x="779">his</w>
			<w x="893">charge</w>
			<w x="954">she</w>
			<w x="1071">seem'd</w>
			<w x="1103">t'</w>
			<w x="1218">intend,</w>
			<w x="1287">and</w>
			<w x="1327">to</w>
			<w x="1476">Olympus</w>
			<w x="1557">flew.</w>
		</line>
		<line c="732" h="43" n="9">
			<w x="577">But,</w>
			<w x="621">as</w>
			<w x="680">the</w>
			<w x="770">mind</w>
			<w x="814">of</w>
			<w x="891">such</w>
			<w x="921">a</w>
			<w x="998">man</w>
			<w x="1070">that</w>
			<w x="1151">hath</w>
			<w x="1181">a</w>
			<w x="1273">great</w>
			<w x="1345">way</w>
			<w x="1436">gone,</w>
		</line>
		<line c="781" h="44" n="10">
			<w x="576">And</w>
			<w x="675">either</w>
			<w x="816">knowing</w>
			<w x="876">not</w>
			<w x="931">his</w>
			<w x="1013">way,</w>
			<w x="1058">or</w>
			<w x="1137">then</w>
			<w x="1239">would</w>
			<w x="1288">let</w>
			<w x="1380">alone</w>
		</line>
		<line c="832" h="48" n="11">
			<w x="567">His</w>
			<w x="707">purpos'd</w>
			<w x="843">journey,</w>
			<w x="880">is</w>
			<w x="1014">distract,</w>
			<w x="1083">and</w>
			<w x="1125">in</w>
			<w x="1180">his</w>
			<w x="1280">vexed</w>
			<w x="1369">mind</w>
		</line>
		<line c="878" h="45" n="12">
			<w x="640">Resolves</w>
			<w x="713">now</w>
			<w x="775">not</w>
			<w x="815">to</w>
			<w x="875">go,</w>
			<w x="949">now</w>
			<w x="1038">goes,</w>
			<w x="1107">still</w>
			<w x="1204">many</w>
			<w x="1289">ways</w>
			<w x="1430">inclin'd;</w>
		</line>
		<line c="926" h="45" n="13">
			<w x="550">So</w>
			<w x="693">reverend</w>
			<w x="780">Juno</w>
			<w x="931">headlong</w>
			<w x="1012">flew,</w>
			<w x="1081">and</w>
			<w x="1195">'gainst</w>
			<w x="1257">her</w>
			<w x="1391">stomach</w>
			<w x="1507">striv'd,</w>
		</line>
		<line c="978" h="50" n="14">
			<w x="578">For,</w>
			<w x="676">being</w>
			<w x="816">amongst</w>
			<w x="867">th'</w>
			<w x="1017">immortal</w>
			<w x="1107">Gods</w>
			<w x="1149">in</w>
			<w x="1232">high</w>
			<w x="1348">heaven</w>
			<w x="1428">soon</w>
			<w x="1549">arriv'd,</w>
		</line>
	</div>
	<div id="3" group="2" x="504" y="1348" width="1027" height="357" type="score" attribution="HM" sealts="277_2_2.054" section="15">
		<line c="1375" h="46" n="22">
			<w x="570">His</w>
			<w x="628">old</w>
			<w x="758">severity</w>
			<w x="826">and</w>
			<w x="924">pride,</w>
			<w x="987">but</w>
			<w x="1054">you</w>
			<w x="1153">bear't</w>
			<w x="1213">out</w>
			<w x="1290">with</w>
			<w x="1377">show</w>
		</line>
		<line c="1423" h="46" n="23">
			<w x="581">And</w>
			<w x="648">like</w>
			<w x="708">the</w>
			<w x="862">banquet's</w>
			<w x="976">arbiter</w>
			<w x="1115">amongst</w>
			<w x="1166">th'</w>
			<w x="1345">Immortals'</w>
			<w x="1426">fare,</w>
		</line>
		<line c="1474" h="48" n="24">
			<w x="635">Though</w>
			<w x="707">well</w>
			<w x="775">you</w>
			<w x="854">hear</w>
			<w x="994">amongst</w>
			<w x="1081">them</w>
			<w x="1131">all</w>
			<w x="1204">how</w>
			<w x="1270">bad</w>
			<w x="1325">his</w>
			<w x="1441">actions</w>
			<w x="1510">are,</w>
		</line>
		<line c="1522" h="44" n="25">
			<w x="577">Nor</w>
			<w x="636">are</w>
			<w x="686">all</w>
			<w x="773">here,</w>
			<w x="837">nor</w>
			<w x="1002">anywhere,</w>
			<w x="1136">mortals,</w>
			<w x="1200">nor</w>
			<w x="1299">Gods,</w>
			<w x="1329">I</w>
			<w x="1409">fear,</w>
		</line>
		<line c="1572" h="49" n="26">
			<w x="641">Entirely</w>
			<w x="758">pleas'd</w>
			<w x="835">with</w>
			<w x="920">what</w>
			<w x="967">he</w>
			<w x="1055">does,</w>
			<w x="1173">though</w>
			<w x="1249">thus</w>
			<w x="1297">ye</w>
			<w x="1429">banquet</w>
			<w x="1535">here."</w>
		</line>
		<line c="1621" h="45" n="27">
			<w x="632">Thus</w>
			<w x="710">took</w>
			<w x="771">she</w>
			<w x="870">place,</w>
			<w x="1080">displeasedly;</w>
			<w x="1148">the</w>
			<w x="1232">feast</w>
			<w x="1273">in</w>
			<w x="1399">general</w>
		</line>
		<line c="1671" h="47" n="28">
			<w x="682">Bewraying</w>
			<w x="772">privy</w>
			<w x="892">spleens</w>
			<w x="935">at</w>
			<w x="1033">Jove;</w>
			<w x="1110">and</w>
			<w x="1198">then,</w>
			<w x="1240">to</w>
			<w x="1345">colour</w>
			<w x="1403">all,</w>
		</line>
	</div>
</body>
