<body>
	<div id="2" group="1" x="586" y="1467" width="740" height="112" type="score" attribution="HM" sealts="277_1_b56"
		mode="commentary" section="frontverse">
		<line n="25" h="56" c="1495">
			<w x="657">But</w>
			<w x="700">as</w>
			<w x="797">great</w>
			<w x="891">clerks</w>
			<w x="964">can</w>
			<w x="1047">write</w>
			<w x="1101">no</w>
			<w x="1223">English</w>
			<w x="1323">verse,</w>
		</line>
		<line n="26" h="56" c="1551">
			<div id="3" group="1" x="629" y="1524" width="141" height="48" type="underline"
				attribution="HM" sealts="277_1_b56" mode="commentary" section="frontverse">
				<w x="767">Because,</w>
			</div>
			<w x="857">alas,</w>
			<w x="945">great</w>
			<w x="1066">clerks!</w>
			<w x="1200">English</w>
			<w x="1319">affords,</w>
		</line>
	</div>
</body>
