<body>
	<div id="2" group="1" x="177" y="373" width="1068" height="552" type="wavyscore" attribution="HM" sealts="277_2_2.013" section="13">
		<line c="409" h="40" n="3">
			<w x="247">For</w>
			<w x="304">he,</w>
			<w x="346">in</w>
			<w x="434">sight</w>
			<w x="478">of</w>
			<w x="523">all</w>
			<w x="583">the</w>
			<w x="667">host,</w>
			<w x="857">Othryoneus</w>
			<w x="944">slew,</w>
		</line>
		<line c="458" h="38" n="4">
			<w x="265">That</w>
			<w x="345">from</w>
			<w x="490">Cabesus,</w>
			<w x="570">with</w>
			<w x="629">the</w>
			<w x="714">fame</w>
			<w x="759">of</w>
			<w x="845">those</w>
			<w x="936">wars,</w>
			<w x="1054">thither</w>
			<w x="1139">drew</w>
		</line>
		<line c="508" h="42" n="5">
			<w x="246">His</w>
			<w x="411">new-come</w>
			<w x="520">forces,</w>
			<w x="589">and</w>
			<w x="730">requir'd,</w>
			<w x="857">without</w>
			<w x="975">respect</w>
			<w x="1020">of</w>
			<w x="1121">dow'r,</w>
		</line>
		<line c="558" h="42" n="6">
			<w x="352">Cassandra,</w>
			<w x="453">fair'st</w>
			<w x="497">of</w>
			<w x="624">Priam's</w>
			<w x="716">race;</w>
			<w x="864">assuring</w>
			<w x="942">with</w>
			<w x="997">his</w>
			<w x="1103">pow'r,</w>
		</line>
		<line c="607" h="41" n="7">
			<w x="218">A</w>
			<w x="338">mighty</w>
			<w x="453">labour,</w>
			<w x="494">to</w>
			<w x="596">expel,</w>
			<w x="639">in</w>
			<w x="723">their</w>
			<w x="849">despite,</w>
			<w x="931">from</w>
			<w x="1020">Troy</w>
		</line>
		<line c="657" h="43" n="8">
			<w x="250">The</w>
			<w x="325">sons</w>
			<w x="369">of</w>
			<w x="494">Greece.</w>
			<w x="595">The</w>
			<w x="677">king</w>
			<w x="737">did</w>
			<w x="817">vow,</w>
			<w x="891">that</w>
			<w x="983">done,</w>
			<w x="1032">he</w>
			<w x="1143">should</w>
			<w x="1237">enjoy</w>
		</line>
		<line c="706" h="43" n="9">
			<w x="245">His</w>
			<w x="390">goodliest</w>
			<w x="545">daughter.</w>
			<w x="644">He,</w>
			<w x="687">in</w>
			<w x="770">trust</w>
			<w x="814">of</w>
			<w x="882">that</w>
			<w x="947">fair</w>
			<w x="1101">purchase,</w>
			<w x="1229">fought;</w>
		</line>
		<line c="755" h="41" n="10">
			<w x="256">And</w>
			<w x="296">at</w>
			<w x="367">him</w>
			<w x="465">threw</w>
			<w x="525">the</w>
			<w x="641">Cretan</w>
			<w x="723">king</w>
			<w x="753">a</w>
			<w x="852">lance,</w>
			<w x="925">that</w>
			<w x="1046">singled</w>
			<w x="1105">out</w>
		</line>
		<line c="804" h="41" n="11">
			<div id="3" group="1" x="186" y="772" width="311" height="50" type="underline" attribution="HM" sealts="277_2_2.013" section="13">
				<w x="263">This</w>
				<w x="352">great</w>
				<w x="490">assumer,</w>
			</div>
			<w x="595">whom</w>
			<w x="631">it</w>
			<w x="737">struck</w>
			<w x="805">just</w>
			<w x="846">in</w>
			<w x="902">his</w>
			<w x="1096">navel-stead.</w>
		</line>
		<line c="851" h="46" n="12">
			<w x="245">His</w>
			<w x="352">brazen</w>
			<w x="459">curets</w>
			<w x="585">helping</w>
			<w x="704">nought</w>
			<w x="838">resign'd</w>
			<w x="907">him</w>
			<w x="948">to</w>
			<w x="1009">the</w>
			<w x="1100">dead.</w>
		</line>
	</div>
</body>
