<body>
	<div id="2" group="1" x="201" y="508" width="1108" height="46" type="checkmark" attribution="HM" sealts="277_1_b71" mode="commentary" section="preface">
		<line n="5" h="46" c="531">
			<w x="337">hundred</w>
			<w x="395">and</w>
			<w x="506">twenty</w>
			<w x="618">books,</w>
			<w x="752">amongst</w>
			<w x="846">which</w>
			<w x="937">there</w>
			<w x="1001">was</w>
			<w x="1056">the</w>
			<w x="1118">gut</w>
			<w x="1156">of</w>
			<w x="1187">a</w>
			<w x="1299">dragon</w>
		</line>
	</div>
</body>
