<body>
    <div id="2" group="1" x="585" y="1483" width="1027" height="92" type="checkmark"
        attribution="HM" sealts="277_1_1.238" section="11">
        <line n="25" h="46" c="1506">
            <w x="649">He</w>
            <w x="726">that</w>
            <w x="825">affects</w>
            <w x="947">renown</w>
            <w x="998">in</w>
            <w x="1061">war</w>
            <w x="1146">must</w>
            <w x="1210">like</w>
            <w x="1243">a</w>
            <w x="1322">rock</w>
            <w x="1369">be</w>
            <w x="1458">fix'd,</w>
        </line>
        <line n="26" h="46" c="1552">
            <div id="3" group="1" x="588" y="1534" width="382" height="43" type="underline"
                attribution="HM" sealts="277_1_1.238" section="11">
                <w x="728">Wound,</w>
                <w x="767">or</w>
                <w x="812">be</w>
                <w x="965">wounded.</w>
            </div>
            <w x="1134">Valour's</w>
            <w x="1223">truth</w>
            <w x="1297">puts</w>
            <w x="1347">no</w>
            <w x="1466">respect</w>
            <w x="1606">betwixt."</w>
        </line>
    </div>
</body>
