<body>
	<div id="2" group="1" x="200" y="1078" width="1116" height="316" type="wavyscore" attribution="HM" sealts="277_1_1.013" section="1">
		<line c="1119" h="44" n="17">
			<w x="297">Since</w>
			<w x="376">they</w>
			<w x="462">mine</w>
			<w x="589">honour.</w>
			<w x="688">But</w>
			<w x="769">your</w>
			<w x="858">king,</w>
			<w x="901">in</w>
			<w x="1050">tempting</w>
			<w x="1195">mischief,</w>
			<w x="1295">raves,</w>
		</line>
		<line c="1167" h="41" n="18">
			<w x="275">Nor</w>
			<w x="347">sees</w>
			<w x="389">at</w>
			<w x="469">once</w>
			<w x="519">by</w>
			<w x="641">present</w>
			<w x="747">things</w>
			<w x="807">the</w>
			<w x="909">future;</w>
			<w x="1010">how</w>
			<w x="1076">like</w>
			<w x="1177">waves</w>
		</line>
		<line c="1217" h="40" n="19">
			<w x="263">Ills</w>
			<w x="365">follow</w>
			<w x="419">ills;</w>
			<w x="598">injustices</w>
			<w x="695">being</w>
			<w x="790">never</w>
			<w x="832">so</w>
			<w x="939">secure</w>
		</line>
		<line c="1267" h="40" n="20">
			<w x="250">In</w>
			<w x="373">present</w>
			<w x="474">times,</w>
			<w x="536">but</w>
			<w x="748">after-plagues</w>
			<w x="829">even</w>
			<w x="907">then</w>
			<w x="967">are</w>
			<w x="1045">seen</w>
			<w x="1088">as</w>
			<w x="1179">sure;</w>
		</line>
		<line c="1317" h="42" n="21">
			<w x="318">Which</w>
			<w x="378">yet</w>
			<w x="425">he</w>
			<w x="497">sees</w>
			<w x="567">not,</w>
			<w x="636">and</w>
			<w x="678">so</w>
			<w x="798">soothes</w>
			<w x="853">his</w>
			<w x="975">present</w>
			<w x="1050">lust,</w>
			<w x="1153">which</w>
			<w x="1288">check'd,</w>
		</line>
		<line c="1367" h="45" n="22">
			<w x="318">Would</w>
			<w x="413">check</w>
			<w x="538">plagues</w>
			<w x="654">future;</w>
			<w x="731">and</w>
			<w x="775">he</w>
			<w x="885">might,</w>
			<w x="929">in</w>
			<w x="1100">succouring</w>
			<w x="1194">right,</w>
			<w x="1309">protect</w>
		</line>
	</div>
	<div id="3" group="2" x="202" y="1777" width="1116" height="104" type="score" attribution="HM" sealts="277_1_1.013" section="1">
		<line n="1" h="52" c="1803">
			<w x="302">Made</w>
			<w x="339">to</w>
			<w x="394">his</w>
			<w x="537">mother:</w>
			<w x="716">"Mother!</w>
			<w x="814">Since</w>
			<w x="883">you</w>
			<w x="1011">brought</w>
			<w x="1068">me</w>
			<w x="1153">forth</w>
			<w x="1195">to</w>
			<w x="1310">breathe</w>
		</line>
		<line n="2" h="52" c="1855">
			<w x="261">So</w>
			<w x="349">short</w>
			<w x="371">a</w>
			<w x="446">life,</w>
			<w x="610">Olympius</w>
			<w x="675">had</w>
			<w x="753">good</w>
			<w x="843">right</w>
			<w x="879">to</w>
			<w x="1034">bequeath</w>
		</line>
	</div>
</body>
