<body>
	<div id="2" group="1" x="612" y="977" width="1071" height="97" type="checkmark" attribution="HM" sealts="277_2_2.208" section="22">
		<line n="15" h="48" c="1001">
			<w x="681">The</w>
			<w x="772">great</w>
			<w x="876">Greek</w>
			<w x="977">come,</w>
			<div id="3" group="1" x="982" y="984" width="407" height="40" type="underline" type2="annotated"
				attribution="HM" sealts="277_2_2.208" section="22">
				<w x="1101">spher'd</w>
				<w x="1203">round</w>
				<w x="1283">with</w>
				<w x="1388">beams,</w>
			</div>
			<w x="1463">and</w>
			<w x="1601">showing</w>
			<w x="1640">as</w>
			<w x="1671">if</w>
		</line>
		<line n="16" h="48" c="1054">
			<w x="783">the</w>
			<w x="860">star,</w>
		</line>
	</div>
	<div id="4" group="2" x="350" y="879" width="187" height="94" type="annotation" attribution="HM" sealts="277_2_2.208" section="22">
		<line n="16" h="94" c="926">
			<w x="536">Milton</w>
		</line>
	</div>
</body>
