<body>
	<div id="2" group="1" x="614" y="629" width="1000" height="64" type="checkmark" attribution="HM" sealts="277_1_1.116" section="5">
		<line n="8" h="64" c="661">
			<w x="678">Not</w>
			<w x="819">knowing</w>
			<w x="868">he</w>
			<w x="937">that</w>
			<w x="1038">fights</w>
			<w x="1113">with</w>
			<w x="1242">Heaven</w>
			<w x="1323">hath</w>
			<w x="1421">never</w>
			<w x="1502">long</w>
			<w x="1542">to</w>
			<w x="1609">live,</w>
		</line>
	</div>
	<div id="3" group="2" x="606" y="778" width="1119" height="219" type="score" attribution="HM" sealts="277_1_1.116" section="5">
		<line c="812" h="59" n="11">
			<w x="890">Strength-trusting</w>
			<w x="981">man,</w>
			<w x="1106">though</w>
			<w x="1190">thou</w>
			<w x="1240">be</w>
			<w x="1362">strong,</w>
			<w x="1434">and</w>
			<w x="1494">art</w>
			<w x="1540">in</w>
			<w x="1683">strength</w>
			<w x="1714">a</w>
		</line>
		<line c="871" h="28" n="12">
			<w x="832">tower,</w>
		</line>
		<line c="910" h="49" n="13">
			<w x="701">Take</w>
			<w x="784">heed</w>
			<w x="814">a</w>
			<w x="951">stronger</w>
			<w x="1036">meet</w>
			<w x="1111">thee</w>
			<w x="1181">not,</w>
			<w x="1251">and</w>
			<w x="1323">that</w>
			<w x="1353">a</w>
			<w x="1494">woman's</w>
			<w x="1596">power</w>
		</line>
		<line c="960" h="48" n="14">
			<w x="756">Contains</w>
			<w x="817">not</w>
			<w x="889">that</w>
			<w x="1023">superior</w>
			<w x="1170">strength,</w>
			<w x="1239">and</w>
			<w x="1303">lest</w>
			<w x="1375">that</w>
			<w x="1492">woman</w>
			<w x="1539">be</w>
		</line>
	</div>
</body>
