<body>
	<div id="53" group="1" x="575" y="1555" width="1069" height="154" type="score" type2="annotated" attribution="HM" sealts="277_1_1.192" section="9">
		<line c="1588" h="52" n="27">
			<w x="732">Delighted</w>
			<w x="808">with</w>
			<w x="862">his</w>
			<w x="976">solemn</w>
			<w x="1066">harp,</w>
			<w x="1167">which</w>
			<w x="1313">curiously</w>
			<w x="1380">was</w>
			<w x="1445">fret</w>
		</line>
		<line c="1631" h="47" n="28">
			<w x="663">With</w>
			<w x="757">works</w>
			<w x="907">conceited</w>
			<w x="1037">through</w>
			<w x="1095">the</w>
			<w x="1207">verge;</w>
			<w x="1273">the</w>
			<w x="1423">bawdrick</w>
			<w x="1493">that</w>
			<w x="1640">embrac'd</w>
		</line>
		<line c="1686" h="50" n="29">
			<w x="640">His</w>
			<w x="716">lofty</w>
			<w x="797">neck</w>
			<w x="862">was</w>
			<w x="953">silver</w>
			<w x="1052">twist;</w>
			<w x="1136">this,</w>
			<w x="1227">when</w>
			<w x="1281">his</w>
			<w x="1367">hand</w>
			<w x="1435">laid</w>
			<w x="1528">waste</w>
		</line>
	</div>
</body>
