<body>
	<div id="2" group="1" x="853" y="658" width="481" height="62" type="underline" attribution="HM" sealts="277_1_1.231" section="11">
		<line n="8" h="62" c="689">
			<w x="911">his</w>
			<w x="1034">brother</w>
			<w x="1170">crouch'd</w>
			<w x="1225">for</w>
			<w x="1327">dread,</w>
		</line>
	</div>
	<div id="3" group="2" x="220" y="906" width="1108" height="149" type="enclosure" attribution="HM" sealts="277_1_1.231" section="11">
		<line c="936" h="40" n="13">
			<w x="317">Horse</w>
			<w x="499">slaughter'd</w>
			<w x="600">horse,</w>
			<w x="695">Need</w>
			<w x="841">feather'd</w>
			<w x="942">flight,</w>
			<w x="1003">the</w>
			<w x="1134">batter'd</w>
			<w x="1240">centre</w>
			<w x="1312">flew</w>
		</line>
		<line c="981" h="47" n="14">
			<w x="260">In</w>
			<w x="366">clouds</w>
			<w x="411">of</w>
			<w x="483">dust</w>
			<w x="578">about</w>
			<w x="661">their</w>
			<w x="744">ears,</w>
			<w x="841">rais'd</w>
			<w x="923">from</w>
			<w x="983">the</w>
			<w x="1099">horses'</w>
			<w x="1222">hooves,</w>
		</line>
		<line c="1031" h="32" n="15">
			<w x="299">That</w>
			<w x="375">beat</w>
			<w x="405">a</w>
			<w x="535">thunder</w>
			<w x="595">out</w>
			<w x="639">of</w>
			<w x="727">earth</w>
			<w x="769">as</w>
			<w x="901">horrible</w>
			<w x="945">as</w>
			<w x="1062">Jove's.</w>
		</line>
	</div>
	<div id="4" group="3" x="218" y="1407" width="1078" height="48" type="checkmark" attribution="HM" sealts="277_1_1.231" section="11">
		<line n="23" h="48" c="1431">
			<w x="320">Thick</w>
			<w x="381">fell</w>
			<w x="446">the</w>
			<w x="576">Trojans,</w>
			<div id="5" group="3" x="583" y="1409" width="714" height="43" type="underline"
				attribution="HM" sealts="277_1_1.231" section="11">
				<w x="680">much</w>
				<w x="773">more</w>
				<w x="862">sweet</w>
				<w x="904">to</w>
				<w x="1034">vultures</w>
				<w x="1117">than</w>
				<w x="1201">their</w>
				<w x="1291">wives.</w>
			</div>
		</line>
	</div>
</body>
