<body>
	<div id="2" group="1" x="195" y="1535" width="1108" height="160" type="checkmark" attribution="HM" sealts="277_1_1.087" section="4">
		<line c="1569" h="49" n="26">
			<w x="273">And</w>
			<w x="355">keep</w>
			<w x="409">off</w>
			<w x="488">from</w>
			<w x="551">her</w>
			<w x="642">babe,</w>
			<w x="734">when</w>
			<w x="819">sleep</w>
			<w x="898">doth</w>
			<w x="1030">through</w>
			<w x="1084">his</w>
			<w x="1193">pow'rs</w>
			<w x="1299">diffuse</w>
		</line>
		<line c="1618" h="48" n="27">
			<w x="261">His</w>
			<w x="374">golden</w>
			<w x="512">humour,</w>
			<w x="581">and</w>
			<w x="633">th'</w>
			<w x="760">assaults</w>
			<w x="805">of</w>
			<w x="880">rude</w>
			<w x="948">and</w>
			<w x="1030">busy</w>
			<w x="1099">flies</w>
		</line>
		<line c="1668" h="52" n="28">
			<w x="262">She</w>
			<w x="329">still</w>
			<w x="440">checks</w>
			<w x="519">with</w>
			<w x="582">her</w>
			<w x="695">careful</w>
			<w x="798">hand;</w>
			<w x="862">for</w>
			<w x="904">so</w>
			<w x="963">the</w>
			<w x="1049">shaft</w>
			<w x="1109">she</w>
			<w x="1189">plies</w>
		</line>
	</div>
</body>
