<body>
	<div id="2" group="1" x="462" y="743" width="1122" height="397" type="diagonalscore3"
		attribution="HM" sealts="277_1_b16" mode="commentary" section="intro">
		<div id="3" group="1" x="471" y="746" width="903" height="50" type="underline"
			attribution="HM" sealts="277_1_b16" mode="commentary" section="intro">
			<line n="10" h="50" c="771">
				<w x="569">subtle</w>
				<w x="724">influence</w>
				<w x="763">of</w>
				<w x="864">poetry</w>
				<w x="947">upon</w>
				<w x="1009">the</w>
				<w x="1101">rising</w>
				<w x="1207">spirits</w>
				<w x="1245">of</w>
				<w x="1303">the</w>
				<w x="1373">age,</w>
			</line>
		</div>
		<line c="823" h="50" n="11">
			<w x="505">to</w>
			<w x="615">hazard</w>
			<w x="685">the</w>
			<w x="869">speculation</w>
			<w x="947">that,</w>
			<w x="995">if</w>
			<w x="1161">Chapman's</w>
			<w x="1254">noble</w>
			<w x="1426">paraphrase</w>
			<w x="1491">had</w>
			<w x="1570">been</w>
		</line>
		<line c="874" h="43" n="12">
			<w x="543">read</w>
			<w x="668">instead</w>
			<w x="718">of</w>
			<w x="833">Pope's</w>
			<w x="1012">enervating</w>
			<w x="1187">monotony,</w>
			<w x="1261">and</w>
			<w x="1310">as</w>
			<w x="1504">extensively,</w>
			<w x="1570">the</w>
		</line>
		<line c="926" h="45" n="13">
			<w x="587">present</w>
			<w x="676">class</w>
			<w x="729">of</w>
			<w x="860">general</w>
			<w x="992">readers</w>
			<w x="1102">would</w>
			<w x="1172">not</w>
			<w x="1256">only</w>
			<w x="1345">have</w>
			<w x="1436">been</w>
			<w x="1475">a</w>
			<w x="1570">more</w>
		</line>
		<line c="974" h="47" n="14">
			<w x="598">poetical</w>
			<w x="676">class--</w>
			<w x="743">as</w>
			<w x="800">the</w>
			<w x="1027">fountain-head</w>
			<w x="1109">from</w>
			<w x="1168">the</w>
			<w x="1246">rock</w>
			<w x="1283">is</w>
			<w x="1377">above</w>
			<w x="1437">the</w>
			<w x="1571">artificial</w>
		</line>
		<line c="1024" h="49" n="15">
			<w x="588">cascade</w>
			<w x="636">in</w>
			<w x="672">a</w>
			<w x="980">pleasure-ground--</w>
		</line>
		<div id="4" group="1" x="468" y="995" width="603" height="47" type="underline"
			attribution="HM" sealts="277_1_b16" mode="commentary" section="intro">
			<line c="1024" h="49" n="15">
				<blank x="992"/>
				<w x="1036">but</w>
				<w x="1073">a</w>
				<w x="1159">finer</w>
				<w x="1251">order</w>
				<w x="1297">of</w>
				<w x="1420">human</w>
				<w x="1529">beings</w>
				<w x="1571">in</w>
			</line>
			<line n="16" h="46" c="1071">
				<w x="591">respect</w>
				<w x="637">of</w>
				<w x="766">energy,</w>
				<w x="838">love</w>
				<w x="884">of</w>
				<w x="992">nature</w>
				<w x="1039">at</w>
				<w x="1213">first-hand,</w>
				<w x="1280">and</w>
				<w x="1371">faith</w>
				<w x="1411">in</w>
				<w x="1502">their</w>
				<w x="1568">own</w>
			</line>
			<line c="1118" h="56" n="17">
				<w x="609">impulses</w>
				<w x="675">and</w>
				<w x="867">aspirations."</w>
			</line>
		</div>
		<line c="1118" h="56" n="17">
			<blank x="900"/>
			<w x="976">The</w>
			<w x="1094">reader,</w>
			<w x="1232">perhaps,</w>
			<w x="1300">will</w>
			<w x="1416">pardon</w>
			<w x="1481">one</w>
			<w x="1570">more</w>
		</line>
	</div>
</body>
