<body>
	<div id="2" group="1" x="572" y="1021" width="806" height="53" type="checkmark" attribution="HM" sealts="277_1_1.232" section="11">
		<line n="16" h="53" c="1047">
			<div id="3" group="1" x="570" y="1021" width="321" height="51" type="underline"
				attribution="HM" sealts="277_1_1.232" section="11">
				<w x="791">Depopulating</w>
				<w x="882">troops</w>
			</div>
			<w x="937">of</w>
			<w x="1019">men,</w>
			<w x="1068">so</w>
			<w x="1145">long</w>
			<w x="1191">he</w>
			<w x="1282">must</w>
			<w x="1373">excite</w>
		</line>
	</div>
</body>
