<body>
	<div id="2" group="1" x="200" y="844" width="1085" height="404" type="score" attribution="HM" sealts="277_1_1.031" section="2">
		<line c="881" h="41" n="12">
			<w x="336">Swarms</w>
			<w x="403">rise</w>
			<w x="463">out</w>
			<w x="507">of</w>
			<w x="534">a</w>
			<w x="643">hollow</w>
			<w x="731">rock,</w>
			<w x="884">repairing</w>
			<w x="944">the</w>
			<w x="1072">degrees</w>
		</line>
		<line c="930" h="40" n="13">
			<w x="260">Of</w>
			<w x="342">their</w>
			<w x="493">egression</w>
			<w x="652">endlessly,</w>
			<w x="732">with</w>
			<w x="808">ever</w>
			<w x="908">rising</w>
			<w x="980">new</w>
		</line>
		<line c="981" h="42" n="14">
			<w x="302">From</w>
			<w x="388">forth</w>
			<w x="472">their</w>
			<w x="566">sweet</w>
			<w x="657">nest;</w>
			<w x="709">as</w>
			<w x="794">their</w>
			<w x="887">store,</w>
			<w x="957">still</w>
			<w x="999">as</w>
			<w x="1034">it</w>
			<w x="1137">faded,</w>
			<w x="1235">grew,</w>
		</line>
		<line c="1031" h="42" n="15">
			<w x="284">And</w>
			<w x="379">never</w>
			<w x="480">would</w>
			<w x="570">cease</w>
			<w x="701">sending</w>
			<w x="787">forth</w>
			<w x="850">her</w>
			<w x="974">clusters</w>
			<w x="1015">to</w>
			<w x="1075">the</w>
			<w x="1193">spring,</w>
		</line>
		<line c="1080" h="42" n="16">
			<w x="297">They</w>
			<w x="364">still</w>
			<w x="467">crowd</w>
			<w x="526">out</w>
			<w x="586">so;</w>
			<w x="663">this</w>
			<w x="746">flock</w>
			<w x="834">here,</w>
			<w x="908">that</w>
			<w x="1006">there,</w>
			<w x="1198">belabouring</w>
		</line>
		<line c="1128" h="41" n="17">
			<w x="276">The</w>
			<w x="387">loaded</w>
			<w x="519">flowers;</w>
			<w x="571">so</w>
			<w x="654">from</w>
			<w x="714">the</w>
			<w x="802">ships</w>
			<w x="870">and</w>
			<w x="955">tents</w>
			<w x="1015">the</w>
			<w x="1128">army's</w>
			<w x="1213">store</w>
		</line>
		<line c="1177" h="40" n="18">
			<w x="336">Troop'd</w>
			<w x="376">to</w>
			<w x="466">these</w>
			<w x="596">princes,</w>
			<w x="665">and</w>
			<w x="725">the</w>
			<w x="824">court,</w>
			<w x="921">along</w>
			<w x="974">th'</w>
			<w x="1162">unmeasur'd</w>
			<w x="1271">shore;</w>
		</line>
		<line c="1227" h="40" n="19">
			<w x="354">Amongst</w>
			<w x="464">whom,</w>
			<w x="572">Jove's</w>
			<w x="796">ambassadress,</w>
			<w x="905">Fame,</w>
			<w x="949">in</w>
			<w x="1012">her</w>
			<w x="1111">virtue</w>
			<w x="1225">shin'd,</w>
		</line>
	</div>
</body>
