<body>
	<div id="2" group="1" x="737" y="303" width="453" height="57" type="underline" attribution="HM" sealts="277_1_1.164" section="7">
		<line n="1" h="57" c="332">
			<w x="810">thee</w>
			<w x="882">skill</w>
			<w x="924">to</w>
			<w x="985">use</w>
			<w x="1049">thy</w>
			<w x="1184">strength,</w>
		</line>
	</div>
	<div id="3" group="2" x="1191" y="436" width="473" height="57" type="underline" attribution="HM" sealts="277_1_1.164" section="7">
		<line n="4" h="57" c="465">
			<w x="1314">Heaven</w>
			<w x="1408">yields</w>
			<w x="1447">to</w>
			<w x="1548">night,</w>
			<w x="1614">and</w>
			<w x="1659">we.</w>
		</line>
	</div>
</body>
