<body>
	<div id="2" group="1" x="200" y="509" width="1025" height="416" type="wavyscore" attribution="HM" sealts="277_1_1.243" section="11">
		<line c="543" h="57" n="5">
			<w x="293">As</w>
			<w x="385">when</w>
			<w x="416">a</w>
			<w x="484">dull</w>
			<w x="555">mill</w>
			<w x="612">ass</w>
			<w x="715">comes</w>
			<w x="800">near</w>
			<w x="825">a</w>
			<w x="939">goodly</w>
			<w x="1014">field</w>
			<w x="1059">of</w>
			<w x="1134">corn</w>
		</line>
		<line c="590" h="55" n="6">
			<w x="288">Kept</w>
			<w x="370">from</w>
			<w x="429">the</w>
			<w x="516">birds</w>
			<w x="567">by</w>
			<w x="724">children's</w>
			<w x="815">cries,</w>
			<w x="876">the</w>
			<w x="955">boys</w>
			<w x="1015">are</w>
			<w x="1175">overborne</w>
		</line>
		<line c="639" h="53" n="7">
			<w x="257">By</w>
			<w x="312">his</w>
			<w x="470">insensible</w>
			<w x="628">approach,</w>
			<w x="698">and</w>
			<w x="810">simply</w>
			<w x="858">he</w>
			<w x="925">will</w>
			<w x="991">eat,</w>
		</line>
		<line c="692" h="58" n="8">
			<w x="301">About</w>
			<w x="401">whom</w>
			<w x="497">many</w>
			<w x="602">wands</w>
			<w x="661">are</w>
			<w x="768">broke,</w>
			<w x="837">and</w>
			<w x="905">still</w>
			<w x="964">the</w>
			<w x="1100">children</w>
			<w x="1186">beat,</w>
		</line>
		<line c="742" h="58" n="9">
			<w x="275">And</w>
			<w x="342">still</w>
			<w x="401">the</w>
			<w x="625">self-providing</w>
			<w x="681">ass</w>
			<w x="761">doth</w>
			<w x="839">with</w>
			<w x="923">their</w>
			<w x="1074">weakness</w>
			<w x="1161">bear,</w>
		</line>
		<line c="791" h="57" n="10">
			<w x="266">Not</w>
			<w x="392">stirring</w>
			<w x="446">till</w>
			<w x="500">his</w>
			<w x="623">paunch</w>
			<w x="669">be</w>
			<w x="740">full,</w>
			<w x="810">and</w>
			<w x="944">scarcely</w>
			<w x="1022">then</w>
			<w x="1089">will</w>
			<w x="1192">steer;</w>
		</line>
		<line c="839" h="55" n="11">
			<w x="245">So</w>
			<w x="304">the</w>
			<w x="392">huge</w>
			<w x="454">son</w>
			<w x="500">of</w>
			<w x="641">Telamon</w>
			<w x="781">amongst</w>
			<w x="840">the</w>
			<w x="970">Trojans</w>
			<w x="1063">far'd,</w>
		</line>
		<line c="891" h="60" n="12">
			<w x="278">Bore</w>
			<w x="409">showers</w>
			<w x="454">of</w>
			<w x="537">darts</w>
			<w x="623">upon</w>
			<w x="679">his</w>
			<w x="789">shield,</w>
			<w x="851">yet</w>
			<w x="971">scorn'd</w>
			<w x="1012">to</w>
			<w x="1063">fly</w>
			<w x="1105">as</w>
			<w x="1215">scar'd,</w>
		</line>
	</div>
</body>
