<body>
	<div id="2" group="1" x="210" y="305" width="1036" height="404" type="score" attribution="HM" sealts="277_1_1.069" section="3">
		<line c="344" h="41" n="1">
			<w x="300">Then</w>
			<w x="422">(seeing</w>
			<w x="547">Ulysses</w>
			<w x="637">next)</w>
			<w x="685">he</w>
			<w x="770">said:</w>
			<w x="913">"Lov'd</w>
			<w x="1069">daughter,</w>
			<w x="1155">what</w>
			<w x="1191">is</w>
			<w x="1239">he</w>
		</line>
		<line c="393" h="41" n="2">
			<w x="303">That,</w>
			<w x="397">lower</w>
			<w x="475">than</w>
			<w x="566">great</w>
			<w x="687">Atreus'</w>
			<w x="759">son,</w>
			<w x="858">seems</w>
			<w x="908">by</w>
			<w x="966">the</w>
			<w x="1050">head</w>
			<w x="1090">to</w>
			<w x="1157">me,</w>
		</line>
		<line c="442" h="41" n="3">
			<w x="287">Yet,</w>
			<w x="329">in</w>
			<w x="384">his</w>
			<w x="535">shoulders</w>
			<w x="602">and</w>
			<w x="662">big</w>
			<w x="771">breast,</w>
			<w x="905">presents</w>
			<w x="936">a</w>
			<w x="1061">broader</w>
			<w x="1169">show?</w>
		</line>
		<line c="492" h="41" n="4">
			<w x="276">His</w>
			<w x="397">armour</w>
			<w x="458">lies</w>
			<w x="543">upon</w>
			<w x="603">the</w>
			<w x="709">earth;</w>
			<w x="765">he</w>
			<w x="815">up</w>
			<w x="883">and</w>
			<w x="973">down</w>
			<w x="1052">doth</w>
			<w x="1112">go,</w>
		</line>
		<line c="541" h="41" n="5">
			<w x="262">To</w>
			<w x="320">see</w>
			<w x="375">his</w>
			<w x="498">soldiers</w>
			<w x="580">keep</w>
			<w x="663">their</w>
			<w x="766">ranks,</w>
			<w x="835">and</w>
			<w x="931">ready</w>
			<w x="1012">have</w>
			<w x="1096">their</w>
			<w x="1191">arms,</w>
		</line>
		<line c="590" h="41" n="6">
			<w x="256">If,</w>
			<w x="298">in</w>
			<w x="365">this</w>
			<w x="462">truce,</w>
			<w x="541">they</w>
			<w x="649">should</w>
			<w x="695">be</w>
			<w x="779">tried</w>
			<w x="829">by</w>
			<w x="896">any</w>
			<w x="975">false</w>
			<w x="1097">alarms.</w>
		</line>
		<line c="639" h="39" n="7">
			<w x="306">Much</w>
			<w x="371">like</w>
			<w x="401">a</w>
			<w x="582">well-grown</w>
			<w x="774">bell-wether,</w>
			<w x="820">or</w>
			<w x="928">feltred</w>
			<w x="1008">ram,</w>
			<w x="1058">he</w>
			<w x="1167">shows,</w>
		</line>
		<line c="688" h="39" n="8">
			<w x="291">That</w>
			<w x="385">walks</w>
			<w x="488">before</w>
			<w x="518">a</w>
			<w x="646">wealthy</w>
			<w x="728">flock</w>
			<w x="772">of</w>
			<w x="832">fair</w>
			<w x="1042">white-fleeced</w>
			<w x="1152">ewes."</w>
		</line>
	</div>
	<div id="3" group="2" x="200" y="1145" width="931" height="156" type="enclosure" type2="xmark"
		type3="annotated" attribution="HM" sealts="277_1_1.069" section="3">
		<line c="1182" h="41" n="18">
			<w x="270">For</w>
			<w x="360">when</w>
			<w x="419">the</w>
			<w x="534">Trojan</w>
			<w x="652">council</w>
			<w x="729">met,</w>
			<w x="797">and</w>
			<w x="886">these</w>
			<w x="1024">together</w>
			<div id="4" group="2" x="1027" y="1159" width="99" height="46" type="underline"
				attribution="HM" sealts="277_1_1.069" section="3">
				<line n="1" h="46" c="1182">
					<w x="1120">stood</w>
				</line>
			</div>
		</line>
		<line c="1228" h="44" n="19">
			<w x="261">By</w>
			<w x="369">height</w>
			<w x="412">of</w>
			<w x="463">his</w>
			<w x="560">broad</w>
			<w x="711">shoulders</w>
			<w x="780">had</w>
			<w x="903">Atrides</w>
			<w x="1065">eminence,</w>
		</line>
		<line c="1280" h="41" n="20">
			<w x="281">Yet,</w>
			<div id="5" group="2" x="285" y="1255" width="66" height="41" type="underline"
				attribution="HM" sealts="277_1_1.069" section="3">
				<w x="347">set,</w>
			</div>
			<w x="472">Ulysses</w>
			<w x="532">did</w>
			<div id="6" group="2" x="536" y="1251" width="120" height="47" type="underline"
				attribution="HM" sealts="277_1_1.069" section="3">
				<w x="654">exceed,</w>
			</div>
			<w x="722">and</w>
			<w x="801">bred</w>
			<w x="888">more</w>
			<w x="1052">reverence.</w>
		</line>
	</div>
	<div id="7" group="3" x="719" y="1961" width="419" height="120" type="annotation" type2="xmark" attribution="HM" sealts="277_1_1.069" section="3">
		<line n="1" h="120" c="2021">
			<w x="912">Ulysses</w>
			<w x="1009">sat</w>
			<w x="1132">tall.</w>
		</line>
	</div>
</body>
