<body>
	<div id="2" group="1" x="617" y="357" width="734" height="251" type="score" attribution="HM" sealts="278_2_2.014" section="13">
		<div id="3" group="1" x="620" y="360" width="687" height="147" type="checkmark" attribution="HM" sealts="278_2_2.014" section="13">
			<line c="382" h="49" n="1">
				<w x="728">Turn'd</w>
				<w x="769">to</w>
				<w x="824">his</w>
				<w x="960">country.</w>
				<w x="1060">Yet</w>
				<w x="1102">so</w>
				<w x="1179">wise</w>
				<w x="1210">a</w>
				<w x="1298">hand</w>
			</line>
			<line c="435" h="41" n="2">
				<w x="671">He</w>
				<w x="798">carried,</w>
				<w x="881">even</w>
				<w x="925">of</w>
				<w x="988">this</w>
				<w x="1058">joy,</w>
				<w x="1151">flown</w>
				<w x="1191">so</w>
				<w x="1283">high,</w>
			</line>
			<line c="486" h="40" n="3">
				<w x="697">That</w>
				<w x="787">other</w>
				<w x="854">end</w>
				<w x="901">he</w>
				<w x="964">put</w>
				<w x="1004">to</w>
				<w x="1061">his</w>
				<w x="1152">reply</w>
			</line>
		</div>
		<line c="534" h="45" n="4">
			<w x="704">Than</w>
			<w x="835">straight</w>
			<w x="875">to</w>
			<w x="962">show</w>
			<w x="1035">that</w>
			<w x="1104">joy,</w>
			<w x="1173">and</w>
			<w x="1231">lay</w>
			<w x="1345">abroad</w>
		</line>
		<line c="582" h="45" n="5">
			<w x="679">His</w>
			<w x="739">life</w>
			<w x="780">to</w>
			<w x="942">strangers.</w>
			<w x="1132">Therefore</w>
			<w x="1180">he</w>
			<w x="1323">bestow'd</w>
		</line>
	</div>
	<div id="4" group="1" x="621" y="603" width="798" height="154" type="score3" attribution="HM" sealts="278_2_2.014" section="13">
		<line c="637" h="51" n="6">
			<w x="653">A</w>
			<w x="719">veil</w>
			<w x="768">on</w>
			<w x="874">truth;</w>
			<w x="939">for</w>
			<w x="1090">evermore</w>
			<w x="1151">did</w>
			<w x="1236">wind</w>
		</line>
		<line c="682" h="38" n="7">
			<w x="718">About</w>
			<w x="773">his</w>
			<w x="879">bosom</w>
			<w x="910">a</w>
			<w x="993">most</w>
			<w x="1094">crafty</w>
			<w x="1193">mind,</w>
		</line>
		<line c="729" h="38" n="8">
			<w x="729">Which</w>
			<w x="805">thus</w>
			<w x="860">his</w>
			<w x="961">words</w>
			<w x="1091">show'd:</w>
			<w x="1163">"I</w>
			<w x="1246">have</w>
			<w x="1301">far</w>
			<w x="1343">at</w>
			<w x="1412">sea,</w>
		</line>
	</div>
</body>
