<body>
	<div id="2" group="1" x="278" y="1061" width="882" height="739" type="score" attribution="HM" sealts="278_1_1.131" section="5">
		<line c="1086" h="39" n="16">
			<w x="437">Patient</w>
			<w x="562">Ulysses</w>
			<w x="659">joy'd,</w>
			<w x="733">that</w>
			<w x="809">ever</w>
			<w x="877">day</w>
		</line>
		<line c="1134" h="37" n="17">
			<w x="397">Show'd</w>
			<w x="476">such</w>
			<w x="506">a</w>
			<w x="628">shelter.</w>
			<w x="705">In</w>
			<w x="765">the</w>
			<w x="861">midst</w>
			<w x="908">he</w>
			<w x="976">lay,</w>
		</line>
		<line c="1184" h="39" n="18">
			<w x="367">Store</w>
			<w x="410">of</w>
			<w x="507">leaves</w>
			<w x="641">heaping</w>
			<w x="722">high</w>
			<w x="771">on</w>
			<w x="866">every</w>
			<w x="945">side.</w>
		</line>
		<line c="1229" h="30" n="19">
			<w x="354">And</w>
			<w x="396">as</w>
			<w x="438">in</w>
			<w x="525">some</w>
			<w x="666">out-field</w>
			<w x="695">a</w>
			<w x="772">man</w>
			<w x="851">doth</w>
			<w x="927">hide</w>
		</line>
		<line c="1283" h="38" n="20">
			<w x="317">A</w>
			<w x="441">kindled</w>
			<w x="549">brand,</w>
			<w x="590">to</w>
			<w x="673">keep</w>
			<w x="734">the</w>
			<w x="812">seed</w>
			<w x="856">of</w>
			<w x="924">fire,</w>
		</line>
		<line c="1332" h="39" n="21">
			<w x="335">No</w>
			<w x="500">neighbour</w>
			<w x="641">dwelling</w>
			<w x="729">near,</w>
			<w x="798">and</w>
			<w x="854">his</w>
			<w x="955">desire</w>
		</line>
		<line c="1379" h="36" n="22">
			<w x="385">Serv'd</w>
			<w x="463">with</w>
			<w x="530">self</w>
			<w x="621">store,</w>
			<w x="670">he</w>
			<w x="739">else</w>
			<w x="840">would</w>
			<w x="903">ask</w>
			<w x="947">of</w>
			<w x="1037">none,</w>
		</line>
		<line c="1430" h="40" n="23">
			<w x="346">But</w>
			<w x="390">of</w>
			<w x="442">his</w>
			<w x="609">fore-spent</w>
			<w x="717">sparks</w>
			<w x="811">rakes</w>
			<w x="863">th'</w>
			<w x="954">ashes</w>
			<w x="1019">on;</w>
		</line>
		<line c="1480" h="40" n="24">
			<w x="326">So</w>
			<w x="394">this</w>
			<w x="548">out-place</w>
			<w x="676">Ulysses</w>
			<w x="752">thus</w>
			<w x="893">receives,</w>
		</line>
		<line c="1524" h="31" n="25">
			<w x="356">And</w>
			<w x="431">thus</w>
			<w x="507">nak'd</w>
			<w x="651">virtue's</w>
			<w x="729">seed</w>
			<w x="790">lies</w>
			<w x="852">hid</w>
			<w x="893">in</w>
			<w x="1004">leaves.</w>
		</line>
		<line c="1578" h="37" n="26">
			<w x="347">Yet</w>
			<w x="450">Pallas</w>
			<w x="542">made</w>
			<w x="613">him</w>
			<w x="700">sleep</w>
			<w x="744">as</w>
			<w x="824">soon</w>
			<w x="867">as</w>
			<w x="944">men</w>
		</line>
		<line c="1625" h="37" n="27">
			<w x="392">Whom</w>
			<w x="546">delicacies</w>
			<w x="597">all</w>
			<w x="680">their</w>
			<w x="821">flatteries</w>
			<w x="930">deign,</w>
		</line>
		<line c="1675" h="38" n="28">
			<w x="356">And</w>
			<w x="405">all</w>
			<w x="476">that</w>
			<w x="526">all</w>
			<w x="580">his</w>
			<w x="700">labours</w>
			<w x="792">could</w>
			<w x="937">comprise</w>
		</line>
		<line c="1727" h="40" n="29">
			<w x="410">Quickly</w>
			<w x="570">concluded</w>
			<w x="611">in</w>
			<w x="666">his</w>
			<w x="771">closed</w>
			<w x="857">eyes.</w>
		</line>
		<line c="1782" h="35" n="30">
			<w x="396">A</w>
			<w x="587">metaphorical</w>
			<w x="745">hyperbole,</w>
			<w x="903">expressing</w>
			<w x="959">the</w>
			<w x="1079">winter's</w>
			<w x="1133">ex-</w>
		</line>
	</div>
</body>
