<body>
	<div id="2" group="1" x="278" y="1060" width="770" height="396" type="score" attribution="HM" sealts="278_1_1.269" section="11">
		<line c="1094" h="38" n="18">
			<w x="390">'Urge</w>
			<w x="451">not</w>
			<w x="512">my</w>
			<w x="608">death</w>
			<w x="649">to</w>
			<w x="716">me,</w>
			<w x="782">nor</w>
			<w x="845">rub</w>
			<w x="919">that</w>
			<w x="1040">wound,</w>
		</line>
		<line c="1142" h="35" n="19">
			<w x="304">I</w>
			<w x="410">rather</w>
			<w x="491">wish</w>
			<w x="531">to</w>
			<w x="596">live</w>
			<w x="639">in</w>
			<w x="731">earth</w>
			<w x="762">a</w>
			<w x="868">swain,</w>
		</line>
		<line c="1193" h="38" n="20">
			<w x="330">Or</w>
			<w x="419">serve</w>
			<w x="450">a</w>
			<w x="547">swain</w>
			<w x="602">for</w>
			<w x="684">hire,</w>
			<w x="758">that</w>
			<w x="862">scarce</w>
			<w x="928">can</w>
			<w x="1009">gain</w>
		</line>
		<line c="1243" h="38" n="21">
			<w x="381">Bread</w>
			<w x="423">to</w>
			<w x="541">sustain</w>
			<w x="622">him,</w>
			<w x="713">than,</w>
			<w x="788">that</w>
			<w x="847">life</w>
			<w x="928">once</w>
			<w x="1023">gone,</w>
		</line>
		<line c="1291" h="38" n="22">
			<w x="332">Of</w>
			<w x="379">all</w>
			<w x="438">the</w>
			<w x="522">dead</w>
			<w x="609">sway</w>
			<w x="668">the</w>
			<w x="805">imperial</w>
			<w x="925">throne.</w>
		</line>
		<line c="1341" h="38" n="23">
			<w x="348">But</w>
			<w x="420">say,</w>
			<w x="489">and</w>
			<w x="533">of</w>
			<w x="590">my</w>
			<w x="653">son</w>
			<w x="741">some</w>
			<w x="869">comfort</w>
			<w x="965">yield,</w>
		</line>
	</div>
</body>
