<body>
	<div id="2" group="1" x="635" y="549" width="768" height="151" type="score" attribution="HM" sealts="278_2_2.030" section="14">
		<line c="579" h="38" n="5">
			<w x="694">Or</w>
			<w x="742">on</w>
			<w x="801">the</w>
			<w x="894">shore</w>
			<w x="956">lies</w>
			<w x="1018">hid</w>
			<w x="1059">in</w>
			<w x="1157">heaps</w>
			<w x="1202">of</w>
			<w x="1291">sand,</w>
		</line>
		<line c="626" h="34" n="6">
			<div id="3" group="1" x="649" y="601" width="422" height="50" type="underline"
				attribution="HM" sealts="278_2_2.030" section="14">
				<w x="722">And</w>
				<w x="813">there</w>
				<w x="895">hath</w>
				<w x="937">he</w>
				<w x="999">his</w>
				<w x="1071">ebb,</w>
			</div>
			<w x="1125">his</w>
			<w x="1230">native</w>
			<w x="1340">strand</w>
		</line>
		<line c="677" h="40" n="7">
			<w x="732">With</w>
			<w x="855">friends'</w>
			<w x="941">tears</w>
			<w x="1073">flowing.</w>
			<w x="1173">But</w>
			<w x="1213">to</w>
			<w x="1271">me</w>
			<w x="1346">past</w>
			<w x="1396">all</w>
		</line>
	</div>
	<div id="4" group="2" x="1195" y="1190" width="227" height="57" type="underline" type2="checkmark"
		attribution="HM" sealts="278_2_2.030" section="14">
		<line n="18" h="57" c="1218">
			<w x="1273">He's</w>
			<w x="1336">not</w>
			<w x="1421">here,</w>
		</line>
		<line n="19" h="52" c="1268">
			<w x="720">Nor</w>
			<w x="767">do</w>
			<w x="795">I</w>
			<w x="888">name</w>
			<w x="960">him</w>
			<w x="1031">like</w>
			<w x="1056">a</w>
			<w x="1199">flatterer,</w>
		</line>
	</div>
</body>
