<body>
	<div id="2" group="1" x="264" y="1591" width="713" height="95" type="checkmark" attribution="HM" sealts="278_1_1.141" section="6">
		<line n="27" h="47" c="1615">
			<w x="301">T'</w>
			<w x="447">embrace</w>
			<w x="481">so</w>
			<w x="594">bright</w>
			<w x="645">an</w>
			<w x="756">object.</w>
			<w x="856">But,</w>
			<w x="910">for</w>
			<w x="974">me,</w>
		</line>
		<div id="3" group="1" x="269" y="1638" width="390" height="45" type="underline"
			attribution="HM" sealts="278_1_1.141" section="6">
			<line n="28" h="45" c="1660">
				<w x="301">A</w>
				<w x="392">cruel</w>
				<w x="481">habit</w>
				<w x="520">of</w>
				<w x="652">calamity</w>
			</line>
		</div>
	</div>
</body>
