<body>
	<div id="2" group="1" x="675" y="1032" width="742" height="99" type="checkmark" attribution="HM" sealts="278_2_2.086" section="16">
		<line n="15" h="49" c="1056">
			<w x="756">My</w>
			<w x="896">mother's</w>
			<w x="1030">nuptials</w>
			<w x="1068">to</w>
			<w x="1155">your</w>
			<w x="1231">long</w>
			<w x="1317">kind</w>
			<w x="1403">vows.</w>
		</line>
		<line n="16" h="49" c="1105">
			<w x="779">Steel</w>
			<w x="868">itself,</w>
			<w x="982">ready,</w>
			<w x="1095">draws</w>
			<w x="1123">a</w>
			<w x="1202">man</w>
			<w x="1245">to</w>
			<w x="1360">blows.'</w>
		</line>
	</div>
</body>
