<body>
	<div id="2" group="1" x="312" y="484" width="769" height="198" type="wavyscore" attribution="HM" sealts="278_2_2.093" section="16">
		<line c="509" h="37" n="4">
			<w x="436">Thus</w>
			<w x="559">cheer'd</w>
			<w x="615">his</w>
			<w x="725">words,</w>
			<w x="789">but</w>
			<w x="843">his</w>
			<w x="998">affections</w>
			<w x="1066">still</w>
		</line>
		<line c="557" h="32" n="5">
			<w x="419">Fear'd</w>
			<w x="479">not</w>
			<w x="520">to</w>
			<w x="641">cherish</w>
			<w x="710">foul</w>
			<w x="811">intent</w>
			<w x="852">to</w>
			<w x="914">kill.</w>
		</line>
		<line c="611" h="40" n="6">
			<w x="397">Even</w>
			<w x="467">him</w>
			<w x="569">whose</w>
			<w x="630">life</w>
			<w x="673">to</w>
			<w x="723">all</w>
			<w x="802">lives</w>
			<w x="850">he</w>
			<w x="1004">preferr'd.</w>
		</line>
		<line c="661" h="40" n="7">
			<w x="419">The</w>
			<w x="519">queen</w>
			<w x="605">went</w>
			<w x="665">up,</w>
			<w x="734">and</w>
			<w x="774">to</w>
			<w x="837">her</w>
			<w x="909">love</w>
			<w x="1032">appear'd</w>
		</line>
	</div>
</body>
