<body>
	<div id="2" group="1" x="313" y="379" width="806" height="102" type="enclosure" attribution="HM" sealts="278_2_2.063" section="15">
		<line n="2" h="51" c="405">
			<w x="443">Nought</w>
			<w x="479">is</w>
			<w x="566">more</w>
			<w x="713">wretched</w>
			<w x="751">in</w>
			<w x="787">a</w>
			<w x="904">human</w>
			<w x="991">race,</w>
		</line>
		<line n="3" h="51" c="456">
			<w x="412">Than</w>
			<w x="566">country's</w>
			<w x="655">want,</w>
			<w x="727">and</w>
			<w x="806">shift</w>
			<w x="890">from</w>
			<w x="982">place</w>
			<w x="1022">to</w>
			<w x="1116">place.</w>
		</line>
	</div>
</body>
