<body>
	<div id="2" group="1" x="321" y="1116" width="735" height="249" type="wavyscore" attribution="HM" sealts="278_2_2.043" section="14">
		<line c="1145" h="44" n="17">
			<w x="430">Which</w>
			<w x="479">he</w>
			<w x="638">observing</w>
			<w x="724">said:</w>
			<w x="798">"I</w>
			<w x="899">would</w>
			<w x="940">to</w>
			<w x="1034">Jove,</w>
		</line>
		<line c="1196" h="42" n="18">
			<w x="467">Eumaeus,</w>
			<w x="550">thou</w>
			<w x="653">liv'dst</w>
			<w x="695">in</w>
			<w x="751">his</w>
			<w x="869">worthy</w>
			<w x="941">love</w>
		</line>
		<line c="1247" h="47" n="19">
			<w x="370">As</w>
			<w x="463">great</w>
			<w x="505">as</w>
			<w x="602">mine,</w>
			<w x="677">that</w>
			<w x="772">giv'st</w>
			<w x="814">to</w>
			<w x="894">such</w>
			<w x="926">a</w>
			<w x="1019">guest</w>
		</line>
		<line c="1294" h="49" n="20">
			<w x="369">As</w>
			<w x="430">my</w>
			<w x="509">poor</w>
			<w x="576">self</w>
			<w x="617">of</w>
			<w x="664">all</w>
			<w x="727">thy</w>
			<w x="827">goods</w>
			<w x="887">the</w>
			<w x="988">best."</w>
		</line>
		<line c="1340" h="41" n="21">
			<w x="499">Eummus</w>
			<w x="660">answer'd:</w>
			<w x="781">"Eat,</w>
			<w x="926">unhappy</w>
			<w x="1048">wretch,</w>
		</line>
	</div>
	<div id="3" group="1" x="320" y="1367" width="813" height="247" type="score" attribution="HM" sealts="278_2_2.043" section="14">
		<line c="1391" h="41" n="22">
			<w x="396">And</w>
			<w x="437">to</w>
			<w x="523">what</w>
			<w x="601">here</w>
			<w x="637">is</w>
			<w x="680">at</w>
			<w x="743">thy</w>
			<w x="880">pleasure</w>
			<w x="984">reach.</w>
		</line>
		<line c="1440" h="44" n="23">
			<w x="399">This</w>
			<w x="429">I</w>
			<w x="521">have,</w>
			<w x="590">this</w>
			<w x="671">thou</w>
			<w x="810">want'st;</w>
			<w x="894">thus</w>
			<w x="972">God</w>
			<w x="1039">will</w>
			<w x="1123">give,</w>
		</line>
		<line c="1492" h="43" n="24">
			<w x="408">Thus</w>
			<w x="485">take</w>
			<w x="585">away,</w>
			<w x="629">in</w>
			<w x="685">us,</w>
			<w x="754">and</w>
			<w x="804">all</w>
			<w x="877">that</w>
			<w x="952">live.</w>
		</line>
		<line c="1542" h="44" n="25">
			<w x="373">To</w>
			<w x="429">his</w>
			<w x="504">will'</w>
			<w x="519">s</w>
			<w x="613">equal</w>
			<w x="719">centre</w>
			<w x="769">all</w>
			<w x="875">things</w>
			<w x="945">fall,</w>
		</line>
		<line c="1587" h="42" n="26">
			<w x="388">His</w>
			<w x="479">mind</w>
			<w x="526">he</w>
			<w x="612">must</w>
			<w x="704">have,</w>
			<w x="759">for</w>
			<w x="808">he</w>
			<w x="873">can</w>
			<w x="920">do</w>
			<w x="999">all."</w>
		</line>
	</div>
</body>
