<body>
	<div id="2" group="1" x="318" y="360" width="679" height="101" type="wavyscore" attribution="HM" sealts="278_1_1.295" section="12">
		<line n="1" h="50" c="385">
			<w x="401">You</w>
			<w x="491">know</w>
			<w x="530">is</w>
			<w x="663">hateful;</w>
			<w x="743">but,</w>
			<w x="794">all</w>
			<w x="898">know,</w>
			<w x="939">to</w>
			<w x="994">die</w>
		</line>
		<line n="2" h="50" c="435">
			<w x="394">The</w>
			<w x="490">death</w>
			<w x="539">of</w>
			<w x="659">Famine</w>
			<w x="693">is</w>
			<w x="725">a</w>
			<w x="841">misery</w>
		</line>
	</div>
	<div id="3" group="2" x="304" y="1395" width="870" height="149" type="enclosure" attribution="HM" sealts="278_1_1.295" section="12">
		<line c="1422" h="43" n="22">
			<w x="402">Made</w>
			<w x="443">to</w>
			<w x="529">their</w>
			<w x="656">resolute</w>
			<w x="798">driving;</w>
			<w x="863">for</w>
			<w x="923">the</w>
			<w x="998">feed</w>
		</line>
		<line c="1471" h="43" n="23">
			<w x="358">Of</w>
			<w x="440">those</w>
			<w x="617">coal-black,</w>
			<w x="688">fair,</w>
			<w x="910">broad-brow'd,</w>
			<w x="1062">sun-loved</w>
			<w x="1166">beeves</w>
		</line>
		<line c="1522" h="44" n="24">
			<w x="384">Had</w>
			<w x="475">place</w>
			<w x="562">close</w>
			<w x="612">by</w>
			<w x="675">our</w>
			<w x="772">ships.</w>
			<w x="895">They</w>
			<w x="972">took</w>
			<w x="1033">the</w>
			<w x="1112">lives</w>
		</line>
	</div>
</body>
