<body>
	<div id="2" group="1" x="670" y="1521" width="858" height="150" type="crosschecks2" attribution="HM" sealts="278_1_b20" mode="commentary" section="intro">
		<line c="1550" h="43" n="25">
			<w x="721">be,</w>
			<w x="777">for</w>
			<w x="811">it</w>
			<w x="847">is</w>
			<w x="1040">exceedingly</w>
			<w x="1207">pleasant."</w>
			<w x="1426">"Eastward</w>
			<w x="1520">Hoe"</w>
		</line>
		<line c="1602" h="46" n="26">
			<w x="827">suggested</w>
			<w x="867">to</w>
			<w x="1009">Hogarth</w>
			<w x="1066">the</w>
			<w x="1143">plan</w>
			<w x="1188">of</w>
			<w x="1238">his</w>
			<w x="1290">set</w>
			<w x="1330">of</w>
			<w x="1426">prints</w>
			<w x="1468">of</w>
			<w x="1524">the</w>
		</line>
		<line c="1648" h="41" n="27">
			<w x="775">"Idle</w>
			<w x="848">and</w>
			<w x="1035">Industrious</w>
			<w x="1260">Apprentices."</w>
			<w x="1333">It</w>
			<w x="1402">was</w>
			<w x="1526">revived</w>
		</line>
	</div>
</body>
