<body>
	<div id="2" group="1" x="721" y="442" width="765" height="338" type="score" attribution="HM" sealts="278_1_1.198" section="9">
		<line c="462" h="42" n="3">
			<w x="818">Cheer</w>
			<w x="867">up</w>
			<w x="927">the</w>
			<w x="1045">people,</w>
			<w x="1138">when</w>
			<w x="1181">in</w>
			<w x="1275">every</w>
			<w x="1350">roof</w>
		</line>
		<line c="511" h="41" n="4">
			<w x="785">She</w>
			<w x="875">gives</w>
			<w x="1026">observers</w>
			<w x="1057">a</w>
			<w x="1140">most</w>
			<w x="1255">human</w>
			<w x="1349">proof</w>
		</line>
		<line c="558" h="39" n="5">
			<w x="771">Of</w>
			<w x="867">men's</w>
			<w x="1012">contents.</w>
			<w x="1095">To</w>
			<w x="1155">see</w>
			<w x="1186">a</w>
			<w x="1374">neighbour's</w>
			<w x="1457">feast</w>
		</line>
		<line c="610" h="40" n="6">
			<w x="825">Adorn</w>
			<w x="861">it</w>
			<w x="1010">through;</w>
			<w x="1088">and</w>
			<w x="1205">thereat</w>
			<w x="1284">hear</w>
			<w x="1343">the</w>
			<w x="1448">breast</w>
		</line>
		<line c="658" h="38" n="7">
			<w x="771">Of</w>
			<w x="828">the</w>
			<w x="931">divine</w>
			<w x="1043">Muse;</w>
			<w x="1129">men</w>
			<w x="1172">in</w>
			<w x="1264">order</w>
			<w x="1335">set;</w>
		</line>
		<line c="707" h="42" n="8">
			<w x="758">A</w>
			<w x="928">wine-page</w>
			<w x="1054">waiting;</w>
			<w x="1179">tables</w>
			<w x="1310">crown'd</w>
			<w x="1389">with</w>
			<w x="1483">meat,</w>
		</line>
		<line c="756" h="40" n="9">
			<w x="779">Set</w>
			<w x="863">close</w>
			<w x="904">to</w>
			<w x="1011">guests</w>
			<w x="1090">that</w>
			<w x="1143">are</w>
			<w x="1185">to</w>
			<w x="1247">use</w>
			<w x="1282">it</w>
			<w x="1365">skill'd;</w>
		</line>
	</div>
	<div id="3" group="2" x="720" y="929" width="770" height="243" type="score" attribution="HM" sealts="278_1_1.198" section="9">
		<line c="954" h="40" n="13">
			<w x="805">That</w>
			<w x="909">stirr'd</w>
			<w x="969">my</w>
			<w x="1042">soul</w>
			<w x="1101">so;</w>
			<w x="1165">for</w>
			<w x="1194">I</w>
			<w x="1267">love</w>
			<w x="1348">such</w>
			<w x="1434">tears</w>
		</line>
		<line c="1002" h="38" n="14">
			<w x="771">As</w>
			<w x="832">fall</w>
			<w x="914">from</w>
			<w x="958">fit</w>
			<w x="1057">notes,</w>
			<w x="1171">beaten</w>
			<w x="1225">through</w>
			<w x="1390">mine</w>
			<w x="1463">ears</w>
		</line>
		<line c="1051" h="41" n="15">
			<w x="811">With</w>
			<w x="980">repetitions</w>
			<w x="1024">of</w>
			<w x="1106">what</w>
			<w x="1223">heaven</w>
			<w x="1304">hath</w>
			<w x="1397">done,</w>
		</line>
		<line c="1100" h="38" n="16">
			<w x="797">And</w>
			<w x="894">break</w>
			<w x="976">from</w>
			<w x="1087">hearty</w>
			<w x="1299">apprehension</w>
		</line>
		<line c="1149" h="42" n="17">
			<w x="773">Of</w>
			<w x="847">God</w>
			<w x="913">and</w>
			<w x="1071">goodness,</w>
			<w x="1192">though</w>
			<w x="1272">they</w>
			<w x="1359">show</w>
			<w x="1420">my</w>
			<w x="1472">ill.</w>
		</line>
	</div>
</body>
