<body>
	<div id="2" group="1" x="641" y="1335" width="812" height="99" type="checkmark" type2="annotated" attribution="HM" sealts="278_2_2.044" section="14">
		<line n=" 21" h="49" c="1359">
			<w x="739">Since</w>
			<w x="766">I</w>
			<w x="858">have</w>
			<w x="957">drunk</w>
			<w x="1042">wine</w>
			<w x="1113">past</w>
			<w x="1176">my</w>
			<w x="1272">usual</w>
			<w x="1387">guise.</w>
		</line>
		<line n="22" h="49" c="1408">
			<w x="766">Strong</w>
			<w x="848">wine</w>
			<w x="1012">commands</w>
			<w x="1072">the</w>
			<w x="1148">fool</w>
			<w x="1220">and</w>
			<w x="1315">moves</w>
			<w x="1372">the</w>
			<w x="1451">wise,</w>
		</line>
	</div>

	<div id="3" group="2" x="213" y="1913" width="1401" height="212" type="annotation" attribution="HM" sealts="278_2_2.044" section="14">
		<line n="33" h="70" c="1952">
			<w x="432">"Since</w>
			<w x="491">to</w>
			<w x="588">the</w>
			<w x="883">talkative</w>
			<w x="951">I</w>
			<w x="1101">now</w>
			<w x="1420">commence</w>
		</line>
		<line n="34" h="70" c="2027">
			<w x="402">Let</w>
			<w x="534">wit</w>
			<w x="695">cast</w>
			<w x="797">off</w>
			<w x="919">the</w>
			<div id="4" group="2" x="942" y="1977" width="716" height="89" type="underline"
				attribution="HM" sealts="278_2_2.044" section="14">
				<w x="1125">sullen</w>
				<w x="1296">yoke</w>
				<w x="1386">of</w>
				<w x="1655">sense"</w>
			</div>
		</line>
		<line n="35" h="70" c="2088">
			<blank x="1401"/>
			<w x="1552">Pope</w>
		</line>
	</div>
</body>
