<body>
	<div id="2" group="1" x="274" y="1021" width="632" height="145" type="wavyscore" attribution="HM" sealts="278_1_1.095" section="4">
		<line c="1046" h="38" n="15">
			<w x="322">In</w>
			<w x="422">which</w>
			<w x="516">again</w>
			<w x="546">a</w>
			<w x="692">generous</w>
			<w x="800">spring</w>
			<w x="902">began</w>
		</line>
		<line c="1095" h="38" n="16">
			<w x="328">Of</w>
			<w x="427">fitting</w>
			<w x="561">comfort,</w>
			<w x="605">as</w>
			<w x="635">I</w>
			<w x="702">was</w>
			<w x="733">a</w>
			<w x="827">man;</w>
		</line>
		<line c="1143" h="35" n="17">
			<w x="352">But,</w>
			<w x="395">as</w>
			<w x="426">a</w>
			<w x="556">brother,</w>
			<w x="586">I</w>
			<w x="670">must</w>
			<w x="745">ever</w>
			<w x="863">mourn.</w>
		</line>
	</div>
</body>
