<body>
	<div id="2" group="1" x="702" y="322" width="844" height="292" type="score" attribution="HM" sealts="278_1_1.234" section="10">
		<line c="345" h="35" n="1">
			<w x="780">And</w>
			<w x="885">soothe</w>
			<w x="969">their</w>
			<w x="1081">entries</w>
			<w x="1159">with</w>
			<w x="1242">their</w>
			<w x="1338">fawns</w>
			<w x="1407">and</w>
			<w x="1532">bounds,</w>
		</line>
		<line c="399" h="44" n="2">
			<w x="761">All</w>
			<w x="866">guests</w>
			<w x="934">still</w>
			<w x="1076">bringing</w>
			<w x="1163">some</w>
			<w x="1267">scraps</w>
			<w x="1322">for</w>
			<w x="1406">their</w>
			<w x="1541">hounds;</w>
		</line>
		<line c="446" h="41" n="3">
			<w x="760">So,</w>
			<w x="809">on</w>
			<w x="898">these</w>
			<w x="983">men,</w>
			<w x="1044">the</w>
			<w x="1153">wolves</w>
			<w x="1221">and</w>
			<w x="1303">lions</w>
			<w x="1432">ramp'd,</w>
		</line>
		<line c="496" h="45" n="4">
			<w x="798">Their</w>
			<w x="902">horrid</w>
			<w x="986">paws</w>
			<w x="1041">set</w>
			<w x="1098">up.</w>
			<w x="1223">Their</w>
			<w x="1326">spirits</w>
			<w x="1409">were</w>
			<w x="1532">damp'd</w>
		</line>
		<line c="548" h="45" n="5">
			<w x="755">To</w>
			<w x="813">see</w>
			<w x="893">such</w>
			<div id="3" group="1" x="896" y="523" width="318" height="45" type="underline"
				attribution="HM" sealts="278_1_1.234" section="10">
				<w x="1060">monstrous</w>
				<w x="1208">kindness,</w>
			</div>
			<w x="1311">stay'd</w>
			<w x="1352">at</w>
			<w x="1437">gate,</w>
		</line>
		<line c="589" h="38" n="6">
			<w x="779">And</w>
			<w x="875">heard</w>
			<w x="980">within</w>
			<w x="1045">it;</w>
			<w x="1176">Goddess</w>
			<w x="1291">elevate</w>
		</line>
	</div>
</body>
