<body>
	<div id="2" group="1" x="293" y="1443" width="744" height="145" type="score" attribution="HM" sealts="278_2_2.115" section="17">
		<line c="1474" h="43" n="23">
			<w x="367">Not</w>
			<w x="471">stirr'd</w>
			<w x="615">Ulysses;</w>
			<w x="696">who</w>
			<w x="738">in</w>
			<w x="793">his</w>
			<w x="885">great</w>
			<w x="976">heart</w>
		</line>
		<line c="1519" h="44" n="24">
			<w x="387">Deep</w>
			<w x="443">ills</w>
			<w x="603">projected,</w>
			<w x="714">which,</w>
			<w x="770">for</w>
			<w x="848">time</w>
			<w x="918">yet,</w>
			<w x="1006">close</w>
		</line>
		<line c="1570" h="39" n="25">
			<w x="358">He</w>
			<w x="462">bound</w>
			<w x="504">in.</w>
			<w x="625">silence,</w>
			<w x="725">shook</w>
			<w x="781">his</w>
			<w x="875">head,</w>
			<w x="944">and</w>
			<w x="1042">went;</w>
		</line>
	</div>
</body>
