<body>
	<div id="2" group="1" x="316" y="572" width="323" height="55" type="checkmark" attribution="HM"
		sealts="278_1_1.293" section="12">
		<line n="5" h="55" c="599">
			<w x="376">We</w>
			<w x="457">once</w>
			<w x="568">should</w>
			<w x="671">touch,</w>
			<w x="736">nor</w>
		</line>
		<div id="3" group="1" x="316" y="572" width="323" height="55" type="underline"
			attribution="HM" sealts="278_1_1.293" section="12">
			<line n="5" h="55" c="599">
				<blank x="747"/>
				<w x="814">(for</w>
				<w x="885">that</w>
				<w x="1021">constant</w>
				<w x="1068">ill</w>
			</line>
			<line n="6" h="68" c="642">
				<w x="404">That</w>
				<w x="516">follows</w>
				<w x="605">folly)</w>
			</line>
		</div>
		<line n="6" h="68" c="642">
			<w x="695">scorn</w>
			<w x="802">advice</w>
			<w x="871">and</w>
			<w x="942">kill,</w>
		</line>
	</div>
</body>
