<body>
	<div id="2" group="1" x="318" y="888" width="848" height="985" type="score" attribution="HM" sealts="278_2_2.187" section="20">
		<line c="917" h="39" n="12">
			<w x="373">Or</w>
			<w x="486">charge</w>
			<w x="549">her</w>
			<w x="667">hence;</w>
			<w x="731">for</w>
			<w x="806">God</w>
			<w x="873">will</w>
			<w x="933">not</w>
			<w x="1009">give</w>
			<w x="1083">way</w>
		</line>
		<line c="966" h="40" n="13">
			<w x="373">To</w>
			<w x="441">any</w>
			<w x="521">such</w>
			<w x="638">course,</w>
			<w x="676">if</w>
			<w x="702">I</w>
			<w x="812">should</w>
			<w x="933">assay."</w>
		</line>
		<line c="1015" h="37" n="14">
			<w x="411">At</w>
			<w x="487">this,</w>
			<w x="629">Minerva</w>
			<w x="721">made</w>
			<w x="776">for</w>
			<w x="885">foolish</w>
			<w x="945">joy</w>
		</line>
		<line c="1064" h="37" n="15">
			<w x="392">The</w>
			<w x="520">Wooers</w>
			<w x="606">mad,</w>
			<w x="675">and</w>
			<w x="786">roused</w>
			<w x="871">their</w>
			<w x="937">late</w>
			<w x="1041">annoy</w>
		</line>
		<line c="1114" h="38" n="16">
			<w x="374">To</w>
			<w x="454">such</w>
			<w x="483">a</w>
			<w x="622">laughter</w>
			<w x="665">as</w>
			<w x="767">would</w>
			<w x="862">never</w>
			<w x="962">down.</w>
		</line>
		<line c="1163" h="41" n="17">
			<w x="413">They</w>
			<w x="538">laugh'd</w>
			<w x="616">with</w>
			<w x="726">others'</w>
			<w x="849">cheeks,</w>
			<w x="908">ate</w>
			<w x="995">meat</w>
			<w x="1142">o'erflown</w>
		</line>
		<line c="1213" h="38" n="18">
			<w x="413">With</w>
			<w x="497">their</w>
			<w x="569">own</w>
			<w x="685">bloods,</w>
			<w x="768">their</w>
			<w x="845">eyes</w>
			<w x="938">stood</w>
			<w x="999">full</w>
			<w x="1043">of</w>
			<w x="1124">tears</w>
		</line>
		<line c="1262" h="39" n="19">
			<w x="389">For</w>
			<w x="502">violent</w>
			<w x="592">joys;</w>
			<w x="686">their</w>
			<w x="771">souls</w>
			<w x="831">yet</w>
			<w x="962">thought</w>
			<w x="1007">of</w>
			<w x="1097">fears,</w>
		</line>
		<line c="1312" h="38" n="20">
			<w x="439">Which</w>
			<w x="670">Theoclymenus</w>
			<w x="832">express'd,</w>
			<w x="902">and</w>
			<w x="989">said:</w>
		</line>
		<line c="1360" h="38" n="21">
			<w x="434">"O</w>
			<w x="598">wretches!</w>
			<w x="706">Why</w>
			<w x="824">Sustain</w>
			<w x="882">ye,</w>
			<w x="956">well</w>
			<w x="1060">apaid,</w>
		</line>
		<line c="1409" h="37" n="22">
			<w x="416">Your</w>
			<w x="573">imminent</w>
			<w x="637">ill?</w>
			<w x="693">A</w>
			<w x="796">night,</w>
			<w x="875">with</w>
			<w x="976">which</w>
			<w x="1082">Death</w>
			<w x="1164">sees,</w>
		</line>
		<line c="1458" h="37" n="23">
			<w x="415">Your</w>
			<w x="511">heads</w>
			<w x="580">and</w>
			<w x="665">faces</w>
			<w x="755">hides</w>
			<w x="885">beneath</w>
			<w x="967">your</w>
			<w x="1085">knees;</w>
		</line>
		<line c="1508" h="38" n="24">
			<w x="450">Shrieks</w>
			<w x="533">burn</w>
			<w x="628">about</w>
			<w x="711">you;</w>
			<w x="801">your</w>
			<w x="877">eyes</w>
			<w x="981">thrust</w>
			<w x="1041">out</w>
			<w x="1144">tears;</w>
		</line>
		<line c="1556" h="37" n="25">
			<w x="427">These</w>
			<w x="512">fixed</w>
			<w x="608">walls,</w>
			<w x="677">and</w>
			<w x="750">that</w>
			<w x="837">main</w>
			<w x="931">beam</w>
			<w x="1003">that</w>
			<w x="1094">bears</w>
		</line>
		<line c="1607" h="38" n="26">
			<w x="397">The</w>
			<w x="495">whole</w>
			<w x="592">house</w>
			<w x="651">up,</w>
			<w x="694">in</w>
			<w x="807">bloody</w>
			<w x="935">torrents</w>
			<w x="1013">fall;</w>
		</line>
		<line c="1657" h="40" n="27">
			<w x="398">The</w>
			<w x="490">entry</w>
			<w x="552">full</w>
			<w x="596">of</w>
			<w x="701">ghosts</w>
			<w x="825">stands;</w>
			<w x="896">full</w>
			<w x="956">the</w>
			<w x="1025">hall</w>
		</line>
		<line c="1707" h="41" n="28">
			<w x="381">Of</w>
			<w x="550">passengers</w>
			<w x="590">to</w>
			<w x="677">hell;</w>
			<w x="755">and</w>
			<w x="853">under</w>
			<w x="903">all</w>
		</line>
		<line c="1754" h="38" n="29">
			<w x="401">The</w>
			<w x="511">dismal</w>
			<w x="640">shades;</w>
			<w x="709">the</w>
			<w x="774">sun</w>
			<w x="863">sinks</w>
			<w x="946">from</w>
			<w x="1006">the</w>
			<w x="1115">poles;</w>
		</line>
		<line c="1803" h="41" n="30">
			<w x="409">And</w>
			<w x="545">troubled</w>
			<w x="599">air</w>
			<w x="693">pours</w>
			<w x="776">bane</w>
			<w x="872">about</w>
			<w x="953">your</w>
			<w x="1067">souls."</w>
		</line>
		<line c="1854" h="40" n="31">
			<w x="462">They</w>
			<w x="584">sweetly</w>
			<w x="709">laugh'd</w>
			<w x="751">at</w>
			<w x="829">this.</w>
			<w x="1059">Eurymachus</w>
		</line>
	</div>
</body>
