<body>
	<div id="2" group="1" x="314" y="570" width="710" height="54" type="underline" attribution="HM" sealts="278_1_1.253" section="11">
		<line n="6" h="54" c="597">
			<w x="446">Though</w>
			<w x="584">through</w>
			<w x="700">enough</w>
			<w x="852">affliction,</w>
			<w x="918">yet</w>
			<w x="1020">secure</w>
		</line>
	</div>
	<div id="3" group="2" x="322" y="1267" width="730" height="200" type="wavyscore" attribution="HM" sealts="278_1_1.253" section="11">
		<line c="1294" h="39" n="20">
			<w x="391">Thy</w>
			<w x="488">house</w>
			<w x="533">of</w>
			<w x="579">all</w>
			<w x="641">thy</w>
			<w x="775">spoilers.</w>
			<w x="873">Yet</w>
			<w x="969">again</w>
		</line>
		<line c="1343" h="37" n="21">
			<w x="409">Thou</w>
			<w x="494">shalt</w>
			<w x="524">a</w>
			<w x="641">voyage</w>
			<w x="746">make,</w>
			<w x="814">and</w>
			<w x="904">come</w>
			<w x="945">to</w>
			<w x="1023">men</w>
		</line>
		<line c="1393" h="38" n="22">
			<w x="403">That</w>
			<w x="496">know</w>
			<w x="544">no</w>
			<w x="614">sea,</w>
			<w x="678">nor</w>
			<w x="776">ships,</w>
			<w x="841">nor</w>
			<w x="914">oars</w>
			<w x="987">that</w>
			<w x="1048">are</w>
		</line>
		<line c="1442" h="39" n="23">
			<w x="431">Wings</w>
			<w x="473">to</w>
			<w x="504">a</w>
			<w x="588">ship,</w>
			<w x="653">nor</w>
			<w x="723">mix</w>
			<w x="801">with</w>
			<w x="870">any</w>
			<w x="941">fare</w>
		</line>
	</div>
</body>
