<body>
	<div id="2" group="1" x="280" y="1108" width="800" height="105" type="checkmark" attribution="HM" sealts="278_1_1.125" section="5">
		<line n="17" h="52" c="1134">
			<w x="387">When</w>
			<w x="445">she</w>
			<w x="483">is</w>
			<w x="567">split,</w>
			<w x="634">I'll</w>
			<w x="736">swim.</w>
			<w x="814">No</w>
			<w x="936">miracle</w>
			<w x="1027">can,</w>
		</line>
		<line n="18" h="52" c="1186">
			<w x="361">Past</w>
			<w x="443">near</w>
			<w x="510">and</w>
			<w x="590">clear</w>
			<w x="707">means,</w>
			<w x="800">move</w>
			<w x="827">a</w>
			<w x="970">knowing</w>
			<w x="1080">man."</w>
		</line>
	</div>
</body>
