<body>
	<div id="2" group="1" x="332" y="473" width="718" height="150" type="wavyscore" attribution="HM" sealts="278_2_2.025" section="14">
		<line n="4" h="50" c="498">
			<w x="427">With</w>
			<w x="512">open</w>
			<w x="627">mouth.</w>
			<w x="735">He,</w>
			<w x="871">cunning</w>
			<w x="914">to</w>
			<w x="1023">appall</w>
		</line>
		<line n="5" h="50" c="548">
			<w x="373">A</w>
			<w x="464">fierce</w>
			<w x="559">dog's</w>
			<w x="646">fury,</w>
			<w x="734">from</w>
			<w x="790">his</w>
			<w x="879">hand</w>
			<w x="926">let</w>
			<w x="991">fall</w>
		</line>
		<line n="6" h="50" c="598">
			<w x="409">His</w>
			<w x="483">staff</w>
			<w x="519">to</w>
			<w x="622">earth,</w>
			<w x="694">and</w>
			<w x="751">sat</w>
			<w x="821">him</w>
			<w x="948">careless</w>
			<w x="1047">down.</w>
		</line>
	</div>
</body>
