<body>
	<div id="2" group="1" x="298" y="1560" width="700" height="198" type="wavyscore" attribution="HM" sealts="278_2_2.049" section="15">
		<line c="1582" h="36" n="26">
			<w x="369">The</w>
			<w x="467">house</w>
			<w x="512">of</w>
			<w x="587">him,</w>
			<w x="724">whoever</w>
			<w x="786">she</w>
			<w x="914">endears</w>
		</line>
		<line c="1633" h="38" n="27">
			<w x="424">Herself</w>
			<w x="463">in</w>
			<w x="594">nuptials</w>
			<w x="645">to,</w>
			<w x="708">she</w>
			<w x="781">sees</w>
			<w x="943">increased,</w>
		</line>
		<line c="1677" h="29" n="28">
			<w x="369">The</w>
			<w x="455">issue</w>
			<w x="499">of</w>
			<w x="558">her</w>
			<w x="629">first</w>
			<w x="720">loved</w>
			<w x="791">lord</w>
			<w x="935">deceased</w>
		</line>
		<line c="1732" h="39" n="29">
			<w x="460">Forgotten</w>
			<w x="556">quite,</w>
			<w x="625">and</w>
			<w x="720">never</w>
			<w x="850">thought</w>
			<w x="898">on</w>
			<w x="995">more.</w>
		</line>
	</div>
</body>
