<body>
	<div id="2" group="1" x="298" y="466" width="846" height="254" type="wavyscore" attribution="HM" sealts="278_1_1.271" section="11">
		<line c="497" h="40" n="4">
			<w x="346">Of</w>
			<w x="428">such</w>
			<w x="515">huge</w>
			<w x="592">men</w>
			<w x="687">went,</w>
			<w x="761">that</w>
			<w x="841">they</w>
			<w x="957">show'd</w>
			<w x="1027">like</w>
			<w x="1139">whales</w>
		</line>
		<line c="546" h="40" n="5">
			<w x="454">Rampired</w>
			<w x="548">about</w>
			<w x="628">him.</w>
			<w x="867">Neoptolemus</w>
		</line>
		<line c="596" h="40" n="6">
			<w x="353">Set</w>
			<w x="423">him</w>
			<w x="466">so</w>
			<w x="600">sharply,</w>
			<w x="656">for</w>
			<w x="716">the</w>
			<w x="889">sumptuous</w>
		</line>
		<line c="643" h="37" n="7">
			<w x="425">Favours</w>
			<w x="469">of</w>
			<w x="630">mistresses</w>
			<w x="678">he</w>
			<w x="746">saw</w>
			<w x="817">him</w>
			<w x="901">wear;</w>
		</line>
		<line c="695" h="40" n="8">
			<w x="360">For</w>
			<w x="434">past</w>
			<w x="483">all</w>
			<w x="580">doubt</w>
			<w x="635">his</w>
			<w x="771">beauties</w>
			<w x="839">had</w>
			<w x="888">no</w>
			<w x="970">peer</w>
		</line>
	</div>
	<div id="3" group="2" x="298" y="1014" width="726" height="444" type="wavyscore" attribution="HM" sealts="278_1_1.271" section="11">
		<line c="1039" h="38" n="15">
			<w x="372">This</w>
			<w x="456">close</w>
			<w x="533">note</w>
			<w x="563">I</w>
			<w x="731">excerpted.</w>
			<w x="868">When</w>
			<w x="921">we</w>
			<w x="978">sat</w>
		</line>
		<line c="1087" h="39" n="16">
			<w x="365">Hid</w>
			<w x="407">in</w>
			<w x="521">Epeus'</w>
			<w x="624">horse,</w>
			<w x="674">no</w>
			<w x="818">optimate</w>
		</line>
		<line c="1139" h="40" n="17">
			<w x="346">Of</w>
			<w x="392">all</w>
			<w x="451">the</w>
			<w x="571">Greeks</w>
			<w x="661">there</w>
			<w x="730">had</w>
			<w x="790">the</w>
			<w x="906">charge</w>
			<w x="948">to</w>
			<w x="1014">ope</w>
		</line>
		<line c="1188" h="39" n="18">
			<w x="370">And</w>
			<w x="446">shut</w>
			<w x="505">the</w>
			<w x="669">stratagem</w>
			<w x="732">but</w>
			<w x="771">I.</w>
			<w x="865">My</w>
			<w x="959">scope</w>
		</line>
		<line c="1236" h="38" n="19">
			<w x="346">To</w>
			<w x="423">note</w>
			<w x="502">then</w>
			<w x="583">each</w>
			<w x="684">man's</w>
			<w x="777">spirit</w>
			<w x="819">in</w>
			<w x="849">a</w>
			<w x="940">strait</w>
		</line>
		<line c="1287" h="40" n="20">
			<w x="347">Of</w>
			<w x="385">so</w>
			<w x="481">much</w>
			<w x="609">danger,</w>
			<w x="704">much</w>
			<w x="764">the</w>
			<w x="865">better</w>
			<w x="969">might</w>
		</line>
		<line c="1336" h="38" n="21">
			<w x="347">Be</w>
			<w x="403">hit</w>
			<w x="452">by</w>
			<w x="520">me,</w>
			<w x="601">than</w>
			<w x="714">others,</w>
			<w x="769">as,</w>
			<w x="932">provoked,</w>
		</line>
		<line c="1385" h="38" n="22">
			<w x="321">I</w>
			<w x="434">shifted</w>
			<w x="523">place</w>
			<w x="601">still,</w>
			<w x="703">when,</w>
			<w x="746">in</w>
			<w x="834">some</w>
			<w x="864">I</w>
			<w x="991">smoked</w>
		</line>
		<line c="1434" h="39" n="23">
			<w x="379">Both</w>
			<w x="470">privy</w>
			<w x="652">tremblings,</w>
			<w x="721">and</w>
			<w x="805">close</w>
			<w x="882">vent</w>
			<w x="926">of</w>
			<w x="1017">tears,</w>
		</line>
	</div>
</body>
