<body>
	<div id="2" group="1" x="312" y="1484" width="638" height="96" type="enclosure" attribution="HM" sealts="278_1_1.251" section="11">
		<line n="24" h="48" c="1508">
			<w x="406">With</w>
			<w x="506">which</w>
			<w x="590">alive</w>
			<w x="620">I</w>
			<w x="720">shook</w>
			<w x="778">the</w>
			<w x="864">aged</w>
			<w x="944">seas,</w>
		</line>
		<line n="25" h="48" c="1556">
			<w x="390">And</w>
			<w x="454">had</w>
			<w x="498">of</w>
			<w x="616">friends</w>
			<w x="674">the</w>
			<w x="758">dear</w>
			<w x="916">societies.'</w>
		</line>
	</div>
</body>
