<body>
	<div id="2" group="1" x="714" y="706" width="868" height="1205" type="score" attribution="HM" sealts="278_1_1.202" section="9">
		<line c="744" h="42" n="9">
			<w x="827">Where</w>
			<w x="920">dwelt</w>
			<w x="980">the</w>
			<w x="1174">blossom-fed</w>
			<w x="1352">Lotophagi,</w>
		</line>
		<line c="793" h="42" n="10">
			<w x="739">I</w>
			<w x="834">fetch'd</w>
			<w x="952">fresh</w>
			<w x="1048">water</w>
			<w x="1125">took</w>
			<w x="1177">in,</w>
			<w x="1322">instantly</w>
		</line>
		<line c="842" h="40" n="11">
			<w x="783">Fell</w>
			<w x="824">to</w>
			<w x="887">our</w>
			<w x="962">food</w>
			<w x="1163">aship-hoard,</w>
			<w x="1233">and</w>
			<w x="1312">then</w>
			<w x="1386">sent</w>
		</line>
		<line c="890" h="39" n="12">
			<w x="789">Two</w>
			<w x="834">of</w>
			<w x="890">my</w>
			<w x="996">choice</w>
			<w x="1075">men</w>
			<w x="1116">to</w>
			<w x="1176">the</w>
			<w x="1331">continent</w>
		</line>
		<line c="940" h="39" n="13">
			<w x="851">(Adding</w>
			<w x="881">a</w>
			<w x="977">third,</w>
			<w x="1008">at</w>
			<w x="1129">herald)</w>
			<w x="1171">to</w>
			<w x="1306">discover</w>
		</line>
		<line c="988" h="39" n="14">
			<w x="809">What</w>
			<w x="877">sort</w>
			<w x="921">of</w>
			<w x="1026">people</w>
			<w x="1109">were</w>
			<w x="1169">the</w>
			<w x="1268">rulers</w>
			<w x="1345">over</w>
		</line>
		<line c="1038" h="43" n="15">
			<w x="781">The</w>
			<w x="859">land</w>
			<w x="938">next</w>
			<w x="978">to</w>
			<w x="1033">us.</w>
			<w x="1188">Where,</w>
			<w x="1248">the</w>
			<w x="1320">first</w>
			<w x="1399">they</w>
			<w x="1478">met,</w>
		</line>
		<line c="1086" h="39" n="16">
			<w x="805">Were</w>
			<w x="862">the</w>
			<w x="1041">Lotophagi,</w>
			<w x="1115">that</w>
			<w x="1209">made</w>
			<w x="1298">them</w>
			<w x="1357">eat</w>
		</line>
		<line c="1136" h="39" n="17">
			<w x="807">Their</w>
			<w x="934">country</w>
			<w x="1013">diet,</w>
			<w x="1082">and</w>
			<w x="1131">no</w>
			<w x="1174">ill</w>
			<w x="1276">intent</w>
		</line>
		<line c="1187" h="41" n="18">
			<w x="784">Hid</w>
			<w x="826">in</w>
			<w x="910">their</w>
			<w x="1014">hearts</w>
			<w x="1056">to</w>
			<w x="1163">them;</w>
			<w x="1241">and</w>
			<w x="1301">yet</w>
			<w x="1353">th'</w>
			<w x="1443">event</w>
		</line>
		<line c="1236" h="40" n="19">
			<w x="764">To</w>
			<w x="808">ill</w>
			<w x="966">converted</w>
			<w x="1010">it,</w>
			<w x="1077">for,</w>
			<w x="1198">having</w>
			<w x="1256">eat</w>
		</line>
		<line c="1285" h="41" n="20">
			<w x="808">Their</w>
			<w x="917">dainty</w>
			<w x="1035">viands,</w>
			<w x="1116">they</w>
			<w x="1177">did</w>
			<w x="1264">quite</w>
			<w x="1368">forget</w>
		</line>
		<line c="1335" h="40" n="21">
			<w x="778">(As</w>
			<w x="829">all</w>
			<w x="905">men</w>
			<w x="973">else</w>
			<w x="1048">that</w>
			<w x="1108">did</w>
			<w x="1170">but</w>
			<w x="1253">taste</w>
			<w x="1338">their</w>
			<w x="1433">feast)</w>
		</line>
		<line c="1384" h="40" n="22">
			<w x="798">Both</w>
			<w x="990">countrymen</w>
			<w x="1058">and</w>
			<w x="1194">country,</w>
			<w x="1259">nor</w>
			<w x="1412">address'd</w>
		</line>
		<line c="1432" h="37" n="23">
			<w x="790">Any</w>
			<w x="897">return</w>
			<w x="939">t'</w>
			<w x="1039">inform</w>
			<w x="1125">what</w>
			<w x="1193">sort</w>
			<w x="1238">of</w>
			<w x="1311">men</w>
		</line>
		<line c="1481" h="37" n="24">
			<w x="808">Made</w>
			<w x="887">fix'd</w>
			<w x="986">abode</w>
			<w x="1086">there,</w>
			<w x="1149">but</w>
			<w x="1251">would</w>
			<w x="1347">needs</w>
			<w x="1493">maintain</w>
		</line>
		<line c="1530" h="37" n="25">
			<w x="820">Abode</w>
			<w x="994">themselves</w>
			<w x="1093">there,</w>
			<w x="1163">and</w>
			<w x="1220">eat</w>
			<w x="1293">that</w>
			<w x="1368">food</w>
			<w x="1453">ever.</w>
		</line>
		<line c="1582" h="40" n="26">
			<w x="738">I</w>
			<w x="832">made</w>
			<w x="892">out</w>
			<w x="985">after,</w>
			<w x="1055">and</w>
			<w x="1122">was</w>
			<w x="1212">feign</w>
			<w x="1253">to</w>
			<w x="1343">sever</w>
		</line>
		<line c="1631" h="40" n="27">
			<w x="778">Th'</w>
			<w x="939">enchanted</w>
			<w x="1020">knot</w>
			<w x="1069">by</w>
			<w x="1189">forcing</w>
			<w x="1274">their</w>
			<w x="1397">retreat,</w>
		</line>
		<line c="1680" h="40" n="28">
			<w x="798">That</w>
			<w x="921">strived,</w>
			<w x="990">and</w>
			<w x="1083">wept,</w>
			<w x="1153">and</w>
			<w x="1254">would</w>
			<w x="1315">not</w>
			<w x="1402">leave</w>
			<w x="1487">their</w>
			<w x="1573">meat</w>
		</line>
		<line c="1729" h="41" n="29">
			<w x="781">For</w>
			<w x="899">heaven</w>
			<w x="993">itself.</w>
			<w x="1102">But,</w>
			<w x="1257">dragging</w>
			<w x="1345">them</w>
			<w x="1386">to</w>
			<w x="1473">fleet,</w>
		</line>
		<line c="1778" h="39" n="30">
			<w x="740">I</w>
			<w x="839">wrapt</w>
			<w x="880">in</w>
			<w x="956">sure</w>
			<w x="1056">bands</w>
			<w x="1135">both</w>
			<w x="1221">their</w>
			<w x="1320">hands</w>
			<w x="1388">and</w>
			<w x="1465">feet,</w>
		</line>
		<line c="1828" h="42" n="31">
			<w x="790">And</w>
			<w x="861">cast</w>
			<w x="950">them</w>
			<w x="1052">under</w>
			<w x="1186">hatches,</w>
			<w x="1256">and</w>
			<w x="1345">away</w>
		</line>
		<line c="1878" h="42" n="32">
			<w x="913">Commanded</w>
			<w x="962">all</w>
			<w x="1021">the</w>
			<w x="1090">rest</w>
			<w x="1214">without</w>
			<w x="1294">least</w>
			<w x="1377">stay,</w>
		</line>
	</div>
</body>
