<body>
	<div id="2" group="1" x="705" y="1244" width="807" height="400" type="score" attribution="HM" sealts="278_1_1.240" section="10">
		<line c="1270" h="41" n="20">
			<w x="801">'O</w>
			<w x="895">Circe!'</w>
			<w x="952">I</w>
			<w x="1078">replied,</w>
			<w x="1188">'what</w>
			<w x="1267">man</w>
			<w x="1303">is</w>
			<w x="1361">he,</w>
		</line>
		<line c="1320" h="40" n="21">
			<w x="799">Awed</w>
			<w x="876">with</w>
			<w x="936">the</w>
			<w x="1038">rights</w>
			<w x="1082">of</w>
			<w x="1151">true</w>
			<w x="1317">humanity,</w>
		</line>
		<line c="1367" h="36" n="22">
			<w x="786">That</w>
			<w x="877">dares</w>
			<w x="959">taste</w>
			<w x="1036">food</w>
			<w x="1079">or</w>
			<w x="1170">wine,</w>
			<w x="1275">before</w>
			<w x="1324">he</w>
			<w x="1396">sees</w>
		</line>
		<line c="1415" h="35" n="23">
			<w x="769">His</w>
			<w x="883">friends</w>
			<w x="1034">redeem'd</w>
			<w x="1116">from</w>
			<w x="1200">their</w>
			<w x="1400">deformities?</w>
		</line>
		<line c="1470" h="43" n="24">
			<w x="745">If</w>
			<w x="808">you</w>
			<w x="854">be</w>
			<w x="969">gentle,</w>
			<w x="1038">and</w>
			<w x="1149">indeed</w>
			<w x="1261">incline</w>
		</line>
		<line c="1516" h="39" n="25">
			<w x="756">To</w>
			<w x="807">let</w>
			<w x="864">me</w>
			<w x="947">taste</w>
			<w x="1007">the</w>
			<w x="1135">comfort</w>
			<w x="1179">of</w>
			<w x="1257">your</w>
			<w x="1347">wine,</w>
		</line>
		<line c="1563" h="35" n="26">
			<w x="839">Dissolve</w>
			<w x="895">the</w>
			<w x="1012">charms</w>
			<w x="1085">that</w>
			<w x="1169">their</w>
			<w x="1274">forced</w>
			<w x="1369">forms</w>
			<w x="1503">enchain,</w>
		</line>
		<line c="1614" h="41" n="27">
			<w x="781">And</w>
			<w x="867">show</w>
			<w x="924">me</w>
			<w x="1003">here</w>
			<w x="1064">my</w>
			<w x="1213">honour'd</w>
			<w x="1330">friends</w>
			<w x="1397">like</w>
			<w x="1492">men.'</w>
		</line>
	</div>
</body>
