<body>
    <div id="2" group="1" x="308" y="438" width="796" height="150" type="checkmark" attribution="HM" sealts="278_2_2.169" section="19">
        <line n="3" h="35" c="465">
            <w x="474">Ascended</w>
            <w x="535">her</w>
            <w x="599">fair</w>
            <w x="747">chamber,</w>
            <w x="816">and</w>
            <w x="878">her</w>
            <w x="953">bed,</w>
        </line>
        <line n="4" h="39" c="516">
            <w x="435">Whose</w>
            <w x="522">sight</w>
            <w x="582">did</w>
            <w x="658">ever</w>
            <w x="736">duly</w>
            <w x="831">make</w>
            <w x="894">her</w>
            <w x="975">shed</w>
        </line>
        <line n="5" h="38" c="565">
            <w x="415">Tears</w>
            <w x="469">for</w>
            <w x="531">her</w>
            <w x="619">lord;</w>
            <w x="730">which</w>
            <w x="799">still</w>
            <w x="861">her</w>
            <w x="938">eyes</w>
            <w x="998">did</w>
            <w x="1096">steep,</w>
        </line>
    </div>
</body>
