<body>
	<div id="2" group="1" x="286" y="1026" width="760" height="146" type="wavyscore" attribution="HM" sealts="278_1_1.273" section="11">
		<line c="1049" h="37" n="15">
			<w x="381">All</w>
			<w x="447">this</w>
			<w x="496">no</w>
			<w x="583">word</w>
			<w x="670">drew</w>
			<w x="752">from</w>
			<w x="833">him,</w>
			<w x="895">but</w>
			<w x="962">less</w>
			<w x="1042">near</w>
		</line>
		<line c="1100" h="38" n="16">
			<w x="353">The</w>
			<w x="441">stern</w>
			<w x="514">soul</w>
			<w x="611">kept;</w>
			<w x="660">to</w>
			<w x="753">other</w>
			<w x="838">souls</w>
			<w x="886">he</w>
			<w x="963">fled,</w>
		</line>
		<line c="1149" h="38" n="17">
			<w x="357">And</w>
			<w x="429">glid</w>
			<w x="525">along</w>
			<w x="585">the</w>
			<w x="669">river</w>
			<w x="713">of</w>
			<w x="768">the</w>
			<w x="860">dead.</w>
		</line>
	</div>
</body>
