<body>
	<div id="2" group="1" x="578" y="328" width="858" height="48" type="checkmark" attribution="HM" sealts="278_1_b08" mode="commentary" section="intro">
		<line n="1" h="48" c="352">
			<w x="690">besides</w>
			<w x="760">that</w>
			<w x="978">superintended</w>
			<w x="1023">by</w>
			<w x="1081">the</w>
			<w x="1190">author</w>
			<w x="1314">himself.</w>
			<w x="1434">Great</w>
		</line>
	</div>
	<div id="3" group="1" x="576" y="380" width="858" height="291" type="score" attribution="HM" sealts="278_1_b08" mode="commentary" section="intro">
		<line c="401" h="38" n="2">
			<w x="645">care</w>
			<w x="717">has,</w>
			<w x="875">therefore,</w>
			<w x="959">been</w>
			<w x="1056">taken</w>
			<w x="1098">in</w>
			<w x="1259">rendering</w>
			<w x="1319">the</w>
			<w x="1391">text</w>
			<w x="1430">as</w>
		</line>
		<line c="450" h="43" n="3">
			<w x="708">accurate</w>
			<w x="759">as</w>
			<w x="906">possible,</w>
			<w x="965">by</w>
			<w x="1100">reading</w>
			<w x="1141">it</w>
			<w x="1225">with</w>
			<w x="1293">the</w>
			<w x="1429">original</w>
		</line>
		<line c="500" h="41" n="4">
			<w x="686">Greek,</w>
			<w x="860">amending</w>
			<w x="933">the</w>
			<w x="1106">extremely</w>
			<w x="1215">faulty</w>
			<w x="1429">punctuation,</w>
		</line>
		<line c="550" h="45" n="5">
			<w x="753">judiciously,</w>
			<w x="794">it</w>
			<w x="833">is</w>
			<w x="948">hoped,</w>
			<w x="1154">modernizing</w>
			<w x="1219">the</w>
			<w x="1430">orthography,</w>
		</line>
		<line c="598" h="43" n="6">
			<w x="551">3</w>
			<w x="638">and</w>
			<w x="770">adding</w>
			<w x="816">a</w>
			<w x="888">few</w>
			<w x="987">notes</w>
			<w x="1174">illustrative</w>
			<w x="1234">of</w>
			<w x="1430">Chapman's</w>
		</line>
		<line c="651" h="37" n="7">
			<w x="729">language.</w>
			<w x="838">The</w>
			<w x="952">reader</w>
			<w x="1029">has,</w>
			<w x="1188">therefore,</w>
			<w x="1263">now</w>
			<w x="1313">an</w>
			<w x="1429">oppor-</w>
		</line>
	</div>
</body>
