<body>
	<div id="2" group="1" x="276" y="838" width="693" height="158" type="checkmark" attribution="HM" sealts="278_1_1.009" section="1">
		<line c="916" h="150" n="11">
			<w x="346">And</w>
			<w x="449">Pallas</w>
			<w x="585">follow'd.</w>
			<w x="666">To</w>
			<w x="698">a</w>
			<w x="785">room</w>
			<w x="863">they</w>
			<w x="961">came,</w>
		</line>
		<line c="913" h="49" n="12">
			<w x="371">Steep,</w>
			<w x="439">and</w>
			<w x="483">of</w>
			<w x="580">state;</w>
			<w x="647">the</w>
			<w x="759">javelin</w>
			<w x="804">of</w>
			<w x="859">the</w>
			<w x="962">Dame</w>
		</line>
		<line c="965" h="52" n="13">
			<w x="326">He</w>
			<w x="380">set</w>
			<w x="500">against</w>
			<w x="529">a</w>
			<w x="621">pillar</w>
			<w x="691">vast</w>
			<w x="758">and</w>
			<w x="848">high,</w>
		</line>
	</div>
</body>
