<body>
	<div id="2" group="1" x="264" y="1294" width="720" height="103" type="wavyscore"
		attribution="HM" sealts="278_1_1.013" section="1">
		<line n="21" h="51" c="1320">
			<w x="343">But</w>
			<w x="441">would</w>
			<w x="503">my</w>
			<w x="598">veins</w>
			<w x="658">had</w>
			<w x="736">took</w>
			<w x="774">in</w>
			<w x="874">living</w>
			<w x="940">fire</w>
		</line>
		<div id="3" group="1" x="265" y="1343" width="713" height="50" type="underline"
			attribution="HM" sealts="278_1_1.013" section="1">
			<line n="22" h="50" c="1368">
				<w x="372">From</w>
				<w x="452">some</w>
				<w x="532">man</w>
				<w x="645">happy,</w>
				<w x="750">rather</w>
				<w x="829">than</w>
				<w x="899">one</w>
				<w x="976">wise,</w>
			</line>
		</div>
	</div>
</body>
