<body>
	<div id="2" group="1" x="684" y="1100" width="722" height="245" type="score" attribution="HM" sealts="278_1_1.170" section="8">
		<line c="1121" h="46" n="17">
			<w x="727">A</w>
			<w x="926">supernatural</w>
			<w x="994">and</w>
			<w x="1139">heavenly</w>
			<w x="1236">dress,</w>
		</line>
		<line c="1174" h="40" n="18">
			<w x="838">Enlarged</w>
			<w x="907">him</w>
			<w x="986">with</w>
			<w x="1016">a</w>
			<w x="1132">height,</w>
			<w x="1201">and</w>
			<w x="1369">goodliness</w>
		</line>
		<line c="1224" h="38" n="19">
			<w x="734">In</w>
			<w x="837">breast</w>
			<w x="904">and</w>
			<w x="1064">shoulders,</w>
			<w x="1139">that</w>
			<w x="1186">he</w>
			<w x="1289">might</w>
			<w x="1403">appear</w>
		</line>
		<line c="1273" h="38" n="20">
			<w x="841">Gracious,</w>
			<w x="909">and</w>
			<w x="1014">grave,</w>
			<w x="1082">and</w>
			<w x="1234">reverend,</w>
			<w x="1303">and</w>
			<w x="1381">bear</w>
		</line>
		<line c="1321" h="41" n="21">
			<w x="728">A</w>
			<w x="843">perfect</w>
			<w x="928">hand</w>
			<w x="977">on</w>
			<w x="1031">his</w>
			<w x="1319">performance</w>
			<w x="1301">there</w>
		</line>
	</div>
</body>
