<body>
	<div id="2" group="1" x="470" y="1569" width="185" height="54" type="underline" attribution="HM"
		sealts="278_1_1.001" section="1">
		<line n="25" h="54" c="1596">
			<blank x="918"/>
			<w x="1012">many</w>
			<w x="1040">a</w>
			<w x="1098">way</w>
		</line>
		<line n="26" h="62" c="1642">
			<w x="594">Wound</w>
			<w x="665">with</w>
			<w x="712">his</w>
			<w x="823">wisdom</w>
			<w x="863">to</w>
			<w x="910">his</w>
			<w x="1019">wished</w>
			<w x="1098">stay;</w>
		</line>
	</div>
</body>
