<body>
	<div id="2" group="1" x="289" y="1350" width="659" height="98" type="checkmark" attribution="HM" sealts="278_1_1.087" section="4">
		<line n="22" h="49" c="1375">
			<w x="398">About</w>
			<w x="456">the</w>
			<w x="518">isle</w>
			<w x="570">on</w>
			<w x="689">fishing</w>
			<w x="758">with</w>
			<w x="852">hooks</w>
			<w x="941">bent;</w>
		</line>
		<line n="23" h="49" c="1424">
			<w x="425">Hunger</w>
			<w x="505">their</w>
			<w x="612">bellies</w>
			<w x="661">on</w>
			<w x="720">her</w>
			<w x="834">errand</w>
			<w x="921">sent)</w>
		</line>
	</div>
</body>
