<body>
	<div id="2" group="1" x="313" y="1402" width="796" height="96" type="checkmark" attribution="HM" sealts="278_2_2.107" section="17">
		<line n="22" h="48" c="1426">
			<w x="395">Lest</w>
			<w x="494">thrust</w>
			<w x="540">ye</w>
			<w x="590">be</w>
			<w x="660">and</w>
			<w x="788">buffeted</w>
			<w x="897">away.</w>
		</line>
		<line n="23" h="48" c="1474">
			<w x="420">Brain</w>
			<w x="501">hath</w>
			<w x="548">no</w>
			<w x="639">fence</w>
			<w x="691">for</w>
			<w x="809">blows;</w>
			<w x="891">look</w>
			<w x="940">to</w>
			<w x="970">'t</w>
			<w x="997">I</w>
			<w x="1104">pray."</w>
		</line>
	</div>
</body>
