<body>
	<div id="2" group="1" x="695" y="1342" width="709" height="95" type="score" attribution="HM" sealts="278_2_2.128" section="18">
		<line n="21" h="47" c="1365">
			<w x="814">Bless'd</w>
			<w x="886">men</w>
			<w x="977">think</w>
			<w x="1070">never</w>
			<w x="1150">they</w>
			<w x="1209">can</w>
			<w x="1320">cursed</w>
			<w x="1377">be,</w>
		</line>
		<line n="22" h="47" c="1412">
			<w x="803">While</w>
			<w x="871">any</w>
			<w x="967">power</w>
			<w x="1054">lasts</w>
			<w x="1090">to</w>
			<w x="1181">move</w>
			<w x="1202">a</w>
			<w x="1310">knee.</w>
		</line>
	</div>
</body>
