<body>
	<div id="2" group="1" x="630" y="531" width="830" height="191" type="score" attribution="HM" sealts="278_2_2.026" section="14">
		<line c="558" h="42" n="5">
			<w x="702">And</w>
			<w x="751">all</w>
			<w x="804">th'</w>
			<w x="950">immortal</w>
			<w x="1050">Gods,</w>
			<w x="1130">with</w>
			<w x="1203">that</w>
			<w x="1322">delight</w>
		</line>
		<line c="607" h="42" n="6">
			<w x="716">Thou</w>
			<w x="800">most</w>
			<w x="935">desirest,</w>
			<w x="1000">thy</w>
			<w x="1081">kind</w>
			<w x="1197">receipt</w>
			<w x="1241">of</w>
			<w x="1305">me,</w>
		</line>
		<line c="656" h="41" n="7">
			<w x="662">O</w>
			<w x="766">friend</w>
			<w x="807">to</w>
			<w x="923">human</w>
			<w x="1135">hospitality!"</w>
		</line>
		<line c="702" h="32" n="8">
			<w x="806">Eumaeus</w>
			<w x="968">answer'd:</w>
			<w x="1130">"Guest!</w>
			<w x="1194">If</w>
			<w x="1255">one</w>
			<w x="1351">much</w>
			<w x="1448">worse</w>
		</line>
	</div>
	<div id="3" group="2" x="630" y="1023" width="738" height="249" type="score" attribution="HM" sealts="278_2_2.026" section="14">
		<line c="1051" h="40" n="15">
			<w x="694">Yet</w>
			<w x="764">free</w>
			<w x="831">and</w>
			<w x="946">loving.</w>
			<w x="1030">Of</w>
			<w x="1107">such</w>
			<w x="1184">men</w>
			<w x="1227">as</w>
			<w x="1293">live</w>
		</line>
		<line c="1099" h="37" n="16">
			<w x="694">The</w>
			<w x="773">lives</w>
			<w x="819">of</w>
			<w x="958">servants,</w>
			<w x="1027">and</w>
			<w x="1087">are</w>
			<w x="1155">still</w>
			<w x="1197">in</w>
			<w x="1270">fear</w>
		</line>
		<line c="1150" h="39" n="17">
			<w x="738">Where</w>
			<w x="845">young</w>
			<w x="929">lords</w>
			<w x="1055">govern,</w>
			<w x="1124">this</w>
			<w x="1161">is</w>
			<w x="1212">all</w>
			<w x="1272">the</w>
			<w x="1367">cheer</w>
		</line>
		<line c="1200" h="40" n="18">
			<w x="715">They</w>
			<w x="779">can</w>
			<w x="879">afford</w>
			<w x="909">a</w>
			<w x="1056">stranger.</w>
			<w x="1188">There</w>
			<w x="1256">was</w>
			<w x="1321">one</w>
		</line>
		<line c="1248" h="39" n="19">
			<w x="708">That</w>
			<w x="788">used</w>
			<w x="828">to</w>
			<w x="959">manage</w>
			<w x="1023">this</w>
			<w x="1097">now</w>
			<w x="1200">desert</w>
			<w x="1321">throne,</w>
		</line>
	</div>
</body>
