<body>
	<div id="2" group="1" x="254" y="1598" width="750" height="101" type="checkmark"
		attribution="HM" sealts="278_1_1.057" section="3">
		<line n="27" h="50" c="1623">
			<w x="307">So</w>
			<w x="387">blest</w>
			<w x="436">an</w>
			<w x="560">honour.</w>
			<w x="665">Not</w>
			<w x="714">by</w>
			<w x="778">any</w>
			<w x="909">means,</w>
		</line>
		<line n="28" h="50" c="1673">
			<w x="301">If</w>
			<w x="390">Hope</w>
			<w x="501">should</w>
			<w x="620">prompt</w>
			<w x="689">me,</w>
			<w x="732">or</w>
		</line>
	</div>
	<div id="3" group="1" x="254" y="1652" width="266" height="45" type="underline" attribution="HM"
		sealts="278_1_1.057" section="3">
		<div id="4" group="1" x="254" y="1652" width="266" height="45" type="checkmark"
			attribution="HM" sealts="278_1_1.057" section="3">
			<line n="28" h="50" c="1673">
				<blank x="735"/>
				<w x="821">blind</w>
				<w x="1000">Confidence,</w>
			</line>
		</div>
		<line n="29" h="50" c="1726">
			<w x="345">(The</w>
			<w x="420">God</w>
			<w x="461">of</w>
			<w x="561">Fools)</w>
		</line>
	</div>
</body>
