<body>
	<div id="2" group="1" x="687" y="829" width="799" height="95" type="checkmark" attribution="HM" sealts="278_1_1.054" section="3">
		<line n="11" h="47" c="853">
			<w x="758">She</w>
			<w x="858">would</w>
			<w x="920">not</w>
			<w x="960">so</w>
			<w x="1012">be</w>
			<w x="1100">won;</w>
			<w x="1167">for</w>
			<w x="1220">not</w>
			<w x="1305">with</w>
			<w x="1378">ease</w>
		</line>
		<line n="12" h="47" c="900">
			<w x="754">Th'</w>
			<w x="878">Eternal</w>
			<w x="974">Gods</w>
			<w x="1030">are</w>
			<w x="1134">turn'd</w>
			<w x="1218">from</w>
			<w x="1303">what</w>
			<w x="1380">they</w>
			<w x="1483">please.</w>
		</line>
	</div>
	<div id="3" group="2" x="684" y="1071" width="682" height="93" type="score" attribution="HM" sealts="278_1_1.054" section="3">
		<line n="16" h="46" c="1094">
			<w x="758">We</w>
			<w x="861">turn'd</w>
			<w x="907">to</w>
			<w x="1050">studying</w>
			<w x="1147">either</w>
			<w x="1260">other's</w>
			<w x="1352">woe;</w>
		</line>
		<line n="17" h="46" c="1140">
			<w x="798">When</w>
			<w x="881">Jove</w>
			<w x="1000">besides</w>
			<w x="1087">made</w>
			<w x="1185">ready</w>
			<w x="1272">woes</w>
			<w x="1363">enow.</w>
		</line>
	</div>
</body>
