<body>
	<div id="2" group="1" x="288" y="1709" width="711" height="146" type="score" attribution="HM" sealts="278_1_1.053" section="3">
		<line c="1737" h="38" n="29">
			<w x="361">And</w>
			<w x="508">therefore</w>
			<w x="605">many</w>
			<w x="667">felt</w>
			<w x="709">so</w>
			<w x="804">sharp</w>
			<w x="834">a</w>
			<w x="911">fate,</w>
		</line>
		<line c="1786" h="38" n="30">
			<w x="364">Sent</w>
			<w x="446">from</w>
			<w x="608">Minerva's</w>
			<w x="693">most</w>
			<w x="858">pernicious</w>
			<w x="934">hate;</w>
		</line>
		<line c="1833" h="43" n="31">
			<w x="400">Whose</w>
			<w x="521">mighty</w>
			<w x="637">Father</w>
			<w x="702">can</w>
			<w x="750">do</w>
			<w x="860">fearful</w>
			<w x="974">things".</w>
		</line>
	</div>
</body>
