<body>
	<div id="2" group="1" x="710" y="370" width="643" height="94" type="score" attribution="HM" sealts="278_1_1.102" section="4">
		<line n="2" h="47" c="394">
			<w x="796">And</w>
			<w x="854">put</w>
			<w x="898">in</w>
			<w x="983">ships</w>
			<w x="1040">the</w>
			<w x="1123">trust</w>
			<w x="1163">of</w>
			<w x="1225">his</w>
			<w x="1350">distress,</w>
		</line>
		<line n="3" h="47" c="441">
			<w x="801">That</w>
			<w x="863">are</w>
			<w x="903">at</w>
			<w x="958">sea</w>
			<w x="1000">to</w>
			<w x="1080">men</w>
			<w x="1230">unbridled</w>
			<w x="1336">horse,</w>
		</line>
	</div>
	<div id="3" group="2" x="711" y="1062" width="851" height="195" type="score" attribution="HM" sealts="278_1_1.102" section="4">
		<line c="1084" h="30" n="16">
			<w x="783">Nor</w>
			<w x="825">in</w>
			<w x="888">her</w>
			<w x="993">choice</w>
			<w x="1037">of</w>
			<w x="1116">state</w>
			<w x="1218">chairs</w>
			<w x="1309">stood</w>
			<w x="1439">inclined</w>
		</line>
		<line c="1137" h="42" n="17">
			<w x="763">To</w>
			<w x="840">take</w>
			<w x="902">her</w>
			<w x="983">seat,</w>
			<w x="1045">but</w>
			<w x="1097">th'</w>
			<w x="1201">abject</w>
			<w x="1352">threshold</w>
			<w x="1445">chose</w>
		</line>
		<line c="1185" h="39" n="18">
			<w x="764">Of</w>
			<w x="824">her</w>
			<w x="888">fair</w>
			<w x="1029">chamber</w>
			<w x="1083">for</w>
			<w x="1146">her</w>
			<w x="1261">loath'd</w>
			<w x="1377">repose,</w>
		</line>
		<line c="1230" h="31" n="19">
			<w x="788">And</w>
			<w x="926">mourn'd</w>
			<w x="1010">most</w>
			<w x="1203">wretch-like.</w>
			<w x="1344">Round</w>
			<w x="1439">about</w>
			<w x="1501">her</w>
			<w x="1560">fell</w>
		</line>
	</div>
</body>
