<body>
	<div id="2" group="1" x="655" y="433" width="717" height="96" type="score" attribution="HM" sealts="278_2_2.036" section="14">
		<line n="3" h="54" c="458">
			<w x="727">He</w>
			<w x="802">took</w>
			<w x="858">me</w>
			<w x="895">to</w>
			<w x="954">his</w>
			<w x="1085">chariot,</w>
			<w x="1229">weeping,</w>
			<w x="1339">home,</w>
		</line>
		<div id="32" group="1" x="658" y="478" width="699" height="51" type="underline" attribution="HM" sealts="278_2_2.036" section="14">
			<line n="4" h="51" c="503">
				<w x="799">Himself</w>
				<w x="873">with</w>
				<w x="944">fear</w>
				<w x="986">of</w>
				<w x="1092">Jove's</w>
				<w x="1192">wrath</w>
				<w x="1355">overcome,</w>
			</line>
		</div>
	</div>
	<div id="3" group="2" x="658" y="1662" width="653" height="47" type="underline" attribution="HM" sealts="278_2_2.036" section="14">
		<line n="1" h="47" c="1685">
			<w x="733">For,</w>
			<w x="830">being</w>
			<w x="946">aboard</w>
			<w x="1002">his</w>
			<w x="1086">ship,</w>
			<w x="1118">I</w>
			<w x="1207">must</w>
			<w x="1248">be</w>
			<w x="1308">his</w>
		</line>
		<line c="1733" h="49" n="29">
			<w x="705">Of</w>
			<w x="810">strong</w>
			<w x="966">necessity.</w>
			<w x="1065">She</w>
			<w x="1128">ran</w>
			<w x="1188">the</w>
			<w x="1273">flood</w>
		</line>
	</div>
</body>
