<body>
	<div id="2" group="1" x="678" y="1236" width="871" height="150" type="score" attribution="HM" sealts="278_1_b50" mode="commentary" section="frontverse">
		<line c="1264" h="46" n="19">
			<w x="816">naturam</w>
			<w x="954">erigitur,</w>
			<w x="990">et</w>
			<w x="1035">in</w>
			<w x="1132">Deum</w>
			<w x="1254">transit.</w>
			<w x="1346">One</w>
			<w x="1373">a</w>
			<w x="1536">perfection</w>
		</line>
		<line c="1314" h="48" n="20">
			<w x="800">directly</w>
			<w x="926">infused</w>
			<w x="1013">from</w>
			<w x="1109">God;</w>
			<w x="1177">the</w>
			<w x="1274">other</w>
			<w x="1326">an</w>
			<w x="1469">infection</w>
			<w x="1535">ob-</w>
		</line>
		<line c="1360" h="58" n="21">
			<w x="788">obliquely</w>
			<w x="856">and</w>
			<w x="1062">degenerately</w>
			<w x="1237">proceeding</w>
			<w x="1320">from</w>
			<w x="1407">man.</w>
			<w x="1484">Of</w>
			<w x="1537">the</w>
		</line>
	</div>
</body>
