<body>
	<div id="2" group="1" x="661" y="727" width="710" height="151" type="score" attribution="HM" sealts="278_2_2.040" section="14">
		<line c="758" h="42" n="9">
			<w x="801">Through</w>
			<w x="851">all</w>
			<w x="943">times</w>
			<w x="1059">future)</w>
			<w x="1122">but</w>
			<w x="1177">his</w>
			<w x="1260">head</w>
			<w x="1297">is</w>
			<w x="1363">run</w>
		</line>
		<line c="809" h="44" n="10">
			<w x="790">Unseen,</w>
			<w x="984">unhonour'd,</w>
			<w x="1056">into</w>
			<w x="1199">Harpies'</w>
			<w x="1306">maws.</w>
		</line>
		<line c="858" h="42" n="11">
			<w x="722">For</w>
			<w x="783">my</w>
			<w x="866">part,</w>
			<w x="927">I'll</w>
			<w x="989">not</w>
			<w x="1109">meddle</w>
			<w x="1188">with</w>
			<w x="1247">the</w>
			<w x="1351">cause,</w>
		</line>
	</div>
	<div id="3" group="1" x="651" y="880" width="837" height="247" type="score" attribution="HM" sealts="278_2_2.040" section="14">
		<line c="907" h="45" n="12">
			<w x="683">I</w>
			<w x="749">live</w>
			<w x="780">a</w>
			<w x="916">separate</w>
			<w x="976">life</w>
			<w x="1118">amongst</w>
			<w x="1177">my</w>
			<w x="1282">swine,</w>
		</line>
		<line c="956" h="43" n="13">
			<w x="751">Come</w>
			<w x="793">at</w>
			<w x="841">no</w>
			<w x="927">town</w>
			<w x="982">for</w>
			<w x="1050">any</w>
			<w x="1133">need</w>
			<w x="1177">of</w>
			<w x="1270">mine,</w>
		</line>
		<line c="1006" h="44" n="14">
			<w x="765">Unless</w>
			<w x="824">the</w>
			<w x="1089">circularly-witted</w>
			<w x="1191">queen</w>
		</line>
		<line c="1054" h="42" n="15">
			<w x="770">(When</w>
			<w x="838">any</w>
			<w x="984">far-come</w>
			<w x="1078">guest</w>
			<w x="1113">is</w>
			<w x="1155">to</w>
			<w x="1202">be</w>
			<w x="1281">seen</w>
		</line>
		<line c="1105" h="45" n="16">
			<w x="738">That</w>
			<w x="845">brings</w>
			<w x="908">her</w>
			<w x="1007">news)</w>
			<w x="1177">commands</w>
			<w x="1235">me</w>
			<w x="1331">bring</w>
			<w x="1361">a</w>
			<w x="1478">brawn,</w>
		</line>
	</div>
	<div id="4" group="2" x="648" y="1178" width="756" height="143" type="score" attribution="HM" sealts="278_2_2.040" section="14">
		<line c="1203" h="44" n="18">
			<w x="735">That</w>
			<w x="829">touch</w>
			<w x="890">the</w>
			<w x="985">king)</w>
			<w x="1065">they</w>
			<w x="1122">sit,</w>
			<w x="1191">and</w>
			<w x="1279">some</w>
			<w x="1339">are</w>
			<w x="1401">sad</w>
		</line>
		<line c="1253" h="45" n="19">
			<w x="716">For</w>
			<w x="771">his</w>
			<w x="850">long</w>
			<w x="988">absence,</w>
			<w x="1078">some</w>
			<w x="1174">again</w>
			<w x="1235">are</w>
			<w x="1315">glad</w>
		</line>
		<line c="1303" h="47" n="20">
			<w x="703">To</w>
			<w x="798">waste</w>
			<w x="854">his</w>
			<w x="953">goods</w>
			<w x="1132">unwreak'd,</w>
			<w x="1183">all</w>
			<w x="1304">talking</w>
			<w x="1380">still.</w>
		</line>
	</div>
</body>
