<body>
	<div id="2" group="1" x="676" y="1714" width="821" height="108" type="checkmark" attribution="HM" sealts="278_2_2.110" section="17">
		<line n="29" h="54" c="1741">
			<w x="771">Bids</w>
			<w x="846">thee</w>
			<w x="926">bear</w>
			<w x="983">up,</w>
			<w x="1050">and</w>
			<w x="1102">all</w>
			<w x="1192">these</w>
			<w x="1320">Wooers</w>
			<w x="1455">implore.</w>
		</line>
		<line n="30" h="54" c="1795">
			<w x="770">Wit</w>
			<w x="847">must</w>
			<w x="943">make</w>
			<w x="1100">impudent</w>
			<w x="1200">whom</w>
			<w x="1279">Fate</w>
			<w x="1384">makes</w>
			<w x="1491">poor."</w>
		</line>
	</div>
</body>
