<body>
	<div id="2" group="1" x="721" y="405" width="712" height="203" type="diagonalscore" type2="checkmark"
		attribution="HM" sealts="278_1_1.162" section="7">
		<line c="436" h="41" n="3">
			<w x="799">One</w>
			<w x="843">of</w>
			<w x="929">those</w>
			<w x="1061">mortals,</w>
			<w x="1163">whom</w>
			<w x="1229">you</w>
			<w x="1340">chiefly</w>
			<w x="1432">know</w>
		</line>
		<line c="485" h="38" n="4">
			<w x="821">Bears</w>
			<w x="870">up</w>
			<w x="939">and</w>
			<w x="1029">down</w>
			<w x="1088">the</w>
			<w x="1217">burthen</w>
			<w x="1262">of</w>
			<w x="1316">the</w>
			<w x="1386">woe</w>
		</line>
		<line c="534" h="39" n="5">
			<w x="916">Appropriate</w>
			<w x="956">to</w>
			<w x="1035">poor</w>
			<w x="1121">man,</w>
			<w x="1198">give</w>
			<w x="1271">that</w>
			<w x="1311">to</w>
			<w x="1368">me;</w>
		</line>
		<line c="584" h="41" n="6">
			<w x="777">Of</w>
			<w x="876">whose</w>
			<w x="982">moans</w>
			<w x="1012">I</w>
			<w x="1060">sit</w>
			<w x="1102">in</w>
			<w x="1161">the</w>
			<w x="1245">most</w>
			<w x="1366">degree,</w>
		</line>
	</div>
	<div id="3" group="2" x="727" y="1098" width="839" height="152" type="score" type2="checkmark"
		attribution="HM" sealts="278_1_1.162" section="7">
		<line c="1129" h="44" n="17">
			<w x="762">A</w>
			<w x="914">desperate</w>
			<w x="1032">wound.</w>
			<w x="1166">When</w>
			<w x="1249">most</w>
			<w x="1326">with</w>
			<w x="1419">cause</w>
			<w x="1448">I</w>
			<w x="1563">grieve,</w>
		</line>
		<line c="1176" h="41" n="18">
			<w x="762">It</w>
			<w x="834">bids</w>
			<w x="891">me</w>
			<w x="968">still,</w>
			<w x="1046">Eat,</w>
			<w x="1134">man,</w>
			<w x="1203">and</w>
			<w x="1306">drink,</w>
			<w x="1375">and</w>
			<w x="1456">live;</w>
		</line>
		<line c="1225" h="39" n="19">
			<w x="799">And</w>
			<w x="866">this</w>
			<w x="973">makes</w>
			<w x="1023">all</w>
			<w x="1133">forgot.</w>
			<w x="1324">Whatever</w>
		</line>
	</div>
</body>
