<body>
	<div id="2" group="1" x="294" y="1383" width="701" height="146" type="wavyscore" attribution="HM" sealts="278_2_2.109" section="17">
		<line c="1411" h="41" n="22">
			<w x="380">And</w>
			<w x="440">yet</w>
			<w x="475">is</w>
			<w x="526">all</w>
			<w x="593">this</w>
			<w x="680">good</w>
			<w x="722">in</w>
			<w x="793">him</w>
			<w x="964">uncrown'd</w>
		</line>
		<line c="1461" h="40" n="23">
			<w x="394">With</w>
			<w x="461">any</w>
			<w x="558">grace</w>
			<w x="637">here</w>
			<w x="719">now,</w>
			<w x="783">nor</w>
			<w x="831">he</w>
			<w x="919">more</w>
			<w x="978">fed</w>
		</line>
		<line c="1510" h="40" n="24">
			<w x="395">Than</w>
			<w x="463">any</w>
			<w x="568">errant</w>
			<w x="638">cur.</w>
			<w x="734">His</w>
			<w x="818">king</w>
			<w x="854">is</w>
			<w x="947">dead,</w>
		</line>
	</div>
</body>
