<body>
	<div id="2" group="1" x="749" y="575" width="860" height="192" type="diagonalscore" attribution="HM" sealts="278_1_1.110" section="5">
		<line n="3" h="192" c="671">
			<w x="926">That</w>
			<w x="1161">makes</w>
			<w x="1271">the</w>
			<w x="1300">horrid</w>
			<w x="1325">murmur</w>
			<w x="1531">beat</w>
			<w x="1550">above</w>
			<line c="650" h="38" n="4">
				<w x="838">Took</w>
				<w x="926">place</w>
				<w x="1000">past</w>
				<w x="1058">all,</w>
				<w x="1161">whose</w>
				<w x="1271">height</w>
				<w x="1325">for</w>
				<w x="1401">ever</w>
				<w x="1531">springs,</w>
			</line>
			<line c="698" h="41" n="5">
				<w x="826">And</w>
				<w x="907">from</w>
				<w x="1008">whom</w>
				<w x="1093">flows</w>
				<w x="1145">th'</w>
				<w x="1264">eternal</w>
				<w x="1366">power</w>
				<w x="1409">of</w>
				<w x="1521">things.</w>
			</line>
		</line>
	</div>
</body>
