<body>
	<div id="2" group="1" x="720" y="825" width="789" height="205" type="score2" attribution="HM" sealts="278_1_1.060" section="3">
		<line c="857" h="39" n="11">
			<w x="831">Might</w>
			<w x="889">see</w>
			<w x="938">no</w>
			<w x="1035">worse</w>
			<w x="1079">of</w>
			<w x="1147">her,</w>
			<w x="1239">when</w>
			<w x="1318">both</w>
			<w x="1401">were</w>
			<w x="1502">blown</w>
		</line>
		<line c="905" h="35" n="12">
			<w x="778">To</w>
			<w x="886">sacred</w>
			<w x="1025">Sunium,</w>
			<w x="1070">of</w>
			<w x="1214">Minerva's</w>
			<w x="1315">town</w>
		</line>
		<line c="956" h="39" n="13">
			<w x="797">The</w>
			<w x="910">goodly</w>
			<w x="1107">promontory,</w>
			<w x="1185">with</w>
			<w x="1240">his</w>
			<w x="1340">shafts</w>
			<w x="1446">severe</w>
		</line>
		<line c="1005" h="38" n="14">
			<w x="836">Augur</w>
			<w x="948">Apollo</w>
			<w x="1025">slew</w>
			<w x="1094">him</w>
			<w x="1168">that</w>
			<w x="1227">did</w>
			<w x="1311">steer</w>
		</line>
	</div>
</body>
