<body>
	<div id="2" group="1" x="302" y="581" width="716" height="102" type="checkmark" attribution="HM" sealts="278_2_2.075" section="16">
		<line n="6" h="51" c="607">
			<w x="359">Of</w>
			<w x="415">her</w>
			<w x="458">in</w>
			<w x="609">nuptials;</w>
			<w x="674">for</w>
			<w x="812">Ulysses'</w>
			<w x="890">bed,</w>
		</line>
		<line n="7" h="51" c="658">
			<w x="363">By</w>
			<w x="440">this,</w>
			<w x="506">lies</w>
			<w x="550">all</w>
			<w x="632">with</w>
			<w x="755">spiders'</w>
			<w x="898">cobwebs</w>
			<w x="1017">spread,</w>
		</line>
	</div>
</body>
