<body>
	<div id="2" group="1" x="368" y="429" width="855" height="46" type="checkmark" attribution="HM" sealts="278_2_2.003" section="13">
		<line n="3" h="46" c="452">
			<w x="445">And</w>
			<w x="562">wealth,</w>
			<div id="3" group="1" x="561" y="433" width="359" height="40" type="underline" type2="checkmark"
				attribution="HM" sealts="278_2_2.003" section="13">
				<line n="3" h="40" c="453">
					<w x="626">that</w>
					<w x="735">honest</w>
					<w x="809">men</w>
					<w x="919">makes,</w>
				</line>
			</div>
			<w x="1053">brought</w>
			<w x="1127">with</w>
			<w x="1223">them.</w>
		</line>
	</div>
	<div id="4" group="2" x="361" y="1221" width="598" height="91" type="checkmark" attribution="HM" sealts="278_2_2.003" section="13">
		<line n="19" h="45" c="1244">
			<w x="418">To</w>
			<w x="480">see</w>
			<w x="557">Him</w>
			<w x="658">rising</w>
			<w x="733">that</w>
			<w x="890">illustrates</w>
			<w x="957">all;</w>
		</line>
		<line n="20" h="45" c="1292">
			<w x="435">For</w>
			<w x="504">now</w>
			<w x="573">into</w>
			<w x="627">his</w>
			<w x="719">mind</w>
			<w x="751">a</w>
			<w x="815">fire</w>
			<w x="874">did</w>
			<w x="936">fall</w>
		</line>
	</div>
	<div id="5" group="2" x="360" y="1320" width="754" height="441" type="wavyscore" attribution="HM" sealts="278_2_2.003" section="13">
		<line n="21" h="49" c="1344">
			<w x="415">Of</w>
			<w x="507">thirst</w>
			<w x="558">for</w>
			<w x="663">home.</w>
			<w x="774">And</w>
			<w x="808">as</w>
			<w x="859">in</w>
			<w x="983">hungry</w>
			<w x="1055">vow</w>
		</line>
		<line n="22" h="49" c="1388">
			<w x="417">To</w>
			<w x="539">needful</w>
			<w x="616">food</w>
			<w x="646">a</w>
			<w x="720">man</w>
			<w x="765">at</w>
			<w x="850">fixed</w>
			<w x="934">plow</w>
		</line>
		<line n="23" h="49" c="1442">
			<w x="432">(To</w>
			<w x="528">whom</w>
			<w x="590">the</w>
			<w x="682">black</w>
			<w x="731">ox</w>
			<w x="782">all</w>
			<w x="848">day</w>
			<w x="931">long</w>
			<w x="1008">hath</w>
			<w x="1113">turn'd</w>
		</line>
		<line n="24" h="49" c="1490">
			<w x="430">The</w>
			<w x="575">stubborn</w>
			<w x="695">fallows</w>
			<w x="752">up,</w>
			<w x="814">his</w>
			<w x="946">stomach</w>
			<w x="1062">burn'd</w>
		</line>
		<line n="25" h="49" c="1539">
			<w x="454">With</w>
			<w x="558">empty</w>
			<w x="639">heat</w>
			<w x="703">and</w>
			<w x="836">appetite</w>
			<w x="878">to</w>
			<w x="963">food,</w>
		</line>
		<line n="26" h="49" c="1589">
			<w x="428">His</w>
			<w x="526">knees</w>
			<w x="656">afflicted</w>
			<w x="733">with</w>
			<w x="791">his</w>
			<w x="976">spirit-spent</w>
			<w x="1098">blood)</w>
		</line>
		<line n="27" h="49" c="1638">
			<w x="411">At</w>
			<w x="522">length</w>
			<w x="580">the</w>
			<w x="810">long-expected</w>
			<w x="938">sun-set</w>
			<w x="1015">sees,</w>
		</line>
		<line n="28" h="49" c="1687">
			<w x="447">That</w>
			<w x="492">he</w>
			<w x="571">may</w>
			<w x="618">sit</w>
			<w x="654">to</w>
			<w x="746">food,</w>
			<w x="816">and</w>
			<w x="882">rest</w>
			<w x="936">his</w>
			<w x="1064">knees;</w>
		</line>
		<line n="29" h="49" c="1736">
			<w x="411">So</w>
			<w x="454">to</w>
			<w x="580">Ulysses</w>
			<w x="635">set</w>
			<w x="690">the</w>
			<w x="818">friendly</w>
			<w x="912">light</w>
		</line>
	</div>
</body>
