<body>
	<div id="2" group="1" x="676" y="1478" width="722" height="147" type="score" attribution="HM" sealts="278_2_2.062" section="15">
		<line c="1504" h="44" n="24">
			<w x="749">And</w>
			<w x="828">thou</w>
			<w x="877">go</w>
			<w x="1013">thither?</w>
			<w x="1119">Stay,</w>
			<w x="1176">for</w>
			<w x="1253">here</w>
			<w x="1301">do</w>
			<w x="1387">none</w>
		</line>
		<line c="1553" h="44" n="25">
			<w x="798">Grudge</w>
			<w x="840">at</w>
			<w x="902">thy</w>
			<w x="1053">presence,</w>
			<w x="1117">nor</w>
			<w x="1236">myself,</w>
			<w x="1300">nor</w>
			<w x="1365">one</w>
		</line>
		<line c="1601" h="42" n="26">
			<w x="725">Of</w>
			<w x="772">all</w>
			<w x="801">I</w>
			<w x="884">feed.</w>
			<w x="983">But</w>
			<w x="1074">when</w>
			<w x="1209">Ulysses'</w>
			<w x="1274">son</w>
		</line>
	</div>
</body>
