<body>
	<div id="2" group="1" x="707" y="566" width="743" height="250" type="score" attribution="HM" sealts="278_1_1.264" section="11">
		<line c="594" h="39" n="6">
			<w x="761">As</w>
			<w x="834">well</w>
			<w x="876">in</w>
			<w x="956">gifts</w>
			<w x="999">as</w>
			<w x="1089">time,</w>
			<w x="1138">ye</w>
			<w x="1204">can</w>
			<w x="1308">devise</w>
		</line>
		<line c="642" h="36" n="7">
			<w x="766">No</w>
			<w x="867">better</w>
			<w x="947">wish</w>
			<w x="1002">for</w>
			<w x="1076">me;</w>
			<w x="1140">for</w>
			<w x="1169">I</w>
			<w x="1252">shall</w>
			<w x="1342">come</w>
			<w x="1363">A</w>
		</line>
		<line c="692" h="39" n="8">
			<w x="806">Much</w>
			<w x="898">fuller</w>
			<w x="1028">handed,</w>
			<w x="1097">and</w>
			<w x="1185">more</w>
			<w x="1340">honour'd,</w>
			<w x="1444">home,</w>
		</line>
		<line c="743" h="40" n="9">
			<w x="785">And</w>
			<w x="893">dearer</w>
			<w x="934">to</w>
			<w x="995">my</w>
			<w x="1113">people,</w>
			<w x="1156">in</w>
			<w x="1260">whose</w>
			<w x="1347">loves</w>
		</line>
		<line c="792" h="42" n="10">
			<w x="779">The</w>
			<w x="881">richer</w>
			<w x="1032">evermore</w>
			<w x="1093">the</w>
			<w x="1195">better</w>
			<w x="1332">proves."</w>
		</line>
	</div>
	<div id="3" group="2" x="1151" y="1061" width="307" height="51" type="underline" attribution="HM" sealts="278_1_1.264" section="11">
		<line n="16" h="51" c="1086">
			<w x="1228">You</w>
			<w x="1322">move</w>
			<w x="1382">our</w>
			<w x="1456">eyes</w>
		</line>
		<line n="17" h="54" c="1133">
			<w x="806">With</w>
			<w x="892">form,</w>
			<w x="956">our</w>
			<w x="1058">minds</w>
			<w x="1136">with</w>
			<w x="1260">matter,</w>
			<w x="1328">and</w>
			<w x="1388">our</w>
			<w x="1456">ears</w>
		</line>
		<line n="18" h="48" c="1186">
			<w x="798">With</w>
			<w x="926">elegant</w>
			<w x="1048">oration,</w>
		</line>
	</div>
</body>
