<body>
	<div id="2" group="1" x="290" y="707" width="693" height="196" type="wavyscore" attribution="HM" sealts="278_2_2.077" section="16">
		<line c="734" h="38" n="9">
			<w x="381">Foul</w>
			<w x="441">use</w>
			<w x="482">to</w>
			<w x="562">him,</w>
			<w x="631">and</w>
			<w x="688">me</w>
			<w x="732">as</w>
			<w x="859">gravely</w>
			<w x="973">grieve.</w>
		</line>
		<line c="784" h="38" n="10">
			<w x="366">For</w>
			<w x="452">what</w>
			<w x="544">great</w>
			<w x="600">act</w>
			<w x="665">can</w>
			<w x="733">any</w>
			<w x="798">one</w>
			<w x="921">achieve</w>
		</line>
		<line c="833" h="38" n="11">
			<w x="432">Against</w>
			<w x="462">a</w>
			<w x="627">multitude,</w>
			<w x="776">although</w>
			<w x="831">his</w>
			<w x="922">mind</w>
		</line>
		<line c="883" h="38" n="12">
			<w x="413">Retain</w>
			<w x="444">a</w>
			<w x="575">courage</w>
			<w x="620">of</w>
			<w x="677">the</w>
			<w x="813">greatest</w>
			<w x="894">kind</w>
			<w x="918">?</w>
		</line>
	</div>
</body>
