<body>
	<div id="2" group="1" x="312" y="1715" width="846" height="99" type="wavyscore" attribution="HM" sealts="278_1_1.297" section="12">
		<line n="29" h="49" c="1745">
			<w x="396">And</w>
			<w x="521">through</w>
			<w x="593">and</w>
			<w x="729">through</w>
			<w x="781">the</w>
			<w x="860">ship</w>
			<w x="918">his</w>
			<w x="1071">lightning</w>
			<w x="1148">glid,</w>
		</line>
		<line n="30" h="49" c="1792">
			<w x="384">Till</w>
			<w x="419">it</w>
			<w x="570">embraced</w>
			<w x="633">her</w>
			<w x="753">round;</w>
			<w x="826">her</w>
			<w x="910">bulk</w>
			<w x="965">was</w>
			<w x="1054">fill'd</w>
		</line>
	</div>
	<div id="3" group="2" x="570" y="1867" width="430" height="53" type="underline" attribution="HM" sealts="278_1_1.297" section="12">
		<line n="32" h="53" c="1894">
			<w x="642">like</w>
			<w x="796">sea-mews</w>
			<w x="900">swum</w>
			<w x="996">about,</w>
		</line>
	</div>
</body>
