<body>
	<div id="2" group="1" x="733" y="1367" width="858" height="448" type="score" attribution="HM" sealts="278_2_2.250" section="24">
		<line c="1398" h="39" n="22">
			<w x="798">Of</w>
			<w x="844">all</w>
			<w x="962">heroes,</w>
			<w x="1013">all</w>
			<w x="1138">opinion</w>
		</line>
		<line c="1447" h="38" n="23">
			<w x="833">Gave</w>
			<w x="909">thee</w>
			<w x="964">for</w>
			<w x="1070">Jove's</w>
			<w x="1154">most</w>
			<w x="1255">loved,</w>
			<w x="1344">since</w>
			<w x="1429">most</w>
			<w x="1586">command</w>
		</line>
		<line c="1497" h="41" n="24">
			<w x="798">Of</w>
			<w x="844">all</w>
			<w x="903">the</w>
			<w x="1023">Greeks</w>
			<w x="1072">he</w>
			<w x="1154">gave</w>
			<w x="1218">thy</w>
			<w x="1352">eminent</w>
			<w x="1439">hand</w>
		</line>
		<line c="1545" h="38" n="25">
			<w x="795">At</w>
			<w x="883">siege</w>
			<w x="928">of</w>
			<w x="1018">Ilion,</w>
			<w x="1121">where</w>
			<w x="1174">we</w>
			<w x="1299">suffer'd</w>
			<w x="1351">so.</w>
		</line>
		<line c="1593" h="36" n="26">
			<w x="820">And</w>
			<w x="856">is</w>
			<w x="915">the</w>
			<w x="1000">issue</w>
			<w x="1076">this,</w>
			<w x="1150">that</w>
			<w x="1222">first</w>
			<w x="1263">in</w>
			<w x="1333">woe</w>
		</line>
		<line c="1645" h="43" n="27">
			<w x="837">Stern</w>
			<w x="919">Fate</w>
			<w x="979">did</w>
			<w x="1126">therefore</w>
			<w x="1181">set</w>
			<w x="1243">thy</w>
			<w x="1348">sequel</w>
			<w x="1461">down?</w>
		</line>
		<line c="1695" h="42" n="28">
			<w x="833">None</w>
			<w x="927">borne</w>
			<w x="1004">past</w>
			<w x="1112">others'</w>
			<w x="1203">Fates</w>
			<w x="1269">can</w>
			<w x="1348">pass</w>
			<w x="1403">his</w>
			<w x="1485">own.</w>
		</line>
		<line c="1743" h="43" n="29">
			<w x="771">I</w>
			<w x="850">wish</w>
			<w x="890">to</w>
			<w x="1006">heaven</w>
			<w x="1080">that</w>
			<w x="1121">in</w>
			<w x="1181">the</w>
			<w x="1292">height</w>
			<w x="1336">of</w>
			<w x="1382">all</w>
		</line>
		<line c="1794" h="44" n="30">
			<w x="814">Our</w>
			<w x="907">pomp</w>
			<w x="949">at</w>
			<w x="1035">Ilion</w>
			<w x="1116">Fate</w>
			<w x="1185">had</w>
			<w x="1290">sign'd</w>
			<w x="1352">thy</w>
			<w x="1423">fall,</w>
		</line>
	</div>
</body>
