<body>
	<div id="2" group="1" x="732" y="715" width="699" height="148" type="arcedscore" attribution="HM" sealts="278_1_1.166" section="7">
		<line c="741" h="40" n="9">
			<w x="840">Would</w>
			<w x="963">venture</w>
			<w x="1024">my</w>
			<w x="1139">receipt</w>
			<w x="1226">here,</w>
			<w x="1341">having</w>
			<w x="1413">fear</w>
		</line>
		<line c="786" h="31" n="10">
			<w x="804">And</w>
			<w x="946">reverend</w>
			<w x="1016">awe</w>
			<w x="1060">of</w>
			<w x="1207">accidents</w>
			<w x="1278">that</w>
			<w x="1361">were</w>
		</line>
		<line c="840" h="40" n="11">
			<w x="780">Of</w>
			<w x="872">likely</w>
			<w x="956">issue;</w>
			<w x="1061">both</w>
			<w x="1140">your</w>
			<w x="1239">wrath</w>
			<w x="1279">to</w>
			<w x="1380">move,</w>
		</line>
	</div>
</body>
