<body>
	<div id="2" group="1" x="720" y="809" width="778" height="98" type="checkmark" attribution="HM"
		sealts="278_1_1.144" section="6">
		<line n="11" h="49" c="833">
			<w x="807">Him</w>
			<w x="872">now</w>
			<w x="930">we</w>
			<w x="1014">must</w>
			<w x="1130">provide</w>
			<w x="1207">for.</w>
		</line>
		<div id="3" group="1" x="725" y="812" width="277" height="41" type="underline"
			attribution="HM" sealts="278_1_1.144" section="6">
			<line n="11" h="49" c="833">
				<blank x="1216"/>
				<w x="1323">From</w>
				<w x="1410">Jove</w>
				<w x="1489">come</w>
			</line>
			<line n="12" h="49" c="882">
				<w x="781">All</w>
				<w x="939">strangers,</w>
			</line>
		</div>
		<line n="12" h="49" c="882">
			<w x="1010">and</w>
			<w x="1070">the</w>
			<w x="1165">needy</w>
			<w x="1210">of</w>
			<w x="1245">a</w>
			<w x="1350">home,</w>
		</line>
	</div>
</body>
