<body>
	<div id="2" group="1" x="297" y="309" width="821" height="495" type="score" attribution="HM" sealts="278_1_1.221" section="9">
		<line c="338" h="42" n="1">
			<w x="429">Then</w>
			<w x="501">flew</w>
			<w x="592">fierce</w>
			<w x="675">vows</w>
			<w x="716">to</w>
			<w x="869">Neptune,</w>
			<w x="949">both</w>
			<w x="1004">his</w>
			<w x="1104">hands</w>
		</line>
		<line c="384" h="35" n="2">
			<w x="350">To</w>
			<w x="504">star-born</w>
			<w x="621">heaven</w>
			<w x="707">cast:</w>
			<w x="779">'O</w>
			<w x="860">thou</w>
			<w x="933">that</w>
			<w x="983">all</w>
			<w x="1073">lands</w>
		</line>
		<line c="435" h="40" n="3">
			<w x="415">Gird'st</w>
			<w x="456">in</w>
			<w x="519">thy</w>
			<w x="652">ambient</w>
			<w x="754">circle,</w>
			<w x="823">and</w>
			<w x="864">in</w>
			<w x="918">air</w>
		</line>
		<line c="485" h="43" n="4">
			<w x="420">Shak'st</w>
			<w x="479">the</w>
			<w x="579">curl'd</w>
			<w x="689">tresses</w>
			<w x="734">of</w>
			<w x="792">thy</w>
			<w x="931">sapphire</w>
			<w x="1014">hair,</w>
		</line>
		<line c="534" h="41" n="5">
			<w x="339">If</w>
			<w x="364">I</w>
			<w x="411">be</w>
			<w x="508">thine,</w>
			<w x="553">or</w>
			<w x="632">thou</w>
			<w x="734">mayst</w>
			<w x="830">justly</w>
			<w x="926">vaunt</w>
		</line>
		<line c="585" h="42" n="6">
			<w x="387">Thou</w>
			<w x="441">art</w>
			<w x="501">my</w>
			<w x="610">father,</w>
			<w x="690">hear</w>
			<w x="747">me</w>
			<w x="829">now,</w>
			<w x="898">and</w>
			<w x="993">grant</w>
		</line>
		<line c="632" h="38" n="7">
			<w x="381">That</w>
			<w x="447">this</w>
			<w x="582">Ulysses,</w>
			<w x="641">old</w>
			<w x="777">Laertes'</w>
			<w x="850">son,</w>
		</line>
		<line c="680" h="37" n="8">
			<w x="379">That</w>
			<w x="481">dwells</w>
			<w x="523">in</w>
			<w x="642">Ithaca,</w>
			<w x="711">and</w>
			<w x="804">name</w>
			<w x="887">hath</w>
			<w x="959">won</w>
		</line>
		<line c="731" h="38" n="9">
			<w x="347">Of</w>
			<w x="529">city-ruiner,</w>
			<w x="607">may</w>
			<w x="702">never</w>
			<w x="796">reach</w>
		</line>
		<line c="779" h="37" n="10">
			<w x="362">His</w>
			<w x="480">natural</w>
			<w x="597">region.</w>
			<w x="680">Or</w>
			<w x="715">if</w>
			<w x="751">to</w>
			<w x="840">fetch</w>
		</line>
	</div>
</body>
