<body>
    <div id="2" x="324" y="1680" group="1" width="1414" height="353" type="diagonalscore"
        sealts="460_7_7.189" attribution="HM" mode="tragedy" play="8c">
        <div id="3" x="357" y="1700" group="1" width="1280" height="269" type="diagonalscore"
            sealts="460_7_7.189" attribution="HM" mode="tragedy" play="8c">
            <line c="1750" h="66" n="10">
                <w x="539">Ben.</w>
                <w x="605">I</w>
                <w x="734">pray</w>
                <w x="870">thee,</w>
                <w x="1007">good</w>
                <w x="1260">Mercutio,</w>
                <w x="1383">
                    <choice>
                        <orig>let's</orig>
                        <reg>let us</reg>
                        <reg>let</reg>
                        <reg>us</reg>
                    </choice>
                </w>
                <w x="1561">retire;</w>
            </line>
            <line c="1809" h="63" n="11">
                <w x="464">The</w>
                <w x="573">day</w>
                <w x="630">is</w>
                <w x="756">hot,</w>
                <w x="853">the</w>
                <w x="1089">Capulets</w>
                <w x="1285">abroad,</w>
            </line>
            <line c="1874" h="66" n="12">
                <w x="479">And,</w>
                <w x="542">if</w>
                <w x="626">we</w>
                <w x="779">meet,</w>
                <w x="872">we</w>
                <w x="1001">shall</w>
                <w x="1101">not</w>
                <w x="1267">
                    <choice>
                        <orig>'scape</orig>
                        <reg>escape</reg>
                    </choice>
                </w>
                <w x="1317">a</w>
                <w x="1501">brawl;</w>
            </line>
            <line c="1937" h="73" n="13">
                <w x="447">For</w>
                <w x="585">now,</w>
                <w x="732">these</w>
                <w x="831">hot</w>
                <w x="974">days,</w>
                <w x="1034">is</w>
                <w x="1130">the</w>
                <w x="1254">mad</w>
                <w x="1405">blood</w>
                <w x="1614">stirring.</w>
            </line>
        </div>
        <line c="1996" h="64" n="14">
            <w x="531">Mer.</w>
            <w x="703">Thou</w>
            <w x="791">art</w>
            <w x="898">like</w>
            <w x="1004">one</w>
            <w x="1078">of</w>
            <w x="1216">those</w>
            <w x="1433">fellows,</w>
            <w x="1553">that</w>
            <w x="1713">when</w>
        </line>
    </div>
</body>
