<body>
    <div id="2" x="637" y="970" group="1" width="1368" height="62" type="score2" sealts="460_1_b10" attribution="HM"
        mode="commentary" section="life">
        <line n="5" h="53" c="1002">
            <w x="764">same</w>
            <w x="877">term,</w>
            <w x="933">at</w>
            <w x="1009">the</w>
            <w x="1123">head</w>
            <w x="1186">of</w>
            <w x="1223">a</w>
            <w x="1391">country</w>
            <w x="1546">school.</w>
            <w x="1660">But</w>
            <w x="1746">the</w>
            <w x="1937">surmises</w>
            <w x="1999">of</w>
        </line>
    </div>
</body>
