<body>
    <div id="2" x="365" y="1693" group="1" width="665" height="43" type="checkmark" sealts="460_5_5.507" attribution="HM"
        mode="tragedy" play="2c">
        <line n="32" h="43" c="1715">
            <w x="460">Cor.</w>
            <w x="836">Shall</w>
            <w x="1022">remain!&#8212;</w>
        </line>
    </div>
    <div id="3" x="566" y="1733" group="2" width="406" height="46" type="underline" sealts="460_5_5.507" attribution="HM"
        mode="tragedy" play="2c">
        <line n="33" h="46" c="1756">
            <w x="677">Triton</w>
            <w x="723">of</w>
            <w x="784">the</w>
            <w x="957">minnows?</w>
        </line>
    </div>
</body>
