<body>
    <div id="2" x="754" y="1268" group="1" width="1378" height="260" type="score" sealts="460_1_c402" attribution="HM"
        mode="comedy" play="5a">
        <line c="1312" h="64" n="11">
            <w x="850">For</w>
            <w x="947">my</w>
            <w x="1188">authority</w>
            <w x="1335">bears</w>
            <w x="1384">a</w>
            <w x="1612">credent</w>
            <w x="1753">bulk,</w>
        </line>
        <line c="1374" h="65" n="12">
            <w x="886">That</w>
            <w x="964">no</w>
            <w x="1218">particular</w>
            <w x="1418">scandal</w>
            <w x="1550">once</w>
            <w x="1656">can</w>
            <w x="1824">touch,</w>
        </line>
        <line c="1433" h="59" n="13">
            <w x="861">But</w>
            <w x="912">it</w>
            <w x="1175">confounds</w>
            <w x="1273">the</w>
            <w x="1511">breather.</w>
            <w x="1652">He</w>
            <w x="1830">should</w>
            <w x="1969">have</w>
            <w x="2123">lived,</w>
        </line>
        <line c="1498" h="60" n="14">
            <w x="880">Save</w>
            <w x="1000">that</w>
            <w x="1087">his</w>
            <w x="1272">riotous</w>
            <w x="1444">youth,</w>
            <w x="1578">with</w>
            <w x="1844">dangerous</w>
            <w x="2010">sense,</w>
        </line>
    </div>
</body>
