<body>
    <div id="2" x="227" y="1802" group="1" width="1318" height="125" type="checkmark"
        sealts="460_2_2.087" attribution="HM" mode="comedy" play="8a">
        <line n="19" h="62" c="1833">
            <w x="420">Arm.</w>
            <w x="486">I</w>
            <w x="577">am</w>
            <w x="641">ill</w>
            <w x="721">at</w>
            <w x="1004">reckoning;</w>
            <w x="1073">it</w>
            <w x="1246">
                <choice>
                    <orig>fitteth</orig>
                    <reg>fits</reg>
                </choice>
            </w>
            <w x="1343">the</w>
            <w x="1479">spirit</w>
            <w x="1546">of</w>
        </line>
        <line n="20" h="62" c="1895">
            <w x="268">a</w>
            <w x="463">tapster.</w>
        </line>
    </div>
</body>
