<body>
    <div id="2" x="736" y="1038" group="1" width="1388" height="198" type="score2" sealts="460_1_c384" attribution="HM"
        mode="comedy" play="5a">
        <line c="1074" h="64" n="7">
            <w x="832" endhyph="true">elty</w>
            <w x="890">is</w>
            <w x="1030">only</w>
            <w x="1098">in</w>
            <w x="1336">request;</w>
            <w x="1464">and</w>
            <w x="1533">it</w>
            <w x="1604">is</w>
            <w x="1692">as</w>
            <w x="1968">dangerous</w>
            <w x="2042">to</w>
            <w x="2115">be</w>
        </line>
        <line c="1132" h="67" n="8">
            <w x="854">aged</w>
            <w x="923">in</w>
            <w x="1034">any</w>
            <w x="1165">kind</w>
            <w x="1238">of</w>
            <w x="1432">course,</w>
            <w x="1505">as</w>
            <w x="1563">it</w>
            <w x="1621">is</w>
            <w x="1840">virtuous</w>
            <w x="1900">to</w>
            <w x="1988">be</w>
            <w x="2116">
                <choice>
                    <hyph>con-</hyph>
                    <reg>constant</reg>
                </choice>
            </w>
        </line>
        <line c="1200" h="65" n="9">
            <w x="811" endhyph="true">stant</w>
            <w x="924">in</w>
            <w x="1027">any</w>
            <w x="1352">undertaking.</w>
            <w x="1571">There</w>
            <w x="1625">is</w>
            <w x="1824">scarce</w>
            <w x="1920">truth</w>
            <w x="2117">enough</w>
        </line>
    </div>
</body>
