<body>
    <div id="2" x="300" y="1208" group="1" width="1281" height="70" type="checkmark"
        sealts="460_2_2.069" attribution="HM" mode="comedy" play="7a">
        <line n="9" h="70" c="1243">
            <w x="417">Lys.</w>
            <w x="578">Less</w>
            <w x="708">than</w>
            <w x="797">an</w>
            <w x="917">ace,</w>
            <w x="1076">man;</w>
            <w x="1176">for</w>
            <w x="1258">he</w>
            <w x="1323">is</w>
            <w x="1493">dead;</w>
            <w x="1582">he</w>
        </line>
        <line n="2" h="67" c="1308">
            <w x="290">is</w>
            <w x="504">nothing.</w>
        </line>
    </div>
</body>
