<body>
    <div id="2" x="1025" y="1155" group="1" width="1109" height="138" type="checkmark"
        sealts="460_7_7.326" attribution="HM" mode="tragedy" play="9c">
        <line n="9" h="69" c="1190">
            <w x="1142">For</w>
            <w x="1209">if</w>
            <w x="1298">the</w>
            <w x="1426">king</w>
            <w x="1528">like</w>
            <w x="1631">not</w>
            <w x="1727">the</w>
            <w x="1961">comedy,</w>
        </line>
        <line n="10" h="69" c="1259">
            <w x="1200">Why,</w>
            <w x="1334">then,</w>
            <w x="1508">belike,</w>
            <w x="1637">&#8212;he</w>
            <w x="1765">likes</w>
            <w x="1827">it</w>
            <w x="1929">not,</w>
            <w x="2092">perdy.</w>
        </line>
    </div>
</body>
