<body>
    <div id="2" x="695" y="1333" group="1" width="766" height="95" type="score" sealts="460_5_5.400" attribution="HM"
        mode="tragedy" play="1c">
        <line n="21" h="44" c="1355">
            <w x="765">You</w>
            <w x="856">must</w>
            <w x="997">consider</w>
            <w x="1074">that</w>
            <w x="1103">a</w>
            <w x="1246">prodigal</w>
            <w x="1353">course</w>
        </line>
        <line n="22" h="44" c="1399">
            <w x="734">Is</w>
            <w x="804">like</w>
            <w x="868">the</w>
            <w x="972">sun's;</w>
            <w x="1049">but</w>
            <w x="1119">not,</w>
            <w x="1190">like</w>
            <w x="1258">his,</w>
            <w x="1453">recoverable.</w>
        </line>
    </div>
</body>
