<body>
    <div id="2" x="760" y="2965" group="1" width="1412" height="147" type="underline" sealts="460_1_c386"
        attribution="HM" mode="comedy" play="5a">
        <line n="1" h="73" c="3002">
            <blank x="1989"/>
            <w x="2032">I</w>
            <w x="2160">have</w>
        </line>
        <line n="2" h="73" c="3075">
            <w x="855">sat</w>
            <w x="982">here</w>
            <w x="1067">all</w>
            <w x="1179">day.</w>
        </line>
    </div>
</body>
