<body>
    <div id="2" x="769" y="2375" group="1" width="1191" height="136" type="checkmark"
        sealts="460_6_6.160" attribution="HM" mode="tragedy" play="4c">
        <line n="29" h="68" c="2409">
            <w x="866">To</w>
            <w x="958">the</w>
            <w x="1124">young</w>
            <w x="1249">man</w>
            <w x="1380">send</w>
            <w x="1572">humble</w>
            <w x="1781">treaties,</w>
        </line>
        <div id="3" x="757" y="2374" group="1" width="207" height="79" type="underline"
            sealts="460_6_6.160" attribution="HM" mode="tragedy" play="4c">
            <line n="29" h="68" c="2409">
                <blank x="1800"/>
                <w x="1952">dodge</w>
            </line>
            <line n="30" h="76" c="2478">
                <w x="896">And</w>
                <w x="1055">palter</w>
                <w x="1118">in</w>
                <w x="1214">the</w>
                <w x="1364">shifts</w>
                <w x="1431">of</w>
                <w x="1659">lowness;</w>
            </line>
        </div>
    </div>
</body>
