<body>
    <div id="2" x="337" y="2287" group="1" width="1338" height="669" type="score" erasure="true"
        sealts="460_2_2.305" attribution="HM" mode="comedy" play="10a">
        <line c="2318" h="53" n="27">
            <w x="501">Ros.</w>
            <w x="648">Yes,</w>
            <w x="787">one;</w>
            <w x="906">and</w>
            <w x="983">in</w>
            <w x="1097">this</w>
            <w x="1324">manner.</w>
            <w x="1462">He</w>
            <w x="1587">was</w>
            <w x="1665">to</w>
        </line>
        <line c="2382" h="60" n="28">
            <w x="524">imagine</w>
            <w x="615">me</w>
            <w x="703">his</w>
            <w x="831">love,</w>
            <w x="920">his</w>
            <w x="1160">mistress;</w>
            <w x="1280">and</w>
            <w x="1320">I</w>
            <w x="1412">set</w>
            <w x="1520">him</w>
            <w x="1664">every</w>
        </line>
        <line c="2443" h="60" n="29">
            <w x="425">day</w>
            <w x="489">to</w>
            <w x="606">woo</w>
            <w x="696">me</w>
            <w x="723">:</w>
            <w x="848">At</w>
            <w x="1011">which</w>
            <w x="1135">time</w>
            <w x="1296">would</w>
            <w x="1353">I,</w>
            <w x="1508">being</w>
            <w x="1610">but</w>
            <w x="1666">a</w>
        </line>
        <line c="2503" h="60" n="30">
            <w x="561">moonish</w>
            <w x="747">youth,</w>
            <w x="948">grieve,</w>
            <w x="1041">be</w>
            <w x="1342">effeminate,</w>
            <w x="1663">changeable,</w>
        </line>
        <line c="2563" h="61" n="31">
            <w x="530">longing,</w>
            <w x="640">and</w>
            <w x="833">liking;</w>
            <w x="1014">proud,</w>
            <w x="1292">fantastical,</w>
            <w x="1451">apish,</w>
            <w x="1663">shallow,</w>
        </line>
        <line c="2625" h="62" n="32">
            <w x="613">inconstant,</w>
            <w x="714">full</w>
            <w x="805">of</w>
            <w x="966">tears,</w>
            <w x="1085">full</w>
            <w x="1186">of</w>
            <w x="1400">smiles;</w>
            <w x="1497">for</w>
            <w x="1665">every</w>
        </line>
        <line c="2684" h="59" n="33">
            <w x="510">passion</w>
            <w x="787">something,</w>
            <w x="891">and</w>
            <w x="975">for</w>
            <w x="1052">no</w>
            <w x="1255">passion</w>
            <w x="1401">truly</w>
            <w x="1507">any</w>
            <w x="1662">thing,</w>
        </line>
        <line c="2744" h="58" n="34">
            <w x="389">as</w>
            <w x="514">boys</w>
            <w x="620">and</w>
            <w x="812">women</w>
            <w x="903">are</w>
            <w x="983">for</w>
            <w x="1077">the</w>
            <w x="1211">most</w>
            <w x="1325">part</w>
            <w x="1485">cattle</w>
            <w x="1557">of</w>
            <w x="1664">this</w>
        </line>
        <line c="2801" h="57" n="35">
            <w x="479">color;</w>
            <w x="645">would</w>
            <w x="766">now</w>
            <w x="871">like</w>
            <w x="996">him,</w>
            <w x="1121">now</w>
            <w x="1283">loathe</w>
            <w x="1419">him;</w>
            <w x="1556">then</w>
            <w x="1664">
                <choice>
                    <hyph>en-</hyph>
                    <reg>entertain</reg>
                </choice>
            </w>
        </line>
        <line c="2864" h="60" n="36">
            <w x="498" endhyph="true">tertain</w>
            <w x="632">him,</w>
            <w x="773">then</w>
            <w x="1008">forswear</w>
            <w x="1151">him;</w>
            <w x="1286">now</w>
            <w x="1445">Weep</w>
            <w x="1529">for</w>
            <w x="1663">him,</w>
        </line>
        <line c="2923" h="63" n="37">
            <w x="448">then</w>
            <w x="553">spit</w>
            <w x="618">at</w>
            <w x="751">him;</w>
            <w x="878">that</w>
            <w x="917">I</w>
            <w x="1069">
                <choice>
                    <orig>drave</orig>
                    <reg>drove</reg>
                </choice>
            </w>
            <w x="1164">my</w>
            <w x="1316">suitor</w>
            <w x="1444">from</w>
            <w x="1542">his</w>
            <w x="1665">mad</w>
        </line>
    </div>
</body>
