<body>
    <div id="2" x="900" y="2843" group="1" width="1354" height="191" type="score" sealts="460_2_2.394" attribution="HM"
        mode="comedy" play="11a">
        <line c="2880" h="62" n="33">
            <w x="934">I</w>
            <w x="1065">have</w>
            <w x="1166">felt</w>
            <w x="1234">so</w>
            <w x="1387">many</w>
            <w x="1552">quirks</w>
            <w x="1623">of</w>
            <w x="1710">joy</w>
            <w x="1817">and</w>
            <w x="1960">grief,</w>
        </line>
        <line c="2936" h="58" n="34">
            <w x="1035">That</w>
            <w x="1130">the</w>
            <w x="1243">first</w>
            <w x="1358">face</w>
            <w x="1430">of</w>
            <w x="1626">neither,</w>
            <w x="1706">on</w>
            <w x="1801">the</w>
            <w x="1943">start,</w>
        </line>
        <div id="3" x="908" y="2965" group="1" width="1344" height="69" type="checkmark"
            erasure="true" sealts="460_2_2.394" attribution="HM" mode="comedy" play="11a">
            <line c="3000" h="61" n="35">
                <w x="1013">Can</w>
                <w x="1202">woman</w>
                <w x="1292">me</w>
                <w x="1552">
                    <choice>
                        <orig>unto't.&#8212;</orig>
                        <reg>unto it.&#8212;</reg>
                        <reg>unto</reg>
                        <reg>it.&#8212;</reg>
                    </choice>
                </w>
                <w x="1703">Where</w>
                <w x="1750">is</w>
                <w x="1845">my</w>
                <w x="1953">son,</w>
                <w x="1991">I</w>
                <w x="2120">pray</w>
                <w x="2249">you?</w>
            </line>
        </div>
    </div>
</body>
