<body>
  <div id="2" x="230" y="2738" group="1" width="1385" height="136" type="checkmark" sealts="460_1_c095" attribution="HM"
    mode="comedy" play="2a">
    <line n="27" h="68" c="2772">
      <w x="342">like</w>
      <w x="396">a</w>
      <w x="772">
        <choice>
          <orig>male-content;</orig>
          <reg>malcontent</reg>
        </choice>
      </w>
      <w x="834">to</w>
      <w x="988">relish</w>
      <w x="1036">a</w>
      <w x="1302">
        <choice>
          <orig>love-song,</orig>
          <reg>love song,</reg>
          <reg>love</reg>
          <reg>song,</reg>
        </choice>
      </w>
      <w x="1402">like</w>
      <w x="1452">a</w>
      <w x="1610">robin-</w>
    </line>
    <line n="28" h="68" c="2832">
      <w x="534">
        <choice>
          <orig>red-breast;</orig>
          <reg>red breast;</reg>
          <reg>red</reg>
          <reg>breast;</reg>
        </choice>
      </w>
      <div id="3" x="532" y="2802" group="1" width="1076" height="64" type="underline"
        sealts="460_1_c095" attribution="HM" mode="comedy" play="2a">
        <line n="28" h="64" c="2834">
          <w x="602">to</w>
          <w x="746">walk</w>
          <w x="906">alone,</w>
          <w x="1016">like</w>
          <w x="1128">one</w>
          <w x="1248">that</w>
          <w x="1362">had</w>
          <w x="1464">the</w>
          <w x="1604">
            <choice>
              <hyph>pesti-</hyph>
              <reg>pestilence</reg>
            </choice>
          </w>
        </line>
      </div>
    </line>
  </div>
</body>
