<body>
    <div id="2" x="291" y="1640" group="1" width="1386" height="258" type="enclosure"
        sealts="460_7_7.097" attribution="HM" mode="tragedy" play="7c">
        <line c="1682" h="56" n="17">
            <w x="494">Kent.</w>
            <w x="1034">It</w>
            <w x="1091">is</w>
            <w x="1188">the</w>
            <w x="1335">stars,</w>
        </line>
        <line c="1745" h="60" n="18">
            <w x="400">The</w>
            <w x="532">stars</w>
            <w x="691">above</w>
            <w x="779">us,</w>
            <w x="964">govern</w>
            <w x="1063">our</w>
            <w x="1328">conditions;</w>
        </line>
        <line c="1806" h="59" n="19">
            <w x="406">Else</w>
            <w x="512">one</w>
            <w x="621">self</w>
            <w x="753">mate</w>
            <w x="864">and</w>
            <w x="1036">mate,</w>
            <w x="1185">could</w>
            <w x="1286">not</w>
            <w x="1441">beget</w>
        </line>
        <line c="1867" h="61" n="20">
            <w x="421">Such</w>
            <w x="644">different</w>
            <w x="816">issues.</w>
            <w x="983">You</w>
            <w x="1140">spoke</w>
            <w x="1249">not</w>
            <w x="1372">with</w>
            <w x="1471">her</w>
            <w x="1643">since?</w>
        </line>
    </div>
</body>
