<body>
	<div id="2" x="597" y="1254" group="1" width="765" height="81" type="score" sealts="460_5_5.138" attribution="HM"
		mode="history" play="6b">
		<line n="20" h="40" c="1274">
			<w x="675">Out</w>
			<w x="714">of</w>
			<w x="776">his</w>
			<w x="980">
				<choice>
					<orig>self-drawing</orig>
					<reg>self drawing</reg>
					<reg>self</reg>
					<reg>drawing</reg>
				</choice>
			</w>
			<w x="1066">web,</w>
			<w x="1115">he</w>
			<w x="1211">gives</w>
			<w x="1257">us</w>
			<w x="1345">note,</w>
		</line>
		<line n="21" h="40" c="1314">
			<w x="678">The</w>
			<w x="768">force</w>
			<w x="812">of</w>
			<w x="867">his</w>
			<w x="947">own</w>
			<w x="1037">merit</w>
			<w x="1154">makes</w>
			<w x="1208">his</w>
			<w x="1325">way;</w>
		</line>
	</div>
</body>
