<body>
	<div id="2" x="752" y="664" group="1" width="1260" height="185" type="diagonalscore"
		sealts="460_3_3.090" attribution="HM" mode="comedy" play="13a">
		<line n="3" h="70" c="697">
			<div id="4" x="771" y="662" group="1" width="791" height="70" type="underline"
				sealts="460_3_3.090" attribution="HM" mode="comedy" play="13a">
				<w x="875">Do,</w>
				<w x="946">as</w>
				<w x="1038">the</w>
				<w x="1272">Heavens</w>
				<w x="1403">have</w>
				<w x="1562">done;</w>
			</div>
			<w x="1733">forget</w>
			<w x="1861">your</w>
			<w x="1993">evil:</w>
		</line>
		<line c="764" h="68" n="2">
			<w x="913">With</w>
			<w x="1061">them,</w>
			<w x="1240">forgive</w>
			<w x="1464">yourself.</w>
		</line>
		<line c="817" h="57" n="3">
			<w x="973">Leon.</w>
			<w x="1694">Whilst</w>
			<w x="1740">I</w>
			<w x="2009">remember</w>
		</line>
		<div id="4" x="766" y="852" group="1" width="1215" height="434" type="diagonalscore"
			sealts="460_3_3.090" attribution="HM" mode="comedy" play="13a">
			<line c="886" h="60" n="4">
				<w x="870">Her</w>
				<w x="978">and</w>
				<w x="1076">her</w>
				<w x="1272">virtues,</w>
				<w x="1316">I</w>
				<w x="1502">cannot</w>
				<w x="1663">forget</w>
			</line>
			<line c="951" h="65" n="5">
				<w x="856">My</w>
				<w x="1110">blemishes</w>
				<w x="1177">in</w>
				<w x="1347">them;</w>
				<w x="1469">and</w>
				<w x="1539">so</w>
				<w x="1647">still</w>
				<w x="1795">think</w>
				<w x="1867">of</w>
			</line>
			<line c="1014" h="64" n="6">
				<w x="872">The</w>
				<w x="1049">wrong</w>
				<w x="1090">I</w>
				<w x="1188">did</w>
				<w x="1392">myself;</w>
				<w x="1573">which</w>
				<w x="1686">was</w>
				<w x="1756">so</w>
				<w x="1922">much,</w>
			</line>
			<line c="1073" h="59" n="7">
				<w x="894">That</w>
				<w x="1091">heirless</w>
				<w x="1149">it</w>
				<w x="1274">hath</w>
				<w x="1424">made</w>
				<w x="1522">my</w>
				<w x="1797">kingdom;</w>
				<w x="1903">and</w>
			</line>
			<line c="1124" h="90" n="8">
				<w x="1020">Destroyed</w>
				<w x="1118">the</w>
				<w x="1339">
					<choice>
						<orig>sweet'st</orig>
						<reg>sweetest</reg>
					</choice>
				</w>
				<w x="1621">companion</w>
				<w x="1739">that</w>
				<w x="1848">
					<orig>e'er</orig>
					<reg>ever</reg>
				</w>
				<w x="1972">man</w>
			</line>
			<line c="1199" h="61" n="9">
				<w x="889">Bred</w>
				<w x="978">his</w>
				<w x="1137">hopes</w>
				<w x="1236">out</w>
				<w x="1324">of.</w>
			</line>
			<line c="1260" h="61" n="10">
				<w x="968">Paul.</w>
				<w x="1517">True,</w>
				<w x="1615">too</w>
				<w x="1752">true,</w>
				<w x="1846">my</w>
				<w x="1972">lord.</w>
			</line>
		</div>
	</div>
</body>
