<body>
    <div id="2" x="520" y="443" group="1" width="925" height="1479" type="score" sealts="460_5_5.538" attribution="HM"
        mode="tragedy" play="2c">
        <line c="472" h="33" n="1">
            <w x="639">Stand</w>
            <w x="667">I</w>
            <w x="778">before</w>
            <w x="859">thee</w>
            <w x="951">here.</w>
            <w x="1081">Then</w>
            <w x="1121">if</w>
            <w x="1207">thou</w>
            <w x="1285">hast</w>
        </line>
        <line c="518" h="42" n="2">
            <w x="571">A</w>
            <w x="667">heart</w>
            <w x="713">of</w>
            <w x="835">wreak</w>
            <w x="881">in</w>
            <w x="971">thee,</w>
            <w x="1050">that</w>
            <w x="1121">will</w>
            <w x="1254">revenge</w>
        </line>
        <line c="557" h="43" n="3">
            <w x="640">Thine</w>
            <w x="720">own</w>
            <w x="884">particular</w>
            <w x="1023">wrongs,</w>
            <w x="1094">and</w>
            <w x="1173">stop</w>
            <w x="1281">those</w>
            <w x="1382">maims</w>
        </line>
        <line c="598" h="45" n="4">
            <w x="588">Of</w>
            <w x="703">shame</w>
            <w x="779">seen</w>
            <w x="910">through</w>
            <w x="970">thy</w>
            <w x="1107">country,</w>
            <w x="1206">speed</w>
            <w x="1281">thee</w>
            <w x="1445">straight,</w>
        </line>
        <line c="638" h="42" n="5">
            <w x="610">And</w>
            <w x="709">make</w>
            <w x="773">my</w>
            <w x="890">misery</w>
            <w x="983">serve</w>
            <w x="1049">thy</w>
            <w x="1145">turn;</w>
            <w x="1200">so</w>
            <w x="1264">use</w>
            <w x="1310">it,</w>
        </line>
        <line c="678" h="43" n="6">
            <w x="622">That</w>
            <w x="685">my</w>
            <w x="861">revengeful</w>
            <w x="996">services</w>
            <w x="1076">may</w>
            <w x="1174">prove</w>
        </line>
        <line c="719" h="42" n="7">
            <w x="583">As</w>
            <w x="717">benefits</w>
            <w x="762">to</w>
            <w x="860">thee;</w>
            <w x="924">for</w>
            <w x="951">I</w>
            <w x="1024">will</w>
            <w x="1110">fight</w>
        </line>
        <line c="759" h="43" n="8">
            <w x="664">Against</w>
            <w x="726">my</w>
            <w x="882">cankered</w>
            <w x="1016">country</w>
            <w x="1100">with</w>
            <w x="1163">the</w>
            <w x="1275">spleen</w>
        </line>
        <line c="794" h="34" n="9">
            <w x="586">Of</w>
            <w x="638">all</w>
            <w x="701">the</w>
            <w x="920">
                <choice>
                    <orig>under-fiends.</orig>
                    <reg>under fiends</reg>
                    <reg>under</reg>
                    <reg>fiends</reg>
                </choice>
            </w>
            <w x="1022">But</w>
            <w x="1061">if</w>
            <w x="1108">so</w>
            <w x="1158">be</w>
        </line>
        <line c="838" h="43" n="10">
            <w x="625">Thou</w>
            <w x="728">
                <choice>
                    <orig>dar'st</orig>
                    <reg>dare</reg>
                </choice>
            </w>
            <w x="792">not</w>
            <w x="871">this,</w>
            <w x="943">and</w>
            <w x="1021">that</w>
            <w x="1064">to</w>
            <w x="1162">prove</w>
            <w x="1253">more</w>
            <w x="1395">fortunes</w>
        </line>
        <line c="877" h="40" n="11">
            <w x="625">Thou</w>
            <w x="683">art</w>
            <w x="774">tired,</w>
            <w x="869">then,</w>
            <w x="914">in</w>
            <w x="946">a</w>
            <w x="1048">word,</w>
            <w x="1077">I</w>
            <w x="1151">also</w>
            <w x="1212">am</w>
        </line>
        <line c="919" h="44" n="12">
            <w x="656">Longer</w>
            <w x="700">to</w>
            <w x="767">live</w>
            <w x="855">most</w>
            <w x="975">weary,</w>
            <w x="1047">and</w>
            <w x="1182">present</w>
        </line>
        <line c="959" h="43" n="13">
            <w x="593">My</w>
            <w x="700">throat</w>
            <w x="744">to</w>
            <w x="833">thee,</w>
            <w x="905">and</w>
            <w x="950">to</w>
            <w x="1015">thy</w>
            <w x="1162">ancient</w>
            <w x="1275">malice;</w>
        </line>
        <line c="998" h="41" n="14">
            <w x="643">Which</w>
            <w x="707">not</w>
            <w x="751">to</w>
            <w x="822">cut,</w>
            <w x="933">would</w>
            <w x="1026">show</w>
            <w x="1108">thee</w>
            <w x="1175">but</w>
            <w x="1206">a</w>
            <w x="1293">fool;</w>
        </line>
        <line c="1039" h="40" n="15">
            <w x="626">Since</w>
            <w x="655">I</w>
            <w x="741">have</w>
            <w x="822">ever</w>
            <w x="968">followed</w>
            <w x="1049">thee</w>
            <w x="1134">with</w>
            <w x="1225">hate,</w>
        </line>
        <line c="1080" h="43" n="16">
            <w x="649">Drawn</w>
            <w x="729">tuns</w>
            <w x="776">of</w>
            <w x="876">blood</w>
            <w x="940">out</w>
            <w x="986">of</w>
            <w x="1054">thy</w>
            <w x="1211">country's</w>
            <w x="1329">breast,</w>
        </line>
        <line c="1120" h="41" n="17">
            <w x="604">And</w>
            <w x="724">cannot</w>
            <w x="792">live</w>
            <w x="859">but</w>
            <w x="902">to</w>
            <w x="968">thy</w>
            <w x="1088">shame,</w>
            <w x="1199">unless</w>
        </line>
        <line c="1155" h="32" n="18">
            <w x="565">It</w>
            <w x="614">be</w>
            <w x="659">to</w>
            <w x="709">do</w>
            <w x="790">thee</w>
            <w x="921">service.</w>
        </line>
        <line c="1200" h="40" n="19">
            <w x="646">Auf.</w>
            <w x="998">O</w>
            <w x="1147">Marcius,</w>
            <w x="1297">Marcius,</w>
        </line>
        <line c="1240" h="47" n="20">
            <w x="618">Each</w>
            <w x="708">word</w>
            <w x="791">thou</w>
            <w x="870">hast</w>
            <w x="971">spoke</w>
            <w x="1056">hath</w>
            <w x="1188">weeded</w>
            <w x="1269">from</w>
            <w x="1329">my</w>
            <w x="1420">heart</w>
        </line>
        <line c="1282" h="42" n="21">
            <w x="563">A</w>
            <w x="638">root</w>
            <w x="685">of</w>
            <w x="817">ancient</w>
            <w x="914">envy.</w>
            <w x="986">If</w>
            <w x="1114">Jupiter</w>
        </line>
        <line c="1323" h="44" n="22">
            <w x="645">Should</w>
            <w x="731">from</w>
            <w x="800">yon</w>
            <w x="898">cloud</w>
            <w x="1001">speak</w>
            <w x="1110">divine</w>
            <w x="1230">things,</w>
            <w x="1302">and</w>
            <w x="1377">say,</w>
        </line>
        <line c="1360" h="41" n="23">
            <w x="602">
                <choice>
                    <orig>'Tis</orig>
                    <reg>It is</reg>
                    <reg>It</reg>
                    <reg>is</reg>
                </choice>
            </w>
            <w x="678">true;</w>
            <w x="760">
                <choice>
                    <orig>I'd</orig>
                    <reg>I would</reg>
                    <reg>I</reg>
                    <reg>would</reg>
                </choice>
            </w>
            <w x="825">not</w>
            <w x="947">believe</w>
            <w x="1041">them</w>
            <w x="1133">more</w>
            <w x="1217">than</w>
            <w x="1308">thee,</w>
        </line>
        <line c="1401" h="38" n="24">
            <w x="581">All</w>
            <w x="680">noble</w>
            <w x="882">Marcius.&#8212;</w>
            <w x="910">O,</w>
            <w x="967">let</w>
            <w x="1026">me</w>
            <w x="1130">twine</w>
        </line>
        <line c="1443" h="43" n="25">
            <w x="616">Mine</w>
            <w x="705">arms</w>
            <w x="806">about</w>
            <w x="882">that</w>
            <w x="981">body,</w>
            <w x="1089">where</w>
            <w x="1217">against</w>
        </line>
        <line c="1482" h="40" n="26">
            <w x="588">My</w>
            <w x="719">grained</w>
            <w x="784">ash</w>
            <w x="834">an</w>
            <w x="979">hundred</w>
            <w x="1077">times</w>
            <w x="1160">hath</w>
            <w x="1271">broke,</w>
        </line>
        <line c="1524" h="43" n="27">
            <w x="601">And</w>
            <w x="727">scarred</w>
            <w x="789">the</w>
            <w x="889">moon</w>
            <w x="975">with</w>
            <w x="1137">splinters!</w>
            <w x="1260">Here</w>
            <w x="1288">I</w>
            <w x="1360">clip</w>
        </line>
        <line c="1563" h="41" n="28">
            <w x="599">The</w>
            <w x="689">anvil</w>
            <w x="736">of</w>
            <w x="801">my</w>
            <w x="906">sword;</w>
            <w x="1019">and</w>
            <w x="1071">do</w>
            <w x="1197">contest</w>
        </line>
        <line c="1604" h="41" n="29">
            <w x="574">As</w>
            <w x="668">hotly</w>
            <w x="738">and</w>
            <w x="783">as</w>
            <w x="884">nobly</w>
            <w x="969">with</w>
            <w x="1034">thy</w>
            <w x="1120">love,</w>
        </line>
        <line c="1645" h="42" n="30">
            <w x="574">As</w>
            <w x="654">ever</w>
            <w x="697">in</w>
            <w x="862">ambitious</w>
            <w x="1006">strength</w>
            <w x="1033">I</w>
            <w x="1097">did</w>
        </line>
        <line c="1685" h="42" n="31">
            <w x="668">Contend</w>
            <w x="795">against</w>
            <w x="860">thy</w>
            <w x="957">valor.</w>
            <w x="1095">Know</w>
            <w x="1178">thou</w>
            <w x="1260">first,</w>
        </line>
        <line c="1723" h="39" n="32">
            <w x="545">I</w>
            <w x="622">love</w>
            <w x="685">the</w>
            <w x="777">maid</w>
            <w x="805">I</w>
            <w x="958">married;</w>
            <w x="1066">never</w>
            <w x="1147">man</w>
        </line>
        <line c="1765" h="40" n="33">
            <w x="641">Sighed</w>
            <w x="732">truer</w>
            <w x="863">breath;</w>
            <w x="938">but</w>
            <w x="1014">that</w>
            <w x="1041">I</w>
            <w x="1105">see</w>
            <w x="1186">thee</w>
            <w x="1278">here,</w>
        </line>
        <line c="1806" h="43" n="34">
            <w x="616">Thou</w>
            <w x="715">noble</w>
            <w x="824">thing!</w>
            <w x="924">more</w>
            <w x="1044">dances</w>
            <w x="1108">my</w>
            <w x="1184">rapt</w>
            <w x="1287">heart,</w>
        </line>
        <line c="1846" h="41" n="35">
            <w x="617">Than</w>
            <w x="717">when</w>
            <w x="745">I</w>
            <w x="819">first</w>
            <w x="882">my</w>
            <w x="1017">wedded</w>
            <w x="1158">mistress</w>
            <w x="1233">saw</w>
        </line>
        <line c="1887" h="42" n="36">
            <w x="661">Bestride</w>
            <w x="726">my</w>
            <w x="903">threshold.</w>
            <w x="1027">Why,</w>
            <w x="1111">thou</w>
            <w x="1221">Mars!</w>
            <w x="1257">I</w>
            <w x="1322">tell</w>
            <w x="1412">thee,</w>
        </line>
    </div>
</body>
