<body>
    <div id="2" x="994" y="2250" group="1" width="1350" height="127" type="score" type2="annotated"
        sealts="460_2_2.284" attribution="HM" mode="comedy" play="10a">
        <line n="26" h="60" c="2280">
            <w x="1142">many</w>
            <w x="1351">matters</w>
            <w x="1434">as</w>
            <w x="1543">he;</w>
            <w x="1655">but</w>
            <w x="1722">I</w>
            <w x="1837">give</w>
            <w x="2052">Heaven</w>
            <w x="2244">thanks,</w>
            <w x="2344">and</w>
        </line>
        <line n="27" h="60" c="2340">
            <w x="1142">make</w>
            <w x="1219">no</w>
            <w x="1365">boast</w>
            <w x="1438">of</w>
            <w x="1587">them.</w>
            <w x="1804">Come,</w>
            <w x="2002">warble,</w>
            <w x="2163">come.</w>
        </line>
    </div>
    <div id="3" x="888" y="3242" group="2" width="1301" height="165" type="annotation"
        sealts="460_2_2.284" attribution="HM" mode="comedy" play="10a">
        <line n="1" h="165" c="3324">
            <w x="1117">There</w>
            <w x="1266">are</w>
            <w x="1419">75</w>
            <w x="1629">folio</w>
            <w x="1924">volumes</w>
            <w x="2029">in</w>
            <w x="2187">that.</w>
        </line>
    </div>
</body>
