<body>
    <div id="2" x="342" y="2544" group="1" width="1362" height="429" type="score" sealts="460_1_c405" attribution="HM"
        mode="comedy" play="5a">
        <line c="2586" h="70" n="31">
            <w x="565">Duke.</w>
            <w x="1170">Away</w>
            <w x="1290">with</w>
            <w x="1378">her:</w>
            <w x="1572">&#8212;poor</w>
            <w x="1694">soul.</w>
        </line>
        <line c="2645" h="65" n="32">
            <w x="445">She</w>
            <w x="626">speaks</w>
            <w x="733">this</w>
            <w x="800">in</w>
            <w x="894">the</w>
            <w x="1122">infirmity</w>
            <w x="1191">of</w>
            <w x="1357">sense.</w>
        </line>
        <line c="2705" h="63" n="33">
            <w x="528">Isab.</w>
            <w x="616">O</w>
            <w x="800">prince,</w>
            <w x="845">I</w>
            <w x="1042">conjure</w>
            <w x="1179">thee,</w>
            <w x="1251">as</w>
            <w x="1378">thou</w>
            <w x="1606">
                <choice>
                    <orig>believest</orig>
                    <reg>believe</reg>
                </choice>
            </w>
        </line>
        <line c="2766" h="62" n="34">
            <w x="501">There</w>
            <w x="559">is</w>
            <w x="763">another</w>
            <w x="965">comfort</w>
            <w x="1091">than</w>
            <w x="1198">this</w>
            <w x="1369">world,</w>
        </line>
        <line c="2830" h="66" n="35">
            <w x="475">That</w>
            <w x="598">thou</w>
            <w x="796">neglect</w>
            <w x="886">me</w>
            <w x="998">not,</w>
            <w x="1130">with</w>
            <w x="1247">that</w>
            <w x="1442">opinion</w>
        </line>
        <line c="2892" h="68" n="36">
            <div id="3" x="348" y="2848" group="1" width="824" height="72" type="underline"
                sealts="460_1_c405" attribution="HM" mode="comedy" play="5a">
                <w x="480">That</w>
                <w x="522">I</w>
                <w x="610">am</w>
                <w x="810">touched</w>
                <w x="932">with</w>
                <w x="1164">madness:</w>
            </div>
            <w x="1327">make</w>
            <w x="1427">not</w>
            <w x="1693">impossible</w>
        </line>
        <line c="2951" h="70" n="37">
            <w x="486">That</w>
            <w x="649">which</w>
            <w x="750">but</w>
            <w x="913">seems</w>
            <w x="1106">unlike:</w>
            <w x="1209">
                <choice>
                    <orig>'tis</orig>
                    <reg>it is</reg>
                    <reg>it</reg>
                    <reg>is</reg>
                </choice>
            </w>
            <w x="1305">not</w>
            <w x="1565">impossible</w>
        </line>
    </div>
    <div id="4" x="340" y="2983" group="1" width="1192" height="185" type="score" sealts="460_1_c405" attribution="HM"
        mode="comedy" play="5a">
        <line c="3013" h="67" n="38">
            <w x="443">But</w>
            <w x="561">one,</w>
            <w x="659">the</w>
            <w x="910">
                <choice>
                    <orig>wicked'st</orig>
                    <reg>wickedest</reg>
                </choice>
            </w>
            <w x="1071">caitiff</w>
            <w x="1149">on</w>
            <w x="1245">the</w>
            <w x="1448">ground,</w>
        </line>
        <line c="3074" h="67" n="39">
            <w x="460">May</w>
            <w x="601">seem</w>
            <w x="670">as</w>
            <w x="786">shy,</w>
            <w x="857">as</w>
            <w x="1021">grave,</w>
            <w x="1093">as</w>
            <w x="1213">just,</w>
            <w x="1285">as</w>
            <w x="1515">absolute,</w>
        </line>
        <line c="3136" h="65" n="40">
            <w x="440">As</w>
            <w x="632">Angelo;</w>
            <w x="776">even</w>
            <w x="845">so</w>
            <w x="967">may</w>
            <w x="1171">Angelo,</w>
        </line>
    </div>
</body>
