<body>
    <div id="2" x="390" y="2127" group="1" width="1338" height="671" type="score" sealts="460_2_2.435" attribution="HM"
        mode="comedy" play="11a">
        <line c="2161" h="60" n="24">
            <w x="530">From</w>
            <w x="624">the</w>
            <w x="767">great</w>
            <w x="944">compt.</w>
            <w x="1097">But</w>
            <w x="1231">love,</w>
            <w x="1348">that</w>
            <w x="1511">comes</w>
            <w x="1604">too</w>
            <w x="1724">late,</w>
        </line>
        <line c="2221" h="58" n="25">
            <w x="515">Like</w>
            <w x="563">a</w>
            <w x="830">remorseful</w>
            <w x="1012">pardon</w>
            <w x="1184">slowly</w>
            <w x="1378">carried,</w>
        </line>
        <line c="2283" h="60" n="26">
            <w x="471">To</w>
            <w x="565">the</w>
            <w x="708">great</w>
            <w x="883">sender</w>
            <w x="1021">turns</w>
            <w x="1068">a</w>
            <w x="1185">sour</w>
            <w x="1384">offence,</w>
        </line>
        <line c="2343" h="61" n="27">
            <w x="579">Crying,</w>
            <w x="731">
                <choice>
                    <orig>that's</orig>
                    <reg>that is</reg>
                    <reg>that</reg>
                    <reg>is</reg>
                </choice>
            </w>
            <w x="863">good</w>
            <w x="1013">
                <choice>
                    <orig>that's</orig>
                    <reg>that is</reg>
                    <reg>that</reg>
                    <reg>is</reg>
                </choice>
            </w>
            <w x="1160">gone.</w>
            <w x="1317">Our</w>
            <w x="1429">rash</w>
            <w x="1576">faults</w>
        </line>
        <line c="2403" h="60" n="28">
            <w x="535">Make</w>
            <w x="694">trivial</w>
            <w x="830">price</w>
            <w x="901">of</w>
            <w x="1084">serious</w>
            <w x="1250">things</w>
            <w x="1340">we</w>
            <w x="1484">have,</w>
        </line>
        <line c="2465" h="61" n="29">
            <w x="490">Not</w>
            <w x="716">knowing</w>
            <w x="869">them,</w>
            <w x="1000">until</w>
            <w x="1089">we</w>
            <w x="1242">know</w>
            <w x="1373">their</w>
            <w x="1534">grave.</w>
        </line>
        <line c="2525" h="59" n="30">
            <w x="482">Oft</w>
            <w x="576">our</w>
            <w x="892">displeasures,</w>
            <w x="961">to</w>
            <w x="1194">ourselves</w>
            <w x="1373">unjust,</w>
        </line>
        <line c="2586" h="60" n="31">
            <w x="590">Destroy</w>
            <w x="684">our</w>
            <w x="879">friends,</w>
            <w x="988">and</w>
            <w x="1118">after</w>
            <w x="1265">weep</w>
            <w x="1396">their</w>
            <w x="1528">dust.</w>
        </line>
        <line c="2646" h="59" n="32">
            <w x="496">Our</w>
            <w x="616">own</w>
            <w x="730">love</w>
            <w x="922">waking</w>
            <w x="1051">cries</w>
            <w x="1117">to</w>
            <w x="1211">see</w>
            <w x="1388">
                <choice>
                    <orig>what's</orig>
                    <reg>what is</reg>
                    <reg>what</reg>
                    <reg>is</reg>
                </choice>
            </w>
            <w x="1534">done,</w>
        </line>
        <line c="2705" h="62" n="33">
            <w x="542">While</w>
            <w x="772">shameful</w>
            <w x="893">hate</w>
            <w x="1054">sleeps</w>
            <w x="1151">out</w>
            <w x="1245">the</w>
            <w x="1543">afternoon,</w>
        </line>
    </div>
</body>
