<body>
    <div id="2" x="307" y="564" group="1" width="885" height="250" type="wavyscore" sealts="460_5_5.133" attribution="HM"
        mode="commentary" section="prelim" play="6b">
        <line n="1" h="35" c="581">
            <w x="363">fact</w>
            <w x="490">Katharine</w>
            <w x="540">did</w>
            <w x="587">not</w>
            <w x="630">die</w>
            <w x="676">till</w>
            <w x="755">1536.</w>
            <w x="795">In</w>
            <w x="959">constructing</w>
            <w x="1001">his</w>
            <w x="1091">scenes</w>
            <w x="1134">he</w>
            <w x="1185">has</w>
        </line>
        <line n="2" h="35" c="616">
            <w x="413">availed</w>
            <w x="504">himself</w>
            <w x="602">largely</w>
            <w x="641">of</w>
            <w x="692">the</w>
            <w x="807">eloquent</w>
            <w x="928">narrative</w>
            <w x="968">of</w>
            <w x="1090">Wolsey's</w>
            <w x="1187">faithful</w>
        </line>
        <line n="3" h="35" c="651">
            <w x="407">servant</w>
            <w x="459">and</w>
            <w x="602">biographer,</w>
            <w x="699">George</w>
            <w x="838">Cavendish,</w>
            <w x="873">as</w>
            <w x="953">copied</w>
            <w x="991">by</w>
            <w x="1040">the</w>
            <w x="1181">Chronicles;</w>
        </line>
        <line n="4" h="35" c="686">
            <w x="374">and,</w>
            <w x="467">indeed,</w>
            <w x="507">the</w>
            <w x="591">pathos</w>
            <w x="619">of</w>
            <w x="667">the</w>
            <w x="782">cardinal's</w>
            <w x="857">dying</w>
            <w x="936">scene</w>
            <w x="961">is</w>
            <w x="1049">almost</w>
            <w x="1079">as</w>
            <w x="1183">effective</w>
        </line>
        <line n="5" h="35" c="721">
            <w x="350">in</w>
            <w x="398">the</w>
            <w x="491">simple</w>
            <w x="610">narrative</w>
            <w x="646">of</w>
            <w x="773">Cavendish</w>
            <w x="816">as</w>
            <w x="852">in</w>
            <w x="904">the</w>
            <w x="982">play.</w>
            <w x="1044">The</w>
            <w x="1097">fine</w>
            <w x="1186">picture</w>
        </line>
        <line n="6" h="35" c="756">
            <w x="391">which</w>
            <w x="446">the</w>
            <w x="512">Poet</w>
            <w x="563">has</w>
            <w x="654">drawn</w>
            <w x="690">of</w>
            <w x="740">the</w>
            <w x="856">suffering</w>
            <w x="918">and</w>
            <w x="1066">
                <choice>
                    <orig>defenceless</orig>
                    <reg>defenseless</reg>
                </choice>
            </w>
            <w x="1149">virtue</w>
            <w x="1183">of</w>
        </line>
        <line n="7" h="35" c="791">
            <w x="392">queen</w>
            <w x="521">Katharine,</w>
            <w x="553">and</w>
            <w x="614">the</w>
            <w x="666">just</w>
            <w x="713">and</w>
            <w x="812">spirited</w>
            <w x="902">though</w>
            <w x="1007">softened,</w>
            <w x="1106">portrait</w>
            <w x="1138">he</w>
            <w x="1185">has</w>
        </line>
    </div>
</body>
