<body>
    <div id="2" x="1047" y="1008" group="1" width="1017" height="78" type="checkmark"
        sealts="460_2_2.126" attribution="HM" mode="comedy" play="8a">
        <line n="6" h="69" c="1046">
            <w x="1124">At</w>
            <w x="1218">the</w>
            <w x="1330">first</w>
            <w x="1536">opening</w>
            <w x="1607">of</w>
            <w x="1704">the</w>
            <div id="3" x="1714" y="1019" group="1" width="341" height="56" type="underline"
                sealts="460_2_2.126" attribution="HM" mode="comedy" play="8a">
                <w x="1934">gorgeous</w>
                <w x="2057">east,</w>
            </div>
        </line>
    </div>
    <div id="4" x="999" y="3063" group="2" width="1256" height="125" type="crosschecks2"
        sealts="460_2_2.126" attribution="HM" mode="comedy" play="8a">
        <line n="40" h="62" c="3094">
            <w x="1174">Biron.</w>
            <w x="1359">Devils</w>
            <w x="1553">soonest</w>
            <w x="1734">tempt,</w>
            <w x="2014">resembling</w>
            <w x="2185">spirits</w>
            <w x="2254">of</w>
        </line>
        <line n="41" h="62" c="3156">
            <w x="1325">light.</w>
        </line>
    </div>
</body>
