<body>
	<div id="2" x="887" y="1141" group="1" width="1279" height="136" type="checkmark"
		sealts="460_3_3.382" attribution="HM" mode="history" play="2b">
		<line n="9" h="68" c="1175">
			<w x="1139">Gaunt.</w>
			<w x="1415">Methinks</w>
			<w x="1456">I</w>
			<w x="1549">am</w>
			<w x="1601">a</w>
			<w x="1805">prophet</w>
			<w x="1929">new</w>
			<w x="2166">inspired;</w>
		</line>
		<line n="10" h="68" c="1243">
			<w x="1013">And</w>
			<w x="1141">thus,</w>
			<w x="1380">expiring,</w>
			<w x="1467">do</w>
			<w x="1660">foretell</w>
			<w x="1723">of</w>
			<w x="1849">him.</w>
		</line>
	</div>
</body>
