<body>
    <div id="2" x="390" y="962" group="1" width="1346" height="260" type="score" sealts="460_1_c367" attribution="HM"
        mode="comedy" play="5a">
        <line c="1002" h="77" n="6">
            <w x="523">Thank</w>
            <w x="674">faults</w>
            <w x="798">may</w>
            <w x="952">shake</w>
            <w x="1050">our</w>
            <w x="1264">frames,)</w>
            <w x="1349">let</w>
            <w x="1439">me</w>
            <w x="1516">be</w>
            <w x="1731">bold;&#8212;</w>
        </line>
        <line c="1062" h="73" n="7">
            <w x="413">I</w>
            <w x="491">do</w>
            <w x="649">arrest</w>
            <w x="775">your</w>
            <w x="965">words:</w>
            <w x="1066">Be</w>
            <w x="1183">that</w>
            <w x="1288">you</w>
            <w x="1396">are,</w>
        </line>
        <line c="1128" h="66" n="8">
            <w x="513">That</w>
            <w x="584">is,</w>
            <w x="634">a</w>
            <w x="855">woman;</w>
            <w x="928">if</w>
            <w x="1038">you</w>
            <w x="1113">be</w>
            <w x="1268">more,</w>
            <w x="1438">
                <choice>
                    <orig>you're</orig>
                    <reg>you are</reg>
                    <reg>you</reg>
                    <reg>are</reg>
                </choice>
            </w>
            <w x="1603">none:</w>
        </line>
        <line c="1190" h="66" n="9">
            <w x="437">If</w>
            <w x="548">you</w>
            <w x="624">be</w>
            <w x="744">one,</w>
            <w x="839">(as</w>
            <w x="947">you</w>
            <w x="1038">are</w>
            <w x="1160">well</w>
            <w x="1416">expressed</w>
        </line>
    </div>
    <div id="3" x="381" y="2382" group="2" width="1357" height="508" type="score" sealts="460_1_c367" attribution="HM"
        mode="comedy" play="5a">
        <line c="2419" h="61" n="29">
            <w x="552">Ang.</w>
            <w x="1097">Who</w>
            <w x="1207">will</w>
            <w x="1394">believe</w>
            <w x="1533">thee,</w>
            <w x="1734">Isabel?</w>
        </line>
        <line c="2481" h="63" n="30">
            <w x="472">My</w>
            <w x="690">unsoiled</w>
            <w x="855">name,</w>
            <w x="953">the</w>
            <w x="1248">austereness</w>
            <w x="1320">of</w>
            <w x="1420">my</w>
            <w x="1527">life,</w>
        </line>
        <line c="2542" h="63" n="31">
            <w x="469">My</w>
            <w x="629">vouch</w>
            <w x="822">against</w>
            <w x="941">you,</w>
            <w x="1052">and</w>
            <w x="1147">my</w>
            <w x="1289">place</w>
            <w x="1341">
                <choice>
                    <orig>i'</orig>
                    <reg>in</reg>
                </choice>
            </w>
            <w x="1437">the</w>
            <w x="1588">state,</w>
        </line>
        <line c="2604" h="63" n="32">
            <w x="491">Will</w>
            <w x="560">so</w>
            <w x="689">your</w>
            <w x="959">accusation</w>
            <w x="1241">overweigh,</w>
        </line>
        <line c="2666" h="63" n="33">
            <w x="508">That</w>
            <w x="613">you</w>
            <w x="743">shall</w>
            <w x="878">stifle</w>
            <w x="946">in</w>
            <w x="1074">your</w>
            <w x="1195">own</w>
            <w x="1375">report,</w>
        </line>
        <line c="2728" h="63" n="34">
            <w x="489">And</w>
            <w x="634">smell</w>
            <w x="707">of</w>
            <w x="948">calumny.</w>
            <w x="1033">I</w>
            <w x="1165">have</w>
            <w x="1360">begun;</w>
        </line>
        <line c="2788" h="60" n="35">
            <w x="488">And</w>
            <w x="613">now</w>
            <w x="654">I</w>
            <w x="775">give</w>
            <w x="873">my</w>
            <w x="1065">sensual</w>
            <w x="1184">race</w>
            <w x="1281">the</w>
            <w x="1418">rein:</w>
        </line>
        <line c="2851" h="65" n="36">
            <w x="460">Fit</w>
            <w x="560">thy</w>
            <w x="763">consent</w>
            <w x="829">to</w>
            <w x="924">my</w>
            <w x="1073">sharp</w>
            <w x="1313">appetite;</w>
        </line>
    </div>
</body>
