<body>
    <div id="2" x="370" y="1428" group="1" width="1356" height="432" type="score" sealts="460_1_c361" attribution="HM"
        mode="comedy" play="5a">
        <line c="1464" h="61" n="10">
            <w x="582">Duke.</w>
            <w x="732">Hail</w>
            <w x="799">to</w>
            <w x="919">you,</w>
            <w x="1138">provost!</w>
            <w x="1221">so</w>
            <w x="1261">I</w>
            <w x="1412">think</w>
            <w x="1518">you</w>
            <w x="1632">are.</w>
        </line>
        <line c="1525" h="61" n="11">
            <w x="569">Prov.</w>
            <w x="634">I</w>
            <w x="721">am</w>
            <w x="810">the</w>
            <w x="1021">provost:</w>
            <w x="1211">
                <choice>
                    <orig>what's</orig>
                    <reg>what is</reg>
                    <reg>what</reg>
                    <reg>is</reg>
                </choice>
            </w>
            <w x="1331">your</w>
            <w x="1445">will,</w>
            <w x="1573">good</w>
            <w x="1602">friar?</w>
        </line>
        <line c="1588" h="62" n="12">
            <w x="584">Duke.</w>
            <w x="789">Bound</w>
            <w x="870">by</w>
            <w x="960">my</w>
            <w x="1160">charity,</w>
            <w x="1270">and</w>
            <w x="1366">my</w>
            <w x="1499">
                <choice>
                    <orig>blest</orig>
                    <reg>blessed</reg>
                </choice>
            </w>
            <w x="1595">order,</w>
        </line>
        <line c="1648" h="59" n="13">
            <w x="398">I</w>
            <w x="545">come</w>
            <w x="613">to</w>
            <w x="734">visit</w>
            <w x="828">the</w>
            <w x="1039">afflicted</w>
            <w x="1204">spirits</w>
        </line>
        <line c="1710" h="61" n="14">
            <w x="499">Here</w>
            <w x="567">in</w>
            <w x="663">the</w>
            <w x="856">prison:</w>
            <w x="946">do</w>
            <w x="1037">me</w>
            <w x="1133">the</w>
            <w x="1356">common</w>
            <w x="1491">right</w>
        </line>
        <line c="1769" h="54" n="15">
            <w x="449">To</w>
            <w x="531">let</w>
            <w x="622">me</w>
            <w x="719">see</w>
            <w x="887">them;</w>
            <w x="1008">and</w>
            <w x="1075">to</w>
            <w x="1224">make</w>
            <w x="1316">me</w>
            <w x="1472">know</w>
        </line>
        <line c="1831" h="61" n="16">
            <w x="476">The</w>
            <w x="650">nature</w>
            <w x="723">of</w>
            <w x="860">their</w>
            <w x="1049">crimes,</w>
            <w x="1168">that</w>
            <w x="1209">I</w>
            <w x="1334">may</w>
            <w x="1549">minister</w>
        </line>
    </div>
</body>
