<body>
	<div id="2" x="309" y="645" group="1" width="1209" height="117" type="score" sealts="460_3_3.029" attribution="HM"
		mode="comedy" play="13a">
		<line n="1" h="58" c="676">
			<w x="431">You</w>
			<w x="599">scarce</w>
			<w x="700">can</w>
			<w x="839">right</w>
			<w x="945">me</w>
			<w x="1219">
				<choice>
					<orig>throughly,</orig>
					<reg>thoroughly,</reg>
				</choice>
			</w>
			<w x="1354">then,</w>
			<w x="1431">to</w>
			<w x="1516">say</w>
		</line>
		<line n="2" h="58" c="744">
			<w x="418">You</w>
			<w x="522">did</w>
			<w x="751">mistake.</w>
		</line>
	</div>
	<div id="3" x="308" y="1210" group="2" width="1241" height="323" type="score" sealts="460_3_3.029" attribution="HM"
		mode="comedy" play="13a">
		<line c="1247" h="63" n="10">
			<w x="336">I</w>
			<w x="477">must</w>
			<w x="554">be</w>
			<w x="751">patient</w>
			<w x="838">till</w>
			<w x="935">the</w>
			<w x="1153">heavens</w>
			<w x="1279">look</w>
		</line>
		<line c="1310" h="64" n="11">
			<w x="439">With</w>
			<w x="518">an</w>
			<w x="689">aspect</w>
			<w x="835">more</w>
			<w x="1294">favorable.</w>
			<div id="4" x="1094" y="1290" group="2" width="64" height="46" type="strikethrough"
				sealts="460_3_3.029" attribution="HM" mode="comedy" play="13a">
				<w x="1294">&#8212;</w>
			</div>
			<w x="1272">Good</w>
			<w x="1392">my</w>
			<w x="1544">lords,</w>
		</line>
		<line c="1373" h="61" n="12">
			<w x="335">I</w>
			<w x="431">am</w>
			<w x="532">not</w>
			<w x="689">prone</w>
			<w x="759">to</w>
			<w x="1003">weeping,</w>
			<w x="1076">as</w>
			<w x="1177">our</w>
			<w x="1279">sex</w>
		</line>
		<line c="1436" h="62" n="13">
			<w x="582">Commonly</w>
			<w x="700">are;</w>
			<w x="810">the</w>
			<w x="959">want</w>
			<w x="1032">of</w>
			<w x="1205">which</w>
			<w x="1335">vain</w>
			<w x="1468">dew,</w>
		</line>
		<line c="1498" h="61" n="14">
			<w x="583">Perchance,</w>
			<w x="718">shall</w>
			<w x="822">dry</w>
			<w x="951">your</w>
			<w x="1130">pities:</w>
			<w x="1246">but</w>
			<w x="1288">I</w>
			<w x="1425">have</w>
		</line>
	</div>
</body>
