<body>
    <div id="2" x="862" y="2355" group="1" width="1302" height="129" type="checkmark"
        sealts="460_2_2.470" attribution="HM" mode="comedy" play="12a">
        <line n="28" h="64" c="2387">
            <w x="971">Pet.</w>
            <w x="1132">Such</w>
            <w x="1286">wind</w>
            <w x="1360">as</w>
            <w x="1567">scatters</w>
            <w x="1733">young</w>
            <w x="1856">men</w>
            <w x="2065">through</w>
            <w x="2163">the</w>
        </line>
        <line n="29" h="64" c="2451">
            <w x="1221">world,</w>
        </line>
    </div>
</body>
