<body>
    <div id="2" x="328" y="890" group="1" width="1352" height="446" type="score2" sealts="460_1_c261" attribution="HM"
        mode="comedy" play="4a">
        <line c="929" h="74" n="4">
            <w x="491">Oli.</w>
            <w x="594">O,</w>
            <w x="703">you</w>
            <w x="796">are</w>
            <w x="912">sick</w>
            <w x="983">of</w>
            <w x="1204">
                <choice>
                    <orig>self-love,</orig>
                    <reg>self love,</reg>
                    <reg>self</reg>
                    <reg>love,</reg>
                </choice>
            </w>
            <w x="1440">Malvolio,</w>
            <w x="1544">and</w>
            <w x="1674">taste</w>
        </line>
        <line c="995" h="82" n="5">
            <w x="446">with</w>
            <w x="493">a</w>
            <w x="805">distempered</w>
            <w x="1033">appetite.</w>
            <w x="1169">To</w>
            <w x="1254">be</w>
            <w x="1511">generous,</w>
            <w x="1673">
                <choice>
                    <hyph>guilt-</hyph>
                    <reg>guiltless</reg>
                </choice>
            </w>
        </line>
        <line c="1055" h="83" n="6">
            <w x="435" endhyph="true">less,</w>
            <w x="545">and</w>
            <w x="617">of</w>
            <w x="721">free</w>
            <w x="1009">disposition,</w>
            <w x="1068">is</w>
            <w x="1134">to</w>
            <w x="1256">take</w>
            <w x="1400">those</w>
            <w x="1578">things</w>
            <w x="1673">for</w>
        </line>
        <line c="1115" h="78" n="7">
            <w x="597">
                <choice>
                    <orig>bird-bolts,</orig>
                    <reg>bird bolts,</reg>
                    <reg>bird</reg>
                    <reg>bolts,</reg>
                </choice>
            </w>
            <w x="725">that</w>
            <w x="842">you</w>
            <w x="1002">deem</w>
            <w x="1408">
                <choice>
                    <orig>cannon-bullets:</orig>
                    <reg>cannon bullets:</reg>
                    <reg>cannon</reg>
                    <reg>bullets:</reg>
                </choice>
            </w>
            <w x="1601">There</w>
            <w x="1672">is</w>
        </line>
        <line c="1181" h="84" n="8">
            <w x="392">no</w>
            <w x="595">slander</w>
            <w x="673">in</w>
            <w x="764">an</w>
            <w x="982">allowed</w>
            <w x="1109">fool,</w>
            <w x="1295">though</w>
            <w x="1383">he</w>
            <w x="1468">do</w>
            <w x="1672">nothing</w>
        </line>
        <line c="1239" h="80" n="9">
            <w x="412">but</w>
            <w x="549">rail;</w>
            <w x="673">nor</w>
            <w x="766">no</w>
            <w x="955">railing</w>
            <w x="1035">in</w>
            <w x="1099">a</w>
            <w x="1295">known</w>
            <w x="1516">discreet</w>
            <w x="1668">man,</w>
        </line>
        <line c="1297" h="74" n="10">
            <w x="497">though</w>
            <w x="573">he</w>
            <w x="652">do</w>
            <w x="856">nothing</w>
            <w x="956">but</w>
            <w x="1165">reprove.</w>
        </line>
    </div>
</body>
