<body>
    <div id="2" x="271" y="2275" group="1" width="1409" height="151" type="score2" sealts="460_1_b79" attribution="HM"
        mode="commentary" section="preface">
        <line n="15" h="75" c="2312">
            <w x="490">shillings</w>
            <w x="648">worth</w>
            <w x="721">at</w>
            <w x="782">a</w>
            <w x="920">time,</w>
            <w x="1002">or</w>
            <w x="1184">higher,</w>
            <w x="1266">so</w>
            <w x="1380">you</w>
            <w x="1493">rise</w>
            <w x="1572">to</w>
            <w x="1678">the</w>
        </line>
        <line n="16" h="75" c="2387">
            <w x="408">just</w>
            <w x="556">rates,</w>
            <w x="672">and</w>
            <w x="927">welcome.</w>
            <w x="1078">But,</w>
            <w x="1311">whatever</w>
            <w x="1431">you</w>
            <w x="1545">do,</w>
            <w x="1678">Buy.</w>
        </line>
    </div>
</body>
