<body>
	<div id="2" x="333" y="1016" group="1" width="871" height="237" type="score" sealts="460_5_5.187" attribution="HM"
		mode="history" play="6b">
		<line c="996" h="30" n="13">
			<w x="429">Make</w>
			<w x="488">me</w>
			<w x="519">a</w>
			<w x="610">curse</w>
			<w x="680">like</w>
			<w x="757">this.</w>
		</line>
		<line c="1036" h="33" n="14">
			<w x="462">Cam.</w>
			<w x="872">Your</w>
			<w x="957">fears</w>
			<w x="1016">are</w>
			<w x="1128">worse.</w>
		</line>
		<line c="1081" h="42" n="15">
			<w x="417">Q.</w>
			<w x="517">Kath.</w>
			<w x="627">Have</w>
			<w x="661">I</w>
			<w x="757">lived</w>
			<w x="842">thus</w>
			<w x="1024">long&#8212;</w>
			<w x="1050">(let</w>
			<w x="1091">me</w>
			<w x="1199">speak</w>
		</line>
		<line c="1117" h="40" n="16">
			<w x="606">myself,</w>
		</line>
		<line c="1157" h="40" n="17">
			<w x="427">Since</w>
			<w x="527">virtue</w>
			<w x="612">finds</w>
			<w x="662">no</w>
			<w x="850">friends)</w>
			<w x="900">&#8212;a</w>
			<w x="937">wife,</w>
			<w x="970">a</w>
			<w x="1042">true</w>
			<w x="1134">one?</w>
		</line>
		<line c="1197" h="40" n="18">
			<w x="368">A</w>
			<w x="491">woman</w>
			<w x="532">(I</w>
			<w x="612">dare</w>
			<w x="684">say,</w>
			<w x="817">without</w>
			<w x="997">
				<choice>
					<orig>vain-glory)</orig>
					<reg>vain glory)</reg>
					<reg>vain</reg>
					<reg>glory)</reg>
				</choice>
			</w>
		</line>
	</div>
</body>
