<body>
    <div id="2" x="331" y="947" group="1" width="1125" height="131" type="score" sealts="460_6_6.089" attribution="HM"
        mode="tragedy" play="3c">
        <line n="6" h="65" c="979">
            <w x="449">My</w>
            <w x="578">heart</w>
            <w x="713">doth</w>
            <w x="831">joy,</w>
            <w x="950">that</w>
            <w x="1057">yet,</w>
            <w x="1121">in</w>
            <w x="1222">all</w>
            <w x="1308">my</w>
            <w x="1420">life,</w>
        </line>
        <line n="7" h="65" c="1044">
            <w x="395">I</w>
            <w x="546">found</w>
            <w x="640">no</w>
            <w x="756">man,</w>
            <w x="869">but</w>
            <w x="960">he</w>
            <w x="1058">was</w>
            <w x="1187">true</w>
            <w x="1259">to</w>
            <w x="1340">me.</w>
        </line>
    </div>
</body>
