<body>
    <div id="2" x="372" y="1441" group="1" width="1355" height="132" type="checkmark"
        sealts="460_1_c313" attribution="HM" mode="comedy" play="4a">
        <line n="13" h="66" c="1474">
            <w x="582">Mal.</w>
            <w x="742">They</w>
            <w x="872">have</w>
            <w x="998">here</w>
            <w x="1268">propertied</w>
            <w x="1428">me;</w>
            <w x="1572">keep</w>
            <w x="1674">me</w>
            <w x="1722">in</w>
        </line>
        <line n="14" h="66" c="1540">
            <w x="618">darkness,</w>
            <w x="750">send</w>
            <w x="990">ministers</w>
            <w x="1056">to</w>
            <w x="1164">me,</w>
            <w x="1318">asses,</w>
            <w x="1434">and</w>
            <w x="1514">do</w>
            <w x="1616">all</w>
            <w x="1722">they</w>
        </line>
    </div>
    <div id="3" x="358" y="1578" group="1" width="771" height="52" type="underline" sealts="460_1_c313" attribution="HM"
        mode="comedy" play="4a">
        <line n="15" h="52" c="1604">
            <w x="474">can</w>
            <w x="540">to</w>
            <w x="662">face</w>
            <w x="752">me</w>
            <w x="848">out</w>
            <w x="920">of</w>
            <w x="1020">my</w>
            <w x="1126">wits.</w>
        </line>
    </div>
</body>
