<body>
	<div id="2" x="785" y="649" group="1" width="1209" height="133" type="checkmark"
		sealts="460_3_3.044" attribution="HM" mode="comedy" play="13a">
		<line n="1" h="66" c="682">
			<w x="943">False</w>
			<w x="1215">accusation</w>
			<w x="1377">blush,</w>
			<w x="1486">and</w>
			<w x="1691">tyranny</w>
		</line>
		<line n="2" h="66" c="748">
			<w x="1024">Tremble</w>
			<w x="1087">at</w>
			<w x="1505">patience.&#8212;</w>
			<w x="1119">You,</w>
			<w x="1598">my</w>
			<w x="1723">lord,</w>
			<w x="1851">best</w>
			<w x="1993">know</w>
		</line>
	</div>
	<div id="3" x="785" y="1259" group="2" width="1261" height="379" type="score" sealts="460_3_3.044" attribution="HM"
		mode="comedy" play="13a">
		<line c="1298" h="60" n="11">
			<w x="868">To</w>
			<w x="1009">prate</w>
			<w x="1119">and</w>
			<w x="1235">talk</w>
			<w x="1316">for</w>
			<w x="1425">life,</w>
			<w x="1536">and</w>
			<w x="1706">honor,</w>
			<w x="1835">
				<choice>
					<orig>'fore</orig>
					<reg>before</reg>
				</choice>
			</w>
		</line>
		<line c="1361" h="64" n="12">
			<w x="911">Who</w>
			<w x="1077">please</w>
			<w x="1149">to</w>
			<w x="1289">come</w>
			<w x="1398">and</w>
			<w x="1536">hear.</w>
			<w x="1694">For.</w>
			<w x="1796">life,</w>
			<w x="1835">I</w>
			<w x="1981">prize</w>
			<w x="2039">it</w>
		</line>
		<div id="4" x="789" y="1384" group="2" width="1244" height="79" type="score"
			sealts="460_3_3.044" attribution="HM" mode="comedy" play="13a">
			<line c="1422" h="63" n="13">
				<w x="860">As</w>
				<w x="902">I</w>
				<w x="1069">weigh</w>
				<w x="1214">grief,</w>
				<w x="1382">which</w>
				<w x="1424">I</w>
				<w x="1592">would</w>
				<w x="1768">spare;</w>
				<w x="1867">for</w>
				<w x="2023">honor</w>
			</line>
			<line c="1481" h="58" n="14">
				<w x="892">
					<choice>
						<orig>'Tis</orig>
						<reg>It is</reg>
						<reg>It</reg>
						<reg>is</reg>
					</choice>
				</w>
				<w x="940">a</w>
				<w x="1194">derivative</w>
				<w x="1324">from</w>
				<w x="1416">me</w>
				<w x="1502">to</w>
				<w x="1638">mine,</w>
			</line>
			<line c="1545" h="63" n="15">
				<w x="898">And</w>
				<w x="1022">only</w>
				<w x="1138">that</w>
				<w x="1178">I</w>
				<w x="1330">stand</w>
				<w x="1428">for.</w>
				<w x="1514">I</w>
				<w x="1692">appeal</w>
			</line>
			<line c="1604" h="60" n="16">
				<w x="866">To</w>
				<w x="992">your</w>
				<w x="1116">own</w>
				<w x="1407">conscience,</w>
				<w x="1502">sir,</w>
				<w x="1671">before</w>
				<w x="1929">Polixenes</w>
			</line>
		</div>
	</div>
	<div id="5" x="778" y="2424" group="3" width="1363" height="205" type="score" sealts="460_3_3.044" attribution="HM"
		mode="comedy" play="13a">
		<line c="2463" h="64" n="30">
			<w x="977">Though</w>
			<w x="1069">
				<orig>'tis</orig>
				<reg>it is</reg>
				<reg>it</reg>
				<reg>is</reg>
			</w>
			<w x="1124">a</w>
			<w x="1303">saying,</w>
			<w x="1498">sir,</w>
			<w x="1603">due</w>
			<w x="1670">to</w>
			<w x="1776">me.</w>
		</line>
		<line c="2520" h="55" n="31">
			<w x="995">Leon.</w>
			<w x="1127">You</w>
			<w x="1237">will</w>
			<w x="1458">not</w>
			<w x="1485">own</w>
			<w x="1528">it.</w>
		</line>
		<line c="2588" h="64" n="32">
			<w x="956">Her.</w>
			<w x="1712">More</w>
			<w x="1837">than</w>
			<w x="2054">mistress</w>
			<w x="2134">of,</w>
		</line>
	</div>
</body>
