<body>
    <div id="2" x="728" y="1228" group="1" width="1380" height="182" type="score" sealts="460_1_c468" attribution="HM"
        mode="comedy" play="6a">
        <line c="1260" h="62" n="10">
            <w x="824">any</w>
            <w x="1008">
                <choice>
                    <orig>villany</orig>
                    <reg>villainy</reg>
                </choice>
            </w>
            <w x="1184">should</w>
            <w x="1275">be</w>
            <w x="1359">so</w>
            <w x="1513">rich;</w>
            <w x="1614">for</w>
            <w x="1780">when</w>
            <w x="1906">rich</w>
            <w x="2098">villains</w>
        </line>
        <line c="1324" h="65" n="11">
            <w x="845">have</w>
            <w x="977">need</w>
            <w x="1044">of</w>
            <w x="1170">poor</w>
            <w x="1312">ones,</w>
            <w x="1437">poor</w>
            <w x="1564">ones</w>
            <w x="1684">may</w>
            <w x="1826">make</w>
            <w x="1966">what</w>
            <w x="2097">price</w>
        </line>
        <line c="1384" h="60" n="12">
            <w x="849">they</w>
            <w x="967">will.</w>
        </line>
    </div>
    <div id="3" x="794" y="1470" group="2" width="1314" height="70" type="checkmark"
        sealts="460_1_c468" attribution="HM" mode="comedy" play="6a">
        <line n="14" h="70" c="1505">
            <w x="938">Bora.</w>
            <w x="1116">That</w>
            <w x="1296">shows</w>
            <w x="1442">thou</w>
            <w x="1544">art</w>
            <w x="1902">unconfirmed.</w>
            <w x="2104">Thou</w>
        </line>
    </div>
</body>
