<body>
    <div id="2" x="747" y="1358" group="1" width="1166" height="628" type="score" sealts="460_1_c252" attribution="HM"
        mode="comedy" play="4a">
        <line c="1390" h="62" n="12">
            <w x="859">And</w>
            <w x="1047">though</w>
            <w x="1165">that</w>
            <w x="1340">nature</w>
            <w x="1472">with</w>
            <w x="1520">a</w>
            <w x="1783">beauteous</w>
            <w x="1905">wall</w>
        </line>
        <line c="1452" h="64" n="13">
            <w x="880">Doth</w>
            <w x="966">oft</w>
            <w x="1103">close</w>
            <w x="1170">in</w>
            <w x="1418">pollution,</w>
            <w x="1517">yet</w>
            <w x="1588">of</w>
            <w x="1705">thee</w>
        </line>
        <line c="1511" h="59" n="14">
            <w x="776">I</w>
            <w x="889">will</w>
            <w x="1097">believe,</w>
            <w x="1223">thou</w>
            <w x="1344">hast</w>
            <w x="1395">a</w>
            <w x="1536">mind</w>
            <w x="1653">that</w>
            <w x="1783">suits</w>
        </line>
        <line c="1576" h="64" n="15">
            <w x="879">With</w>
            <w x="987">this</w>
            <w x="1089">thy</w>
            <w x="1190">fair</w>
            <w x="1299">and</w>
            <w x="1520">outward</w>
            <w x="1780">character.</w>
        </line>
        <line c="1639" h="64" n="16">
            <w x="775">I</w>
            <w x="906">pray</w>
            <w x="1044">thee</w>
            <w x="1155">and</w>
            <w x="1244">
                <choice>
                    <orig>I'll</orig>
                    <reg>I will</reg>
                    <reg>I</reg>
                    <reg>will</reg>
                </choice>
            </w>
            <w x="1353">pay</w>
            <w x="1477">thee</w>
            <w x="1805">bounteously,</w>
        </line>
        <line c="1701" h="64" n="17">
            <w x="951">Conceal</w>
            <w x="1044">me</w>
            <w x="1188">what</w>
            <w x="1229">I</w>
            <w x="1347">am;</w>
            <w x="1469">and</w>
            <w x="1546">be</w>
            <w x="1650">my</w>
            <w x="1743">aid</w>
        </line>
        <line c="1764" h="63" n="18">
            <w x="842">For</w>
            <w x="971">such</w>
            <w x="1184">disguise</w>
            <w x="1268">as,</w>
            <w x="1438">haply,</w>
            <w x="1572">shall</w>
            <w x="1778">become</w>
        </line>
        <line c="1826" h="63" n="19">
            <w x="855">The</w>
            <w x="988">form</w>
            <w x="1060">of</w>
            <w x="1153">my</w>
            <w x="1329">intent.</w>
            <w x="1463">
                <choice>
                    <orig>I'll</orig>
                    <reg>I will</reg>
                    <reg>I</reg>
                    <reg>will</reg>
                </choice>
            </w>
            <w x="1607">serve</w>
            <w x="1718">this</w>
            <w x="1857">duke;</w>
        </line>
        <line c="1889" h="64" n="20">
            <w x="886">Thou</w>
            <w x="1022">shalt</w>
            <w x="1222">present</w>
            <w x="1314">me</w>
            <w x="1385">as</w>
            <w x="1464">an</w>
            <w x="1662">eunuch</w>
            <w x="1729">to</w>
            <w x="1840">him;</w>
        </line>
        <line c="1952" h="63" n="21">
            <w x="796">It</w>
            <w x="919">may</w>
            <w x="996">be</w>
            <w x="1162">worth</w>
            <w x="1263">thy</w>
            <w x="1436">pains;</w>
            <w x="1536">for</w>
            <w x="1578">I</w>
            <w x="1685">can</w>
            <w x="1819">sing,</w>
        </line>
    </div>
</body>
