<body>
    <div id="2" x="845" y="2700" group="1" width="1409" height="146" type="score" sealts="460_6_6.116" attribution="HM"
        mode="commentary" section="notes" play="4c">
        <line c="2729" h="43" n="33">
            <w x="1020">The</w>
            <w x="1111">note</w>
            <w x="1165">of</w>
            <w x="1366">admiration</w>
            <w x="1459">here</w>
            <w x="1542">was</w>
            <w x="1665">added</w>
            <w x="1725">by</w>
            <w x="1914">Steevens,</w>
            <w x="2002">who</w>
            <w x="2129">thinks</w>
            <w x="2217">that</w>
        </line>
        <line c="2777" h="53" n="34">
            <w x="1001">Antony</w>
            <w x="1128">meant</w>
            <w x="1175">to</w>
            <w x="1300">resent</w>
            <w x="1376">the</w>
            <w x="1570">invitation</w>
            <w x="1699">Caesar</w>
            <w x="1808">gives</w>
            <w x="1899">him</w>
            <w x="1954">to</w>
            <w x="2019">be</w>
            <w x="2162">seated,</w>
            <w x="2215">as</w>
        </line>
        <line c="2823" h="47" n="35">
            <w x="1049">indicating</w>
            <w x="1084">a</w>
            <w x="1350">consciousness</w>
            <w x="1404">of</w>
            <w x="1616">superiority.</w>
        </line>
    </div>
</body>
