<body>
    <div id="2" x="764" y="1900" group="1" width="1276" height="83" type="checkmark"
        sealts="460_7_7.012" attribution="HM" mode="tragedy" play="7c">
        <line n="1" h="83" c="1941">
            <w x="922">Lear.</w>
            <div id="3" x="932" y="1894" group="1" width="764" height="83" type="underline"
                sealts="460_7_7.012" attribution="HM" mode="tragedy" play="7c">
                <line n="1" h="83" c="1936">
                    <w x="1157">Nothing</w>
                    <w x="1255">can</w>
                    <w x="1409">come</w>
                    <w x="1480">of</w>
                    <w x="1690">nothing;</w>
                </line>
            </div>
            <w x="1875">speak</w>
            <w x="2027">again.</w>
        </line>
    </div>
    <div id="4" x="674" y="2145" group="2" width="1409" height="251" type="score" sealts="460_7_7.012" attribution="HM"
        mode="tragedy" play="7c">
        <line c="2184" h="60" n="25">
            <w x="909">Lear.</w>
            <w x="1085">How,</w>
            <w x="1231">how,</w>
            <w x="1500">Cordelia?</w>
            <w x="1663">mend</w>
            <w x="1805">your</w>
            <w x="2003">speech</w>
            <w x="2060">a</w>
        </line>
        <line c="2244" h="53" n="26">
            <w x="1084">little,</w>
        </line>
        <line c="2308" h="59" n="27">
            <w x="830">Lest</w>
            <w x="884">it</w>
            <w x="1004">may</w>
            <w x="1116">mar</w>
            <w x="1242">your</w>
            <w x="1468">fortunes.</w>
        </line>
        <line c="2369" h="60" n="28">
            <w x="885">Cor.</w>
            <w x="1276">Good</w>
            <w x="1372">my</w>
            <w x="1497">lord,</w>
        </line>
    </div>
</body>
