<body>
    <div id="2" x="365" y="1475" group="1" width="1315" height="134" type="checkmark"
        sealts="460_6_6.183" attribution="HM" mode="tragedy" play="4c">
        <line n="11" h="67" c="1508">
            <w x="590">Scar.</w>
            <w x="1387">Swallows</w>
            <w x="1515">have</w>
            <w x="1663">built</w>
        </line>
        <line n="12" h="67" c="1575">
            <w x="438">In</w>
            <w x="732">Cleopatra's</w>
            <w x="850">sails</w>
            <w x="982">their</w>
            <w x="1158">nests;</w>
            <w x="1269">the</w>
            <w x="1507">augures</w>
        </line>
    </div>
</body>
