<body>
    <div id="2" x="350" y="2074" group="1" width="1433" height="686" type="brokenscore"
        sealts="460_6_6.201" attribution="HM" mode="tragedy" play="4c">
        <line n="24" h="59" c="2108">
            <w x="545">Dol.</w>
            <w x="1127">Most</w>
            <w x="1375">sovereign</w>
            <w x="1609">creature,&#8212;</w>
        </line>
        <line n="25" h="66" c="2172">
            <w x="559">Cleo.</w>
            <w x="691">His</w>
            <w x="806">legs</w>
            <w x="990">
                <choice>
                    <orig>bestrid</orig>
                    <reg>bestrode</reg>
                </choice>
            </w>
            <w x="1087">the</w>
            <w x="1276">ocean:</w>
            <w x="1377">his</w>
            <w x="1549">reared</w>
            <w x="1661">arm</w>
        </line>
        <line n="26" h="62" c="2231">
            <w x="565">Crested</w>
            <w x="661">the</w>
            <w x="849">world;</w>
            <w x="980">his</w>
            <w x="1123">voice</w>
            <w x="1239">was</w>
            <w x="1509">propertied</w>
        </line>
        <line n="27" h="66" c="2296">
            <w x="440">As</w>
            <w x="518">all</w>
            <w x="614">the</w>
            <w x="775">tuned</w>
            <w x="991">spheres,</w>
            <w x="1103">and</w>
            <w x="1222">that</w>
            <w x="1289">to</w>
            <w x="1500">friends;</w>
        </line>
        <line n="28" h="64" c="2356">
            <w x="469">But</w>
            <w x="621">when</w>
            <w x="701">he</w>
            <w x="874">meant</w>
            <w x="942">to</w>
            <w x="1080">quail</w>
            <w x="1188">and</w>
            <w x="1347">shake</w>
            <w x="1444">the</w>
            <w x="1558">orb,</w>
        </line>
        <line n="29" h="66" c="2420">
            <w x="454">He</w>
            <w x="570">was</w>
            <w x="640">as</w>
            <w x="840">rattling</w>
            <w x="1063">thunder.</w>
            <w x="1216">For</w>
            <w x="1304">his</w>
            <w x="1508">bounty,</w>
        </line>
        <line n="30" h="66" c="2482">
            <w x="525">There</w>
            <w x="641">was</w>
            <w x="721">no</w>
            <w x="900">winter</w>
            <w x="1024">
                <choice>
                    <orig>in't;</orig>
                    <reg>in it;</reg>
                    <reg>in</reg>
                    <reg>it;</reg>
                </choice>
            </w>
            <w x="1115">an</w>
            <w x="1320">autumn</w>
            <w x="1485">
                <choice>
                    <orig>'twas,</orig>
                    <reg>it was,</reg>
                    <reg>it</reg>
                    <reg>was,</reg>
                </choice>
            </w>
        </line>
        <div id="3" x="364" y="2501" group="1" width="1242" height="195" type="score"
            sealts="460_6_6.201" attribution="HM" mode="tragedy" play="4c">
            <div id="4" x="375" y="2502" group="1" width="1225" height="144" type="score"
                sealts="460_6_6.201" attribution="HM" mode="tragedy" play="4c">
                <line n="31" h="72" c="2538">
                    <w x="512">That</w>
                    <w x="656">grew</w>
                    <w x="752">the</w>
                    <w x="894">more</w>
                    <w x="972">by</w>
                    <w x="1190">reaping.</w>
                    <w x="1344">His</w>
                    <w x="1558">delights</w>
                </line>
                <line n="32" h="72" c="2610">
                    <w x="522">Were</w>
                    <w x="862">
                        <choice>
                            <orig>dolphin-like;</orig>
                            <reg>dolphin like;</reg>
                            <reg>dolphin</reg>
                            <reg>like;</reg>
                        </choice>
                    </w>
                    <w x="996">they</w>
                    <w x="1200">showed</w>
                    <w x="1292">his</w>
                    <w x="1434">back</w>
                    <w x="1590">above</w>
                </line>
            </div>
            <line n="33" h="65" c="2667">
                <w x="478">The</w>
                <w x="694">element</w>
                <w x="820">they</w>
                <w x="956">lived</w>
                <w x="1037">in.</w>
                <w x="1156">In</w>
                <w x="1246">his</w>
                <w x="1405">livery</w>
            </line>
        </div>
        <line n="34" h="63" c="2725">
            <w x="567">Walked</w>
            <w x="769">crowns,</w>
            <w x="876">and</w>
            <w x="1133">crownets;</w>
            <w x="1316">realms</w>
            <w x="1421">and</w>
            <w x="1600">islands</w>
            <w x="1735">were</w>
        </line>
    </div>
</body>
