<body>
    <div id="2" x="343" y="1737" group="1" width="1308" height="80" type="checkmark"
        sealts="460_6_6.437" attribution="HM" mode="other" play="2d">
        <line n="18" h="80" c="1777">
            <w x="470">Will</w>
            <w x="613">think</w>
            <w x="711">me</w>
            <w x="958">speaking,</w>
            <w x="1146">though</w>
            <w x="1190">I</w>
            <w x="1351">swear</w>
            <w x="1416">to</w>
            <w x="1628">silence;</w>
        </line>
    </div>
    <div id="3" x="353" y="2349" group="2" width="1361" height="210" type="diagonalscore"
        sealts="460_6_6.437" attribution="HM" mode="other" play="2d">
        <div id="4" x="356" y="2349" group="2" width="987" height="81" type="line" erasure="true"
            sealts="460_6_6.437" attribution="HM" mode="other" play="2d">
            <line n="28" h="81" c="2390">
                <w x="523">Which</w>
                <w x="640">care</w>
                <w x="713">of</w>
                <w x="862">them,</w>
                <w x="965">not</w>
                <w x="1076">pity</w>
                <w x="1146">of</w>
                <w x="1321">myself,</w>
            </line>
        </div>
        <line c="2453" h="68" n="29">
            <w x="495">(Who</w>
            <w x="614">am</w>
            <w x="692">no</w>
            <w x="830">more</w>
            <w x="932">but</w>
            <w x="999">as</w>
            <w x="1096">the</w>
            <w x="1218">tops</w>
            <w x="1290">of</w>
            <w x="1433">trees,</w>
        </line>
        <line c="2518" h="73" n="30">
            <w x="513">Which</w>
            <w x="662">fence</w>
            <w x="759">the</w>
            <w x="895">roots</w>
            <w x="1023">they</w>
            <w x="1157">grow</w>
            <w x="1245">by,</w>
            <w x="1347">and</w>
            <w x="1529">defend</w>
            <w x="1701">them,)</w>
        </line>
    </div>
</body>
