<body>
    <div id="2" x="301" y="613" group="1" width="869" height="121" type="wavyscore" sealts="460_5_5.457" attribution="HM"
        mode="tragedy" play="2c">
        <line c="637" h="52" n="4">
            <w x="369">And</w>
            <w x="459">curse</w>
            <w x="532">that</w>
            <w x="638">justice</w>
            <w x="696">did</w>
            <w x="748">it.</w>
            <w x="862">Who</w>
            <w x="999">deserves</w>
            <w x="1162">greatness,</w>
        </line>
        <line c="677" h="79" n="5">
            <w x="443">Deserves</w>
            <w x="525">your</w>
            <w x="623">hate;</w>
            <w x="700">and</w>
            <w x="781">your</w>
            <w x="937">affections</w>
            <w x="999">are</w>
        </line>
        <line c="710" h="44" n="6">
            <w x="329">A</w>
            <w x="402">sick</w>
            <w x="504">man's</w>
            <w x="650">appetite,</w>
            <w x="729">who</w>
            <w x="845">desires</w>
            <w x="932">most</w>
            <w x="1005">that</w>
        </line>
    </div>
</body>
