<body>
    <div id="2" x="724" y="2196" group="1" width="1345" height="324" type="score" sealts="460_1_c416" attribution="HM"
        mode="comedy" play="5a">
        <line c="2237" h="68" n="26">
            <w x="898">Which</w>
            <w x="941">I</w>
            <w x="1040">did</w>
            <w x="1190">think</w>
            <w x="1321">with</w>
            <w x="1501">slower</w>
            <w x="1613">foot</w>
            <w x="1759">came</w>
            <w x="1854">on,</w>
        </line>
        <line c="2300" h="69" n="27">
            <w x="860">That</w>
            <w x="1063">brained</w>
            <w x="1162">my</w>
            <w x="1395">purpose:</w>
            <w x="1511">but</w>
            <w x="1668">peace</w>
            <w x="1746">be</w>
            <w x="1880">with</w>
            <w x="2019">him!</w>
        </line>
        <line c="2363" h="71" n="28">
            <w x="860">That</w>
            <w x="954">life</w>
            <w x="1014">is</w>
            <w x="1181">better</w>
            <w x="1291">life,</w>
            <w x="1415">past</w>
            <w x="1606">fearing</w>
            <w x="1776">death,</w>
        </line>
        <line c="2427" h="73" n="29">
            <w x="870">Than</w>
            <w x="989">that</w>
            <w x="1156">which</w>
            <w x="1283">lives</w>
            <w x="1352">to</w>
            <w x="1491">fear:</w>
            <w x="1657">make</w>
            <w x="1717">it</w>
            <w x="1852">your</w>
            <w x="2064">comfort,</w>
        </line>
        <line c="2486" h="64" n="30">
            <w x="800">So</w>
            <w x="970">happy</w>
            <w x="1027">is</w>
            <w x="1156">your</w>
            <w x="1366">brother.</w>
        </line>
    </div>
</body>
