<body>
    <div id="2" x="793" y="1273" group="1" width="1004" height="64" type="crosschecks2"
        type2="annotated" sealts="460_2_2.028" attribution="HM" mode="comedy" play="7a">
        <line n="10" h="64" c="1305">
            <w x="900">The</w>
            <w x="1006">will</w>
            <w x="1072">of</w>
            <w x="1193">man</w>
            <w x="1256">is</w>
            <w x="1331">by</w>
            <w x="1412">his</w>
            <w x="1581">reason</w>
            <w x="1795">swayed;</w>
        </line>
    </div>
    <div id="3" x="361" y="1356" group="2" width="388" height="155" type="annotation"
        sealts="460_2_2.028" attribution="HM" mode="comedy" play="7a">
        <line n="1" h="77" c="1394">
            <w x="476">The</w>
            <w x="743">unconscious</w>
        </line>
        <line n="2" h="77" c="1471">
            <w x="585">irony.</w>
        </line>
    </div>
</body>
