<body>
    <div id="2" x="697" y="2698" group="1" width="1033" height="71" type="score3" sealts="460_3_3.518" attribution="HM"
        mode="history" play="3b">
        <line n="34" h="71" c="2733">
            <w x="758">If</w>
            <w x="872">not,</w>
            <w x="968">the</w>
            <w x="1080">end</w>
            <w x="1148">of</w>
            <w x="1242">life</w>
            <w x="1438">cancels</w>
            <w x="1522">all</w>
            <w x="1730">bands;</w>
        </line>
    </div>
</body>
