<body>
    <div id="2" x="756" y="2744" group="1" width="1371" height="133" type="line" sealts="460_6_6.036" attribution="HM"
        mode="tragedy" play="3c">
        <line n="32" h="66" c="2777">
            <w x="958">Cal.</w>
            <w x="1125">When</w>
            <w x="1330">beggars</w>
            <w x="1438">die,</w>
            <w x="1587">there</w>
            <w x="1674">are</w>
            <w x="1756">no</w>
            <w x="1946">comets</w>
            <w x="2116">seen;</w>
        </line>
        <line n="33" h="66" c="2843">
            <w x="891">The</w>
            <w x="1128">heavens</w>
            <w x="1414">themselves</w>
            <w x="1578">blaze</w>
            <w x="1739">forth</w>
            <w x="1859">the</w>
            <w x="2049">death</w>
            <w x="2113">of</w>
        </line>
    </div>
</body>
