<body>
    <div id="2" x="678" y="798" group="1" width="1260" height="762" type="score" sealts="460_1_c476" attribution="HM"
        mode="comedy" play="6a">
        <line c="839" h="72" n="3">
            <w x="851">There,</w>
            <w x="1091">Leonato,</w>
            <w x="1218">take</w>
            <w x="1317">her</w>
            <w x="1450">back</w>
            <w x="1615">again.</w>
        </line>
        <line c="901" h="71" n="4">
            <w x="802">Give</w>
            <w x="902">not</w>
            <w x="1008">this</w>
            <w x="1172">rotten</w>
            <w x="1356">orange</w>
            <w x="1424">to</w>
            <w x="1553">your</w>
            <w x="1738">friend:</w>
        </line>
        <line c="961" h="67" n="5">
            <w x="821">
                <choice>
                    <orig>She's</orig>
                    <reg>She is</reg>
                    <reg>She</reg>
                    <reg>is</reg>
                </choice>
            </w>
            <w x="923">but</w>
            <w x="1017">the</w>
            <w x="1137">sign</w>
            <w x="1247">and</w>
            <w x="1517">semblance</w>
            <w x="1591">of</w>
            <w x="1682">her</w>
            <w x="1849">honor.</w>
        </line>
        <line c="1017" h="59" n="6">
            <w x="871">Behold,</w>
            <w x="996">how</w>
            <w x="1103">like</w>
            <w x="1152">a</w>
            <w x="1290">maid</w>
            <w x="1389">she</w>
            <w x="1588">blushes</w>
            <w x="1727">here.</w>
        </line>
        <line c="1084" h="66" n="7">
            <w x="745">O,</w>
            <w x="891">what</w>
            <w x="1129">authority</w>
            <w x="1245">and</w>
            <w x="1382">show</w>
            <w x="1453">of</w>
            <w x="1587">truth</w>
        </line>
        <line c="1145" h="64" n="8">
            <w x="786">Can</w>
            <w x="1003">cunning</w>
            <w x="1092">sin</w>
            <w x="1241">cover</w>
            <w x="1384">itself</w>
            <w x="1574">withal!</w>
        </line>
        <line c="1209" h="69" n="9">
            <w x="849">Comes</w>
            <w x="949">not</w>
            <w x="1066">that</w>
            <w x="1229">blood,</w>
            <w x="1300">as</w>
            <w x="1493">modest</w>
            <w x="1736">evidence,</w>
        </line>
        <line c="1273" h="73" n="10">
            <w x="756">To</w>
            <w x="958">witness</w>
            <w x="1133">simple</w>
            <w x="1329">virtue?</w>
            <w x="1551">Would</w>
            <w x="1656">you</w>
            <w x="1758">not</w>
            <w x="1931">swear,</w>
        </line>
        <line c="1334" h="69" n="11">
            <w x="754">All</w>
            <w x="861">you</w>
            <w x="980">that</w>
            <w x="1075">see</w>
            <w x="1188">her,</w>
            <w x="1308">that</w>
            <w x="1406">she</w>
            <w x="1546">were</w>
            <w x="1595">a</w>
            <w x="1746">maid,</w>
        </line>
        <line c="1391" h="62" n="12">
            <w x="754">By</w>
            <w x="898">these</w>
            <w x="1108">exterior</w>
            <w x="1274">shows?&#8212;</w>
            <w x="1463">But</w>
            <w x="1561">she</w>
            <w x="1619">is</w>
            <w x="1769">none.</w>
        </line>
        <line c="1458" h="69" n="13">
            <w x="773">She</w>
            <w x="951">knows</w>
            <w x="1047">the</w>
            <w x="1174">heat</w>
            <w x="1245">of</w>
            <w x="1287">a</w>
            <w x="1525">luxurious</w>
            <w x="1687">bed;</w>
        </line>
        <line c="1520" h="73" n="14">
            <w x="778">Her</w>
            <w x="925">blush</w>
            <w x="982">is</w>
            <w x="1245">guiltiness,</w>
            <w x="1347">not</w>
            <w x="1581">modesty.</w>
        </line>
    </div>
</body>
