<body>
	<div id="2" x="716" y="2274" group="1" width="1259" height="193" type="score" sealts="460_3_3.030" attribution="HM"
		mode="comedy" play="13a">
		<line c="2304" h="53" n="27">
			<w x="818">You</w>
			<w x="964">smell</w>
			<w x="1070">this</w>
			<w x="1289">business</w>
			<w x="1420">with</w>
			<w x="1467">a</w>
			<w x="1615">sense</w>
			<w x="1685">as</w>
			<w x="1805">cold</w>
		</line>
		<line c="2367" h="55" n="28">
			<w x="784">As</w>
			<w x="841">is</w>
			<w x="890">a</w>
			<w x="1023">dead</w>
			<w x="1182">man's</w>
			<w x="1336">nose;</w>
			<w x="1449">but</w>
			<w x="1490">I</w>
			<w x="1570">do</w>
			<w x="1710">
				<orig>see't</orig>
				<reg>see it</reg>
				<reg>see</reg>
				<reg>it</reg>
			</w>
			<w x="1810">and</w>
			<w x="1975">
				<choice>
					<orig>feel't,</orig>
					<reg>feel it</reg>
					<reg>feel</reg>
					<reg>it</reg>
				</choice>
			</w>
		</line>
		<line c="2432" h="61" n="29">
			<w x="784">As</w>
			<w x="890">you</w>
			<w x="996">feel</w>
			<w x="1150">doing</w>
			<w x="1295">thus;</w>
			<w x="1417">and</w>
			<w x="1511">see</w>
			<w x="1685">withal</w>
		</line>
	</div>
</body>
