<body>
    <div id="2" x="908" y="1611" group="1" width="1302" height="1079" type="score" sealts="460_2_2.146" attribution="HM"
        mode="comedy" play="8a">
        <div id="3" x="907" y="1614" group="1" width="1299" height="238" type="score"
            sealts="460_2_2.146" attribution="HM" mode="comedy" play="8a">
            <div id="4" x="909" y="1610" group="1" width="1301" height="486" type="score"
                sealts="460_2_2.146" attribution="HM" mode="comedy" play="8a">
                <line n="14" h="60" c="1640">
                    <w x="1148">Biron.</w>
                    <w x="1287">This</w>
                    <w x="1451">fellow</w>
                    <w x="1601">pecks</w>
                    <w x="1682">up</w>
                    <w x="1791">wit,</w>
                    <w x="1865">as</w>
                    <w x="2062">pigeons</w>
                    <w x="2203">peas;</w>
                </line>
                <line n="15" h="60" c="1700">
                    <w x="1023">And</w>
                    <w x="1175">utters</w>
                    <w x="1234">it</w>
                    <w x="1386">again</w>
                    <w x="1527">when</w>
                    <w x="1659">Jove</w>
                    <w x="1780">doth</w>
                    <w x="1964">please.</w>
                </line>
                <line n="16" h="60" c="1760">
                    <w x="1001">He</w>
                    <w x="1059">is</w>
                    <w x="1187">wit's</w>
                    <w x="1372">
                        <choice>
                            <orig>pedler,</orig>
                            <reg>peddler</reg>
                        </choice>
                    </w>
                    <w x="1478">and</w>
                    <w x="1639">retails</w>
                    <w x="1724">his</w>
                    <w x="1879">wares</w>
                </line>
                <line n="17" h="60" c="1820">
                    <w x="983">At</w>
                    <w x="1155">wakes</w>
                    <w x="1256">and</w>
                    <w x="1460">wassels,</w>
                    <w x="1735">meetings,</w>
                    <w x="1955">markets,</w>
                    <w x="2107">fairs;</w>
                </line>
            </div>
            <line n="18" h="60" c="1880">
                <w x="1025">And</w>
                <w x="1115">we</w>
                <w x="1227">that</w>
                <w x="1330">sell</w>
                <w x="1408">by</w>
                <w x="1552">gross,</w>
                <w x="1659">the</w>
                <w x="1798">Lord</w>
                <w x="1914">doth</w>
                <w x="2082">know,</w>
            </line>
            <line n="19" h="60" c="1940">
                <w x="1054">Have</w>
                <w x="1151">not</w>
                <w x="1243">the</w>
                <w x="1386">grace</w>
                <w x="1458">to</w>
                <w x="1603">grace</w>
                <w x="1664">it</w>
                <w x="1785">with</w>
                <w x="1908">such</w>
                <w x="2058">show.</w>
            </line>
            <line n="20" h="60" c="2000">
                <w x="1039">This</w>
                <w x="1218">gallant</w>
                <w x="1339">pins</w>
                <w x="1433">the</w>
                <w x="1659">wenches</w>
                <w x="1738">on</w>
                <w x="1820">his</w>
                <w x="2004">sleeve:</w>
            </line>
            <line n="21" h="60" c="2060">
                <w x="1034">Had</w>
                <w x="1108">he</w>
                <w x="1231">been</w>
                <w x="1420">Adam,</w>
                <w x="1496">he</w>
                <w x="1599">had</w>
                <w x="1811">tempted</w>
                <w x="1948">Eve.</w>
            </line>
        </div>
        <line c="2121" h="62" n="22">
            <w x="992">He</w>
            <w x="1094">can</w>
            <w x="1238">carve</w>
            <w x="1345">too,</w>
            <w x="1453">and</w>
            <w x="1565">lisp.</w>
            <w x="1744">Why</w>
            <w x="1847">this</w>
            <w x="1904">is</w>
            <w x="1979">he</w>
        </line>
        <line c="2184" h="59" n="23">
            <w x="1040">That</w>
            <w x="1203">kissed</w>
            <w x="1348">away</w>
            <w x="1434">his</w>
            <w x="1570">hand</w>
            <w x="1635">in</w>
            <w x="1877">courtesy;</w>
        </line>
        <line c="2242" h="65" n="24">
            <w x="1031">This</w>
            <w x="1091">is</w>
            <w x="1182">the</w>
            <w x="1284">ape</w>
            <w x="1353">of</w>
            <w x="1498">form,</w>
            <w x="1735">monsieur</w>
            <w x="1827">the</w>
            <w x="1959">nice,</w>
        </line>
        <line c="2301" h="66" n="25">
            <w x="1054">That,</w>
            <w x="1206">when</w>
            <w x="1280">he</w>
            <w x="1425">plays</w>
            <w x="1491">at</w>
            <w x="1660">tables,</w>
            <w x="1828">chides</w>
            <w x="1922">the</w>
            <w x="2038">dice</w>
        </line>
        <line c="2361" h="61" n="26">
            <w x="976">In</w>
            <w x="1224">honorable</w>
            <w x="1401">terms;</w>
            <w x="1534">nay,</w>
            <w x="1611">he</w>
            <w x="1714">can</w>
            <w x="1831">sing</w>
        </line>
        <line c="2421" h="63" n="27">
            <w x="965">A</w>
            <w x="1111">mean</w>
            <w x="1273">most</w>
            <w x="1488">meanly;</w>
            <w x="1620">and,</w>
            <w x="1688">in</w>
            <w x="1924">ushering,</w>
        </line>
        <line c="2481" h="63" n="28">
            <w x="1062">Mend</w>
            <w x="1171">him</w>
            <w x="1289">who</w>
            <w x="1404">can.</w>
            <w x="1566">The</w>
            <w x="1720">ladies</w>
            <w x="1821">call</w>
            <w x="1928">him</w>
            <w x="2113">sweet;</w>
        </line>
        <line c="2540" h="62" n="29">
            <w x="1024">The</w>
            <w x="1182">stairs,</w>
            <w x="1251">as</w>
            <w x="1327">he</w>
            <w x="1489">treads</w>
            <w x="1567">on</w>
            <w x="1719">them,</w>
            <w x="1830">kiss</w>
            <w x="1915">his</w>
            <w x="2039">feet.</w>
        </line>
        <line c="2601" h="54" n="30">
            <w x="1036">This</w>
            <w x="1093">is</w>
            <w x="1186">the</w>
            <w x="1354">flower</w>
            <w x="1468">that</w>
            <w x="1630">smiles</w>
            <w x="1707">on</w>
            <w x="1856">every</w>
            <w x="1972">one,</w>
        </line>
        <line c="2657" h="57" n="31">
            <w x="998">To</w>
            <w x="1139">show</w>
            <w x="1224">his</w>
            <w x="1363">teeth</w>
            <w x="1429">as</w>
            <w x="1581">white</w>
            <w x="1649">as</w>
            <w x="1831">
                <choice>
                    <orig>whal&#235;s</orig>
                    <reg>whales</reg>
                </choice>
            </w>
            <w x="2019">bone;</w>
        </line>
    </div>
</body>
