<body>
    <div id="2" x="886" y="2634" group="1" width="1345" height="116" type="checkmark"
        sealts="460_2_2.416" attribution="HM" mode="comedy" play="11a">
        <line n="33" h="60" c="2666">
            <w x="994">1</w>
            <w x="1158">Lord.</w>
            <w x="1313">How</w>
            <w x="1566">mightily,</w>
            <w x="1872">sometimes,</w>
            <w x="1979">we</w>
            <w x="2143">make</w>
            <w x="2231">us</w>
        </line>
        <line n="34" h="58" c="2733">
            <w x="1100">comforts</w>
            <w x="1175">of</w>
            <w x="1277">our</w>
            <w x="1452">losses!</w>
        </line>
    </div>
</body>
