<body>
    <div id="1" group="1" x="233" y="197" width="133" height="102" type="notation" sealts="460_7_c05" attribution="HM">
        <line n="1" h="102" c="248">
            <w x="365">It</w>
        </line>
    </div>
    <div id="2" group="1" x="375" y="203" width="62" height="86" type="notation" sealts="460_7_c05" attribution="HM">
        <line n="1" h="86" c="246">
            <w x="434">is</w>
        </line>
    </div>
    <div id="3" group="1" x="450" y="194" width="209" height="93" type="notation" sealts="460_7_c05" attribution="HM">
        <line n="1" h="93" c="240">
            <w x="656">better</w>
        </line>
    </div>
    <div id="4" group="1" x="683" y="195" width="86" height="94" type="notation" sealts="460_7_c05" attribution="HM">
        <line n="1" h="94" c="242">
            <w x="765">to</w>
        </line>
    </div>
    <div id="5" group="1" x="783" y="195" width="198" height="113" type="notation" sealts="460_7_c05" attribution="HM">
        <line n="1" h="113" c="251">
            <w x="977">laugh</w>
        </line>
    </div>
    <div id="6" group="1" x="995" y="206" width="59" height="86" type="notation" sealts="460_7_c05" attribution="HM">
        <line n="1" h="86" c="249">
            <w x="1054">&amp;</w>
        </line>
    </div>
    <div id="7" group="1" x="1061" y="202" width="142" height="90" type="notation" sealts="460_7_c05" attribution="HM">
        <line n="1" h="90" c="247">
            <w x="1201">not</w>
        </line>
    </div>
    <div id="8" group="1" x="1211" y="197" width="126" height="93" type="notation" sealts="460_7_c05" attribution="HM">
        <line n="1" h="93" c="243">
            <w x="1335">sin</w>
        </line>
    </div>
    <div id="9" group="1" x="1345" y="201" width="194" height="89" type="notation" sealts="460_7_c05" attribution="HM">
        <line n="1" h="89" c="245">
            <w x="1536">than</w>
        </line>
    </div>
    <div id="10" group="1" x="1545" y="189" width="77" height="106" type="notation" sealts="460_7_c05" attribution="HM">
        <line n="1" h="97" c="247">
            <w x="1619">to</w>
        </line>
    </div>
    <div id="11" group="1" x="1722" y="194" width="197" height="89" type="notation" sealts="460_7_c05" attribution="HM">
        <line n="1" h="89" c="238">
            <w x="1916">weep</w>
        </line>
    </div>
    <div id="12" group="1" x="1933" y="193" width="85" height="91" type="notation" sealts="460_7_c05" attribution="HM">
        <line n="1" h="91" c="238">
            <w x="2017">&amp;</w>
        </line>
    </div>
    <div id="13" group="1" x="2029" y="175" width="106" height="101" type="notation"
        sealts="460_7_c05" attribution="HM">
        <line n="1" h="101" c="225">
            <w x="2132">be</w>
        </line>
    </div>
    <div id="14" group="1" x="190" y="275" width="519" height="107" type="notation" sealts="460_7_c05" attribution="HM">
        <line n="2" h="107" c="328">
            <w x="706">wicked,&#8212;</w>
        </line>
    </div>
    <div id="15" group="1" x="822" y="281" width="150" height="98" type="notation" sealts="460_7_c05" attribution="HM">
        <line n="2" h="98" c="330">
            <w x="969">Ten</w>
        </line>
    </div>
    <div id="16" group="1" x="1000" y="283" width="193" height="86" type="notation" sealts="460_7_c05" attribution="HM">
        <line n="2" h="86" c="326">
            <w x="1190">loads</w>
        </line>
    </div>
    <div id="17" group="1" x="1203" y="281" width="75" height="127" type="notation" sealts="460_7_c05" attribution="HM">
        <line n="2" h="127" c="344">
            <w x="1275">of</w>
        </line>
    </div>
    <div id="18" group="1" x="1295" y="291" width="143" height="85" type="notation" sealts="460_7_c05" attribution="HM">
        <line n="2" h="85" c="333">
            <w x="1435">coal</w>
        </line>
    </div>
    <div id="19" group="1" x="1444" y="277" width="70" height="87" type="notation" sealts="460_7_c05" attribution="HM">
        <line n="2" h="87" c="320">
            <w x="1512">to</w>
        </line>
    </div>
    <div id="20" group="1" x="1532" y="277" width="174" height="82" type="notation" sealts="460_7_c05" attribution="HM">
        <line n="2" h="82" c="318">
            <w x="1703">burn</w>
        </line>
    </div>
    <div id="21" group="1" x="1726" y="261" width="317" height="107" type="notation"
        sealts="460_7_c05" attribution="HM">
        <line n="2" h="107" c="314">
            <w x="2041">him.&#8212;</w>
        </line>
    </div>
    <div id="22" group="1" x="250" y="373" width="194" height="101" type="notation" sealts="460_7_c05" attribution="HM">
        <line n="3" h="101" c="423">
            <w x="442">Brought</w>
        </line>
    </div>
    <div id="23" group="1" x="434" y="373" width="79" height="79" type="notation" sealts="460_7_c05" attribution="HM">
        <line n="3" h="79" c="412">
            <w x="510">to</w>
        </line>
    </div>
    <div id="24" group="1" x="524" y="363" width="83" height="83" type="notation" sealts="460_7_c05" attribution="HM">
        <line n="3" h="83" c="404">
            <w x="604">the</w>
        </line>
    </div>
    <div id="25" group="1" x="628" y="361" width="239" height="90" type="notation" sealts="460_7_c05" attribution="HM">
        <line n="3" h="90" c="406">
            <w x="864">stake&#8212;</w>
        </line>
    </div>
    <div id="26" group="1" x="888" y="358" width="201" height="97" type="notation" sealts="460_7_c05" attribution="HM">
        <line n="3" h="97" c="406">
            <w x="1085">warmed</w>
        </line>
    </div>
    <div id="27" group="1" x="1103" y="354" width="222" height="105" type="notation"
        sealts="460_7_c05" attribution="HM">
        <line n="3" h="105" c="406">
            <w x="1321">himself</w>
        </line>
    </div>
    <div id="28" group="1" x="1335" y="359" width="58" height="99" type="notation" sealts="460_7_c05" attribution="HM">
        <line n="3" h="99" c="408">
            <w x="1390">by</w>
        </line>
    </div>
    <div id="29" group="1" x="1409" y="346" width="102" height="103" type="notation"
        sealts="460_7_c05" attribution="HM">
        <line n="3" h="103" c="397">
            <w x="1508">the</w>
        </line>
    </div>
    <div id="30" group="1" x="1525" y="347" width="167" height="123" type="notation"
        sealts="460_7_c05" attribution="HM">
        <line n="3" h="123" c="408">
            <w x="1689">fire.</w>
        </line>
    </div>
    <div id="31" group="2" x="283" y="471" width="155" height="158" type="notation" sealts="460_7_c05" attribution="HM">
        <line n="4" h="158" c="550">
            <w x="435">Ego</w>
        </line>
    </div>
    <div id="32" group="2" x="461" y="523" width="179" height="91" type="notation" sealts="460_7_c05" attribution="HM">
        <line n="4" h="91" c="568">
            <w x="636">non</w>
        </line>
    </div>
    <div id="33" group="2" x="670" y="501" width="319" height="122" type="notation" sealts="460_7_c05" attribution="HM">
        <line n="4" h="122" c="562">
            <w x="986">baptizo</w>
        </line>
    </div>
    <div id="34" group="2" x="1001" y="495" width="126" height="111" type="notation"
        sealts="460_7_c05" attribution="HM">
        <line n="4" h="111" c="550">
            <w x="1125">te</w>
        </line>
    </div>
    <div id="35" group="2" x="1145" y="496" width="122" height="95" type="notation" sealts="460_7_c05" attribution="HM">
        <line n="4" h="95" c="543">
            <w x="1263">in</w>
        </line>
    </div>
    <div id="36" group="2" x="1292" y="494" width="387" height="102" type="notation"
        sealts="460_7_c05" attribution="HM">
        <line n="4" h="102" c="545">
            <w x="1677">
                <choice>
                    <orig>nominee</orig>
                    <reg>nomine</reg>
                </choice>
            </w>
        </line>
    </div>
    <div id="37" group="2" x="1698" y="469" width="266" height="122" type="notation"
        sealts="460_7_c05" attribution="HM">
        <line n="4" h="122" c="530">
            <w x="1961">Patris</w>
        </line>
    </div>
    <div id="38" group="2" x="1974" y="467" width="123" height="103" type="notation"
        sealts="460_7_c05" attribution="HM">
        <line n="4" h="103" c="518">
            <w x="2095">et</w>
        </line>
    </div>
    <div id="39" group="2" x="279" y="615" width="219" height="111" type="notation" sealts="460_7_c05" attribution="HM">
        <line n="5" h="111" c="670">
            <w x="493">Filii</w>
        </line>
    </div>
    <div id="40" group="2" x="560" y="610" width="119" height="118" type="notation" sealts="460_7_c05" attribution="HM">
        <line n="5" h="118" c="669">
            <w x="674">et</w>
        </line>
    </div>
    <div id="41" group="2" x="698" y="603" width="309" height="123" type="notation" sealts="460_7_c05" attribution="HM">
        <line n="5" h="123" c="664">
            <w x="1001">Spiritus</w>
        </line>
    </div>
    <div id="42" group="2" x="1036" y="579" width="362" height="138" type="notation"
        sealts="460_7_c05" attribution="HM">
        <line n="5" h="138" c="648">
            <w x="1394">Sancti&#8212;</w>
        </line>
    </div>
    <div id="43" group="2" x="1419" y="606" width="161" height="123" type="notation"
        sealts="460_7_c05" attribution="HM">
        <line n="5" h="123" c="667">
            <w x="1575">sed</w>
        </line>
    </div>
    <div id="44" group="2" x="1582" y="608" width="102" height="111" type="notation"
        sealts="460_7_c05" attribution="HM">
        <line n="5" h="111" c="663">
            <w x="1681">in</w>
        </line>
    </div>
    <div id="45" group="2" x="1712" y="594" width="333" height="110" type="notation"
        sealts="460_7_c05" attribution="HM">
        <line n="5" h="110" c="649">
            <w x="2041">nomine</w>
        </line>
    </div>
    <div id="46" group="2" x="307" y="704" width="489" height="126" type="notation" sealts="460_7_c05" attribution="HM">
        <line n="6" h="126" c="767">
            <w x="791">Diaboli.&#8212;</w>
        </line>
    </div>
    <div id="47" group="2" x="846" y="700" width="391" height="123" type="notation" sealts="460_7_c05" attribution="HM">
        <line n="6" h="123" c="761">
            <w x="1230">Madness</w>
        </line>
    </div>
    <div id="48" group="2" x="1237" y="716" width="63" height="91" type="notation" sealts="460_7_c05" attribution="HM">
        <line n="6" h="91" c="761">
            <w x="1297">is</w>
        </line>
    </div>
    <div id="49" group="2" x="1313" y="702" width="635" height="105" type="notation"
        sealts="460_7_c05" attribution="HM">
        <line n="6" h="105" c="754">
            <w x="1946">undefinable&#8212;</w>
        </line>
    </div>
    <div id="50" group="2" x="305" y="822" width="122" height="98" type="notation" sealts="460_7_c05" attribution="HM">
        <line n="7" h="98" c="871">
            <w x="421">It</w>
        </line>
    </div>
    <div id="51" group="2" x="425" y="830" width="65" height="87" type="notation" sealts="460_7_c05" attribution="HM">
        <line n="7" h="87" c="873">
            <w x="486">&amp;</w>
        </line>
    </div>
    <div id="52" group="2" x="501" y="811" width="207" height="98" type="notation" sealts="460_7_c05" attribution="HM">
        <line n="7" h="98" c="860">
            <w x="706">right</w>
        </line>
    </div>
    <div id="53" group="2" x="702" y="815" width="235" height="88" type="notation" sealts="460_7_c05" attribution="HM">
        <line n="7" h="88" c="859">
            <w x="933">reasons</w>
        </line>
    </div>
    <div id="54" group="2" x="979" y="807" width="357" height="90" type="notation" sealts="460_7_c05" attribution="HM">
        <line n="7" h="90" c="852">
            <w x="1331">extremes</w>
        </line>
    </div>
    <div id="55" group="2" x="1347" y="799" width="86" height="125" type="notation" sealts="460_7_c05" attribution="HM">
        <line n="7" h="125" c="861">
            <w x="1430">of</w>
        </line>
    </div>
    <div id="56" group="2" x="1437" y="796" width="199" height="119" type="notation"
        sealts="460_7_c05" attribution="HM">
        <line n="7" h="119" c="855">
            <w x="1632">one.</w>
        </line>
    </div>
    <div id="57" group="3" x="278" y="922" width="300" height="117" type="notation" sealts="460_7_c05" attribution="HM">
        <line n="8" h="117" c="981">
            <w x="575">&#8212;Not</w>
        </line>
    </div>
    <div id="58" group="3" x="596" y="936" width="127" height="95" type="notation" sealts="460_7_c05" attribution="HM">
        <line n="8" h="95" c="983">
            <w x="719">the</w>
        </line>
    </div>
    <div id="59" group="3" x="584" y="882" width="173" height="75" type="notation" sealts="460_7_c05" attribution="HM">
        <line n="8" h="75" c="919">
            <w x="765">(black</w>
        </line>
    </div>
    <div id="60" group="3" x="764" y="868" width="135" height="70" type="notation" sealts="460_7_c05" attribution="HM">
        <line n="8" h="70" c="903">
            <w x="895">art)</w>
        </line>
    </div>
    <div id="61" group="3" x="756" y="914" width="295" height="115" type="notation" sealts="460_7_c05" attribution="HM">
        <line n="8" h="115" c="971">
            <w x="1049">Goetic</w>
        </line>
    </div>
    <div id="62" group="3" x="1081" y="911" width="137" height="110" type="notation"
        sealts="460_7_c05" attribution="HM">
        <line n="8" h="110" c="966">
            <w x="1216">but</w>
        </line>
    </div>
    <div id="63" group="3" x="1263" y="906" width="367" height="123" type="notation"
        sealts="460_7_c05" attribution="HM">
        <line n="8" h="123" c="967">
            <w x="1627">Theurgic</w>
        </line>
    </div>
    <div id="64" group="3" x="1652" y="884" width="403" height="110" type="notation"
        sealts="460_7_c05" attribution="HM">
        <line n="8" h="110" c="939">
            <w x="2052">magic&#8212;</w>
        </line>
    </div>
    <div id="65" group="3" x="338" y="1048" width="219" height="97" type="notation" sealts="460_7_c05" attribution="HM">
        <line n="9" h="97" c="1096">
            <w x="552">seeks</w>
        </line>
    </div>
    <div id="66" group="3" x="560" y="1044" width="294" height="94" type="notation" sealts="460_7_c05" attribution="HM">
        <line n="9" h="94" c="1091">
            <w x="849">converse</w>
        </line>
    </div>
    <div id="67" group="3" x="858" y="1039" width="177" height="94" type="notation" sealts="460_7_c05" attribution="HM">
        <line n="9" h="94" c="1086">
            <w x="1030">with</w>
        </line>
    </div>
    <div id="68" group="3" x="1059" y="1040" width="142" height="86" type="notation"
        sealts="460_7_c05" attribution="HM">
        <line n="9" h="86" c="1083">
            <w x="1198">the</w>
        </line>
    </div>
    <div id="69" group="3" x="1215" y="1013" width="503" height="131" type="notation"
        sealts="460_7_c05" attribution="HM">
        <line n="9" h="131" c="1078">
            <w x="1714">Intelligence,</w>
        </line>
    </div>
    <div id="70" group="3" x="1746" y="1016" width="255" height="119" type="notation"
        sealts="460_7_c05" attribution="HM">
        <line n="9" h="119" c="1075">
            <w x="1999">Power,</w>
        </line>
    </div>
    <div id="71" group="3" x="2003" y="1001" width="154" height="111" type="notation"
        sealts="460_7_c05" attribution="HM">
        <line n="9" h="111" c="1056">
            <w x="2154">the</w>
        </line>
    </div>
    <div id="72" group="3" x="334" y="1151" width="266" height="121" type="notation"
        sealts="460_7_c05" attribution="HM">
        <line n="10" h="121" c="1211">
            <w x="597">Angel.</w>
        </line>
    </div>
    <div id="73" group="4" x="1630" y="184" width="82" height="87" type="notation" sealts="460_7_c05" attribution="HM">
        <line n="1" h="87" c="227">
            <w x="1711">be</w>
        </line>
    </div>
</body>
