<body>
    <div id="2" x="806" y="1677" group="1" width="1327" height="1466" type="score" sealts="460_2_2.044" attribution="HM"
        mode="comedy" play="7a">
        <line c="1721" h="74" n="17">
            <w x="986">Lys.</w>
            <w x="1506">Ay,</w>
            <w x="1587">by</w>
            <w x="1681">my</w>
            <w x="1799">life;</w>
        </line>
        <line c="1774" h="60" n="18">
            <w x="924">And</w>
            <w x="1073">never</w>
            <w x="1166">did</w>
            <w x="1323">desire</w>
            <w x="1399">to</w>
            <w x="1484">see</w>
            <w x="1605">thee</w>
            <w x="1756">more.</w>
        </line>
        <line c="1837" h="67" n="19">
            <w x="1071">Therefore,</w>
            <w x="1147">be</w>
            <w x="1244">out</w>
            <w x="1330">of</w>
            <w x="1462">hope,</w>
            <w x="1535">of</w>
            <w x="1768">question,</w>
            <w x="1939">doubt,</w>
        </line>
        <line c="1898" h="68" n="20">
            <w x="887">Be</w>
            <w x="1068">certain</w>
            <w x="1270">nothing</w>
            <w x="1422">truer.</w>
            <w x="1575">
                <choice>
                    <orig>'Tis</orig>
                    <reg>It is</reg>
                    <reg>It</reg>
                    <reg>is</reg>
                </choice>
            </w>
            <w x="1652">no</w>
            <w x="1768">jest,</w>
        </line>
        <line c="1953" h="59" n="21">
            <w x="940">That</w>
            <w x="981">I</w>
            <w x="1058">do</w>
            <w x="1177">hate</w>
            <w x="1313">thee,</w>
            <w x="1422">and</w>
            <w x="1535">love</w>
            <w x="1743">Helena.</w>
        </line>
        <line c="2018" h="66" n="22">
            <w x="985">Her.</w>
            <w x="1072">O</w>
            <w x="1177">me,</w>
            <w x="1285">you</w>
            <w x="1492">juggler!</w>
            <w x="1611">you</w>
            <w x="2019">
                <choice>
                    <orig>canker-blossom!</orig>
                    <reg>canker blossom!</reg>
                    <reg>canker</reg>
                    <reg>blossom!</reg>
                </choice>
            </w>
        </line>
        <line c="2080" h="72" n="23">
            <w x="916">You</w>
            <w x="1049">thief</w>
            <w x="1122">of</w>
            <w x="1264">love!</w>
            <w x="1473">What,</w>
            <w x="1603">have</w>
            <w x="1708">you</w>
            <w x="1850">come</w>
            <w x="1931">by</w>
            <w x="2086">night,</w>
        </line>
        <line c="2135" h="62" n="24">
            <w x="919">And</w>
            <w x="1077">stolen</w>
            <w x="1172">my</w>
            <w x="1320">love's</w>
            <w x="1462">heart</w>
            <w x="1589">from</w>
            <w x="1695">him</w>
            <w x="1731">?</w>
        </line>
        <line c="2196" h="65" n="25">
            <w x="980">Hel.</w>
            <w x="1910">Fine,</w>
            <w x="2093">
                <choice>
                    <orig>i'faith!</orig>
                    <reg>in faith!</reg>
                    <reg>in</reg>
                    <reg>faith!</reg>
                </choice>
            </w>
        </line>
        <line c="2258" h="68" n="26">
            <w x="943">Have</w>
            <w x="1049">you</w>
            <w x="1126">no</w>
            <w x="1354">modesty,</w>
            <w x="1433">no</w>
            <w x="1624">maiden</w>
            <w x="1805">shame,</w>
        </line>
        <line c="2318" h="68" n="27">
            <w x="888">No</w>
            <w x="1036">touch</w>
            <w x="1106">of</w>
            <w x="1428">bashfulness?</w>
            <w x="1633">What,</w>
            <w x="1758">will</w>
            <w x="1849">you</w>
            <w x="1961">tear</w>
        </line>
        <line c="2378" h="68" n="28">
            <w x="1049">Impatient</w>
            <w x="1257">answers</w>
            <w x="1385">from</w>
            <w x="1479">my</w>
            <w x="1642">gentle</w>
            <w x="1858">tongue?</w>
        </line>
        <line c="2438" h="68" n="29">
            <w x="908">Fie,</w>
            <w x="1010">fie!</w>
            <w x="1128">you</w>
            <w x="1414">counterfeit,</w>
            <w x="1520">you</w>
            <w x="1716">puppet,</w>
            <w x="1848">you!</w>
        </line>
        <line c="2500" h="70" n="30">
            <w x="981">Her.</w>
            <w x="1218">Puppet!</w>
            <w x="1397">Why</w>
            <w x="1498">so?</w>
            <w x="1640">Ay,</w>
            <w x="1767">that</w>
            <w x="1895">way</w>
            <w x="2028">goes</w>
            <w x="2132">the</w>
        </line>
        <line c="2564" h="42" n="31">
            <w x="1191">game.</w>
        </line>
        <line c="2618" h="68" n="32">
            <w x="927">Now</w>
            <w x="968">I</w>
            <w x="1182">perceive</w>
            <w x="1296">that</w>
            <w x="1391">she</w>
            <w x="1515">hath</w>
            <w x="1658">made</w>
            <w x="1875">compare</w>
        </line>
        <line c="2679" h="69" n="33">
            <w x="1024">Between</w>
            <w x="1120">our</w>
            <w x="1346">statures;</w>
            <w x="1579">she</w>
            <w x="1624">hath</w>
            <w x="1732">urged</w>
            <w x="1827">her</w>
            <w x="2008">height,</w>
        </line>
        <line c="2739" h="66" n="34">
            <w x="912">And</w>
            <w x="1039">with</w>
            <w x="1134">her</w>
            <w x="1401">personage,</w>
            <w x="1499">her</w>
            <w x="1591">tall</w>
            <w x="1859">personage,</w>
        </line>
        <line c="2797" h="66" n="35">
            <w x="904">Her</w>
            <w x="1084">height,</w>
            <w x="1304">forsooth,</w>
            <w x="1402">she</w>
            <w x="1526">hath</w>
            <w x="1758">prevailed</w>
            <w x="1885">with</w>
            <w x="2071">him.&#8212;</w>
        </line>
        <line c="2857" h="64" n="36">
            <w x="910">And</w>
            <w x="1002">are</w>
            <w x="1107">you</w>
            <w x="1276">grown</w>
            <w x="1344">so</w>
            <w x="1467">high</w>
            <w x="1531">in</w>
            <w x="1617">his</w>
            <w x="1814">esteem,</w>
        </line>
        <div id="3" x="806" y="2880" group="1" width="1183" height="135" type="checkmark"
            sealts="460_2_2.044" attribution="HM" mode="comedy" play="7a">
            <line n="37" h="67" c="2913">
                <w x="1009">Because</w>
                <w x="1063">I</w>
                <w x="1142">am</w>
                <w x="1213">so</w>
                <w x="1445">dwarfish,</w>
                <w x="1553">and</w>
                <w x="1620">so</w>
                <w x="1760">low?</w>
            </line>
            <line n="38" h="67" c="2980">
                <w x="936">How</w>
                <w x="1037">low</w>
                <w x="1123">am</w>
                <w x="1188">I,</w>
                <w x="1314">thou</w>
                <w x="1501">painted</w>
                <w x="1756">maypole?</w>
                <w x="1985">Speak;</w>
            </line>
        </div>
        <line c="3110" h="45" n="39">
            <w x="1042">A</w>
            <w x="1154">worm</w>
            <w x="1237">that</w>
            <w x="1343">preys</w>
            <w x="1400">on</w>
            <w x="1468">the</w>
            <w x="1592">leaves</w>
            <w x="1643">or</w>
            <w x="1739">buds</w>
            <w x="1792">of</w>
            <w x="1935">flowers.</w>
        </line>
    </div>
</body>
