<body>
    <div id="2" x="867" y="653" group="1" width="1301" height="146" type="checkmark"
        sealts="460_6_6.252" attribution="HM" mode="tragedy" play="5c">
        <line n="1" h="73" c="690">
            <w x="1002">Clo.</w>
            <w x="1128">His</w>
            <w x="1396">garment?</w>
        </line>
        <line n="2" h="73" c="763">
            <w x="997">Imo.</w>
            <div id="3" x="1443" y="725" group="1" width="711" height="87" type="underline"
                sealts="460_6_6.252" attribution="HM" mode="tragedy" play="5c">
                <w x="1479">I</w>
                <w x="1573">am</w>
                <w x="1812">sprighted</w>
                <w x="1947">with</w>
                <w x="2000">a</w>
                <w x="2138">fool;</w>
            </div>
        </line>
    </div>
</body>
