<body>
    <div id="2" x="377" y="931" group="1" width="1048" height="1305" type="checkmark"
        sealts="460_2_2.071" attribution="HM" mode="comedy" play="7a">
        <line c="960" h="62" n="2">
            <w x="912">Enter</w>
            <w x="1072">PUCK.</w>
        </line>
        <line n="3" h="62" c="1052">
            <w x="547">Puck.</w>
            <w x="689">Now</w>
            <w x="781">the</w>
            <w x="974">hungry</w>
            <w x="1086">lion</w>
            <w x="1225">roars,</w>
        </line>
        <line c="1113" h="52" n="4">
            <w x="544">And</w>
            <w x="638">the</w>
            <w x="768">wolf</w>
            <w x="983">behowls</w>
            <w x="1078">the</w>
            <w x="1254">moon;</w>
        </line>
        <line c="1177" h="58" n="5">
            <w x="543">Whilst</w>
            <w x="635">the</w>
            <w x="795">heavy</w>
            <w x="1074">ploughman</w>
            <w x="1257">snores,</w>
        </line>
        <line c="1236" h="59" n="6">
            <w x="514">All</w>
            <w x="642">with</w>
            <w x="807">weary</w>
            <w x="925">task</w>
            <w x="1179">foredone.</w>
        </line>
        <line c="1296" h="57" n="7">
            <w x="495">Now</w>
            <w x="591">the</w>
            <w x="779">wasted</w>
            <w x="956">brands</w>
            <w x="1033">do</w>
            <w x="1183">glow,</w>
        </line>
        <line c="1355" h="60" n="8">
            <w x="601">Whilst</w>
            <w x="694">the</w>
            <w x="1008">
                <choice>
                    <orig>screech-owl,</orig>
                    <reg>screech owl</reg>
                    <reg>screech</reg>
                    <reg>owl</reg>
                </choice>
            </w>
            <w x="1283">screeching</w>
            <w x="1415">loud,</w>
        </line>
        <line c="1416" h="54" n="9">
            <w x="490">Puts</w>
            <w x="584">the</w>
            <w x="770">wretch</w>
            <w x="884">that</w>
            <w x="981">lies</w>
            <w x="1048">in</w>
            <w x="1180">woe,</w>
        </line>
        <line c="1471" h="45" n="10">
            <w x="495">In</w>
            <w x="834">remembrance</w>
            <w x="906">of</w>
            <w x="957">a</w>
            <w x="1147">shroud.</w>
        </line>
        <line c="1539" h="58" n="11">
            <w x="498">Now</w>
            <w x="552">it</w>
            <w x="607">is</w>
            <w x="702">the</w>
            <w x="827">time</w>
            <w x="899">of</w>
            <w x="1061">night,</w>
        </line>
        <line c="1600" h="58" n="12">
            <w x="562">That</w>
            <w x="655">the</w>
            <w x="826">graves</w>
            <w x="903">all</w>
            <w x="1085">gaping</w>
            <w x="1233">wide,</w>
        </line>
        <line c="1661" h="60" n="13">
            <w x="528">Every</w>
            <w x="630">one</w>
            <w x="733">lets</w>
            <w x="866">forth</w>
            <w x="952">his</w>
            <w x="1118">sprite,</w>
        </line>
        <line c="1720" h="59" n="14">
            <w x="495">In</w>
            <w x="589">the</w>
            <w x="890">
                <choice>
                    <orig>church-way</orig>
                    <reg>church way</reg>
                    <reg>church</reg>
                    <reg>way</reg>
                </choice>
            </w>
            <w x="1035">paths</w>
            <w x="1102">to</w>
            <w x="1263">glide;</w>
        </line>
        <line c="1779" h="52" n="15">
            <w x="484">And</w>
            <w x="572">we</w>
            <w x="748">fairies,</w>
            <w x="866">that</w>
            <w x="941">do</w>
            <w x="1056">run,</w>
        </line>
        <line c="1842" h="59" n="16">
            <w x="513">By</w>
            <w x="606">the</w>
            <w x="751">triple</w>
            <w x="954">Hecat's</w>
            <w x="1105">team,</w>
        </line>
        <line c="1902" h="59" n="17">
            <w x="511">From</w>
            <w x="606">the</w>
            <w x="832">presence</w>
            <w x="903">of</w>
            <w x="1000">the</w>
            <w x="1118">sun,</w>
        </line>
        <line c="1963" h="58" n="18">
            <w x="684">Following</w>
            <w x="909">darkness</w>
            <w x="1016">like</w>
            <w x="1065">a</w>
            <w x="1244">dream,</w>
        </line>
        <line c="2018" h="49" n="19">
            <w x="499">Now</w>
            <w x="591">are</w>
            <w x="742">frolic.</w>
            <w x="897">Not</w>
            <w x="943">a</w>
            <w x="1111">mouse</w>
        </line>
        <line c="2081" h="52" n="20">
            <w x="505">Shall</w>
            <w x="689">disturb</w>
            <w x="793">this</w>
            <w x="1025">hallowed</w>
            <w x="1206">house;</w>
        </line>
        <line c="2141" h="53" n="21">
            <w x="406">I</w>
            <w x="498">am</w>
            <w x="629">sent,</w>
            <w x="760">with</w>
            <w x="941">broom,</w>
            <w x="1125">before,</w>
        </line>
        <line c="2204" h="59" n="22">
            <w x="455">To</w>
            <w x="623">sweep</w>
            <w x="715">the</w>
            <w x="837">dust</w>
            <w x="1019">behind</w>
            <w x="1112">the</w>
            <w x="1271">door.</w>
        </line>
    </div>
</body>
