<body>
    <div id="3" x="434" y="704" group="1" width="1279" height="195" type="diagonalscore"
        sealts="460_2_2.383" attribution="HM" mode="comedy" play="11a">
        <div id="2" x="438" y="714" group="1" width="603" height="69" type="underline"
            type2="checkmark" sealts="460_2_2.383" attribution="HM" mode="comedy" play="11a">
            <line c="752" h="77" n="1">
                <w x="655">Of</w>
                <w x="682">youth</w>
                <w x="761">and</w>
                <w x="1036">ignorance;</w>
                <w x="1173">both</w>
                <w x="1266">my</w>
                <w x="1470">revenge</w>
                <w x="1577">and</w>
                <w x="1710">hate,</w>
            </line>
        </div>
        <line c="806" h="64" n="2">
            <w x="633">Loosing</w>
            <w x="768">upon</w>
            <w x="896">thee</w>
            <w x="967">in</w>
            <w x="1060">the</w>
            <w x="1206">name</w>
            <w x="1273">of</w>
            <w x="1449">justice,</w>
        </line>
        <line c="865" h="62" n="3">
            <w x="636">Without</w>
            <w x="711">all</w>
            <w x="860">terms</w>
            <w x="929">of</w>
            <w x="1049">pity.</w>
            <w x="1286">Speak;</w>
            <w x="1438">thine</w>
            <w x="1640">answer.</w>
        </line>
    </div>
</body>
