<body>
    <div id="2" x="916" y="1168" group="1" width="1220" height="363" type="score3" sealts="460_2_2.382" attribution="HM"
        mode="comedy" play="11a">
        <line c="1202" h="58" n="9">
            <w x="1190">Debauched</w>
            <w x="1268">on</w>
            <w x="1420">every</w>
            <w x="1586">tomb;</w>
            <w x="1677">on</w>
            <w x="1828">every</w>
            <w x="1992">grave,</w>
        </line>
        <line c="1264" h="63" n="10">
            <w x="960">A</w>
            <w x="1100">lying</w>
            <w x="1289">trophy,</w>
            <w x="1399">and</w>
            <w x="1468">as</w>
            <w x="1553">oft</w>
            <w x="1609">is</w>
            <w x="1776">dumb,</w>
        </line>
        <line c="1318" h="50" n="11">
            <w x="1078">Where</w>
            <w x="1202">dust</w>
            <w x="1308">and</w>
            <w x="1517">damned</w>
            <w x="1723">oblivion</w>
            <w x="1780">is</w>
            <w x="1875">the</w>
            <w x="2017">tomb</w>
        </line>
        <line c="1377" h="51" n="12">
            <w x="988">Of</w>
            <w x="1193">honored</w>
            <w x="1349">bones</w>
            <w x="1543">indeed.</w>
            <w x="1741">What</w>
            <w x="1912">should</w>
            <w x="1987">be</w>
            <w x="2133">said?</w>
        </line>
        <line c="1441" h="52" n="13">
            <w x="965">If</w>
            <w x="1085">thou</w>
            <w x="1231">canst</w>
            <w x="1337">like</w>
            <w x="1444">this</w>
            <w x="1659">creature</w>
            <w x="1728">as</w>
            <w x="1777">a</w>
            <w x="1926">maid,</w>
        </line>
        <line c="1503" h="53" n="14">
            <w x="940">I</w>
            <w x="1046">can</w>
            <w x="1211">create</w>
            <w x="1307">the</w>
            <w x="1430">rest.</w>
            <w x="1660">Virtue,</w>
            <w x="1770">and</w>
            <w x="1881">she,</w>
        </line>
    </div>
    <div id="3" x="1143" y="2745" group="2" width="774" height="76" type="underline"
        sealts="460_2_2.382" attribution="HM" mode="comedy" play="11a">
        <line n="35" h="76" c="2783">
            <w x="1378">staggers</w>
            <w x="1483">and</w>
            <w x="1576">the</w>
            <w x="1781">careless</w>
            <w x="1915">lapse</w>
        </line>
    </div>
</body>
