<body>
    <div id="2" x="364" y="2413" group="1" width="1114" height="257" type="wavyscore"
        sealts="460_1_c371" attribution="HM" mode="comedy" play="5a">
        <div id="3" x="374" y="2421" group="1" width="1096" height="69" type="underline"
            sealts="460_1_c371" attribution="HM" mode="comedy" play="5a">
            <line n="29" h="69" c="2454">
                <w x="488">The</w>
                <w x="640">sense</w>
                <w x="708">of</w>
                <w x="862">death</w>
                <w x="920">is</w>
                <w x="1046">most</w>
                <w x="1118">in</w>
                <w x="1466">apprehension;</w>
            </line>
        </div>
        <line c="2510" h="70" n="30">
            <w x="488">And</w>
            <w x="645">the</w>
            <w x="710">poor</w>
            <w x="900">beetle,</w>
            <w x="1015">that</w>
            <w x="1095">we</w>
            <w x="1225">tread</w>
            <w x="1415">upon,</w>
        </line>
        <line c="2575" h="63" n="31">
            <w x="435">In</w>
            <w x="640">corporal</w>
            <w x="902">sufferance</w>
            <w x="1036">finds</w>
            <w x="1085">a</w>
            <w x="1223">pang</w>
            <w x="1294">as</w>
            <w x="1438">great</w>
        </line>
        <line c="2639" h="60" n="32">
            <w x="436">As</w>
            <w x="589">when</w>
            <w x="637">a</w>
            <w x="782">giant</w>
            <w x="930">dies.</w>
        </line>
    </div>
</body>
