<body>
	<div id="2" x="328" y="1143" group="1" width="1222" height="134" type="checkmark"
		sealts="460_3_3.017" attribution="HM" mode="comedy" play="13a">
		<line n="9" h="59" c="1173">
			<w x="473">More</w>
			<w x="603">than</w>
			<w x="699">the</w>
			<w x="920">common</w>
			<w x="1172">blocks.&#8212;</w>
			<w x="1274">Not</w>
			<w x="1441">noted,</w>
			<w x="1548">
				<orig>is't,</orig>
				<reg>is it</reg>
			</w>
			<reg>is</reg>
			<reg>it</reg>
		</line>
		<line n="10" h="59" c="1232">
			<w x="438">But</w>
			<w x="507">of</w>
			<w x="599">the</w>
			<w x="730">finer</w>
			<w x="957">natures?</w>
			<div id="3" x="329" y="1205" group="1" width="631" height="58" type="underline"
				sealts="460_3_3.017" attribution="HM" mode="comedy" play="13a">
				<w x="1103">By</w>
				<w x="1245">some</w>
				<w x="1464">severals,</w>
			</div>
		</line>
	</div>
</body>
