<body>
    <div id="2" x="682" y="862" group="1" width="903" height="82" type="checkmark" sealts="460_5_5.426" attribution="HM"
        mode="tragedy" play="1c">
        <line n="11" h="39" c="882">
            <w x="826">Tim.</w>
            <w x="944">Who,</w>
            <w x="1078">without</w>
            <w x="1184">those</w>
            <w x="1302">means</w>
            <w x="1394">thou</w>
            <w x="1519">
                <choice>
                    <orig>talkest</orig>
                    <reg>talk</reg>
                </choice>
            </w>
            <w x="1576">of,</w>
        </line>
        <line n="12" h="39" c="921">
            <w x="785">didst</w>
            <w x="864">thou</w>
            <w x="941">ever</w>
            <w x="1040">know</w>
            <w x="1190">beloved?</w>
        </line>
    </div>
    <div id="3" x="682" y="981" group="2" width="913" height="84" type="checkmark" sealts="460_5_5.426" attribution="HM"
        mode="tragedy" play="1c">
        <line n="14" h="42" c="1002">
            <w x="829">Tim.</w>
            <w x="868">I</w>
            <w x="1053">understand</w>
            <w x="1152">thee;</w>
            <w x="1244">thou</w>
            <w x="1337">hadst</w>
            <w x="1429">some</w>
            <w x="1528">means</w>
            <w x="1570">to</w>
        </line>
        <line n="15" h="42" c="1044">
            <w x="781">keep</w>
            <w x="813">a</w>
            <w x="890">dog.</w>
        </line>
    </div>
    <div id="4" x="697" y="1532" group="3" width="888" height="127" type="score" sealts="460_5_5.426" attribution="HM"
        mode="tragedy" play="1c">
        <line c="1598" h="44" n="28">
            <w x="817">suspect</w>
            <w x="912">thee,</w>
            <w x="1022">when,</w>
            <w x="1248">peradventure,</w>
            <w x="1336">thou</w>
            <w x="1429">wert</w>
            <w x="1570">accused</w>
        </line>
        <line c="1638" h="44" n="29">
            <w x="741">by</w>
            <w x="802">the</w>
            <w x="886">ass:</w>
            <w x="934">if</w>
            <w x="1019">thou</w>
            <w x="1111">wert</w>
            <w x="1180">the</w>
            <w x="1256">ass,</w>
            <w x="1322">thy</w>
            <w x="1455">
                <choice>
                    <orig>dulness</orig>
                    <reg>dullness</reg>
                </choice>
            </w>
            <w x="1570">would</w>
        </line>
        <line c="1674" h="39" n="30">
            <w x="826">torment</w>
            <w x="922">thee;</w>
            <w x="1000">and</w>
            <w x="1079">still</w>
            <w x="1165">thou</w>
            <w x="1280">
                <choice>
                    <orig>livedst</orig>
                    <reg>live</reg>
                </choice>
            </w>
            <w x="1344">but</w>
            <w x="1388">as</w>
            <w x="1418">a</w>
            <w x="1571">breakfast</w>
        </line>
    </div>
</body>
