<body>
    <div id="2" x="862" y="655" group="1" width="1403" height="749" type="score" sealts="460_7_7.346" attribution="HM"
        mode="tragedy" play="9c">
        <line c="689" h="89" n="1">
            <w x="1079">Ham.</w>
            <w x="1165">A</w>
            <w x="1287">man</w>
            <w x="1410">may</w>
            <w x="1509">fish</w>
            <w x="1639">with</w>
            <w x="1732">the</w>
            <w x="1890">worm</w>
            <w x="2005">that</w>
            <w x="2129">hath</w>
            <w x="2223">ate</w>
        </line>
        <line c="760" h="62" n="2">
            <w x="934">of</w>
            <w x="975">a</w>
            <w x="1128">king;</w>
            <w x="1249">and</w>
            <w x="1356">eat</w>
            <w x="1437">of</w>
            <w x="1540">the</w>
            <w x="1643">fish</w>
            <w x="1775">that</w>
            <w x="1911">hath</w>
            <w x="2017">fed</w>
            <w x="2101">of</w>
            <w x="2224">that</w>
        </line>
        <line c="829" h="61" n="3">
            <w x="1025">worm.]</w>
        </line>
        <line c="887" h="62" n="4">
            <w x="1082">King.</w>
            <w x="1261">What</w>
            <w x="1380">dost</w>
            <w x="1504">thou</w>
            <w x="1654">mean</w>
            <w x="1733">by</w>
            <w x="1875">this?</w>
        </line>
        <line c="948" h="62" n="5">
            <w x="1077">Ham.</w>
            <w x="1332">Nothing,</w>
            <w x="1434">but</w>
            <w x="1500">to</w>
            <w x="1643">show</w>
            <w x="1748">you</w>
            <w x="1870">how</w>
            <w x="1917">a</w>
            <w x="2044">king</w>
            <w x="2157">may</w>
            <w x="2224">go</w>
        </line>
        <line c="1010" h="63" n="6">
            <w x="913">a</w>
            <w x="1129">progress</w>
            <w x="1367">through</w>
            <w x="1462">the</w>
            <w x="1579">guts</w>
            <w x="1650">of</w>
            <w x="1692">a</w>
            <w x="1897">beggar.</w>
        </line>
        <line c="1070" h="61" n="7">
            <w x="1081">King.</w>
            <w x="1286">Where</w>
            <w x="1345">is</w>
            <w x="1605">Polonius?</w>
        </line>
        <line c="1131" h="61" n="8">
            <w x="1076">Ham.</w>
            <w x="1174">In</w>
            <w x="1410">heaven;</w>
            <w x="1572">send.</w>
            <w x="1763">thither</w>
            <w x="1847">to</w>
            <w x="1975">see.</w>
            <w x="2086">If</w>
            <w x="2227">your</w>
        </line>
        <line c="1193" h="61" n="9">
            <w x="1135">messenger</w>
            <w x="1258">find</w>
            <w x="1386">him</w>
            <w x="1499">not</w>
            <w x="1671">there,</w>
            <w x="1801">seek</w>
            <w x="1921">him</w>
            <w x="2068">
                <choice>
                    <orig>i'the</orig>
                    <reg>in the</reg>
                    <reg>in</reg>
                    <reg>the</reg>
                </choice>
            </w>
            <w x="2227">other</w>
        </line>
        <line c="1255" h="62" n="10">
            <w x="1004">place</w>
            <w x="1227">yourself.</w>
            <w x="1396">But,</w>
            <w x="1585">indeed,</w>
            <w x="1647">if</w>
            <w x="1747">you</w>
            <w x="1857">find</w>
            <w x="1967">him</w>
            <w x="2060">not</w>
            <w x="2226">within</w>
        </line>
        <line c="1316" h="60" n="11">
            <w x="968">this</w>
            <w x="1154">month,</w>
            <w x="1263">you</w>
            <w x="1403">shall</w>
            <w x="1528">nose</w>
            <w x="1639">him</w>
            <w x="1709">as</w>
            <w x="1815">you</w>
            <w x="1893">go</w>
            <w x="1972">up</w>
            <w x="2079">the</w>
            <w x="2227">stairs</w>
        </line>
        <line c="1377" h="59" n="12">
            <w x="974">into</w>
            <w x="1070">the</w>
            <w x="1237">lobby.</w>
        </line>
    </div>
</body>
