<body>
    <div id="2" x="973" y="1558" group="1" width="1130" height="69" type="checkmark2"
        sealts="460_2_2.082" attribution="HM" mode="comedy" play="8a">
        <line n="15" h="67" c="1593">
            <w x="1135">From</w>
            <w x="1295">tawny</w>
            <w x="1471">Spain,</w>
            <w x="1569">lost</w>
            <w x="1643">in</w>
            <w x="1732">the</w>
            <div id="3" x="1739" y="1558" group="1" width="364" height="70" type="underline"
                sealts="460_2_2.082" attribution="HM" mode="comedy" play="8a">
                <w x="1921">world's</w>
                <w x="2101">debate.</w>
            </div>
        </line>
    </div>
</body>
