<body>
    <div id="2" x="360" y="1020" group="1" width="1157" height="135" type="checkmark"
        sealts="460_1_c267" attribution="HM" mode="comedy" play="4a">
        <line n="6" h="67" c="1053">
            <w x="528">Unless</w>
            <w x="622">the</w>
            <w x="800">master</w>
            <w x="942">were</w>
            <w x="1034">the</w>
            <w x="1168">man.</w>
            <w x="1358">&#8212;How</w>
            <w x="1514">now?</w>
        </line>
        <line n="7" h="67" c="1120">
            <w x="500">Even</w>
            <w x="572">so</w>
            <w x="768">quickly</w>
            <w x="886">may</w>
            <w x="992">one</w>
            <w x="1136">catch</w>
            <w x="1232">the</w>
            <w x="1452">plague?</w>
        </line>
    </div>
    <div id="3" x="370" y="2252" group="2" width="1344" height="128" type="score" sealts="460_1_c267" attribution="HM"
        mode="comedy" play="4a">
        <line n="24" h="64" c="2284">
            <w x="512">Fate,</w>
            <w x="650">show</w>
            <w x="750">thy</w>
            <w x="924">force:</w>
            <w x="1162">ourselves</w>
            <w x="1252">we</w>
            <w x="1332">do</w>
            <w x="1432">not</w>
            <w x="1676">owe;</w>
        </line>
        <line n="25" h="64" c="2348">
            <w x="516">What</w>
            <w x="580">is</w>
            <w x="798">decreed,</w>
            <w x="934">must</w>
            <w x="1044">be;</w>
            <w x="1160">and</w>
            <w x="1232">be</w>
            <w x="1338">this</w>
            <w x="1558">so!</w>
            <w x="1708">[Exit.</w>
        </line>
    </div>
</body>
