<body>
    <div id="2" x="276" y="1641" group="1" width="814" height="93" type="score" type2="score3"
        sealts="460_5_5.429" attribution="HM" mode="tragedy" play="1c">
        <line n="30" h="46" c="1664">
            <w x="370">That</w>
            <w x="432">you</w>
            <w x="495">are</w>
            <w x="616">thieves</w>
            <w x="785">professed;</w>
            <w x="865">that</w>
            <w x="934">you</w>
            <w x="1021">work</w>
            <w x="1084">not</w>
        </line>
        <line n="31" h="46" c="1710">
            <w x="323">In</w>
            <w x="419">holier</w>
            <w x="555">shapes;</w>
            <w x="618">for</w>
            <w x="700">there</w>
            <w x="741">is</w>
            <w x="899">boundless</w>
            <w x="986">theft</w>
        </line>
    </div>
</body>
