<body>
    <div id="2" x="783" y="2718" group="1" width="1382" height="140" type="score" sealts="460_7_7.030" attribution="HM"
        mode="tragedy" play="7c">
        <line n="30" h="70" c="2753">
            <w x="993">Fool.</w>
            <w x="1199">Why?</w>
            <w x="1335">For</w>
            <w x="1510">taking</w>
            <w x="1663">one's</w>
            <w x="1773">part</w>
            <w x="1900">that</w>
            <w x="1970">is</w>
            <w x="2070">out</w>
            <w x="2132">of</w>
        </line>
        <line n="31" h="70" c="2823">
            <w x="958">favor;</w>
            <w x="1081">nay,</w>
            <w x="1168">and</w>
            <w x="1304">thou</w>
            <w x="1457">canst</w>
            <w x="1549">not</w>
            <w x="1707">smile</w>
            <w x="1786">as</w>
            <w x="1886">the</w>
            <w x="2031">wind</w>
            <w x="2149">sits,</w>
        </line>
    </div>
</body>
