<body>
	<div id="2" x="404" y="693" group="1" width="1367" height="200" type="checkmark2"
		sealts="460_4_4.145" attribution="HM" mode="history" play="4b">
		<line c="722" h="71" n="2">
			<w x="528">God,</w>
			<w x="695">God!</w>
			<w x="854">three</w>
			<w x="940">or</w>
			<w x="1072">four</w>
			<w x="1261">times:</w>
			<w x="1399">now</w>
			<w x="1468">I,</w>
			<w x="1551">to</w>
			<w x="1771">comfort</w>
		</line>
		<line c="801" h="79" n="3">
			<w x="513">him,</w>
			<w x="621">bid</w>
			<w x="760">him,</w>
			<div id="3" x="789" y="755" group="1" width="759" height="79" type="underline"
				sealts="460_4_4.145" attribution="HM" mode="history" play="4b">
				<w x="860">
					<choice>
						<orig>'a</orig>
						<reg>he</reg>
					</choice>
				</w>
				<w x="1042">should</w>
				<w x="1144">not</w>
				<w x="1309">think</w>
				<w x="1399">of</w>
				<w x="1544">God;</w>
			</div>
			<w x="1583">I</w>
			<w x="1765">hoped</w>
		</line>
		<line n="4" h="66" c="860">
			<w x="543">there</w>
			<w x="670">was</w>
			<w x="759">no</w>
			<w x="902">need</w>
			<w x="983">to</w>
			<w x="1185">trouble</w>
			<w x="1395">himself</w>
			<w x="1538">with</w>
			<w x="1649">any</w>
			<w x="1762">such</w>
		</line>
	</div>
</body>
