<body>
    <div id="2" x="321" y="2358" group="1" width="1171" height="315" type="arcedscore"
        sealts="460_1_c277" attribution="HM" mode="comedy" play="4a">
        <line c="2395" h="60" n="28">
            <w x="405">An</w>
            <w x="546">elder</w>
            <w x="672">than</w>
            <w x="873">herself;</w>
            <w x="955">so</w>
            <w x="1116">wears</w>
            <w x="1215">she</w>
            <w x="1284">to</w>
            <w x="1409">him,</w>
        </line>
        <line c="2455" h="59" n="29">
            <w x="396">So</w>
            <w x="560">sways</w>
            <w x="659">she</w>
            <w x="790">level</w>
            <w x="857">in</w>
            <w x="955">her</w>
            <w x="1210">husband's</w>
            <w x="1368">heart.</w>
        </line>
        <line c="2518" h="62" n="30">
            <w x="432">For,</w>
            <w x="555">boy,</w>
            <w x="781">however</w>
            <w x="871">we</w>
            <w x="950">do</w>
            <w x="1111">praise</w>
            <w x="1368">ourselves,</w>
        </line>
        <line c="2579" h="61" n="31">
            <w x="428">Our</w>
            <w x="613">fancies</w>
            <w x="707">are</w>
            <w x="846">more</w>
            <w x="1003">giddy</w>
            <w x="1110">and</w>
            <w x="1300">unfirm,</w>
        </line>
        <line c="2641" h="63" n="32">
            <w x="456">More</w>
            <w x="672">longing,</w>
            <w x="929">wavering,</w>
            <w x="1106">sooner</w>
            <w x="1211">lost</w>
            <w x="1318">and</w>
            <w x="1491">worn</w>
        </line>
    </div>
</body>
