<body>
    <div id="2" x="233" y="1984" group="1" width="1329" height="307" type="diagonalscore"
        sealts="460_2_2.081" attribution="HM" mode="comedy" play="8a">
        <line c="2016" h="55" n="22">
            <w x="330">
                <choice>
                    <orig>'Tis</orig>
                    <reg>It is</reg>
                    <reg>It</reg>
                    <reg>is</reg>
                </choice>
            </w>
            <w x="465">won,</w>
            <w x="534">as</w>
            <w x="696">towns</w>
            <w x="823">with</w>
            <w x="939">fire;</w>
            <w x="1011">so</w>
            <w x="1145">won,</w>
            <w x="1216">so</w>
            <w x="1331">lost.</w>
        </line>
        <line c="2085" h="92" n="23">
            <w x="433">King.</w>
            <w x="559">We</w>
            <w x="701">must,</w>
            <w x="773">of</w>
            <w x="916">force,</w>
            <w x="1133">dispense</w>
            <w x="1255">with</w>
            <w x="1556">this</w>
            <w x="1582">decree;</w>
        </line>
        <line c="2135" h="61" n="24">
            <w x="324">She</w>
            <w x="461">must</w>
            <w x="534">lie</w>
            <w x="685">here</w>
            <w x="763">on</w>
            <w x="900">mere</w>
            <w x="1150">necessity.</w>
        </line>
        <line c="2199" h="60" n="25">
            <w x="445">Biron.</w>
            <w x="718">Necessity</w>
            <w x="825">will</w>
            <w x="973">make</w>
            <w x="1045">us</w>
            <w x="1121">all</w>
            <w x="1344">forsworn</w>
        </line>
        <line c="2259" h="59" n="26">
            <w x="499">Three</w>
            <w x="752">thousand</w>
            <w x="918">times</w>
            <w x="1107">within</w>
            <w x="1233">this</w>
            <w x="1388">three</w>
            <w x="1559">years'</w>
        </line>
    </div>
    <div id="3" x="939" y="2408" group="2" width="504" height="64" type="underline" sealts="460_2_2.081" attribution="HM"
        mode="comedy" play="8a">
        <line n="29" h="64" c="2440">
            <w x="1029">but</w>
            <w x="1107">by</w>
            <w x="1287">special</w>
            <w x="1442">grace.</w>
        </line>
    </div>
</body>
