<body>
    <div id="2" x="388" y="2088" group="1" width="1156" height="368" type="score2" sealts="460_1_c481" attribution="HM"
        mode="comedy" play="6a">
        <line c="2123" h="60" n="24">
            <w x="509">Shall</w>
            <w x="584">be</w>
            <w x="838">lamented,</w>
            <w x="1009">pitied,</w>
            <w x="1118">and</w>
            <w x="1339">excused,</w>
        </line>
        <line c="2183" h="60" n="25">
            <w x="457">Of</w>
            <w x="611">every</w>
            <w x="780">hearer;</w>
            <w x="905">for</w>
            <w x="960">it</w>
            <w x="1027">so</w>
            <w x="1142">falls</w>
            <w x="1252">out,</w>
        </line>
        <line c="2245" h="62" n="26">
            <w x="510">That</w>
            <w x="648">what</w>
            <w x="736">we</w>
            <w x="880">have,</w>
            <w x="972">we</w>
            <w x="1110">prize</w>
            <w x="1209">not</w>
            <w x="1274">to</w>
            <w x="1367">the</w>
            <w x="1539">worth,</w>
        </line>
        <line c="2306" h="64" n="27">
            <w x="554">Whiles</w>
            <w x="643">we</w>
            <w x="792">enjoy</w>
            <w x="872">it;</w>
            <w x="984">but</w>
            <w x="1135">being</w>
            <w x="1309">lacked</w>
            <w x="1415">and</w>
            <w x="1530">lost,</w>
        </line>
        <line c="2363" h="61" n="28">
            <w x="518">Why,</w>
            <w x="646">then</w>
            <w x="736">we</w>
            <w x="888">rack</w>
            <w x="981">the</w>
            <w x="1152">value;</w>
            <w x="1289">then</w>
            <w x="1378">we</w>
            <w x="1487">find</w>
        </line>
        <line c="2425" h="60" n="29">
            <w x="488">The</w>
            <w x="659">virtue,</w>
            <w x="777">that</w>
            <w x="1037">possession</w>
            <w x="1201">would</w>
            <w x="1299">not</w>
            <w x="1438">show</w>
            <w x="1508">us</w>
        </line>
    </div>
</body>
