<body>
    <div id="2" x="563" y="1334" group="1" width="889" height="87" type="underline" sealts="460_7_7.031" attribution="HM"
        mode="tragedy" play="7c">
        <line n="12" h="87" c="1377">
            <w x="766">
                <choice>
                    <orig>Truth's</orig>
                    <reg>Truth is</reg>
                    <reg>Truth</reg>
                    <reg>is</reg>
                </choice>
            </w>
            <w x="818">a</w>
            <w x="928">dog</w>
            <w x="1044">that</w>
            <w x="1182">must</w>
            <w x="1253">to</w>
            <w x="1437">kennel.</w>
        </line>
    </div>
</body>
