<body>
	<div id="2" x="416" y="2490" group="1" width="1379" height="240" type="score" sealts="460_3_3.007" attribution="HM"
		mode="comedy" play="13a">
		<line c="2525" h="62" n="18">
			<w x="474">so</w>
			<w x="566">rare&#8212;</w>
			<w x="671">I</w>
			<w x="843">know</w>
			<w x="955">not</w>
			<w x="1111">what</w>
			<w x="1191">to</w>
			<w x="1320">say.&#8212;</w>
			<w x="1534">We</w>
			<w x="1660">will</w>
			<w x="1792">give</w>
		</line>
		<line c="2588" h="62" n="19">
			<w x="509">you</w>
			<w x="693">sleepy</w>
			<w x="892">drinks;</w>
			<w x="1024">that</w>
			<w x="1165">your</w>
			<w x="1363">senses,</w>
			<w x="1705">unintelligent</w>
			<w x="1788">of</w>
		</line>
		<line c="2651" h="61" n="20">
			<w x="503">our</w>
			<w x="842">
				<choice>
					<orig>insufficience,</orig>
					<reg>insufficiency,</reg>
				</choice>
			</w>
			<w x="998">may,</w>
			<w x="1190">though</w>
			<w x="1330">they</w>
			<w x="1514">cannot</w>
			<w x="1687">praise</w>
			<w x="1791">us,</w>
		</line>
		<line c="2707" h="44" n="21">
			<w x="474">as</w>
			<w x="606">little</w>
			<w x="786">accuse</w>
			<w x="874">us.</w>
		</line>
	</div>
</body>
