<body>
    <div id="2" x="780" y="1527" group="1" width="1365" height="513" type="score"
        sealts="460_6_6.266" attribution="HM" mode="tragedy" play="5c">
        <line c="1571" h="68" n="15">
            <w x="964">Gui.</w>
            <w x="1103">Out</w>
            <w x="1172">of</w>
            <w x="1304">your</w>
            <w x="1451">proof</w>
            <w x="1561">you</w>
            <w x="1733">speak.</w>
            <w x="1897">We,</w>
            <w x="2025">poor</w>
            <w x="2136">
                <choice>
                    <hyph>un-</hyph>
                    <reg>unfledged,</reg>
                </choice>
            </w>
        </line>
        <line c="1637" h="60" n="16">
            <w x="1228" endhyph="true">fledged,</w>
        </line>
        <line c="1693" h="68" n="17">
            <w x="924">Have</w>
            <w x="1073">never</w>
            <w x="1261">winged</w>
            <w x="1386">from</w>
            <w x="1515">view</w>
            <w x="1568">
                <choice>
                    <orig>o'</orig>
                    <reg>of</reg>
                </choice>
            </w>
            <w x="1652">the</w>
            <w x="1790">nest;</w>
            <w x="1902">nor</w>
            <w x="2048">know</w>
            <w x="2140">not</w>
        </line>
        <line c="1752" h="63" n="18">
            <w x="930">What</w>
            <w x="1050">
                <choice>
                    <orig>air's</orig>
                    <reg>air is</reg>
                    <reg>air</reg>
                    <reg>is</reg>
                </choice>
            </w>
            <w x="1180">from</w>
            <w x="1342">home.</w>
            <w x="1571">Haply,</w>
            <w x="1676">this</w>
            <w x="1770">life</w>
            <w x="1829">is</w>
            <w x="1963">best,</w>
        </line>
        <line c="1822" h="62" n="19">
            <w x="842">If</w>
            <w x="988">quiet</w>
            <w x="1081">life</w>
            <w x="1158">be</w>
            <w x="1307">best;</w>
            <w x="1526">sweeter</w>
            <w x="1593">to</w>
            <w x="1712">you,</w>
        </line>
        <line c="1876" h="69" n="20">
            <w x="917">That</w>
            <w x="1046">have</w>
            <w x="1096">a</w>
            <w x="1292">sharper</w>
            <w x="1502">known;</w>
            <w x="1638">well</w>
            <w x="1999">corresponding</w>
        </line>
        <line c="1941" h="69" n="21">
            <w x="920">With</w>
            <w x="1048">your</w>
            <w x="1166">stiff</w>
            <w x="1296">age;</w>
            <w x="1423">but,</w>
            <w x="1553">unto</w>
            <w x="1639">us,</w>
            <w x="1697">it</w>
            <w x="1755">is</w>
        </line>
        <line c="2002" h="67" n="22">
            <w x="839">A</w>
            <w x="942">cell</w>
            <w x="1013">of</w>
            <w x="1270">ignorance;</w>
            <w x="1561">travelling</w>
            <w x="1695">abed;</w>
        </line>
    </div>
    <div id="3" x="794" y="2453" group="2" width="1128" height="133" type="score"
        sealts="460_6_6.266" attribution="HM" mode="tragedy" play="5c">
        <line n="30" h="66" c="2486">
            <w x="895">We</w>
            <w x="988">are</w>
            <w x="1206">beastly;</w>
        </line>
        <div id="4" x="787" y="2449" group="2" width="694" height="72" type="underline"
            sealts="460_6_6.266" attribution="HM" mode="tragedy" play="5c">
            <line n="30" h="66" c="2486">
                <blank x="1200"/>
                <w x="1383">subtle</w>
                <w x="1445">as</w>
                <w x="1547">the</w>
                <w x="1652">fox,</w>
                <w x="1747">for</w>
                <w x="1905">prey;</w>
            </line>
            <line n="31" h="66" c="2552">
                <w x="925">Like</w>
                <w x="1125">warlike</w>
                <w x="1196">as</w>
                <w x="1291">the</w>
                <w x="1419">wolf,</w>
            </line>
        </div>
        <line n="31" h="66" c="2552">
            <w x="1517">for</w>
            <w x="1658">what</w>
            <w x="1751">we</w>
            <w x="1864">eat.</w>
        </line>
    </div>
</body>
