<body>
    <div id="2" x="395" y="2270" group="1" width="913" height="134" type="score2" sealts="460_6_6.491" attribution="HM"
        mode="other" play="2d">
        <line n="26" h="67" c="2303">
            <w x="483">No</w>
            <w x="612">visor</w>
            <w x="744">does</w>
            <w x="948">become</w>
            <w x="1095">black</w>
            <w x="1296">
                <choice>
                    <orig>villany,</orig>
                    <reg>villainy,</reg>
                </choice>
            </w>
        </line>
        <line n="27" h="67" c="2370">
            <w x="477">So</w>
            <w x="599">well</w>
            <w x="676">as</w>
            <w x="775">soft</w>
            <w x="883">and</w>
            <w x="1064">tender</w>
            <w x="1273">flattery.</w>
        </line>
    </div>
</body>
