<body>
    <div id="2" x="714" y="1402" group="1" width="1286" height="195" type="score" sealts="460_6_6.030" attribution="HM"
        mode="tragedy" play="3c">
        <line c="1449" h="73" n="13">
            <w x="781">O</w>
            <w x="899">that</w>
            <w x="998">we</w>
            <w x="1114">then</w>
            <w x="1260">could</w>
            <w x="1403">come</w>
            <w x="1483">by</w>
            <w x="1693">Caesar's</w>
            <w x="1849">spirit,</w>
        </line>
        <line c="1501" h="53" n="14">
            <w x="839">And</w>
            <w x="938">not</w>
            <w x="1217">dismember</w>
            <w x="1412">Caesar!</w>
            <w x="1579">But,</w>
            <w x="1705">alas,</w>
        </line>
        <line c="1570" h="75" n="15">
            <w x="890">Caesar</w>
            <w x="1026">must</w>
            <w x="1172">bleed</w>
            <w x="1257">for</w>
            <w x="1336">it!</w>
            <w x="1514">And,</w>
            <w x="1684">gentle</w>
            <w x="1884">friends,</w>
        </line>
    </div>
    <div id="3" x="723" y="2197" group="2" width="1166" height="124" type="score" sealts="460_6_6.030" attribution="HM"
        mode="tragedy" play="3c">
        <line n="26" h="62" c="2228">
            <w x="852">For,</w>
            <w x="929">he</w>
            <w x="1025">can</w>
            <w x="1108">do</w>
            <w x="1183">no</w>
            <w x="1317">more</w>
            <w x="1446">than</w>
            <w x="1652">Caesar's</w>
            <w x="1783">arm,</w>
        </line>
        <line n="27" h="62" c="2290">
            <w x="894">When</w>
            <w x="1111">Caesar's</w>
            <w x="1238">head</w>
            <w x="1295">is</w>
            <w x="1411">off.</w>
        </line>
    </div>
    <div id="4" x="814" y="3017" group="3" width="1224" height="65" type="checkmark"
        sealts="460_6_6.030" attribution="HM" mode="commentary" play="3c">
        <line n="39" h="65" c="3050">
            <w x="969">Envy</w>
            <w x="1070">here,</w>
            <w x="1125">as</w>
            <w x="1250">almost</w>
            <w x="1392">always</w>
            <w x="1447">by</w>
            <w x="1678">Shakespeare,</w>
            <w x="1724">is</w>
            <w x="1815">used</w>
            <w x="1884">for</w>
            <w x="2019">malice.</w>
        </line>
    </div>
</body>
