<body>
    <div id="2" x="427" y="2716" group="1" width="278" height="58" type="underline" sealts="460_2_2.381"
        attribution="HM" mode="comedy" play="11a">
        <line c="2750" h="59" n="34">
            <blank x="1021"/>
            <w x="1164">Good</w>
            <w x="1304">alone</w>
        </line>
        <line n="35" h="78" c="2808">
            <w x="489">Is</w>
            <w x="650">good;&#8212;</w>
            <w x="676">without</w>
            <w x="936">a</w>
            <w x="1101">name,</w>
            <w x="1309">vileness</w>
            <w x="1367">is</w>
            <w x="1484">so:</w>
        </line>
    </div>
    <div id="3" x="891" y="3045" group="2" width="870" height="56" type="underline2" sealts="460_2_2.381"
        attribution="HM" mode="commentary" section="notes" play="11a">
        <line c="3074" h="46" n="39">
            <w x="952">not</w>
            <w x="1060">rank,</w>
            <w x="1191">power,</w>
            <w x="1270">and</w>
            <w x="1419">fortune,</w>
            <w x="1548">screen</w>
            <w x="1588">it</w>
            <w x="1682">from</w>
            <w x="1756">
                <choice>
                    <hyph>op-</hyph>
                    <reg>opprobrium</reg>
                </choice>
            </w>
        </line>
    </div>
</body>
