<body>
    <div id="2" x="756" y="1806" group="1" width="1114" height="82" type="diagonalscore"
        erasure="true" sealts="460_6_6.200" attribution="HM" mode="tragedy" play="4c">
        <line n="20" h="82" c="1847">
            <w x="858">Of</w>
            <w x="970">dull</w>
            <w x="1194">Octavia.</w>
            <w x="1382">Shall</w>
            <w x="1514">they</w>
            <w x="1649">hoist</w>
            <w x="1747">me</w>
            <w x="1839">up,</w>
        </line>
    </div>
</body>
