<body>
    <div id="2" x="723" y="525" group="1" width="874" height="123" type="score" sealts="460_5_5.366" attribution="HM"
        mode="tragedy" play="1c">
        <line c="550" h="43" n="2">
            <w x="847">Poet.</w>
            <w x="930">Sir,</w>
            <w x="958">I</w>
            <w x="1043">have</w>
            <w x="1133">upon</w>
            <w x="1165">a</w>
            <w x="1246">high</w>
            <w x="1315">and</w>
            <w x="1457">pleasant</w>
            <w x="1527">hill,</w>
        </line>
        <line c="591" h="45" n="3">
            <w x="860">Feigned</w>
            <w x="988">Fortune</w>
            <w x="1027">to</w>
            <w x="1072">be</w>
            <w x="1211">throned.</w>
            <w x="1318">The</w>
            <w x="1396">base</w>
            <w x="1433">
                <choice>
                    <orig>o'</orig>
                    <reg>of</reg>
                </choice>
            </w>
            <w x="1487">the</w>
            <w x="1594">mount</w>
        </line>
        <line c="628" h="36" n="4">
            <w x="756">Is</w>
            <w x="876">ranked</w>
            <w x="959">with</w>
            <w x="1009">all</w>
            <w x="1139">deserts,</w>
            <w x="1190">all</w>
            <w x="1273">kind</w>
            <w x="1319">of</w>
            <w x="1451">natures,</w>
        </line>
    </div>
    <div id="3" x="714" y="681" group="2" width="794" height="87" type="score" sealts="460_5_5.366" attribution="HM"
        mode="tragedy" play="1c">
        <line n="6" h="43" c="703">
            <w x="782">To</w>
            <w x="942">propagate</w>
            <w x="1032">their</w>
            <w x="1150">states.</w>
            <w x="1328">Amongst</w>
            <w x="1422">them</w>
            <w x="1488">all,</w>
        </line>
        <line n="7" h="43" c="746">
            <w x="841">Whose</w>
            <w x="921">eyes</w>
            <w x="984">are</w>
            <w x="1032">on</w>
            <w x="1103">this</w>
            <w x="1263">sovereign</w>
            <w x="1338">lady</w>
            <w x="1441">fixed,</w>
        </line>
    </div>
    <div id="4" x="716" y="804" group="3" width="839" height="82" type="score" sealts="460_5_5.366" attribution="HM"
        mode="tragedy" play="1c">
        <line n="9" h="41" c="824">
            <w x="833">Whom</w>
            <w x="972">Fortune</w>
            <w x="1058">with</w>
            <w x="1115">her</w>
            <w x="1209">ivory</w>
            <w x="1297">hand</w>
            <w x="1398">wafts</w>
            <w x="1439">to</w>
            <w x="1522">her;</w>
        </line>
        <line n="10" h="41" c="865">
            <w x="837">Whose</w>
            <w x="966">present</w>
            <w x="1068">grace</w>
            <w x="1111">to</w>
            <w x="1236">present</w>
            <w x="1336">slaves</w>
            <w x="1412">and</w>
            <w x="1543">servants</w>
        </line>
    </div>
    <div id="5" x="715" y="1358" group="4" width="760" height="82" type="score" sealts="460_5_5.366" attribution="HM"
        mode="tragedy" play="1c">
        <line n="23" h="41" c="1379">
            <w x="822">Make</w>
            <w x="935">sacred</w>
            <w x="1019">even</w>
            <w x="1077">his</w>
            <w x="1194">stirrup,</w>
            <w x="1270">and</w>
            <w x="1402">through</w>
            <w x="1467">him</w>
        </line>
        <line n="24" h="41" c="1420">
            <w x="832">Drink</w>
            <w x="898">the</w>
            <w x="968">free</w>
            <w x="1019">air.</w>
        </line>
    </div>
</body>
