<body>
    <div id="2" x="729" y="1186" group="1" width="1350" height="600" type="score2" sealts="460_6_6.022" attribution="HM"
        mode="tragedy" play="3c">
        <line c="1213" h="60" n="9">
            <w x="925">Cats.</w>
            <w x="991">I</w>
            <w x="1145">know</w>
            <w x="1309">where</w>
            <w x="1351">I</w>
            <w x="1462">will</w>
            <w x="1599">wear</w>
            <w x="1704">this</w>
            <w x="1887">dagger</w>
            <w x="2039">then;</w>
        </line>
        <line c="1276" h="60" n="10">
            <w x="937">Cassius</w>
            <w x="1065">from</w>
            <w x="1283">bondage</w>
            <w x="1393">will</w>
            <w x="1571">deliver</w>
            <w x="1795">Cassius:</w>
        </line>
        <line c="1337" h="62" n="11">
            <w x="965">Therein,</w>
            <w x="1042">ye</w>
            <w x="1183">gods,</w>
            <w x="1290">you</w>
            <w x="1438">make</w>
            <w x="1533">the</w>
            <w x="1681">weak</w>
            <w x="1814">most</w>
            <w x="2007">strong;</w>
        </line>
        <line c="1397" h="62" n="12">
            <w x="965">Therein,</w>
            <w x="1043">ye</w>
            <w x="1204">gods,</w>
            <w x="1311">you</w>
            <w x="1496">tyrants</w>
            <w x="1573">do</w>
            <w x="1765">defeat:</w>
        </line>
        <line c="1457" h="61" n="13">
            <w x="851">Nor</w>
            <w x="998">stony</w>
            <w x="1166">tower,</w>
            <w x="1266">nor</w>
            <w x="1407">walls</w>
            <w x="1478">of</w>
            <w x="1659">beaten</w>
            <w x="1814">brass,</w>
        </line>
        <line c="1517" h="61" n="14">
            <w x="851">Nor</w>
            <w x="1016">airless</w>
            <w x="1253">dungeon,</w>
            <w x="1353">nor</w>
            <w x="1520">strong</w>
            <w x="1653">links</w>
            <w x="1723">of</w>
            <w x="1853">iron,</w>
        </line>
        <line c="1577" h="60" n="15">
            <w x="860">Can</w>
            <w x="936">be</w>
            <w x="1166">retentive</w>
            <w x="1234">to</w>
            <w x="1328">the</w>
            <w x="1545">strength</w>
            <w x="1615">of</w>
            <w x="1781">spirit;</w>
        </line>
        <line c="1637" h="63" n="16">
            <w x="851">But</w>
            <w x="957">life,</w>
            <w x="1111">being</w>
            <w x="1276">weary</w>
            <w x="1346">of</w>
            <w x="1483">these</w>
            <w x="1682">worldly</w>
            <w x="1814">bars,</w>
        </line>
        <line c="1698" h="61" n="17">
            <w x="904">Never</w>
            <w x="1042">lacks</w>
            <w x="1210">power</w>
            <w x="1275">to</w>
            <w x="1465">dismiss</w>
            <w x="1613">itself.</w>
        </line>
        <line c="1756" h="56" n="18">
            <w x="808">If</w>
            <w x="852">I</w>
            <w x="1007">know</w>
            <w x="1126">this,</w>
            <w x="1280">know</w>
            <w x="1356">all</w>
            <w x="1451">the</w>
            <w x="1607">world</w>
            <w x="1813">besides,</w>
        </line>
    </div>
</body>
