<body>
    <div id="2" x="273" y="916" group="1" width="797" height="79" type="wavyscore2" sealts="460_5_5.299" attribution="HM"
        mode="other" play="1d">
        <line n="11" h="37" c="934">
            <w x="347">The</w>
            <w x="435">thing</w>
            <w x="471">I</w>
            <w x="553">shall</w>
            <w x="668">repent.</w>
            <w x="780">See,</w>
            <w x="850">see,</w>
            <w x="936">your</w>
            <w x="1066">silence,</w>
        </line>
        <line n="12" h="37" c="971">
            <w x="415">Cunning</w>
            <w x="459">in</w>
            <w x="632">dumbness,</w>
            <w x="716">from</w>
            <w x="782">my</w>
            <w x="938">weakness</w>
            <w x="1048">draws</w>
        </line>
    </div>
</body>
