<body>
    <div id="2" x="224" y="2869" group="1" width="1142" height="73" type="checkmark"
        sealts="460_1_c083" attribution="HM" mode="comedy" play="2a">
        <line n="26" h="73" c="2905">
            <w x="360">How</w>
            <w x="526">young</w>
            <w x="756">Leander</w>
            <w x="952">crossed</w>
            <w x="1048">the</w>
            <w x="1364">Hellespont.</w>
        </line>
    </div>
    <div id="3" x="348" y="3120" group="2" width="1086" height="62" type="checkmark"
        sealts="460_1_c083" attribution="HM" mode="commentary" section="notes" play="2a">
        <line n="29" h="62" c="3151">
            <w x="478">The</w>
            <w x="632">allusion</w>
            <w x="676">is</w>
            <w x="720">to</w>
            <w x="906">Marlow's</w>
            <w x="1018">poem</w>
            <w x="1068">of</w>
            <w x="1172">Hero</w>
            <w x="1256">and</w>
            <w x="1438">Leander.</w>
        </line>
    </div>
</body>
