<body>
	<div id="2" x="342" y="2024" group="1" width="1261" height="318" type="score" sealts="460_3_3.107" attribution="HM"
		mode="comedy" play="13a">
		<line c="2062" h="65" n="23">
			<w x="451">You</w>
			<w x="670">precious</w>
			<w x="906">winners</w>
			<w x="1010">all;</w>
			<w x="1142">your</w>
			<w x="1421">exultation</w>
		</line>
		<line c="2124" h="64" n="24">
			<w x="542">Partake</w>
			<w x="610">to</w>
			<w x="765">every</w>
			<w x="885">one.</w>
			<w x="987">I,</w>
			<w x="1069">an</w>
			<w x="1163">old</w>
			<w x="1331">turtle,</w>
		</line>
		<line c="2186" h="65" n="25">
			<w x="454">Will</w>
			<w x="590">wing</w>
			<w x="682">me</w>
			<w x="751">to</w>
			<w x="895">some</w>
			<w x="1133">withered</w>
			<w x="1328">bough;</w>
			<w x="1451">and</w>
			<w x="1596">there</w>
		</line>
		<line c="2249" h="65" n="26">
			<w x="435">My</w>
			<w x="588">mate,</w>
			<w x="745">
				<choice>
					<orig>that's</orig>
					<reg>that is</reg>
					<reg>that</reg>
					<reg>is</reg>
				</choice>
			</w>
			<w x="901">never</w>
			<w x="968">to</w>
			<w x="1045">be</w>
			<w x="1204">found</w>
			<w x="1370">again,</w>
		</line>
		<line c="2311" h="64" n="27">
			<w x="549">Lament</w>
			<w x="634">till</w>
			<w x="692">I</w>
			<w x="772">am</w>
			<w x="893">lost.</w>
		</line>
	</div>
</body>
