<body>
    <div id="2" x="347" y="1671" group="1" width="887" height="129" type="score" sealts="460_1_c385" attribution="HM"
        mode="comedy" play="5a">
        <line n="17" h="64" c="1703">
            <w x="426">O,</w>
            <w x="571">what</w>
            <w x="694">may</w>
            <w x="821">man</w>
            <w x="996">within</w>
            <w x="1111">him</w>
            <w x="1229">hide,</w>
        </line>
        <line n="18" h="64" c="1767">
            <w x="557">Though</w>
            <w x="710">angel</w>
            <w x="788">on</w>
            <w x="886">the</w>
            <w x="1109">outward</w>
            <w x="1229">side!</w>
        </line>
    </div>
</body>
