<body>
    <div id="2" x="756" y="1274" group="1" width="1264" height="446" type="score" sealts="460_1_c270" attribution="HM"
        mode="comedy" play="4a">
        <line c="1319" h="62" n="11">
            <w x="878">How</w>
            <w x="1004">easy</w>
            <w x="1061">is</w>
            <w x="1118">it</w>
            <w x="1203">for</w>
            <w x="1299">the</w>
            <w x="1604">
                <choice>
                    <orig>proper-false</orig>
                    <reg>proper false</reg>
                    <reg>proper</reg>
                    <reg>false</reg>
                </choice>
            </w>
        </line>
        <line c="1374" h="47" n="12">
            <w x="812">In</w>
            <w x="1046">women's</w>
            <w x="1228">waxen</w>
            <w x="1395">hearts</w>
            <w x="1463">to</w>
            <w x="1554">set</w>
            <w x="1687">their</w>
            <w x="1838">forms!</w>
        </line>
        <line c="1444" h="60" n="13">
            <w x="878">Alas,</w>
            <w x="979">our</w>
            <w x="1146">frailty</w>
            <w x="1203">is</w>
            <w x="1300">the</w>
            <w x="1468">cause,</w>
            <w x="1569">not</w>
            <w x="1686">we;</w>
        </line>
        <line c="1503" h="57" n="14">
            <w x="845">For</w>
            <w x="974">such</w>
            <w x="1043">as</w>
            <w x="1134">we</w>
            <w x="1229">are</w>
            <w x="1380">made</w>
            <w x="1461">of,</w>
            <w x="1592">such</w>
            <w x="1682">we</w>
            <w x="1775">be.</w>
        </line>
        <line c="1568" h="62" n="15">
            <w x="880">How</w>
            <w x="990">will</w>
            <w x="1097">this</w>
            <w x="1284">fadge?</w>
            <w x="1400">My</w>
            <w x="1582">master</w>
            <w x="1720">loves</w>
            <w x="1819">her</w>
            <w x="2014">dearly;</w>
        </line>
        <line c="1630" h="61" n="16">
            <w x="868">And</w>
            <w x="920">I,</w>
            <w x="1048">poor</w>
            <w x="1275">monster,</w>
            <w x="1404">fond</w>
            <w x="1473">as</w>
            <w x="1626">much</w>
            <w x="1704">on</w>
            <w x="1842">him;</w>
        </line>
        <line c="1691" h="55" n="17">
            <w x="862">And</w>
            <w x="976">she,</w>
            <w x="1231">mistaken,</w>
            <w x="1398">seems</w>
            <w x="1466">to</w>
            <w x="1590">dote</w>
            <w x="1669">on</w>
            <w x="1789">me:</w>
        </line>
    </div>
    <div id="3" x="750" y="2576" group="2" width="1376" height="68" type="score" sealts="460_1_c270" attribution="HM"
        mode="comedy" play="4a">
        <line n="28" h="68" c="2610">
            <w x="878">after</w>
            <w x="1134">midnight,</w>
            <w x="1194">is</w>
            <w x="1266">to</w>
            <w x="1350">be</w>
            <w x="1426">up</w>
            <w x="1668">betimes;</w>
            <w x="1794">and</w>
            <w x="2008">diluculo</w>
            <w x="2120">
                <choice>
                    <hyph>sur-</hyph>
                    <reg>surgere</reg>
                </choice>
            </w>
        </line>
    </div>
</body>
