<body>
    <div id="2" x="758" y="2485" group="1" width="1452" height="161" type="crosschecks3"
        sealts="460_6_6.046" attribution="HM" mode="commentary" section="notes" play="3c">
        <line c="2526" h="50" n="29">
            <w x="992">Neither</w>
            <w x="1192">Suetonius</w>
            <w x="1272">nor</w>
            <w x="1450">Plutarch</w>
            <w x="1637">furnished</w>
            <w x="1857">Shakspeare</w>
            <w x="1952">with</w>
            <w x="2032">this</w>
            <w x="2105">
                <choice>
                    <hyph>ex-</hyph>
                    <reg>exclamation.</reg>
                </choice>
            </w>
        </line>
        <line c="2575" h="62" n="30">
            <w x="956" endhyph="true">clamation.</w>
            <w x="1031">It</w>
            <w x="1167">occurs</w>
            <w x="1226">in</w>
            <w x="1314">The</w>
            <w x="1418">True</w>
            <w x="1598">
                <choice>
                    <orig>Tragedie</orig>
                    <reg>Tragedy</reg>
                </choice>
            </w>
            <w x="1656">of</w>
            <w x="1820">Richard</w>
            <w x="1932">Duke</w>
            <w x="1986">of</w>
            <w x="2106">York,</w>
        </line>
        <line c="2619" h="62" n="31">
            <w x="879">1600;</w>
            <w x="943">on</w>
            <w x="1064">which</w>
            <w x="1118">he</w>
            <w x="1256">formed</w>
            <w x="1325">the</w>
            <w x="1444">Third</w>
            <w x="1536">Part</w>
            <w x="1589">of</w>
            <w x="1690">King</w>
            <w x="1820">Henry</w>
            <w x="1894">VI.</w>
            <w x="1958">:&#8212;</w>
        </line>
    </div>
    <div id="3" x="770" y="2941" group="2" width="1356" height="209" type="score" sealts="460_6_6.046" attribution="HM"
        mode="commentary" section="notes" play="3c">
        <line c="2972" h="49" n="38">
            <w x="928">We</w>
            <w x="1026">have</w>
            <w x="1114">now</w>
            <w x="1227">taken</w>
            <w x="1333">leave</w>
            <w x="1386">of</w>
            <w x="1522">Casca.</w>
            <w x="1771">Shakspeare</w>
            <w x="1891">knew</w>
            <w x="1976">that</w>
            <w x="2032">he</w>
            <w x="2113">had</w>
        </line>
        <line c="3015" h="49" n="39">
            <w x="801">a</w>
            <w x="988">sufficient</w>
            <w x="1147">number</w>
            <w x="1210">of</w>
            <w x="1344">heroes</w>
            <w x="1413">on</w>
            <w x="1485">his</w>
            <w x="1622">hands,</w>
            <w x="1702">and</w>
            <w x="1790">was</w>
            <w x="1895">glad</w>
            <w x="1953">to</w>
            <w x="2045">lose</w>
            <w x="2113">an</w>
        </line>
        <line c="3058" h="51" n="40">
            <w x="958">individual</w>
            <w x="1019">in</w>
            <w x="1098">the</w>
            <w x="1243">crowd.</w>
            <w x="1420">Casca's</w>
            <w x="1642">singularity</w>
            <w x="1704">of</w>
            <w x="1871">manners</w>
            <w x="2004">would</w>
            <w x="2113">have</w>
        </line>
        <line c="3105" h="59" n="41">
            <w x="942">appeared</w>
            <w x="990">to</w>
            <w x="1089">little</w>
            <w x="1285">advantage</w>
            <w x="1386">amid</w>
            <w x="1456">the</w>
            <w x="1672">succeeding</w>
            <w x="1754">war</w>
            <w x="1833">and</w>
            <w x="1965">tumult</w>
        </line>
    </div>
</body>
