<body>
    <div id="2" x="363" y="1899" group="1" width="1337" height="101" type="checkmark"
        sealts="460_7_7.385" attribution="HM" mode="tragedy" play="9c">
        <line n="21" h="65" c="1949">
            <w x="532">Hor.</w>
            <div id="3" x="528" y="1907" group="1" width="979" height="90" type="underline"
                sealts="460_7_7.385" attribution="HM" mode="tragedy" play="9c">
                <w x="600">If</w>
                <w x="724">your</w>
                <w x="872">mind</w>
                <w x="1044">dislike</w>
                <w x="1152">any</w>
                <w x="1304">thing,</w>
                <w x="1432">obey</w>
                <w x="1492">it.</w>
            </div>
            <w x="1592">I</w>
            <w x="1696">will</w>
        </line>
    </div>
</body>
