<body>
    <div id="2" x="856" y="1317" group="1" width="1259" height="255" type="score" sealts="460_7_7.390" attribution="HM"
        mode="tragedy" play="9c">
        <line c="1354" h="55" n="12">
            <w x="1039">Hor.</w>
            <w x="1535">Never</w>
            <w x="1721">believe</w>
            <w x="1802">it;</w>
        </line>
        <line c="1418" h="59" n="13">
            <w x="887">I</w>
            <w x="980">am</w>
            <w x="1122">more</w>
            <w x="1202">an</w>
            <w x="1402">antique</w>
            <w x="1598">Roman</w>
            <w x="1724">than</w>
            <w x="1773">a</w>
            <w x="1938">Dane,</w>
        </line>
        <line c="1481" h="61" n="14">
            <w x="1026">
                <choice>
                    <orig>Here's</orig>
                    <reg>Here is</reg>
                    <reg>Here</reg>
                    <reg>is</reg>
                </choice>
            </w>
            <w x="1123">yet</w>
            <w x="1263">some</w>
            <w x="1421">liquor</w>
            <w x="1537">left.</w>
        </line>
        <line c="1538" h="53" n="15">
            <w x="1061">Ham.</w>
            <w x="1669">As</w>
            <w x="1850">
                <choice>
                    <orig>thou'rt</orig>
                    <reg>thou art</reg>
                    <reg>thou</reg>
                    <reg>art</reg>
                </choice>
            </w>
            <w x="1897">a</w>
            <w x="2097">man,&#8212;</w>
        </line>
    </div>
    <div id="3" x="848" y="1625" group="2" width="1376" height="381" type="score" sealts="460_7_7.390" attribution="HM"
        mode="tragedy" play="9c">
        <line c="1662" h="54" n="17">
            <w x="910">O</w>
            <w x="1037">God!</w>
            <w x="1326">&#8212;Horatio,</w>
            <w x="1470">what</w>
            <w x="1516">a</w>
            <w x="1754">wounded</w>
            <w x="1917">name,</w>
        </line>
        <line c="1725" h="63" n="18">
            <w x="1037">Things</w>
            <w x="1264">standing</w>
            <w x="1385">thus</w>
            <w x="1643">unknown,</w>
            <w x="1773">shall</w>
            <w x="1876">live</w>
            <w x="2058">behind</w>
            <w x="2175">me!</w>
        </line>
        <line c="1787" h="57" n="19">
            <w x="914">If</w>
            <w x="1043">thou</w>
            <w x="1181">didst</w>
            <w x="1302">ever</w>
            <w x="1422">hold</w>
            <w x="1514">me</w>
            <w x="1581">in</w>
            <w x="1682">thy</w>
            <w x="1838">heart,</w>
        </line>
        <line c="1849" h="58" n="20">
            <w x="1040">Absent</w>
            <w x="1160">thee</w>
            <w x="1292">from</w>
            <w x="1477">felicity</w>
            <w x="1667">awhile,</w>
        </line>
        <line c="1908" h="59" n="21">
            <w x="968">And</w>
            <w x="1033">in</w>
            <w x="1140">this</w>
            <w x="1289">harsh</w>
            <w x="1445">world</w>
            <w x="1588">draw</w>
            <w x="1688">thy</w>
            <w x="1860">breath</w>
            <w x="1926">in</w>
            <w x="2064">pain,</w>
        </line>
        <line c="1970" h="63" n="22">
            <w x="937">To</w>
            <w x="1035">tell</w>
            <w x="1135">my</w>
            <w x="1349">story.&#8212;</w>
            <w x="1587">[March</w>
            <w x="1704">afar</w>
            <w x="1796">off,</w>
            <w x="1909">and</w>
            <w x="2018">shot</w>
            <w x="2201">within.</w>
        </line>
    </div>
</body>
