<body>
    <div id="2" x="878" y="1221" group="1" width="1280" height="75" type="checkmark"
        sealts="460_1_c148" attribution="HM" mode="comedy" play="2a">
        <line n="10" h="75" c="1259">
            <w x="1092">
                <choice>
                    <orig>'Mongst</orig>
                    <reg>Amongst</reg>
                    <reg>Among</reg>
                </choice>
            </w>
            <w x="1168">all</w>
            <w x="1303">foes,</w>
            <w x="1416">that</w>
            <w x="1467">a</w>
            <w x="1627">friend</w>
            <w x="1806">should</w>
            <w x="1881">be</w>
            <w x="1976">the</w>
            <w x="2155">worst!</w>
        </line>
    </div>
    <div id="3" x="860" y="1721" group="2" width="1297" height="130" type="checkmark"
        sealts="460_1_c148" attribution="HM" mode="comedy" play="2a">
        <div id="4" x="877" y="1723" group="2" width="886" height="64" type="underline"
            sealts="460_1_c148" attribution="HM" mode="comedy" play="2a">
            <line n="18" h="64" c="1755">
                <w x="1014">Who</w>
                <w x="1094">by</w>
                <w x="1385">repentance</w>
                <w x="1441">is</w>
                <w x="1540">not</w>
                <w x="1761">satisfied,</w>
            </line>
        </div>
        <line n="19" h="65" c="1819">
            <w x="945">Is</w>
            <w x="1046">nor</w>
            <w x="1111">of</w>
            <w x="1313">heaven,</w>
            <w x="1416">nor</w>
            <w x="1593">earth;</w>
            <w x="1686">for</w>
            <w x="1833">these</w>
            <w x="1928">are</w>
            <w x="2151">pleased;</w>
        </line>
    </div>
</body>
