<body>
    <div id="1" group="1" x="402" y="193" width="101" height="116" type="notation" sealts="460_7_c06" attribution="HM">
        <line n="1" h="116" c="251">
            <w x="501">A</w>
        </line>
    </div>
    <div id="2" group="1" x="513" y="195" width="346" height="105" type="notation" sealts="460_7_c06" attribution="HM">
        <line n="1" h="105" c="248">
            <w x="857">seaman</w>
        </line>
    </div>
    <div id="3" group="1" x="885" y="161" width="258" height="141" type="notation" sealts="460_7_c06" attribution="HM">
        <line n="1" h="141" c="231">
            <w x="1141">figures</w>
        </line>
    </div>
    <div id="4" group="1" x="1184" y="184" width="98" height="105" type="notation" sealts="460_7_c06" attribution="HM">
        <line n="1" h="105" c="237">
            <w x="1281">in</w>
        </line>
    </div>
    <div id="5" group="1" x="1307" y="169" width="139" height="109" type="notation" sealts="460_7_c06" attribution="HM">
        <line n="1" h="109" c="224">
            <w x="1444">the</w>
        </line>
    </div>
    <div id="6" group="1" x="1477" y="165" width="395" height="161" type="notation" sealts="460_7_c06" attribution="HM">
        <line n="1" h="161" c="246">
            <w x="1870">Canterbury</w>
        </line>
    </div>
    <div id="7" group="1" x="1885" y="163" width="249" height="129" type="notation" sealts="460_7_c06" attribution="HM">
        <line n="1" h="129" c="227">
            <w x="2130">Tales.</w>
        </line>
    </div>
    <div id="8" group="1" x="410" y="313" width="202" height="118" type="notation" sealts="460_7_c06" attribution="HM">
        <line n="2" h="118" c="372">
            <w x="608">With</w>
        </line>
    </div>
    <div id="9" group="1" x="623" y="324" width="264" height="139" type="notation" sealts="460_7_c06" attribution="HM">
        <line n="2" h="139" c="394">
            <w x="881">many</w>
        </line>
    </div>
    <div id="10" group="1" x="900" y="329" width="86" height="98" type="notation" sealts="460_7_c06" attribution="HM">
        <line n="2" h="98" c="378">
            <w x="982">a</w>
        </line>
    </div>
    <div id="11" group="1" x="1002" y="305" width="292" height="124" type="notation"
        sealts="460_7_c06" attribution="HM">
        <line n="2" h="124" c="367">
            <w x="1290">tempest</w>
        </line>
    </div>
    <div id="12" group="1" x="1315" y="288" width="167" height="124" type="notation"
        sealts="460_7_c06" attribution="HM">
        <line n="2" h="124" c="350">
            <w x="1479">had</w>
        </line>
    </div>
    <div id="13" group="1" x="1507" y="283" width="131" height="129" type="notation"
        sealts="460_7_c06" attribution="HM">
        <line n="2" h="129" c="348">
            <w x="1636">his</w>
        </line>
    </div>
    <div id="14" group="1" x="1668" y="270" width="245" height="134" type="notation"
        sealts="460_7_c06" attribution="HM">
        <line n="2" h="139" c="340">
            <w x="1915">beard</w>
        </line>
    </div>
    <div id="15" group="1" x="1939" y="258" width="180" height="137" type="notation"
        sealts="460_7_c06" attribution="HM">
        <line n="2" h="137" c="326">
            <w x="2115">been</w>
        </line>
    </div>
    <div id="16" group="1" x="436" y="438" width="458" height="159" type="notation" sealts="460_7_c06" attribution="HM">
        <line n="3" h="159" c="518">
            <w x="892">shook.&#8212;</w>
        </line>
    </div>
    <div id="17" group="1" x="1343" y="410" width="283" height="135" type="notation"
        sealts="460_7_c06" attribution="HM">
        <line n="3" h="135" c="477">
            <w x="1622">Secret</w>
        </line>
    </div>
    <div id="18" group="1" x="1636" y="421" width="174" height="152" type="notation"
        sealts="460_7_c06" attribution="HM">
        <line n="3" h="152" c="497">
            <w x="1807">grief</w>
        </line>
    </div>
    <div id="19" group="1" x="1823" y="431" width="84" height="94" type="notation" sealts="460_7_c06" attribution="HM">
        <line n="3" h="94" c="478">
            <w x="1906">is</w>
        </line>
    </div>
    <div id="20" group="1" x="1937" y="430" width="111" height="83" type="notation" sealts="460_7_c06" attribution="HM">
        <line n="3" h="83" c="471">
            <w x="2044">a</w>
        </line>
    </div>
    <div id="21" group="1" x="488" y="582" width="359" height="118" type="notation" sealts="460_7_c06" attribution="HM">
        <line n="4" h="118" c="641">
            <w x="843">cannibal</w>
        </line>
    </div>
    <div id="22" group="1" x="862" y="580" width="68" height="154" type="notation" sealts="460_7_c06" attribution="HM">
        <line n="4" h="154" c="657">
            <w x="927">of</w>
        </line>
    </div>
    <div id="23" group="1" x="941" y="563" width="133" height="122" type="notation" sealts="460_7_c06" attribution="HM">
        <line n="4" h="122" c="624">
            <w x="1071">its</w>
        </line>
    </div>
    <div id="24" group="1" x="1090" y="587" width="172" height="92" type="notation" sealts="460_7_c06" attribution="HM">
        <line n="4" h="92" c="633">
            <w x="1260">own</w>
        </line>
    </div>
    <div id="25" group="1" x="1311" y="556" width="382" height="109" type="notation"
        sealts="460_7_c06" attribution="HM">
        <line n="4" h="109" c="610">
            <w x="1681">heart&#8212;</w>
        </line>
    </div>
    <div id="26" group="1" x="1813" y="531" width="349" height="110" type="notation"
        sealts="460_7_c06" attribution="HM">
        <line n="4" h="110" c="586">
            <w x="2159">Bacon.</w>
        </line>
    </div>
    <div id="27" group="1" x="483" y="705" width="344" height="144" type="notation" sealts="460_7_c06" attribution="HM">
        <line n="5" h="144" c="777">
            <w x="824">Claudia</w>
        </line>
    </div>
    <div id="28" group="1" x="853" y="731" width="86" height="154" type="notation" sealts="460_7_c06" attribution="HM">
        <line n="5" h="154" c="808">
            <w x="936">of</w>
        </line>
    </div>
    <div id="29" group="1" x="948" y="726" width="94" height="107" type="notation" sealts="460_7_c06" attribution="HM">
        <line n="5" h="107" c="779">
            <w x="1038">the</w>
        </line>
    </div>
    <div id="30" group="1" x="1057" y="696" width="356" height="148" type="notation"
        sealts="460_7_c06" attribution="HM">
        <line n="5" h="148" c="770">
            <w x="1409">Appian</w>
        </line>
    </div>
    <div id="31" group="1" x="1438" y="677" width="319" height="163" type="notation"
        sealts="460_7_c06" attribution="HM">
        <line n="5" h="163" c="758">
            <w x="1756">family,</w>
        </line>
    </div>
    <div id="32" group="1" x="1816" y="675" width="122" height="120" type="notation"
        sealts="460_7_c06" attribution="HM">
        <line n="5" h="120" c="735">
            <w x="1933">"I</w>
        </line>
    </div>
    <div id="33" group="1" x="1952" y="670" width="210" height="120" type="notation"
        sealts="460_7_c06" attribution="HM">
        <line n="5" h="120" c="730">
            <w x="2159">wish</w>
        </line>
    </div>
    <div id="34" group="1" x="490" y="896" width="215" height="88" type="notation" sealts="460_7_c06" attribution="HM">
        <line n="6" h="88" c="940">
            <w x="702">some</w>
        </line>
    </div>
    <div id="35" group="1" x="769" y="853" width="205" height="152" type="notation" sealts="460_7_c06" attribution="HM">
        <line n="6" h="154" c="930">
            <w x="959">fight</w>
        </line>
    </div>
    <div id="36" group="1" x="1010" y="879" width="94" height="88" type="notation" sealts="460_7_c06" attribution="HM">
        <line n="6" h="88" c="923">
            <w x="1100">or</w>
        </line>
    </div>
    <div id="37" group="1" x="1133" y="845" width="442" height="131" type="notation"
        sealts="460_7_c06" attribution="HM">
        <line n="6" h="131" c="910">
            <w x="1574">pestilence</w>
        </line>
    </div>
    <div id="38" group="1" x="1610" y="808" width="247" height="107" type="notation"
        sealts="460_7_c06" attribution="HM">
        <line n="6" h="107" c="861">
            <w x="1852">would</w>
        </line>
    </div>
    <div id="39" group="1" x="1872" y="776" width="210" height="124" type="notation"
        sealts="460_7_c06" attribution="HM">
        <line n="6" h="124" c="838">
            <w x="2081">thin</w>
        </line>
    </div>
    <div id="40" group="1" x="2128" y="784" width="144" height="107" type="notation"
        sealts="460_7_c06" attribution="HM">
        <line n="6" h="107" c="837">
            <w x="2271">out</w>
        </line>
    </div>
    <div id="41" group="1" x="526" y="993" width="159" height="118" type="notation" sealts="460_7_c06" attribution="HM">
        <line n="7" h="118" c="1052">
            <w x="680">this</w>
        </line>
    </div>
    <div id="42" group="1" x="733" y="977" width="325" height="110" type="notation" sealts="460_7_c06" attribution="HM">
        <line n="7" h="110" c="1032">
            <w x="1053">crowd."</w>
        </line>
    </div>
    <div id="43" group="1" x="1130" y="940" width="469" height="141" type="notation"
        sealts="460_7_c06" attribution="HM">
        <line n="7" h="141" c="1010">
            <w x="1599">Arrogance.</w>
        </line>
    </div>
    <div id="44" group="1" x="545" y="1110" width="211" height="150" type="notation"
        sealts="460_7_c06" attribution="HM">
        <line n="8" h="150" c="1185">
            <w x="754">Roast</w>
        </line>
    </div>
    <div id="45" group="1" x="779" y="1098" width="189" height="165" type="notation"
        sealts="460_7_c06" attribution="HM">
        <line n="8" h="165" c="1180">
            <w x="965">beef</w>
        </line>
    </div>
    <div id="46" group="1" x="981" y="1085" width="86" height="116" type="notation" sealts="460_7_c06" attribution="HM">
        <line n="8" h="116" c="1143">
            <w x="1066">in</w>
        </line>
    </div>
    <div id="47" group="1" x="1075" y="1083" width="109" height="104" type="notation"
        sealts="460_7_c06" attribution="HM">
        <line n="8" h="104" c="1135">
            <w x="1181">the</w>
        </line>
    </div>
    <div id="48" group="1" x="1201" y="1048" width="327" height="154" type="notation"
        sealts="460_7_c06" attribution="HM">
        <line n="8" h="154" c="1125">
            <w x="1525">
                <choice>
                    <orig>pulpet.</orig>
                    <reg>pulpit.</reg>
                </choice>
            </w>
        </line>
    </div>
    <div id="49" group="2" x="494" y="1333" width="138" height="93" type="notation" sealts="460_7_c06" attribution="HM">
        <line n="9" h="93" c="1379">
            <w x="629">An</w>
        </line>
    </div>
    <div id="50" group="2" x="647" y="1314" width="243" height="107" type="notation"
        sealts="460_7_c06" attribution="HM">
        <line n="9" h="107" c="1367">
            <w x="886">animal</w>
        </line>
    </div>
    <div id="51" group="2" x="905" y="1290" width="69" height="154" type="notation" sealts="460_7_c06" attribution="HM">
        <line n="9" h="154" c="1367">
            <w x="971">of</w>
        </line>
    </div>
    <div id="52" group="2" x="984" y="1312" width="69" height="96" type="notation" sealts="460_7_c06" attribution="HM">
        <line n="9" h="96" c="1360">
            <w x="1048">a</w>
        </line>
    </div>
    <div id="53" group="2" x="1075" y="1299" width="331" height="92" type="notation"
        sealts="460_7_c06" attribution="HM">
        <line n="9" h="92" c="1345">
            <w x="1404">man&#8212;</w>
        </line>
    </div>
    <div id="54" group="2" x="1424" y="1272" width="154" height="120" type="notation"
        sealts="460_7_c06" attribution="HM">
        <line n="9" h="120" c="1332">
            <w x="1575">"do</w>
        </line>
    </div>
    <div id="55" group="2" x="1599" y="1268" width="201" height="100" type="notation"
        sealts="460_7_c06" attribution="HM">
        <line n="9" h="100" c="1318">
            <w x="1797">eagles</w>
        </line>
    </div>
    <div id="56" group="2" x="1818" y="1261" width="216" height="100" type="notation"
        sealts="460_7_c06" attribution="HM">
        <line n="9" h="100" c="1311">
            <w x="2029">wear</w>
        </line>
    </div>
    <div id="57" group="2" x="500" y="1399" width="511" height="137" type="notation"
        sealts="460_7_c06" attribution="HM">
        <line n="10" h="137" c="1467">
            <w x="1009">spectacles?&#8212;</w>
        </line>
    </div>
    <div id="58" group="2" x="1059" y="1381" width="437" height="130" type="notation"
        sealts="460_7_c06" attribution="HM">
        <line n="10" h="130" c="1446">
            <w x="1492">Health.&#8212;</w>
        </line>
    </div>
    <div id="59" group="2" x="1591" y="1347" width="310" height="151" type="notation"
        sealts="460_7_c06" attribution="HM">
        <line n="10" h="151" c="1422">
            <w x="1896">Contrast:</w>
        </line>
    </div>
    <div id="60" group="2" x="1949" y="1348" width="162" height="116" type="notation"
        sealts="460_7_c06" attribution="HM">
        <line n="10" h="116" c="1406">
            <w x="2108">an</w>
        </line>
    </div>
    <div id="61" group="2" x="478" y="1557" width="154" height="110" type="notation"
        sealts="460_7_c06" attribution="HM">
        <line n="11" h="110" c="1612">
            <w x="627">over</w>
        </line>
    </div>
    <div id="62" group="2" x="646" y="1521" width="259" height="121" type="notation"
        sealts="460_7_c06" attribution="HM">
        <line n="11" h="121" c="1581">
            <w x="900">spiritual</w>
        </line>
    </div>
    <div id="63" group="2" x="930" y="1521" width="194" height="89" type="notation" sealts="460_7_c06" attribution="HM">
        <line n="11" h="89" c="1565">
            <w x="1122">man.</w>
        </line>
    </div>
    <div id="64" group="3" x="447" y="1704" width="219" height="126" type="notation"
        sealts="460_7_c06" attribution="HM">
        <line n="12" h="126" c="1767">
            <w x="664">"Yes,</w>
        </line>
    </div>
    <div id="65" group="3" x="665" y="1662" width="314" height="120" type="notation"
        sealts="460_7_c06" attribution="HM">
        <line n="12" h="120" c="1722">
            <w x="977">Madam,</w>
        </line>
    </div>
    <div id="66" group="3" x="993" y="1639" width="165" height="102" type="notation"
        sealts="460_7_c06" attribution="HM">
        <line n="12" h="102" c="1690">
            <w x="1154">Cain</w>
        </line>
    </div>
    <div id="67" group="3" x="1177" y="1643" width="157" height="83" type="notation"
        sealts="460_7_c06" attribution="HM">
        <line n="12" h="83" c="1684">
            <w x="1330">was</w>
        </line>
    </div>
    <div id="68" group="3" x="1344" y="1640" width="56" height="73" type="notation" sealts="460_7_c06" attribution="HM">
        <line n="12" h="73" c="1676">
            <w x="1398">a</w>
        </line>
    </div>
    <div id="69" group="3" x="1407" y="1602" width="211" height="130" type="notation"
        sealts="460_7_c06" attribution="HM">
        <line n="12" h="130" c="1667">
            <w x="1615">godless</w>
        </line>
    </div>
    <div id="70" group="3" x="1642" y="1560" width="264" height="164" type="notation"
        sealts="460_7_c06" attribution="HM">
        <line n="12" h="164" c="1642">
            <w x="1902">froward</w>
        </line>
    </div>
    <div id="71" group="3" x="1931" y="1558" width="175" height="131" type="notation"
        sealts="460_7_c06" attribution="HM">
        <line n="12" h="131" c="1623">
            <w x="2105">boy,</w>
        </line>
    </div>
    <div id="72" group="3" x="2118" y="1544" width="97" height="102" type="notation"
        sealts="460_7_c06" attribution="HM">
        <line n="12" h="102" c="1595">
            <w x="2212">&amp;</w>
        </line>
    </div>
    <div id="73" group="3" x="518" y="1795" width="257" height="113" type="notation"
        sealts="460_7_c06" attribution="HM">
        <line n="13" h="113" c="1851">
            <w x="774">Reuben</w>
        </line>
    </div>
    <div id="74" group="3" x="796" y="1758" width="212" height="143" type="notation"
        sealts="460_7_c06" attribution="HM">
        <line n="13" h="143" c="1829">
            <w x="1004">(Gen:</w>
        </line>
    </div>
    <div id="75" group="3" x="1014" y="1754" width="106" height="134" type="notation"
        sealts="460_7_c06" attribution="HM">
        <line n="13" h="134" c="1821">
            <w x="1116">49)</w>
        </line>
    </div>
    <div id="76" group="3" x="1142" y="1766" width="70" height="89" type="notation" sealts="460_7_c06" attribution="HM">
        <line n="13" h="89" c="1810">
            <w x="1208">&amp;</w>
        </line>
    </div>
    <div id="77" group="3" x="1225" y="1722" width="349" height="106" type="notation"
        sealts="460_7_c06" attribution="HM">
        <line n="13" h="94" c="1782">
            <w x="1571">Absalom"</w>
        </line>
    </div>
    <div id="78" group="3" x="1592" y="1698" width="204" height="143" type="notation"
        sealts="460_7_c06" attribution="HM">
        <line n="13" h="143" c="1769">
            <w x="1795">Many</w>
        </line>
    </div>
    <div id="79" group="3" x="1835" y="1664" width="144" height="127" type="notation"
        sealts="460_7_c06" attribution="HM">
        <line n="13" h="127" c="1727">
            <w x="1976">pious</w>
        </line>
    </div>
    <div id="80" group="3" x="1997" y="1670" width="188" height="89" type="notation"
        sealts="460_7_c06" attribution="HM">
        <line n="13" h="89" c="1714">
            <w x="2180">men</w>
        </line>
    </div>
    <div id="81" group="3" x="541" y="1893" width="168" height="90" type="notation" sealts="460_7_c06" attribution="HM">
        <line n="14" h="90" c="1938">
            <w x="705">have</w>
        </line>
    </div>
    <div id="82" group="3" x="726" y="1877" width="198" height="99" type="notation" sealts="460_7_c06" attribution="HM">
        <line n="14" h="99" c="1926">
            <w x="919">impious</w>
        </line>
    </div>
    <div id="83" group="3" x="935" y="1853" width="334" height="119" type="notation"
        sealts="460_7_c06" attribution="HM">
        <line n="14" h="119" c="1912">
            <w x="1267">children&#8212;</w>
        </line>
    </div>
    <div id="84" group="3" x="1339" y="1802" width="270" height="136" type="notation"
        sealts="460_7_c06" attribution="HM">
        <line n="14" h="136" c="1870">
            <w x="1600">(Devil</w>
        </line>
    </div>
    <div id="85" group="3" x="1626" y="1819" width="92" height="96" type="notation" sealts="460_7_c06" attribution="HM">
        <line n="14" h="96" c="1867">
            <w x="1713">as</w>
        </line>
    </div>
    <div id="86" group="3" x="1725" y="1819" width="53" height="82" type="notation" sealts="460_7_c06" attribution="HM">
        <line n="14" h="82" c="1860">
            <w x="1775">a</w>
        </line>
    </div>
    <div id="87" group="3" x="1791" y="1769" width="293" height="127" type="notation"
        sealts="460_7_c06" attribution="HM">
        <line n="14" h="127" c="1832">
            <w x="2081">Quaker)</w>
        </line>
    </div>
    <div id="88" group="3" x="512" y="2009" width="102" height="97" type="notation" sealts="460_7_c06" attribution="HM">
        <line n="15" h="97" c="2057">
            <w x="610">A</w>
        </line>
    </div>
    <div id="89" group="3" x="622" y="1992" width="219" height="128" type="notation"
        sealts="460_7_c06" attribution="HM">
        <line n="15" h="128" c="2056">
            <w x="836">formal</w>
        </line>
    </div>
    <div id="90" group="3" x="853" y="1980" width="325" height="120" type="notation"
        sealts="460_7_c06" attribution="HM">
        <line n="15" h="120" c="2040">
            <w x="1173">compact&#8212;</w>
        </line>
    </div>
    <div id="91" group="3" x="1203" y="1954" width="393" height="114" type="notation"
        sealts="460_7_c06" attribution="HM">
        <line n="15" h="114" c="2011">
            <w x="1594">Imprimis&#8212;</w>
        </line>
    </div>
    <div id="92" group="3" x="1602" y="1939" width="238" height="107" type="notation"
        sealts="460_7_c06" attribution="HM">
        <line n="15" h="107" c="1992">
            <w x="1838">First&#8212;</w>
        </line>
    </div>
    <div id="93" group="3" x="1853" y="1908" width="232" height="117" type="notation"
        sealts="460_7_c06" attribution="HM">
        <line n="15" h="117" c="1966">
            <w x="2080">Second.</w>
        </line>
    </div>
    <div id="94" group="3" x="464" y="2114" width="113" height="100" type="notation"
        sealts="460_7_c06" attribution="HM">
        <line n="16" h="100" c="2164">
            <w x="572">The</w>
        </line>
    </div>
    <div id="95" group="3" x="583" y="2095" width="255" height="134" type="notation"
        sealts="460_7_c06" attribution="HM">
        <line n="16" h="134" c="2162">
            <w x="834">aforesaid</w>
        </line>
    </div>
    <div id="96" group="3" x="857" y="2084" width="187" height="93" type="notation" sealts="460_7_c06" attribution="HM">
        <line n="16" h="93" c="2130">
            <w x="1043">soul.</w>
        </line>
    </div>
    <div id="97" group="3" x="1083" y="2075" width="170" height="92" type="notation"
        sealts="460_7_c06" attribution="HM">
        <line n="16" h="92" c="2121">
            <w x="1249">said</w>
        </line>
    </div>
    <div id="98" group="3" x="1268" y="2057" width="174" height="83" type="notation"
        sealts="460_7_c06" attribution="HM">
        <line n="16" h="83" c="2098">
            <w x="1440">soul</w>
        </line>
    </div>
    <div id="99" group="3" x="1456" y="2037" width="138" height="86" type="notation"
        sealts="460_7_c06" attribution="HM">
        <line n="16" h="86" c="2080">
            <w x="1593">&amp;c</w>
        </line>
    </div>
    <div id="100" group="3" x="1657" y="2010" width="456" height="97" type="notation"
        sealts="460_7_c06" attribution="HM">
        <line n="16" h="97" c="2058">
            <w x="2109">&#8212;Duplicates&#8212;</w>
        </line>
    </div>
    <div id="101" group="3" x="603" y="2193" width="198" height="86" type="notation"
        sealts="460_7_c06" attribution="HM">
        <line n="17" h="86" c="2236">
            <w x="798">"How</w>
        </line>
    </div>
    <div id="102" group="3" x="834" y="2187" width="137" height="77" type="notation"
        sealts="460_7_c06" attribution="HM">
        <line n="17" h="77" c="2225">
            <w x="969">was</w>
        </line>
    </div>
    <div id="103" group="3" x="979" y="2156" width="90" height="100" type="notation"
        sealts="460_7_c06" attribution="HM">
        <line n="17" h="100" c="2206">
            <w x="1068">it</w>
        </line>
    </div>
    <div id="104" group="3" x="1091" y="2150" width="201" height="106" type="notation"
        sealts="460_7_c06" attribution="HM">
        <line n="17" h="106" c="2203">
            <w x="1291">about</w>
        </line>
    </div>
    <div id="105" group="3" x="1312" y="2145" width="113" height="80" type="notation"
        sealts="460_7_c06" attribution="HM">
        <line n="17" h="80" c="2185">
            <w x="1423">the</w>
        </line>
    </div>
    <div id="106" group="3" x="1445" y="2094" width="393" height="123" type="notation"
        sealts="460_7_c06" attribution="HM">
        <line n="17" h="123" c="2155">
            <w x="1833">temptation</w>
        </line>
    </div>
    <div id="107" group="3" x="1880" y="2105" width="106" height="82" type="notation"
        sealts="460_7_c06" attribution="HM">
        <line n="17" h="82" c="2146">
            <w x="1984">on</w>
        </line>
    </div>
    <div id="108" group="3" x="2012" y="2061" width="126" height="102" type="notation"
        sealts="460_7_c06" attribution="HM">
        <line n="17" h="102" c="2112">
            <w x="2136">the</w>
        </line>
    </div>
    <div id="109" group="3" x="561" y="2284" width="264" height="120" type="notation"
        sealts="460_7_c06" attribution="HM">
        <line n="18" h="120" c="2344">
            <w x="821">hill?"</w>
        </line>
    </div>
    <div id="110" group="3" x="850" y="2272" width="310" height="114" type="notation"
        sealts="460_7_c06" attribution="HM">
        <line n="18" h="114" c="2329">
            <w x="1157">&amp;c&#8212;</w>
        </line>
    </div>
    <div id="111" group="3" x="1016" y="2527" width="359" height="104" type="notation"
        sealts="460_7_c06" attribution="HM">
        <line n="18" h="104" c="2579">
            <w x="1371">Conversation</w>
        </line>
    </div>
    <div id="112" group="3" x="1382" y="2499" width="175" height="126" type="notation"
        sealts="460_7_c06" attribution="HM">
        <line n="18" h="126" c="2562">
            <w x="1553">upon</w>
        </line>
    </div>
    <div id="113" group="3" x="1565" y="2469" width="264" height="141" type="notation"
        sealts="460_7_c06" attribution="HM">
        <line n="18" h="141" c="2539">
            <w x="1828">Gabriel,</w>
        </line>
    </div>
    <div id="114" group="3" x="1856" y="2447" width="294" height="130" type="notation"
        sealts="460_7_c06" attribution="HM">
        <line n="18" h="130" c="2512">
            <w x="2146">
                <choice>
                    <orig>Micheal</orig>
                    <reg>Michael</reg>
                </choice>
            </w>
        </line>
    </div>
    <div id="115" group="3" x="2139" y="2451" width="72" height="89" type="notation"
        sealts="460_7_c06" attribution="HM">
        <line n="18" h="89" c="2495">
            <w x="2208">&amp;</w>
        </line>
    </div>
    <div id="116" group="3" x="793" y="2641" width="327" height="136" type="notation"
        sealts="460_7_c06" attribution="HM">
        <line n="18" h="136" c="2709">
            <w x="1117">Raphael&#8212;</w>
        </line>
    </div>
    <div id="117" group="3" x="1173" y="2601" width="297" height="155" type="notation"
        sealts="460_7_c06" attribution="HM">
        <line n="18" h="155" c="2678">
            <w x="1468">gentlemanly</w>
        </line>
    </div>
    <div id="118" group="3" x="1475" y="2590" width="106" height="94" type="notation"
        sealts="460_7_c06" attribution="HM">
        <line n="18" h="94" c="2637">
            <w x="1577">&amp;c</w>
        </line>
    </div>
    <div id="119" group="3" x="1415" y="2211" width="89" height="103" type="notation"
        sealts="460_7_c06" attribution="HM">
        <line n="18" h="103" c="2262">
            <w x="1503">
                <choice>
                    <orig>D</orig>
                    <reg>Devil</reg>
                </choice>
            </w>
        </line>
    </div>
    <div id="120" group="3" x="1528" y="2197" width="143" height="117" type="notation"
        sealts="460_7_c06" attribution="HM">
        <line n="18" h="117" c="2255">
            <w x="1669">begs</w>
        </line>
    </div>
    <div id="121" group="3" x="1694" y="2197" width="102" height="86" type="notation"
        sealts="460_7_c06" attribution="HM">
        <line n="18" h="86" c="2240">
            <w x="1792">the</w>
        </line>
    </div>
    <div id="122" group="3" x="1810" y="2180" width="161" height="102" type="notation"
        sealts="460_7_c06" attribution="HM">
        <line n="18" h="102" c="2231">
            <w x="1967">hero</w>
        </line>
    </div>
    <div id="123" group="3" x="1992" y="2169" width="83" height="94" type="notation"
        sealts="460_7_c06" attribution="HM">
        <line n="18" h="94" c="2216">
            <w x="2069">to</w>
        </line>
    </div>
    <div id="124" group="3" x="2091" y="2148" width="198" height="131" type="notation"
        sealts="460_7_c06" attribution="HM">
        <line n="18" h="131" c="2213">
            <w x="2285">form</w>
        </line>
    </div>
    <div id="125" group="3" x="483" y="2413" width="128" height="87" type="notation"
        sealts="460_7_c06" attribution="HM">
        <line n="19" h="87" c="2456">
            <w x="607">one</w>
        </line>
    </div>
    <div id="126" group="3" x="624" y="2383" width="63" height="140" type="notation"
        sealts="460_7_c06" attribution="HM">
        <line n="19" h="140" c="2453">
            <w x="682">of</w>
        </line>
    </div>
    <div id="127" group="3" x="688" y="2404" width="59" height="97" type="notation" sealts="460_7_c06" attribution="HM">
        <line n="19" h="97" c="2452">
            <w x="742">a</w>
        </line>
    </div>
    <div id="128" group="3" x="725" y="2364" width="269" height="133" type="notation"
        sealts="460_7_c06" attribution="HM">
        <line n="19" h="133" c="2430">
            <w x="990">"Society</w>
        </line>
    </div>
    <div id="129" group="3" x="1016" y="2342" width="85" height="150" type="notation"
        sealts="460_7_c06" attribution="HM">
        <line n="19" h="150" c="2417">
            <w x="1097">of</w>
        </line>
    </div>
    <div id="130" group="3" x="1113" y="2295" width="222" height="151" type="notation"
        sealts="460_7_c06" attribution="HM">
        <line n="19" h="151" c="2370">
            <w x="1332">
                <choice>
                    <orig>D's"&#8212;</orig>
                    <reg>Devils</reg>
                </choice>
            </w>
        </line>
    </div>
    <div id="131" group="3" x="1361" y="2312" width="107" height="106" type="notation"
        sealts="460_7_c06" attribution="HM">
        <line n="19" h="106" c="2365">
            <w x="1464">his</w>
        </line>
    </div>
    <div id="132" group="3" x="1485" y="2312" width="235" height="99" type="notation"
        sealts="460_7_c06" attribution="HM">
        <line n="19" h="99" c="2361">
            <w x="1716">name</w>
        </line>
    </div>
    <div id="133" group="3" x="1737" y="2287" width="205" height="92" type="notation"
        sealts="460_7_c06" attribution="HM">
        <line n="19" h="92" c="2333">
            <w x="1941">would</w>
        </line>
    </div>
    <div id="134" group="3" x="1962" y="2274" width="83" height="89" type="notation"
        sealts="460_7_c06" attribution="HM">
        <line n="19" h="89" c="2318">
            <w x="2042">be</w>
        </line>
    </div>
    <div id="135" group="3" x="2060" y="2262" width="223" height="124" type="notation"
        sealts="460_7_c06" attribution="HM">
        <line n="19" h="124" c="2324">
            <w x="2279">weighty</w>
        </line>
    </div>
    <div id="136" group="3" x="470" y="2499" width="305" height="93" type="notation"
        sealts="460_7_c06" attribution="HM">
        <line n="20" h="93" c="2545">
            <w x="768">&amp;c&#8212;</w>
        </line>
    </div>
    <div id="137" group="3" x="904" y="2442" width="229" height="123" type="notation"
        sealts="460_7_c06" attribution="HM">
        <line n="20" h="123" c="2503">
            <w x="1128">Leaves</w>
        </line>
    </div>
    <div id="138" group="3" x="1142" y="2457" width="72" height="69" type="notation"
        sealts="460_7_c06" attribution="HM">
        <line n="20" h="69" c="2491">
            <w x="1208">a</w>
        </line>
    </div>
    <div id="139" group="3" x="1231" y="2424" width="222" height="97" type="notation"
        sealts="460_7_c06" attribution="HM">
        <line n="20" h="97" c="2472">
            <w x="1450">letter</w>
        </line>
    </div>
    <div id="140" group="3" x="1453" y="2410" width="83" height="94" type="notation"
        sealts="460_7_c06" attribution="HM">
        <line n="20" h="94" c="2457">
            <w x="1533">to</w>
        </line>
    </div>
    <div id="141" group="3" x="1547" y="2394" width="143" height="87" type="notation"
        sealts="460_7_c06" attribution="HM">
        <line n="20" h="87" c="2437">
            <w x="1688">the</w>
        </line>
    </div>
    <div id="142" group="3" x="1710" y="2377" width="174" height="102" type="notation"
        sealts="460_7_c06" attribution="HM">
        <line n="20" h="102" c="2428">
            <w x="1879">
                <choice>
                    <orig>D&#8212;</orig>
                    <reg>Devil&#8212;</reg>
                </choice>
            </w>
        </line>
    </div>
    <div id="143" group="3" x="1883" y="2356" width="209" height="133" type="notation"
        sealts="460_7_c06" attribution="HM">
        <line n="20" h="133" c="2422">
            <w x="2089">"My</w>
        </line>
    </div>
    <div id="144" group="3" x="494" y="2601" width="196" height="100" type="notation"
        sealts="460_7_c06" attribution="HM">
        <line n="21" h="100" c="2651">
            <w x="685">Dear</w>
        </line>
    </div>
    <div id="145" group="3" x="704" y="2567" width="247" height="120" type="notation"
        sealts="460_7_c06" attribution="HM">
        <line n="21" h="120" c="2627">
            <w x="946">
                <choice>
                    <orig>D"&#8212;</orig>
                    <reg>Devil"&#8212;</reg>
                </choice>
            </w>
        </line>
    </div>
    <div id="146" group="3" x="450" y="2787" width="225" height="119" type="notation"
        sealts="460_7_c06" attribution="HM">
        <line n="22" h="119" c="2846">
            <w x="670">"Terra</w>
        </line>
    </div>
    <div id="147" group="3" x="688" y="2777" width="335" height="136" type="notation"
        sealts="460_7_c06" attribution="HM">
        <line n="22" h="136" c="2845">
            <w x="1018">Oblivionis"</w>
        </line>
    </div>
    <div id="148" group="3" x="1038" y="2748" width="402" height="140" type="notation"
        sealts="460_7_c06" attribution="HM">
        <line n="22" h="140" c="2818">
            <w x="1436">"Hellites&#8212;</w>
        </line>
    </div>
    <div id="149" group="3" x="1496" y="2712" width="116" height="93" type="notation"
        sealts="460_7_c06" attribution="HM">
        <line n="22" h="93" c="2758">
            <w x="1609">At</w>
        </line>
    </div>
    <div id="150" group="3" x="1623" y="2699" width="109" height="86" type="notation"
        sealts="460_7_c06" attribution="HM">
        <line n="22" h="86" c="2742">
            <w x="1725">the</w>
        </line>
    </div>
    <div id="151" group="3" x="1741" y="2676" width="178" height="99" type="notation"
        sealts="460_7_c06" attribution="HM">
        <line n="22" h="99" c="2725">
            <w x="1913">Astor</w>
        </line>
    </div>
    <div id="152" group="3" x="1932" y="2648" width="141" height="138" type="notation"
        sealts="460_7_c06" attribution="HM">
        <line n="22" h="138" c="2717">
            <w x="2067">find</w>
        </line>
    </div>
    <div id="153" group="3" x="2088" y="2617" width="153" height="131" type="notation"
        sealts="460_7_c06" attribution="HM">
        <line n="22" h="131" c="2682">
            <w x="2237">him</w>
        </line>
    </div>
    <div id="154" group="3" x="488" y="2901" width="211" height="111" type="notation"
        sealts="460_7_c06" attribution="HM">
        <line n="23" h="111" c="2956">
            <w x="693">making</w>
        </line>
    </div>
    <div id="155" group="3" x="720" y="2892" width="356" height="94" type="notation"
        sealts="460_7_c06" attribution="HM">
        <line n="23" h="94" c="2939">
            <w x="1072">
                <choice>
                    <orig>almanacks&#8212;</orig>
                    <reg>almanacs&#8212;</reg>
                </choice>
            </w>
        </line>
    </div>
    <div id="156" group="3" x="1130" y="2873" width="165" height="111" type="notation"
        sealts="460_7_c06" attribution="HM">
        <line n="23" h="111" c="2928">
            <w x="1291">going</w>
        </line>
    </div>
    <div id="157" group="3" x="1303" y="2853" width="82" height="86" type="notation"
        sealts="460_7_c06" attribution="HM">
        <line n="23" h="86" c="2896">
            <w x="1380">to</w>
        </line>
    </div>
    <div id="158" group="3" x="1398" y="2839" width="76" height="82" type="notation"
        sealts="460_7_c06" attribution="HM">
        <line n="23" h="82" c="2880">
            <w x="1471">a</w>
        </line>
    </div>
    <div id="159" group="3" x="1496" y="2797" width="181" height="99" type="notation"
        sealts="460_7_c06" attribution="HM">
        <line n="23" h="99" c="2846">
            <w x="1675">ball</w>
        </line>
    </div>
    <div id="160" group="3" x="1704" y="2774" width="195" height="86" type="notation"
        sealts="460_7_c06" attribution="HM">
        <line n="23" h="86" c="2817">
            <w x="1895">takes</w>
        </line>
    </div>
    <div id="161" group="3" x="1918" y="2770" width="77" height="73" type="notation"
        sealts="460_7_c06" attribution="HM">
        <line n="23" h="73" c="2806">
            <w x="1989">a</w>
        </line>
    </div>
    <div id="162" group="3" x="2027" y="2747" width="137" height="104" type="notation"
        sealts="460_7_c06" attribution="HM">
        <line n="23" h="104" c="2799">
            <w x="2162">long</w>
        </line>
    </div>
    <div id="163" group="3" x="457" y="2996" width="177" height="97" type="notation"
        sealts="460_7_c06" attribution="HM">
        <line n="24" h="97" c="3044">
            <w x="630">time</w>
        </line>
    </div>
    <div id="164" group="3" x="646" y="2967" width="269" height="134" type="notation"
        sealts="460_7_c06" attribution="HM">
        <line n="24" h="134" c="3034">
            <w x="912">making</w>
        </line>
    </div>
    <div id="165" group="3" x="921" y="2944" width="464" height="117" type="notation"
        sealts="460_7_c06" attribution="HM">
        <line n="24" h="117" c="3002">
            <w x="1382">toilette.&#8212;</w>
        </line>
    </div>
    <div id="166" group="3" x="1432" y="2903" width="138" height="90" type="notation"
        sealts="460_7_c06" attribution="HM">
        <line n="24" h="90" c="2948">
            <w x="1565">The</w>
        </line>
    </div>
    <div id="167" group="3" x="1592" y="2865" width="246" height="106" type="notation"
        sealts="460_7_c06" attribution="HM">
        <line n="24" h="106" c="2918">
            <w x="1833">Doctors</w>
        </line>
    </div>
    <div id="168" group="3" x="1854" y="2832" width="189" height="110" type="notation"
        sealts="460_7_c06" attribution="HM">
        <line n="24" h="110" c="2887">
            <w x="2040">coach</w>
        </line>
    </div>
    <div id="169" group="3" x="2070" y="2824" width="160" height="96" type="notation"
        sealts="460_7_c06" attribution="HM">
        <line n="24" h="96" c="2872">
            <w x="2227">stops</w>
        </line>
    </div>
    <div id="170" group="3" x="459" y="3090" width="126" height="102" type="notation"
        sealts="460_7_c06" attribution="HM">
        <line n="25" h="102" c="3141">
            <w x="582">the</w>
        </line>
    </div>
    <div id="171" group="3" x="592" y="3074" width="315" height="126" type="notation"
        sealts="460_7_c06" attribution="HM">
        <line n="25" h="126" c="3137">
            <w x="903">way.&#8212;</w>
        </line>
    </div>
    <div id="172" group="3" x="947" y="3044" width="195" height="88" type="notation"
        sealts="460_7_c06" attribution="HM">
        <line n="25" h="88" c="3088">
            <w x="1137">"Do</w>
        </line>
    </div>
    <div id="173" group="3" x="1160" y="3029" width="134" height="143" type="notation"
        sealts="460_7_c06" attribution="HM">
        <line n="25" h="143" c="3100">
            <w x="1291">you</w>
        </line>
    </div>
    <div id="174" group="3" x="1300" y="3006" width="236" height="114" type="notation"
        sealts="460_7_c06" attribution="HM">
        <line n="25" h="114" c="3063">
            <w x="1533">
                <choice>
                    <orig>beleive</orig>
                    <reg>believe</reg>
                </choice>
            </w>
        </line>
    </div>
    <div id="175" group="3" x="1585" y="2979" width="158" height="102" type="notation"
        sealts="460_7_c06" attribution="HM">
        <line n="25" h="102" c="3030">
            <w x="1738">all</w>
        </line>
    </div>
    <div id="176" group="3" x="1782" y="2950" width="167" height="92" type="notation"
        sealts="460_7_c06" attribution="HM">
        <line n="25" h="92" c="2996">
            <w x="1946">that</w>
        </line>
    </div>
    <div id="177" group="3" x="1979" y="2921" width="270" height="137" type="notation"
        sealts="460_7_c06" attribution="HM">
        <line n="25" h="137" c="2989">
            <w x="2244">stuff?</w>
        </line>
    </div>
    <div id="178" group="3" x="497" y="3182" width="313" height="94" type="notation"
        sealts="460_7_c06" attribution="HM">
        <line n="26" h="94" c="3229">
            <w x="806">
                <choice>
                    <orig>nonsence&#8212;</orig>
                    <reg>nonsense&#8212;</reg>
                </choice>
            </w>
        </line>
    </div>
    <div id="179" group="3" x="817" y="3164" width="90" height="89" type="notation" sealts="460_7_c06" attribution="HM">
        <line n="26" h="89" c="3208">
            <w x="903">the</w>
        </line>
    </div>
    <div id="180" group="3" x="928" y="3155" width="164" height="113" type="notation"
        sealts="460_7_c06" attribution="HM">
        <line n="26" h="113" c="3211">
            <w x="1090">world</w>
        </line>
    </div>
    <div id="181" group="3" x="1113" y="3149" width="134" height="85" type="notation"
        sealts="460_7_c06" attribution="HM">
        <line n="26" h="85" c="3191">
            <w x="1245">was</w>
        </line>
    </div>
    <div id="182" group="3" x="1255" y="3132" width="141" height="75" type="notation"
        sealts="460_7_c06" attribution="HM">
        <line n="26" h="75" c="3169">
            <w x="1392">never</w>
        </line>
    </div>
    <div id="183" group="3" x="1411" y="3093" width="267" height="107" type="notation"
        sealts="460_7_c06" attribution="HM">
        <line n="26" h="107" c="3146">
            <w x="1672">made.</w>
        </line>
    </div>
    <div id="184" group="3" x="1718" y="3035" width="186" height="135" type="notation"
        sealts="460_7_c06" attribution="HM">
        <line n="26" h="135" c="3102">
            <w x="1899">&#8212;"But</w>
        </line>
    </div>
    <div id="185" group="3" x="1895" y="3047" width="117" height="105" type="notation"
        sealts="460_7_c06" attribution="HM">
        <line n="26" h="105" c="3099">
            <w x="2008">Is</w>
        </line>
    </div>
    <div id="186" group="3" x="2022" y="3030" width="138" height="113" type="notation"
        sealts="460_7_c06" attribution="HM">
        <line n="26" h="113" c="3086">
            <w x="2156">not</w>
        </line>
    </div>
    <div id="187" group="3" x="517" y="3261" width="141" height="117" type="notation"
        sealts="460_7_c06" attribution="HM">
        <line n="27" h="117" c="3319">
            <w x="655">this</w>
        </line>
    </div>
    <div id="188" group="3" x="668" y="3283" width="147" height="107" type="notation"
        sealts="460_7_c06" attribution="HM">
        <line n="27" h="107" c="3336">
            <w x="811">you</w>
        </line>
    </div>
    <div id="189" group="3" x="845" y="3265" width="283" height="94" type="notation"
        sealts="460_7_c06" attribution="HM">
        <line n="27" h="94" c="3312">
            <w x="1123">mentioned</w>
        </line>
    </div>
    <div id="190" group="3" x="1159" y="3224" width="274" height="137" type="notation"
        sealts="460_7_c06" attribution="HM">
        <line n="27" h="137" c="3292">
            <w x="1431">here&#8212;</w>
        </line>
    </div>
    <div id="191" group="3" x="1443" y="3216" width="89" height="100" type="notation"
        sealts="460_7_c06" attribution="HM">
        <line n="27" h="100" c="3266">
            <w x="1530">in</w>
        </line>
    </div>
    <div id="192" group="3" x="1549" y="3208" width="119" height="100" type="notation"
        sealts="460_7_c06" attribution="HM">
        <line n="27" h="100" c="3258">
            <w x="1665">the</w>
        </line>
    </div>
    <div id="193" group="3" x="1687" y="3152" width="407" height="143" type="notation"
        sealts="460_7_c06" attribution="HM">
        <line n="27" h="143" c="3223">
            <w x="2090">scriptures?"</w>
        </line>
    </div>
    <div id="194" group="3" x="371" y="3357" width="239" height="124" type="notation"
        sealts="460_7_c06" attribution="HM">
        <line n="28" h="124" c="3419">
            <w x="605">Receives</w>
        </line>
    </div>
    <div id="195" group="3" x="633" y="3376" width="172" height="112" type="notation"
        sealts="460_7_c06" attribution="HM">
        <line n="28" h="112" c="3432">
            <w x="801">visits</w>
        </line>
    </div>
    <div id="196" group="3" x="830" y="3344" width="139" height="163" type="notation"
        sealts="460_7_c06" attribution="HM">
        <line n="28" h="163" c="3425">
            <w x="966">from</w>
        </line>
    </div>
    <div id="197" group="3" x="975" y="3366" width="105" height="97" type="notation"
        sealts="460_7_c06" attribution="HM">
        <line n="28" h="97" c="3414">
            <w x="1076">the</w>
        </line>
    </div>
    <div id="198" group="3" x="1114" y="3335" width="298" height="143" type="notation"
        sealts="460_7_c06" attribution="HM">
        <line n="28" h="143" c="3406">
            <w x="1406">principal</w>
        </line>
    </div>
    <div id="199" group="3" x="1453" y="3325" width="249" height="110" type="notation"
        sealts="460_7_c06" attribution="HM">
        <line n="28" h="110" c="3380">
            <w x="1698">
                <choice>
                    <orig>d's&#8212;</orig>
                    <reg>devils&#8212;</reg>
                </choice>
            </w>
        </line>
    </div>
    <div id="200" group="3" x="1708" y="3260" width="438" height="165" type="notation"
        sealts="460_7_c06" attribution="HM">
        <line n="28" h="165" c="3342">
            <w x="2143">"Gentlemen</w>
        </line>
    </div>
    <div id="201" group="3" x="2148" y="3260" width="92" height="94" type="notation"
        sealts="460_7_c06" attribution="HM">
        <line n="28" h="94" c="3307">
            <w x="2235">&amp;c</w>
        </line>
    </div>
    <div id="202" group="3" x="463" y="3488" width="335" height="93" type="notation"
        sealts="460_7_c06" attribution="HM">
        <line n="29" h="93" c="3534">
            <w x="795">arguments</w>
        </line>
    </div>
    <div id="203" group="3" x="852" y="3462" width="92" height="86" type="notation" sealts="460_7_c06" attribution="HM">
        <line n="29" h="86" c="3505">
            <w x="938">to</w>
        </line>
    </div>
    <div id="204" group="3" x="961" y="3447" width="379" height="99" type="notation"
        sealts="460_7_c06" attribution="HM">
        <line n="29" h="99" c="3496">
            <w x="1336">persuade&#8212;</w>
        </line>
    </div>
    <div id="205" group="3" x="1327" y="3416" width="279" height="99" type="notation"
        sealts="460_7_c06" attribution="HM">
        <line n="29" h="99" c="3465">
            <w x="1605">"Would</w>
        </line>
    </div>
    <div id="206" group="3" x="1628" y="3414" width="132" height="103" type="notation"
        sealts="460_7_c06" attribution="HM">
        <line n="29" h="103" c="3465">
            <w x="1759">you</w>
        </line>
    </div>
    <div id="207" group="3" x="1778" y="3395" width="164" height="98" type="notation"
        sealts="460_7_c06" attribution="HM">
        <line n="29" h="98" c="3444">
            <w x="1941">not</w>
        </line>
    </div>
    <div id="208" group="3" x="1948" y="3380" width="209" height="97" type="notation"
        sealts="460_7_c06" attribution="HM">
        <line n="29" h="97" c="3428">
            <w x="2153">rather</w>
        </line>
    </div>
    <div id="209" group="3" x="542" y="3588" width="103" height="69" type="notation"
        sealts="460_7_c06" attribution="HM">
        <line n="30" h="69" c="3622">
            <w x="642">be</w>
        </line>
    </div>
    <div id="210" group="3" x="687" y="3559" width="188" height="83" type="notation"
        sealts="460_7_c06" attribution="HM">
        <line n="30" h="83" c="3600">
            <w x="872">below</w>
        </line>
    </div>
    <div id="211" group="3" x="905" y="3552" width="149" height="87" type="notation"
        sealts="460_7_c06" attribution="HM">
        <line n="30" h="87" c="3595">
            <w x="1051">with</w>
        </line>
    </div>
    <div id="212" group="3" x="1093" y="3533" width="160" height="92" type="notation"
        sealts="460_7_c06" attribution="HM">
        <line n="30" h="92" c="3579">
            <w x="1248">kings</w>
        </line>
    </div>
    <div id="213" group="3" x="1273" y="3523" width="159" height="99" type="notation"
        sealts="460_7_c06" attribution="HM">
        <line n="30" h="99" c="3572">
            <w x="1431">than</w>
        </line>
    </div>
    <div id="214" group="3" x="1467" y="3517" width="184" height="89" type="notation"
        sealts="460_7_c06" attribution="HM">
        <line n="30" h="89" c="3561">
            <w x="1649">above</w>
        </line>
    </div>
    <div id="215" group="3" x="1688" y="3493" width="173" height="96" type="notation"
        sealts="460_7_c06" attribution="HM">
        <line n="30" h="96" c="3541">
            <w x="1854">with</w>
        </line>
    </div>
    <div id="216" group="3" x="1910" y="3441" width="345" height="166" type="notation"
        sealts="460_7_c06" attribution="HM">
        <line n="30" h="166" c="3524">
            <w x="2253">fools?"</w>
        </line>
    </div>
    <div id="217" group="4" x="1027" y="434" width="229" height="136" type="notation"
        sealts="460_7_c06" attribution="HM">
        <line n="2" h="136" c="502">
            <w x="1254">Deep</w>
        </line>
    </div>
    <div id="218" group="5" x="619" y="345" width="70" height="67" type="notation" sealts="460_7_c06" attribution="HM">
        <line n="2" h="68" c="379">
            <w x="685">a</w>
        </line>
    </div>
    <div id="219" group="6" x="1019" y="434" width="83" height="105" type="notation"
        sealts="460_7_c06" attribution="HM">
        <line n="3" h="105" c="486">
            <w x="1098">S</w>
        </line>
    </div>
    <div id="220" group="7" x="1263" y="472" width="47" height="87" type="notation" sealts="460_7_c06" attribution="HM">
        <line n="3" h="87" c="516">
            <w x="1308">g</w>
        </line>
    </div>
    <div id="221" group="8" x="853" y="1796" width="65" height="78" type="notation" sealts="460_7_c06" attribution="HM">
        <line n="13" h="78" c="1835">
            <w x="940">ge</w>
        </line>
    </div>
</body>
