<body>
    <div id="2" x="826" y="1992" group="1" width="1331" height="1148" type="score2" sealts="460_2_2.059" attribution="HM"
        mode="comedy" play="7a">
        <line c="2215" h="58" n="18">
            <w x="381">The</w>
            <w x="577">lunatic,</w>
            <w x="674">the</w>
            <w x="825">lover,</w>
            <w x="936">and</w>
            <w x="1032">the</w>
            <w x="1171">poet,</w>
        </line>
        <line c="2279" h="63" n="19">
            <w x="368">Are</w>
            <w x="440">of</w>
            <w x="736">imagination</w>
            <w x="814">all</w>
            <w x="1066">compact</w>
        </line>
        <line c="2333" h="54" n="20">
            <w x="383">One</w>
            <w x="502">sees</w>
            <w x="640">more</w>
            <w x="798">devils</w>
            <w x="926">than</w>
            <w x="1042">vast</w>
            <w x="1148">hell</w>
            <w x="1252">can</w>
            <w x="1400">hold;</w>
        </line>
    </div>
</body>
