<body>
    <div id="2" x="271" y="1150" group="1" width="1313" height="328" type="score" sealts="460_6_6.011" attribution="HM"
        mode="tragedy" play="3c">
        <line c="1192" h="62" n="9">
            <w x="497">Merely</w>
            <w x="637">upon</w>
            <w x="832">myself.</w>
            <w x="1056">Vexed</w>
            <w x="1099">I</w>
            <w x="1210">am,</w>
        </line>
        <line c="1254" h="63" n="10">
            <w x="393">Of</w>
            <w x="510">late,</w>
            <w x="646">with</w>
            <w x="866">passions</w>
            <w x="939">of</w>
            <w x="1075">some</w>
            <w x="1350">difference,</w>
        </line>
        <div id="3" x="308" y="1279" group="1" width="906" height="65" type="underline"
            type2="checkmark" sealts="460_6_6.011" attribution="HM" mode="tragedy" play="3c">
            <line n="11" h="65" c="1316">
                <w x="633">Conceptions</w>
                <w x="769">only</w>
                <w x="944">proper</w>
                <w x="1010">to</w>
                <w x="1207">myself,</w>
            </line>
        </div>
        <line c="1379" h="66" n="12">
            <w x="494">Which</w>
            <w x="616">give</w>
            <w x="755">some</w>
            <w x="872">soil,</w>
            <w x="1105">perhaps,</w>
            <w x="1175">to</w>
            <w x="1265">my</w>
            <w x="1540">behaviors;</w>
        </line>
        <line c="1442" h="66" n="13">
            <w x="414">But</w>
            <w x="497">let</w>
            <w x="597">not</w>
            <w x="834">therefore</w>
            <w x="934">my</w>
            <w x="1069">good</w>
            <w x="1256">friends</w>
            <w x="1334">be</w>
            <w x="1551">grieved,</w>
        </line>
    </div>
</body>
