<body>
    <div id="2" x="358" y="1789" group="1" width="1150" height="133" type="score2" sealts="460_6_6.185" attribution="HM"
        mode="tragedy" play="4c">
        <line n="15" h="66" c="1822">
            <w x="490">The</w>
            <w x="603">soul</w>
            <w x="715">and</w>
            <w x="849">body</w>
            <w x="961">rive</w>
            <w x="1064">not</w>
            <w x="1203">more</w>
            <w x="1269">in</w>
            <w x="1483">parting,</w>
        </line>
        <line n="16" h="66" c="1888">
            <w x="520">Than</w>
            <w x="770">greatness</w>
            <w x="927">going</w>
            <w x="1034">off.</w>
        </line>
    </div>
</body>
