<body>
    <div id="2" x="415" y="795" group="1" width="1362" height="193" type="wavyscore" type2="xmark"
        type3="annotated" sealts="460_1_c397" attribution="HM" mode="comedy" play="5a">
        <line c="829" h="61" n="3">
            <w x="585">Clo.</w>
            <w x="687">O,</w>
            <w x="786">the</w>
            <w x="963">better,</w>
            <w x="1069">sir;</w>
            <w x="1168">for</w>
            <w x="1244">he</w>
            <w x="1362">that</w>
            <w x="1532">drinks</w>
            <w x="1610">all</w>
            <w x="1770">night,</w>
        </line>
        <line c="895" h="66" n="4">
            <w x="511">and</w>
            <w x="569">is</w>
            <w x="765">hanged</w>
            <w x="970">betimes</w>
            <w x="1035">in</w>
            <w x="1141">the</w>
            <w x="1387">morning,</w>
            <w x="1525">may</w>
            <w x="1666">sleep</w>
            <w x="1773">the</w>
        </line>
        <line c="958" h="59" n="5">
            <w x="611">sounder</w>
            <w x="688">all</w>
            <w x="785">the</w>
            <w x="915">next</w>
            <w x="1037">day.</w>
        </line>
    </div>
    <div id="3" x="489" y="176" group="2" width="1564" height="335" type="annotation" type2="xmark"
        sealts="460_1_c397" attribution="HM" mode="comedy" play="5a">
        <line n="1" h="111" c="231">
            <w x="664">Take</w>
            <w x="804">this,</w>
            <w x="946">and</w>
            <w x="1094">other</w>
            <w x="1292">texts</w>
            <w x="1486">with</w>
            <w x="1630">the</w>
            <w x="2026">one</w>
        </line>
        <line n="2" h="111" c="342">
            <w x="984">comprehensive</w>
            <w x="1116">one</w>
            <w x="1254">in</w>
            <w x="1420">The</w>
            <w x="1760">Tempest,</w>
            <w x="1836">I</w>
            <w x="2046">think,</w>
        </line>
        <line n="3" h="111" c="453">
            <w x="662">"Our</w>
            <w x="860">little</w>
            <w x="1006">life</w>
            <w x="1090">is</w>
            <w x="1378">rounded</w>
            <w x="1578">with</w>
            <w x="1682">a</w>
            <w x="2034">sleep."</w>
        </line>
    </div>
</body>
