<body>
	<div id="2" x="673" y="1471" group="1" width="893" height="204" type="score" sealts="460_5_5.210" attribution="HM"
		mode="history" play="6b">
		<line c="1501" h="39" n="26">
			<w x="743">His</w>
			<w x="868">blessed</w>
			<w x="944">part</w>
			<w x="987">to</w>
			<w x="1130">Heaven,</w>
			<w x="1201">and</w>
			<w x="1288">slept</w>
			<w x="1330">in</w>
			<w x="1441">peace.</w>
		</line>
		<line c="1542" h="43" n="27">
			<w x="814">Kath.</w>
			<w x="884">So</w>
			<w x="962">may</w>
			<w x="1008">he</w>
			<w x="1096">rest;</w>
			<w x="1161">his</w>
			<w x="1258">faults</w>
			<w x="1308">lie</w>
			<w x="1420">gently</w>
			<w x="1466">on</w>
			<w x="1552">him!</w>
		</line>
		<line c="1579" h="39" n="28">
			<w x="745">Yet</w>
			<w x="822">thus</w>
			<w x="886">far,</w>
			<w x="1024">Griffith,</w>
			<w x="1102">give</w>
			<w x="1162">me</w>
			<w x="1254">leave</w>
			<w x="1299">to</w>
			<w x="1400">speak</w>
			<w x="1481">him,</w>
		</line>
		<line c="1619" h="39" n="29">
			<w x="753">And</w>
			<w x="898">yet</w>
			<w x="956">with</w>
			<w x="1019">charity;</w>
			<w x="1127">&#8212;He</w>
			<w x="1201">was</w>
			<w x="1232">a</w>
			<w x="1311">man</w>
		</line>
		<line c="1658" h="37" n="30">
			<w x="732">Of</w>
			<w x="784">an</w>
			<w x="969">unbounded</w>
			<w x="1130">stomach,</w>
			<w x="1208">ever</w>
			<w x="1340">ranking</w>
		</line>
	</div>
</body>
