<body>
    <div id="2" x="836" y="2382" group="1" width="1207" height="339" type="score" sealts="460_7_7.102" attribution="HM"
        mode="tragedy" play="7c">
        <line c="2418" h="66" n="29">
            <w x="968">This</w>
            <w x="1126">world</w>
            <w x="1168">I</w>
            <w x="1249">do</w>
            <w x="1515">renounce;</w>
            <w x="1651">and,</w>
            <w x="1720">in</w>
            <w x="1848">your</w>
            <w x="2023">sights,</w>
        </line>
        <line c="2482" h="64" n="30">
            <w x="1005">Shake</w>
            <w x="1239">patiently</w>
            <w x="1333">my</w>
            <w x="1480">great</w>
            <w x="1708">affliction</w>
            <w x="1802">off.</w>
        </line>
        <line c="2543" h="64" n="31">
            <w x="903">If</w>
            <w x="938">I</w>
            <w x="1086">could</w>
            <w x="1211">bear</w>
            <w x="1268">it</w>
            <w x="1563">longer,</w>
            <w x="1601">and</w>
            <w x="1663">not</w>
            <w x="1756">fall</w>
        </line>
        <line c="2603" h="67" n="32">
            <w x="928">To</w>
            <w x="1116">quarrel</w>
            <w x="1247">with</w>
            <w x="1375">your</w>
            <w x="1534">great,</w>
            <w x="1805">opposeless</w>
            <w x="1953">wills,</w>
        </line>
        <line c="2664" h="67" n="33">
            <div id="3" x="846" y="2621" group="1" width="1113" height="83" type="underline"
                sealts="460_7_7.102" attribution="HM" mode="tragedy" play="7c">
                <w x="950">My</w>
                <w x="1093">snuff,</w>
                <w x="1202">and</w>
                <w x="1400">loathed</w>
                <w x="1516">part</w>
                <w x="1585">of</w>
                <w x="1775">nature,</w>
            </div>
            <w x="1939">should</w>
        </line>
    </div>
</body>
