<body>
	<div id="2" x="770" y="838" group="1" width="1082" height="126" type="checkmark"
		sealts="460_4_4.118" attribution="HM" mode="history" play="4b">
		<line n="4" h="64" c="881">
			<w x="988">Turning</w>
			<w x="1083">the</w>
			<w x="1497">accomplishment</w>
			<w x="1566">of</w>
			<w x="1715">many</w>
			<w x="1863">years</w>
		</line>
		<line n="5" h="64" c="931">
			<w x="886">Into</w>
			<w x="963">an</w>
			<w x="1263">
				<choice>
					<orig>hour-glass.</orig>
					<reg>hourglass</reg>
				</choice>
			</w>
			<w x="1395">For</w>
			<w x="1489">the</w>
			<w x="1651">which</w>
			<w x="1835">supply,</w>
		</line>
	</div>
</body>
