<body>
    <div id="2" x="329" y="2117" group="1" width="1378" height="762" type="score" sealts="460_1_c369" attribution="HM"
        mode="comedy" play="5a">
        <line c="2157" h="72" n="20">
            <w x="431">Are</w>
            <w x="634">nursed</w>
            <w x="795">by</w>
            <w x="1002">baseness.</w>
            <w x="1199">Thou</w>
            <w x="1308">art</w>
            <w x="1408">by</w>
            <w x="1507">no</w>
            <w x="1700">means</w>
        </line>
        <line c="2216" h="75" n="21">
            <w x="780">valiant;</w>
        </line>
        <line c="2265" h="59" n="22">
            <w x="431">For</w>
            <w x="558">thou</w>
            <w x="679">dost</w>
            <w x="790">fear</w>
            <w x="885">the</w>
            <w x="992">soft</w>
            <w x="1100">and</w>
            <w x="1277">tender</w>
            <w x="1394">fork</w>
        </line>
        <div id="3" x="340" y="2301" group="1" width="1182" height="124" type="wavyscore"
            sealts="460_1_c369" attribution="HM" mode="comedy" play="5a">
            <line n="23" h="65" c="2332">
                <w x="422">Of</w>
                <w x="462">a</w>
                <w x="606">poor</w>
                <w x="795">worm.</w>
                <w x="940">Thy</w>
                <w x="1054">best</w>
                <w x="1118">of</w>
                <w x="1231">rest</w>
                <w x="1282">is</w>
                <w x="1443">sleep,</w>
            </line>
            <line n="24" h="66" c="2397">
                <w x="461">And</w>
                <w x="577">that</w>
                <w x="712">thou</w>
                <w x="789">oft</w>
                <w x="1064">
                    <choice>
                        <orig>provok'st;</orig>
                        <reg>provoke;</reg>
                    </choice>
                </w>
                <w x="1168">yet</w>
                <w x="1351">grossly</w>
                <w x="1510">
                    <choice>
                        <orig>fear'st</orig>
                        <reg>fear</reg>
                    </choice>
                </w>
            </line>
        </div>
        <line c="2463" h="62" n="25">
            <div id="4" x="336" y="2432" group="1" width="744" height="58" type="underline"
                type2="xmark" type3="annotated" sealts="460_1_c369" attribution="HM" mode="comedy" play="5a">
                <w x="463">Thy</w>
                <w x="634">death,</w>
                <w x="802">which</w>
                <w x="856">is</w>
                <w x="939">no</w>
                <w x="1076">more.</w>
            </div>
            <w x="1277">Thou</w>
            <w x="1364">art</w>
            <w x="1463">not</w>
            <w x="1673">thyself;</w>
        </line>
        <line c="2525" h="62" n="26">
            <w x="445">For</w>
            <w x="567">thou</w>
            <w x="766">
                <choice>
                    <orig>exist'st</orig>
                    <reg>exist</reg>
                </choice>
            </w>
            <w x="843">on</w>
            <w x="989">many</w>
            <w x="1045">a</w>
            <w x="1277">thousand</w>
            <w x="1439">grains</w>
        </line>
        <line c="2587" h="60" n="27">
            <w x="469">That</w>
            <w x="604">issue</w>
            <w x="705">out</w>
            <w x="776">of</w>
            <w x="906">dust.</w>
            <w x="1138">Happy</w>
            <w x="1264">thou</w>
            <w x="1352">art</w>
            <w x="1476">not;</w>
        </line>
        <line c="2649" h="60" n="28">
            <w x="432">For</w>
            <w x="574">what</w>
            <w x="700">thou</w>
            <w x="821">hast</w>
            <w x="932">not,</w>
            <w x="1041">still</w>
            <w x="1167">thou</w>
            <w x="1350">
                <choice>
                    <orig>striv'st</orig>
                    <reg>strive</reg>
                </choice>
            </w>
            <w x="1417">to</w>
            <w x="1547">get;</w>
        </line>
        <line c="2710" h="61" n="29">
            <w x="448">And</w>
            <w x="590">what</w>
            <w x="717">thou</w>
            <w x="849">hast,</w>
            <w x="1083">
                <choice>
                    <orig>forget'st.</orig>
                    <reg>forget.</reg>
                </choice>
            </w>
            <w x="1280">Thou</w>
            <w x="1368">art</w>
            <w x="1467">not</w>
            <w x="1679">certain;</w>
        </line>
        <line c="2773" h="61" n="30">
            <w x="432">For</w>
            <w x="533">thy</w>
            <w x="828">complexion</w>
            <w x="974">shifts</w>
            <w x="1041">to</w>
            <w x="1237">strange</w>
            <w x="1445">affects,</w>
        </line>
        <line c="2835" h="60" n="31">
            <w x="472">After</w>
            <w x="568">the</w>
            <w x="735">moon.</w>
            <w x="848">If</w>
            <w x="968">thou</w>
            <w x="1055">art</w>
            <w x="1181">rich,</w>
            <w x="1309">thou</w>
            <w x="1398">art</w>
            <w x="1549">poor;</w>
        </line>
    </div>
    <div id="5" x="163" y="3199" group="2" width="1615" height="338" type="annotation"
        sealts="460_1_c369" attribution="HM" mode="comedy" play="5a">
        <line n="1" h="167" c="3325">
            <w x="387">"Our</w>
            <w x="581">little</w>
            <w x="745">life</w>
            <w x="822">is</w>
            <w x="1238">rounded</w>
            <w x="1363">by</w>
            <w x="1457">a</w>
            <w x="1771">sleep"</w>
        </line>
        <line n="2" h="169" c="3449">
            <blank x="1398"/>
            <w x="1771">Tempest</w>
        </line>
    </div>
</body>
