<body>
    <div id="2" x="776" y="1226" group="1" width="1376" height="436" type="score" sealts="460_1_c306" attribution="HM"
        mode="comedy" play="4a">
        <line c="1261" h="63" n="10">
            <w x="950">Ant.</w>
            <w x="1650">Will</w>
            <w x="1759">you</w>
            <w x="1898">deny</w>
            <w x="1990">me</w>
            <w x="2150">now?</w>
        </line>
        <line c="1323" h="61" n="11">
            <w x="864">
                <choice>
                    <orig>Is't</orig>
                    <reg>Is it</reg>
                    <reg>Is</reg>
                    <reg>it</reg>
                </choice>
            </w>
            <w x="1090">possible,</w>
            <w x="1211">that</w>
            <w x="1308">my</w>
            <w x="1498">deserts</w>
            <w x="1566">to</w>
            <w x="1675">you</w>
        </line>
        <line c="1387" h="62" n="12">
            <w x="885">Can</w>
            <w x="1006">lack</w>
            <w x="1316">persuasion?</w>
            <w x="1455">Do</w>
            <w x="1555">not</w>
            <w x="1718">tempt</w>
            <w x="1814">my</w>
            <w x="2008">misery,</w>
        </line>
        <line c="1448" h="62" n="13">
            <w x="897">Lest</w>
            <w x="1015">that</w>
            <w x="1071">it</w>
            <w x="1222">make</w>
            <w x="1316">me</w>
            <w x="1389">so</w>
            <w x="1614">unsound</w>
            <w x="1663">a</w>
            <w x="1801">man,</w>
        </line>
        <line c="1511" h="61" n="14">
            <w x="847">As</w>
            <w x="917">to</w>
            <w x="1122">upbraid</w>
            <w x="1231">you</w>
            <w x="1363">with</w>
            <w x="1510">those</w>
            <w x="1794">kindnesses</w>
        </line>
        <line c="1573" h="63" n="15">
            <w x="907">That</w>
            <w x="949">I</w>
            <w x="1083">have</w>
            <w x="1220">done</w>
            <w x="1309">for</w>
            <w x="1431">you.</w>
        </line>
        <line c="1633" h="59" n="16">
            <w x="942">Vio.</w>
            <w x="1528">I</w>
            <w x="1687">know</w>
            <w x="1759">of</w>
            <w x="1917">none;</w>
        </line>
    </div>
    <div id="3" x="772" y="1726" group="2" width="1143" height="246" type="score" sealts="460_1_c306" attribution="HM"
        mode="comedy" play="4a">
        <line c="1761" h="62" n="18">
            <w x="804">I</w>
            <w x="929">hate</w>
            <w x="1219">ingratitude</w>
            <w x="1362">more</w>
            <w x="1430">in</w>
            <w x="1480">a</w>
            <w x="1619">man,</w>
        </line>
        <line c="1824" h="62" n="19">
            <w x="917">Than</w>
            <w x="1075">lying,</w>
            <w x="1318">vainness,</w>
            <w x="1567">babbling,</w>
            <w x="1910">drunkenness,</w>
        </line>
        <line c="1886" h="63" n="20">
            <w x="849">Or</w>
            <w x="959">any</w>
            <w x="1094">taint</w>
            <w x="1165">of</w>
            <w x="1290">vice,</w>
            <w x="1467">whose</w>
            <w x="1640">strong</w>
            <w x="1908">corruption</w>
        </line>
        <line c="1941" h="47" n="21">
            <w x="983">Inhabits</w>
            <w x="1083">our</w>
            <w x="1199">frail</w>
            <w x="1364">blood.</w>
        </line>
    </div>
    <div id="4" x="771" y="2726" group="3" width="1173" height="192" type="score" sealts="460_1_c306" attribution="HM"
        mode="comedy" play="4a">
        <line c="2757" h="55" n="34">
            <w x="834">In</w>
            <w x="1011">nature</w>
            <w x="1194">
                <choice>
                    <orig>there's</orig>
                    <reg>there is</reg>
                    <reg>there</reg>
                    <reg>is</reg>
                </choice>
            </w>
            <w x="1274">no</w>
            <w x="1497">blemish,</w>
            <w x="1602">but</w>
            <w x="1697">the</w>
            <w x="1868">mind;</w>
        </line>
        <line c="2820" h="56" n="35">
            <w x="911">None</w>
            <w x="1017">can</w>
            <w x="1096">be</w>
            <w x="1258">called</w>
            <w x="1521">deformed,</w>
            <w x="1625">but</w>
            <w x="1721">the</w>
            <w x="1941">unkind:</w>
        </line>
        <line c="2886" h="60" n="36">
            <w x="934">Virtue</w>
            <w x="994">is</w>
            <w x="1205">beauty;</w>
            <w x="1319">but</w>
            <w x="1415">the</w>
            <w x="1786">
                <choice>
                    <orig>beauteous-evil</orig>
                    <reg>beauteous evil</reg>
                    <reg>beauteous</reg>
                    <reg>evil</reg>
                </choice>
            </w>
        </line>
    </div>
</body>
