<body>
    <div id="2" x="758" y="1586" group="1" width="1200" height="252" type="score" sealts="460_1_c358" attribution="HM"
        mode="comedy" play="5a">
        <line c="1621" h="57" n="16">
            <w x="873">And</w>
            <w x="966">he,</w>
            <w x="1089">that</w>
            <w x="1279">suffers.</w>
            <w x="1406">O,</w>
            <w x="1466">it</w>
            <w x="1524">is</w>
            <w x="1768">excellent</w>
        </line>
        <line c="1687" h="65" n="17">
            <w x="841">To</w>
            <w x="973">have</w>
            <w x="1024">a</w>
            <w x="1207">giant's</w>
            <w x="1462">strength;</w>
            <w x="1578">but</w>
            <w x="1634">it</w>
            <w x="1692">is</w>
            <w x="1955">tyrannous</w>
        </line>
        <line c="1750" h="64" n="18">
            <w x="841">To</w>
            <w x="941">use</w>
            <w x="1000">it</w>
            <w x="1109">like</w>
            <w x="1159">a</w>
            <w x="1325">giant.</w>
        </line>
        <line c="1805" h="49" n="19">
            <w x="990">Lucio.</w>
            <w x="1563">
                <choice>
                    <orig>That's</orig>
                    <reg>That is</reg>
                    <reg>That</reg>
                    <reg>is</reg>
                </choice>
            </w>
            <w x="1688">well</w>
            <w x="1820">said.</w>
        </line>
    </div>
    <div id="3" x="758" y="2216" group="2" width="1336" height="700" type="score" sealts="460_1_c358" attribution="HM"
        mode="comedy" play="5a">
        <line c="2251" h="64" n="26">
            <w x="900">Thou</w>
            <w x="1081">rather,</w>
            <w x="1215">with</w>
            <w x="1317">thy</w>
            <w x="1468">sharp</w>
            <w x="1578">and</w>
            <w x="1860">sulphurous</w>
            <w x="1989">bolt,</w>
        </line>
        <line c="2314" h="64" n="27">
            <w x="941">
                <choice>
                    <orig>Split'st</orig>
                    <reg>Split</reg>
                </choice>
            </w>
            <w x="1037">the</w>
            <w x="1382">unwedgeable</w>
            <w x="1494">and</w>
            <w x="1698">gnarled</w>
            <w x="1820">oak,</w>
        </line>
        <line c="2370" h="76" n="28">
            <w x="899">Than</w>
            <w x="996">the</w>
            <w x="1107">soft</w>
            <w x="1285">myrtle:</w>
            <w x="1471">&#8212;But</w>
            <w x="1611">man,</w>
            <w x="1774">proud</w>
            <w x="1899">man!</w>
        </line>
        <line c="2439" h="64" n="29">
            <w x="963">Dressed</w>
            <w x="1031">in</w>
            <w x="1080">a</w>
            <w x="1213">little</w>
            <w x="1354">brief</w>
            <w x="1672">authority,&#8212;</w>
        </line>
        <line c="2500" h="61" n="30">
            <w x="888">Most</w>
            <w x="1113">ignorant</w>
            <w x="1186">of</w>
            <w x="1324">what</w>
            <w x="1441">
                <choice>
                    <orig>he's</orig>
                    <reg>he is</reg>
                    <reg>he</reg>
                    <reg>is</reg>
                </choice>
            </w>
            <w x="1581">most</w>
            <w x="1798">assured,</w>
        </line>
        <line c="2564" h="65" n="31">
            <w x="851">His</w>
            <w x="1021">glassy</w>
            <w x="1396">essence,&#8212;</w>
            <w x="1412">like</w>
            <w x="1477">an</w>
            <w x="1640">angry</w>
            <w x="1761">ape,</w>
        </line>
        <line c="2627" h="65" n="32">
            <w x="897">Plays</w>
            <w x="1028">such</w>
            <w x="1255">fantastic</w>
            <w x="1412">tricks</w>
            <w x="1584">before</w>
            <w x="1714">high</w>
            <w x="1941">Heaven,</w>
        </line>
        <line c="2691" h="63" n="33">
            <w x="827">As</w>
            <w x="981">make</w>
            <w x="1084">the</w>
            <w x="1256">angels</w>
            <w x="1438">weep;</w>
            <w x="1592">who,</w>
            <w x="1728">with</w>
            <w x="1828">our</w>
            <w x="2040">spleens,</w>
        </line>
        <line c="2753" h="65" n="34">
            <w x="926">Would</w>
            <w x="1010">all</w>
            <w x="1292">themselves</w>
            <w x="1448">laugh</w>
            <w x="1643">mortal.</w>
        </line>
        <line c="2814" h="60" n="35">
            <w x="984">Lucio.</w>
            <w x="1089">O,</w>
            <w x="1160">to</w>
            <w x="1286">him,</w>
            <w x="1358">to</w>
            <w x="1486">him,</w>
            <w x="1693">wench:</w>
            <w x="1785">he</w>
            <w x="1899">will</w>
            <w x="2089">relent;</w>
        </line>
        <line c="2879" h="64" n="36">
            <w x="877">
                <choice>
                    <orig>He's</orig>
                    <reg>He is</reg>
                    <reg>He</reg>
                    <reg>is</reg>
                </choice>
            </w>
            <w x="1104">coming;</w>
            <w x="1161">I</w>
            <w x="1436">
                <choice>
                    <orig>perceive't.</orig>
                    <reg>perceive it.</reg>
                    <reg>percieve it.</reg>
                    <reg>perceive</reg>
                    <reg>percieve</reg>
                    <reg>it.</reg>
                </choice>
            </w>
        </line>
    </div>
</body>
