<body>
    <div id="2" x="299" y="1118" group="1" width="1403" height="197" type="score2" sealts="460_1_b41" attribution="HM"
        mode="commentary" section="life">
        <line c="1146" h="62" n="8">
            <w x="622">Fourteen</w>
            <w x="604">of</w>
            <w x="686">his</w>
            <w x="790">plays</w>
            <w x="904">were</w>
            <w x="1109">published</w>
            <w x="1332">separately,</w>
            <w x="1386">in</w>
            <w x="1526">quarto</w>
            <w x="1681">copies,</w>
        </line>
        <line c="1215" h="62" n="9">
            <w x="446">during</w>
            <w x="529">our</w>
            <w x="686">Poet's</w>
            <w x="772">life;</w>
            <w x="883">and,</w>
            <w x="1003">seven</w>
            <w x="1124">years</w>
            <w x="1231">after</w>
            <w x="1306">his</w>
            <w x="1445">death,</w>
            <w x="1487">a</w>
            <w x="1683">complete</w>
        </line>
        <line c="1284" h="51" n="10">
            <w x="449">edition</w>
            <w x="510">of</w>
            <w x="616">them</w>
            <w x="720">was</w>
            <w x="840">given</w>
            <w x="901">to</w>
            <w x="964">the</w>
            <w x="1116">public,</w>
            <w x="1175">in</w>
            <w x="1291">folio,</w>
            <w x="1356">by</w>
            <w x="1430">his</w>
            <w x="1683">theatric</w>
            <w x="1683">
                <choice>
                    <hyph>fel-</hyph>
                    <reg>fellows,</reg>
                </choice>
            </w>
        </line>
    </div>
</body>
