<body>
    <div id="2" x="318" y="654" group="1" width="1177" height="219" type="score" sealts="460_6_6.027" attribution="HM"
        mode="tragedy" play="3c">
        <line c="691" h="58" n="1">
            <w x="437">Are</w>
            <w x="567">then</w>
            <w x="633">in</w>
            <w x="848">council;</w>
            <w x="971">and</w>
            <w x="1068">the</w>
            <w x="1204">state</w>
            <w x="1277">of</w>
            <w x="1433">man,</w>
        </line>
        <line c="756" h="61" n="2">
            <w x="466">Like</w>
            <w x="533">to</w>
            <w x="581">a</w>
            <w x="711">little</w>
            <w x="969">kingdom,</w>
            <w x="1145">suffers</w>
            <w x="1274">then</w>
        </line>
        <line c="814" h="52" n="3">
            <w x="451">The</w>
            <w x="623">nature</w>
            <w x="696">of</w>
            <w x="778">an</w>
            <w x="1100">insurrection.</w>
        </line>
    </div>
    <div id="3" x="340" y="1900" group="2" width="1380" height="185" type="checkmark"
        sealts="460_6_6.027" attribution="HM" mode="tragedy" play="3c">
        <line n="20" h="61" c="1930">
            <w x="446">To</w>
            <w x="608">mask</w>
            <w x="726">thy</w>
            <w x="1012">
                <choice>
                    <orig>mounstrous</orig>
                    <reg>monstrous</reg>
                </choice>
            </w>
            <w x="1237">visage?</w>
            <w x="1426">Seek</w>
            <w x="1596">none,</w>
            <w x="1714">
                <choice>
                    <hyph>con-</hyph>
                    <reg>conspiracy;</reg>
                </choice>
            </w>
        </line>
        <line n="21" h="61" c="1991">
            <w x="806" endhyph="true">spiracy;</w>
        </line>
        <line n="22" h="61" c="2052">
            <w x="485">Hide</w>
            <w x="548">it</w>
            <w x="612">in</w>
            <w x="794">smiles,</w>
            <w x="904">and</w>
            <w x="1161">affability;</w>
        </line>
    </div>
</body>
