<body>
    <div id="2" x="272" y="489" group="1" width="618" height="48" type="score" sealts="460_5_5.345" attribution="HM"
        mode="other" play="1d">
        <line n="1" h="48" c="513">
            <w x="329">To</w>
            <w x="407">hurt</w>
            <w x="459">by</w>
            <w x="552">being</w>
            <w x="645">just;</w>
            <w x="687">it</w>
            <w x="723">is</w>
            <w x="767">as</w>
            <w x="881">lawful,</w>
        </line>
    </div>
</body>
