<body>
    <div id="2" x="662" y="730" group="1" width="1390" height="1760" type="score" sealts="460_1_c488" attribution="HM"
        mode="comedy" play="6a">
        <line c="769" h="70" n="2">
            <w x="778">Nor</w>
            <w x="862">let</w>
            <w x="940">no</w>
            <w x="1193">comforter</w>
            <w x="1384">delight</w>
            <w x="1523">mine</w>
            <w x="1634">ear,</w>
        </line>
        <line c="831" h="72" n="3">
            <w x="776">But</w>
            <w x="905">such</w>
            <w x="953">a</w>
            <w x="1057">one</w>
            <w x="1231">whose</w>
            <w x="1430">wrongs</w>
            <w x="1509">do</w>
            <w x="1618">suit</w>
            <w x="1748">with</w>
            <w x="1902">mine.</w>
        </line>
        <line c="892" h="67" n="4">
            <w x="823">Bring</w>
            <w x="914">me</w>
            <w x="964">a</w>
            <w x="1140">father,</w>
            <w x="1261">that</w>
            <w x="1330">so</w>
            <w x="1478">loved</w>
            <w x="1567">his</w>
            <w x="1719">child,</w>
        </line>
        <line c="955" h="69" n="5">
            <w x="846">Whose</w>
            <w x="942">joy</w>
            <w x="1011">of</w>
            <w x="1104">her</w>
            <w x="1162">is</w>
            <w x="1508">overwhelmed</w>
            <w x="1618">like</w>
            <w x="1775">mine,</w>
        </line>
        <line c="1017" h="67" n="6">
            <w x="784">And</w>
            <w x="880">bid</w>
            <w x="992">him</w>
            <w x="1153">speak</w>
            <w x="1226">of</w>
            <w x="1470">patience;</w>
        </line>
        <line c="1082" h="72" n="7">
            <w x="886">Measure</w>
            <w x="976">his</w>
            <w x="1096">woe</w>
            <w x="1194">the</w>
            <w x="1371">length</w>
            <w x="1481">and</w>
            <w x="1688">breadth</w>
            <w x="1760">of</w>
            <w x="1909">mine,</w>
        </line>
        <line c="1143" h="65" n="8">
            <w x="781">And</w>
            <w x="866">let</w>
            <w x="923">it</w>
            <w x="1118">answer</w>
            <w x="1272">every</w>
            <w x="1429">strain</w>
            <w x="1516">for</w>
            <w x="1700">strain;</w>
        </line>
        <line c="1206" h="68" n="9">
            <w x="741">As</w>
            <w x="864">thus</w>
            <w x="951">for</w>
            <w x="1088">thus,</w>
            <w x="1200">and</w>
            <w x="1331">such</w>
            <w x="1380">a</w>
            <w x="1519">grief</w>
            <w x="1598">for</w>
            <w x="1742">such,</w>
        </line>
        <line c="1268" h="72" n="10">
            <w x="730">In</w>
            <w x="886">every</w>
            <w x="1161">lineament,</w>
            <w x="1364">branch,</w>
            <w x="1539">shape,</w>
            <w x="1652">and</w>
            <w x="1799">form.</w>
        </line>
        <line c="1329" h="69" n="11">
            <w x="722">If</w>
            <w x="846">such</w>
            <w x="894">a</w>
            <w x="1000">one</w>
            <w x="1112">will</w>
            <w x="1274">smile,</w>
            <w x="1386">and</w>
            <w x="1555">stroke</w>
            <w x="1646">his</w>
            <w x="1831">beard;</w>
        </line>
        <div id="3" x="665" y="1350" group="1" width="1379" height="145" type="checkmark"
            sealts="460_1_c488" attribution="HM" mode="comedy" play="6a">
            <line n="12" h="67" c="1383">
                <w x="781">Cry&#8212;</w>
                <w x="1008">sorrow,</w>
                <w x="1164">wag!</w>
                <w x="1296">and</w>
                <w x="1432">hem,</w>
                <w x="1592">when</w>
                <w x="1672">he</w>
                <w x="1848">should</w>
                <w x="2020">groan;</w>
            </line>
            <line n="13" h="67" c="1450">
                <div id="4" x="673" y="1415" group="1" width="670" height="74" type="underline"
                    sealts="460_1_c488" attribution="HM" mode="comedy" play="6a">
                    <w x="817">Patch</w>
                    <w x="957">grief</w>
                    <w x="1086">with</w>
                    <w x="1336">proverbs;</w>
                </div>
                <w x="1508">make</w>
                <w x="1784">misfortune</w>
                <w x="1948">drunk</w>
            </line>
        </div>
        <line c="1517" h="71" n="14">
            <w x="767">With</w>
            <div id="5" x="811" y="1501" group="1" width="398" height="47" type="underline"
                sealts="460_1_c488" attribution="HM" mode="comedy" play="6a">
                <w x="1206">
                    <choice>
                        <orig>candle-wasters;</orig>
                        <reg>candle wasters;</reg>
                        <reg>candle</reg>
                        <reg>wasters;</reg>
                    </choice>
                </w>
            </div>
            <w x="1398">bring</w>
            <w x="1505">him</w>
            <w x="1604">yet</w>
            <w x="1671">to</w>
            <w x="1778">me,</w>
        </line>
        <line c="1577" h="74" n="15">
            <w x="776">And</w>
            <w x="817">I</w>
            <w x="893">of</w>
            <w x="999">him</w>
            <w x="1111">will</w>
            <w x="1288">gather</w>
            <w x="1527">patience.</w>
        </line>
        <line c="1640" h="67" n="16">
            <w x="764">But</w>
            <w x="908">there</w>
            <w x="968">is</w>
            <w x="1048">no</w>
            <w x="1178">such</w>
            <w x="1329">man;</w>
            <w x="1442">for,</w>
            <w x="1654">brother,</w>
            <w x="1783">men</w>
        </line>
        <line c="1706" h="73" n="17">
            <w x="772">Can</w>
            <w x="988">counsel,</w>
            <w x="1101">and</w>
            <w x="1262">speak</w>
            <w x="1468">comfort</w>
            <w x="1535">to</w>
            <w x="1653">that</w>
            <w x="1793">grief</w>
        </line>
        <line c="1769" h="75" n="18">
            <w x="832">Which</w>
            <w x="960">they</w>
            <w x="1245">themselves</w>
            <w x="1347">not</w>
            <w x="1480">feel;</w>
            <w x="1608">but,</w>
            <w x="1799">tasting</w>
            <w x="1868">it,</w>
        </line>
        <line c="1828" h="69" n="19">
            <w x="810">Their</w>
            <w x="1010">counsel</w>
            <w x="1154">turns</w>
            <w x="1222">to</w>
            <w x="1434">passion,</w>
            <w x="1606">which</w>
            <w x="1776">before</w>
        </line>
        <line c="1892" h="73" n="20">
            <w x="831">Would</w>
            <w x="951">give</w>
            <w x="1213">preceptial</w>
            <w x="1459">medicine</w>
            <w x="1522">to</w>
            <w x="1662">rage,</w>
        </line>
        <line c="1953" h="68" n="21">
            <w x="822">Fetter</w>
            <w x="996">strong</w>
            <w x="1223">madness</w>
            <w x="1291">in</w>
            <w x="1342">a</w>
            <w x="1504">silken</w>
            <w x="1695">thread,</w>
        </line>
        <line c="2016" h="71" n="22">
            <w x="836">Charm</w>
            <w x="966">ache</w>
            <w x="1099">with</w>
            <w x="1198">air,</w>
            <w x="1311">and</w>
            <w x="1480">agony</w>
            <w x="1610">with</w>
            <w x="1790">words.</w>
        </line>
        <line c="2079" h="72" n="23">
            <w x="754">No,</w>
            <w x="862">no;</w>
            <w x="969">
                <choice>
                    <orig>'tis</orig>
                    <reg>it is</reg>
                    <reg>it</reg>
                    <reg>is</reg>
                </choice>
            </w>
            <w x="1048">all</w>
            <w x="1211">men's</w>
            <w x="1357">office</w>
            <w x="1427">to</w>
            <w x="1588">speak</w>
            <w x="1813">patience</w>
        </line>
        <line c="2139" h="69" n="24">
            <w x="739">To</w>
            <w x="886">those</w>
            <w x="1006">that</w>
            <w x="1169">wring</w>
            <w x="1330">under</w>
            <w x="1426">the</w>
            <w x="1547">load</w>
            <w x="1620">of</w>
            <w x="1823">sorrow;</w>
        </line>
        <line c="2202" h="71" n="25">
            <w x="759">But</w>
            <w x="838">no</w>
            <w x="1000">man's</w>
            <w x="1176">virtue,</w>
            <w x="1280">nor</w>
            <w x="1569">sufficiency,</w>
        </line>
        <line c="2260" h="60" n="26">
            <w x="739">To</w>
            <w x="815">be</w>
            <w x="887">so</w>
            <w x="1057">moral,</w>
            <w x="1213">when</w>
            <w x="1291">he</w>
            <w x="1423">shall</w>
            <w x="1611">endure</w>
        </line>
        <line c="2326" h="71" n="27">
            <w x="767">The</w>
            <w x="877">like</w>
            <w x="1087">himself.</w>
            <w x="1394">Therefore</w>
            <w x="1516">give</w>
            <w x="1610">me</w>
            <w x="1691">no</w>
            <w x="1919">counsel;</w>
        </line>
        <line c="2386" h="65" n="28">
            <w x="749">My</w>
            <w x="901">griefs</w>
            <w x="999">cry</w>
            <w x="1170">louder</w>
            <w x="1298">than</w>
            <w x="1695">advertisement?</w>
        </line>
        <line c="2454" h="72" n="29">
            <w x="830">Ant.</w>
            <w x="1073">Therein</w>
            <w x="1152">do</w>
            <w x="1277">men</w>
            <w x="1410">from</w>
            <w x="1627">children</w>
            <w x="1835">nothing</w>
            <w x="1994">differ.</w>
        </line>
    </div>
    <div id="6" x="660" y="2461" group="1" width="1383" height="342" type="score3" sealts="460_1_c488" attribution="HM"
        mode="comedy" play="6a">
        <line n="30" h="86" c="2508">
            <w x="884">Leon.</w>
            <w x="943">I</w>
            <w x="1065">pray</w>
            <w x="1203">thee,</w>
            <w x="1387">peace.</w>
            <w x="1450">I</w>
            <w x="1560">will</w>
            <w x="1631">be</w>
            <w x="1761">flesh</w>
            <w x="1863">and</w>
            <w x="2028">blood;</w>
        </line>
        <line c="2577" h="70" n="31">
            <w x="750">For</w>
            <w x="894">there</w>
            <w x="1009">was</w>
            <w x="1165">never</w>
            <w x="1263">yet</w>
            <w x="1574">philosopher,</w>
        </line>
        <line c="2640" h="72" n="32">
            <w x="786">That</w>
            <w x="934">could</w>
            <w x="1120">endure</w>
            <w x="1217">the</w>
            <w x="1494">
                <choice>
                    <orig>tooth-ache</orig>
                    <reg>toothache</reg>
                    <reg>tooth</reg>
                    <reg>ache</reg>
                </choice>
            </w>
            <w x="1761">patiently;</w>
        </line>
        <line c="2702" h="71" n="33">
            <w x="886">However</w>
            <w x="1012">they</w>
            <w x="1142">have</w>
            <w x="1266">writ</w>
            <w x="1361">the</w>
            <w x="1497">style</w>
            <w x="1571">of</w>
            <w x="1709">gods,</w>
        </line>
        <line c="2762" h="64" n="34">
            <w x="765">And</w>
            <w x="916">made</w>
            <w x="965">a</w>
            <w x="1098">push</w>
            <w x="1195">at</w>
            <w x="1382">chance</w>
            <w x="1493">and</w>
            <w x="1772">sufferance.</w>
        </line>
    </div>
</body>
