<body>
    <div id="2" x="332" y="2343" group="1" width="1350" height="843" type="wavyscore"
        sealts="460_6_6.181" attribution="HM" mode="tragedy" play="4c">
        <line c="2382" h="63" n="24">
            <w x="542">Eno.</w>
            <w x="632">O</w>
            <w x="883">sovereign</w>
            <w x="1100">mistress</w>
            <w x="1172">of</w>
            <w x="1292">true</w>
            <w x="1606">melancholy,</w>
            <w x="1632">\</w>
        </line>
        <line c="2444" h="61" n="25">
            <w x="463">The</w>
            <w x="719">poisonous</w>
            <w x="874">damp</w>
            <w x="947">of</w>
            <w x="1099">night</w>
            <w x="1334">disponge</w>
            <w x="1504">upon</w>
            <w x="1631">me;</w>
        </line>
        <line c="2506" h="60" n="26">
            <w x="485">That</w>
            <w x="594">life,</w>
            <w x="646">a</w>
            <w x="772">very</w>
            <w x="912">rebel</w>
            <w x="981">to</w>
            <w x="1077">my</w>
            <w x="1204">will,</w>
        </line>
        <line c="2569" h="62" n="27">
            <w x="475">May</w>
            <w x="614">hang</w>
            <w x="694">no</w>
            <w x="866">longer</w>
            <w x="945">on</w>
            <w x="1054">me.</w>
            <w x="1290">Throw</w>
            <w x="1386">my</w>
            <w x="1532">heart</w>
        </line>
        <line c="2630" h="61" n="28">
            <w x="550">Against</w>
            <w x="646">the</w>
            <w x="768">flint</w>
            <w x="875">and</w>
            <w x="1108">hardness</w>
            <w x="1181">of</w>
            <w x="1281">my</w>
            <w x="1441">fault;</w>
        </line>
        <line c="2692" h="63" n="29">
            <w x="523">Which</w>
            <w x="679">being</w>
            <w x="823">dried</w>
            <w x="955">with</w>
            <w x="1102">grief,</w>
            <w x="1216">will</w>
            <w x="1376">break</w>
            <w x="1444">to</w>
            <w x="1659">powder,</w>
        </line>
        <line c="2755" h="62" n="30">
            <w x="465">And</w>
            <w x="615">finish</w>
            <w x="693">all</w>
            <w x="803">foul</w>
            <w x="1048">thoughts.</w>
            <w x="1159">O</w>
            <w x="1380">Antony,</w>
        </line>
        <line c="2816" h="62" n="31">
            <w x="528">Nobler</w>
            <w x="656">than</w>
            <w x="754">my</w>
            <w x="912">revolt</w>
            <w x="970">is</w>
            <w x="1225">infamous,</w>
        </line>
        <line c="2878" h="63" n="32">
            <w x="548">Forgive</w>
            <w x="639">me</w>
            <w x="708">in</w>
            <w x="852">thine</w>
            <w x="978">own</w>
            <w x="1262">particular;</w>
        </line>
        <line c="2940" h="65" n="33">
            <w x="456">But</w>
            <w x="537">let</w>
            <w x="631">the</w>
            <w x="791">World</w>
            <w x="923">rank</w>
            <w x="1017">me</w>
            <w x="1088">in</w>
            <w x="1291">register</w>
        </line>
    </div>
    <div id="3" x="614" y="3070" group="2" width="869" height="110" type="score" sealts="460_6_6.181" attribution="HM"
        mode="commentary" section="notes" play="4c">
        <line n="34" h="55" c="3097">
            <blank x="746"/>
            <w x="960">
                <choice>
                    <orig>Tabourines</orig>
                    <reg>Tambourines</reg>
                </choice>
            </w>
            <w x="1066">were</w>
            <w x="1175">small</w>
            <w x="1310">drums.</w>
        </line>
        <line n="35" h="55" c="3140">
            <blank x="657"/>
            <w x="736">The</w>
            <w x="862">guard</w>
            <w x="972">room.</w>
            <blank x="1278"/>
            <w x="1478">Discharge.</w>
        </line>
    </div>
</body>
