<body>
    <div id="2" x="339" y="857" group="1" width="748" height="84" type="score" type2="checkmark"
        sealts="460_6_6.187" attribution="HM" mode="tragedy" play="4c">
        <line n="4" h="84" c="899">
            <w x="473">Thy</w>
            <w x="626">name</w>
            <w x="702">so</w>
            <w x="872">buried</w>
            <w x="948">in</w>
            <w x="1054">her.</w>
        </line>
    </div>
    <div id="3" x="332" y="1039" group="2" width="1462" height="884" type="score"
        sealts="460_6_6.187" attribution="HM" mode="tragedy" play="4c">
        <div id="4" x="344" y="1039" group="2" width="1390" height="140" type="score"
            sealts="460_6_6.187" attribution="HM" mode="tragedy" play="4c">
            <line n="7" h="70" c="1074">
                <w x="534">Ant.</w>
                <w x="744">Unarm,</w>
                <w x="915">Eros;</w>
            </line>
            <div id="5" x="344" y="1032" group="2" width="729" height="86" type="underline"
                sealts="460_6_6.187" attribution="HM" mode="tragedy" play="4c">
                <line n="7" h="70" c="1074">
                    <blank x="930"/>
                    <w x="1023">the</w>
                    <w x="1148">long</w>
                    <w x="1294">day's</w>
                    <w x="1414">task</w>
                    <w x="1477">is</w>
                    <w x="1634">done,</w>
                </line>
                <line n="8" h="70" c="1144">
                    <w x="476">And</w>
                    <w x="572">we</w>
                    <w x="708">must</w>
                    <w x="859">sleep.</w>
                </line>
            </div>
            <line n="8" h="70" c="1144">
                <w x="1044">&#8212;That</w>
                <w x="1176">thou</w>
                <w x="1412">
                    <choice>
                        <orig>depart'st</orig>
                        <reg>depart</reg>
                    </choice>
                </w>
                <w x="1577">hence</w>
                <w x="1712">safe,</w>
            </line>
        </div>
        <line c="1207" h="65" n="9">
            <w x="486">Does</w>
            <w x="594">pay</w>
            <w x="695">thy</w>
            <w x="838">labor</w>
            <w x="1026">richly;</w>
            <w x="1148">go.</w>
            <w x="1289">&#8212;Off,</w>
            <w x="1446">pluck</w>
            <w x="1622">off;&#8212;</w>
        </line>
        <line c="1269" h="62" n="10">
            <w x="1458">[Exit</w>
            <w x="1723">MARDIAN.</w>
        </line>
        <line c="1331" h="59" n="11">
            <w x="465">The</w>
            <w x="713">sevenfold</w>
            <w x="875">shield</w>
            <w x="948">of</w>
            <w x="1091">Ajax</w>
            <w x="1275">cannot</w>
            <w x="1411">keep</w>
        </line>
        <line c="1394" h="63" n="12">
            <w x="464">The</w>
            <w x="666">battery</w>
            <w x="796">from</w>
            <w x="895">my</w>
            <w x="1072">heart</w>
            <w x="1199">O,</w>
            <w x="1370">cleave</w>
            <w x="1470">my</w>
            <w x="1633">sides!</w>
        </line>
        <line c="1456" h="61" n="13">
            <w x="520">Heart,</w>
            <w x="653">once</w>
            <w x="731">be</w>
            <w x="952">stronger</w>
            <w x="1081">than</w>
            <w x="1183">thy</w>
            <w x="1469">continent,</w>
        </line>
        <line c="1519" h="63" n="14">
            <w x="511">Crack</w>
            <w x="612">thy</w>
            <w x="728">frail</w>
            <w x="850">case!</w>
            <w x="1109">&#8212;Apace,</w>
            <w x="1261">Eros,</w>
            <w x="1503">apace.&#8212;</w>
        </line>
        <line c="1580" h="59" n="15">
            <w x="436">No</w>
            <w x="576">more</w>
            <w x="626">a</w>
            <w x="859">soldier.</w>
            <w x="1072">&#8212;Bruised</w>
            <w x="1257">pieces,</w>
            <w x="1365">go;</w>
        </line>
        <line c="1642" h="63" n="16">
            <w x="465">You</w>
            <w x="596">have</w>
            <w x="734">been</w>
            <w x="890">nobly</w>
            <w x="1072">borne.</w>
            <w x="1259">&#8212;From</w>
            <w x="1353">me</w>
            <w x="1617">awhile.&#8212;</w>
        </line>
        <line c="1703" h="62" n="17">
            <w x="1556">[Exit</w>
            <w x="1727">Enos.</w>
        </line>
        <line c="1767" h="62" n="18">
            <w x="388">I</w>
            <w x="501">Will</w>
            <w x="718">
                <choice>
                    <orig>o'ertake</orig>
                    <reg>overtake</reg>
                </choice>
            </w>
            <w x="859">thee,</w>
            <w x="1137">Cleopatra,</w>
            <w x="1249">and</w>
        </line>
        <line c="1830" h="64" n="19">
            <w x="511">Weep</w>
            <w x="598">for</w>
            <w x="694">my</w>
            <w x="895">pardon.</w>
            <w x="1024">So</w>
            <w x="1080">it</w>
            <w x="1220">must</w>
            <w x="1311">be,</w>
            <w x="1401">for</w>
            <w x="1528">now</w>
        </line>
        <line c="1892" h="62" n="20">
            <w x="439">All</w>
            <w x="613">length</w>
            <w x="672">is</w>
            <w x="892">torture.</w>
            <w x="1092">Since</w>
            <w x="1189">the</w>
            <w x="1334">torch</w>
            <w x="1392">is</w>
            <w x="1504">out,</w>
        </line>
    </div>
    <div id="6" x="353" y="1912" group="2" width="1271" height="139" type="score3"
        sealts="460_6_6.187" attribution="HM" mode="tragedy" play="4c">
        <line n="21" h="69" c="1947">
            <w x="463">Lie</w>
            <w x="634">down,</w>
            <w x="748">and</w>
            <w x="890">stray</w>
            <w x="968">no</w>
            <w x="1167">further.</w>
            <w x="1344">Now</w>
            <w x="1424">all</w>
            <w x="1572">labor</w>
        </line>
        <line n="22" h="69" c="2016">
            <w x="499">Mars</w>
            <w x="643">what</w>
            <w x="700">it</w>
            <w x="850">does;</w>
            <w x="981">yea,</w>
        </line>
        <div id="7" x="356" y="1978" group="2" width="537" height="83" type="underline"
            sealts="460_6_6.187" attribution="HM" mode="tragedy" play="4c">
            <line n="22" h="69" c="2016">
                <blank x="990"/>
                <w x="1110">very</w>
                <w x="1251">force</w>
                <w x="1509">entangles</w>
            </line>
            <line n="23" h="83" c="2077">
                <w x="505">Itself</w>
                <w x="634">with</w>
                <w x="867">strength.</w>
            </line>
        </div>
    </div>
    <div id="8" x="356" y="2159" group="3" width="1372" height="146" type="score2"
        sealts="460_6_6.187" attribution="HM" mode="tragedy" play="4c">
        <line n="25" h="73" c="2195">
            <w x="535">Where</w>
            <w x="677">souls</w>
            <w x="755">do</w>
            <w x="913">couch</w>
            <w x="995">on</w>
            <w x="1205">flowers,</w>
            <w x="1348">
                <choice>
                    <orig>we'll</orig>
                    <reg>we will</reg>
                    <reg>we</reg>
                    <reg>will</reg>
                </choice>
            </w>
            <w x="1486">hand</w>
            <w x="1557">in</w>
            <w x="1707">hand,</w>
        </line>
        <line n="26" h="73" c="2268">
            <w x="480">And</w>
            <w x="609">with</w>
            <w x="706">our</w>
            <w x="945">sprightly</w>
            <w x="1067">port</w>
            <w x="1215">make</w>
            <w x="1314">the</w>
            <w x="1484">ghosts</w>
            <w x="1640">gaze.</w>
        </line>
    </div>
</body>
