<body>
    <div id="2" x="347" y="655" group="1" width="1318" height="141" type="checkmark"
        sealts="460_6_6.191" attribution="HM" mode="tragedy" play="4c">
        <line n="1" h="70" c="690">
            <w x="451">To</w>
            <w x="601">grace</w>
            <w x="665">it</w>
            <w x="789">with</w>
            <w x="918">your</w>
            <w x="1160">sorrows;</w>
            <w x="1261">bid</w>
            <w x="1387">that</w>
            <w x="1627">welcome</w>
        </line>
        <line n="2" h="70" c="760">
            <w x="541">Which</w>
            <w x="712">comes</w>
            <w x="776">to</w>
            <w x="957">punish</w>
            <w x="1042">us,</w>
            <w x="1160">and</w>
            <w x="1248">we</w>
            <w x="1431">punish</w>
            <w x="1524">it,</w>
        </line>
    </div>
</body>
