<body>
    <div id="2" x="767" y="980" group="1" width="1337" height="382" type="score" sealts="460_6_6.124" attribution="HM"
        mode="tragedy" play="4c">
        <line c="1018" h="60" n="6">
            <w x="1058">Therefore,</w>
            <w x="1125">O</w>
            <w x="1341">Antony,</w>
            <w x="1463">stay</w>
            <w x="1560">not</w>
            <w x="1639">by</w>
            <w x="1720">his</w>
            <w x="1850">side.</w>
        </line>
        <line c="1078" h="63" n="7">
            <w x="910">Thy</w>
            <w x="1104">demon,</w>
            <w x="1259">
                <choice>
                    <orig>that's</orig>
                    <reg>that is</reg>
                    <reg>that</reg>
                    <reg>is</reg>
                </choice>
            </w>
            <w x="1358">thy</w>
            <w x="1502">spirit</w>
            <w x="1665">which</w>
            <w x="1829">keeps</w>
            <w x="1967">thee,</w>
            <w x="2027">is</w>
        </line>
        <line c="1140" h="59" n="8">
            <w x="963">Noble,</w>
            <w x="1264">courageous,</w>
            <w x="1406">high,</w>
            <w x="1747">unmatchable,</w>
        </line>
        <line c="1201" h="60" n="9">
            <w x="967">Where</w>
            <w x="1178">Caesar's</w>
            <w x="1236">is</w>
            <w x="1359">not;</w>
            <w x="1472">but</w>
            <w x="1597">near</w>
            <w x="1720">him,</w>
            <w x="1821">thy</w>
            <w x="1971">angel</w>
        </line>
        <line c="1262" h="63" n="10">
            <w x="1021">Becomes</w>
            <w x="1069">a</w>
            <w x="1232">Fear,</w>
            <w x="1303">as</w>
            <w x="1458">being</w>
            <w x="1809">overpowered:</w>
            <w x="2057">therefore</w>
        </line>
        <line c="1325" h="59" n="11">
            <w x="942">Make</w>
            <w x="1094">space</w>
            <w x="1290">enough</w>
            <w x="1515">between</w>
            <w x="1636">you.</w>
        </line>
    </div>
    <div id="3" x="769" y="1841" group="2" width="1103" height="131" type="checkmark"
        sealts="460_6_6.124" attribution="HM" mode="tragedy" play="4c">
        <line n="20" h="65" c="1874">
            <w x="995">Ant.</w>
            <w x="1573">Get</w>
            <w x="1705">thee</w>
            <w x="1858">gone;</w>
        </line>
        <line n="21" h="65" c="1939">
            <w x="899">Say</w>
            <w x="976">to</w>
            <w x="1237">Ventidius,</w>
            <w x="1288">I</w>
            <w x="1456">would</w>
            <w x="1614">speak</w>
            <w x="1746">with</w>
            <w x="1867">him.</w>
        </line>
    </div>
</body>
