<body>
	<div id="2" x="297" y="939" group="1" width="707" height="93" type="checkmark" sealts="460_5_5.141" attribution="HM"
		mode="history" play="6b">
		<line n="12" h="40" c="959">
			<w x="382">Can</w>
			<w x="484">advise</w>
			<w x="548">me</w>
			<w x="611">like</w>
			<w x="699">you;</w>
			<w x="762">be</w>
			<w x="803">to</w>
			<w x="951">yourself</w>
		</line>
		<line n="13" h="40" c="999">
			<w x="356">As</w>
			<w x="427">you</w>
			<w x="526">would</w>
			<w x="573">to</w>
			<w x="654">your</w>
			<w x="767">friend.</w>
		</line>
	</div>
</body>
