<body>
    <div id="2" x="804" y="2327" group="1" width="1199" height="330" type="score" sealts="460_6_6.126" attribution="HM"
        mode="tragedy" play="4c">
        <line c="2369" h="68" n="26">
            <w x="875">If</w>
            <w x="1004">thou</w>
            <w x="1102">say</w>
            <w x="1185">so,</w>
            <w x="1366">villain,</w>
            <w x="1495">thou</w>
            <w x="1648">
                <choice>
                    <orig>kill'st</orig>
                    <reg>kill</reg>
                </choice>
            </w>
            <w x="1748">thy</w>
            <w x="1988">mistress;</w>
        </line>
        <line c="2430" h="53" n="27">
            <w x="920">But</w>
            <w x="1040">well</w>
            <w x="1149">and</w>
            <w x="1274">free,</w>
        </line>
        <line c="2492" h="68" n="28">
            <w x="877">If</w>
            <w x="1007">thou</w>
            <w x="1077">so</w>
            <w x="1214">yield</w>
            <w x="1338">him,</w>
            <w x="1487">there</w>
            <w x="1540">is</w>
            <w x="1677">gold,</w>
            <w x="1787">and</w>
            <w x="1911">here</w>
        </line>
        <line c="2555" h="71" n="29">
            <w x="913">My</w>
            <w x="1076">bluest</w>
            <w x="1217">veins</w>
            <w x="1284">to</w>
            <w x="1440">kiss;</w>
            <w x="1489">a</w>
            <w x="1621">hand</w>
            <w x="1741">that</w>
            <w x="1891">kings</w>
        </line>
        <line c="2617" h="68" n="30">
            <w x="959">Have</w>
            <w x="1140">lipped,</w>
            <w x="1250">and</w>
            <w x="1481">trembled</w>
            <w x="1683">kissing.</w>
        </line>
    </div>
    <div id="3" x="1056" y="2766" group="2" width="236" height="82" type="underline"
        sealts="460_6_6.126" attribution="HM" mode="tragedy" play="4c">
        <line n="33" h="82" c="2807">
            <w x="1170">We</w>
            <w x="1271">use</w>
        </line>
    </div>
</body>
