<body>
	<div id="2" x="626" y="933" group="1" width="873" height="241" type="score" sealts="460_5_5.176" attribution="HM"
		mode="history" play="6b">
		<line c="957" h="41" n="12">
			<w x="676">Or</w>
			<w x="770">made</w>
			<w x="807">it</w>
			<w x="870">not</w>
			<w x="958">mine</w>
			<w x="1041">too?</w>
			<w x="1124">Or</w>
			<w x="1231">which</w>
			<w x="1277">of</w>
			<w x="1362">your</w>
			<w x="1480">friends</w>
		</line>
		<line c="999" h="39" n="13">
			<w x="716">Have</w>
			<w x="744">I</w>
			<w x="809">not</w>
			<w x="912">strove</w>
			<w x="956">to</w>
			<w x="1040">love,</w>
			<w x="1188">although</w>
			<w x="1316">I</w>
			<w x="1331">knew</w>
		</line>
		<line c="1040" h="42" n="14">
			<w x="682">He</w>
			<w x="771">were</w>
			<w x="860">mine</w>
			<w x="998">enemy?</w>
			<w x="1125">What</w>
			<w x="1232">friend</w>
			<w x="1278">of</w>
			<w x="1379">mine,</w>
		</line>
		<line c="1078" h="41" n="15">
			<w x="713">That</w>
			<w x="781">had</w>
			<w x="824">to</w>
			<w x="895">him</w>
			<w x="1021">derived</w>
			<w x="1104">your</w>
			<w x="1212">anger,</w>
			<w x="1274">did</w>
			<w x="1300">I</w>
		</line>
		<line c="1119" h="42" n="16">
			<w x="778">Continue</w>
			<w x="822">in</w>
			<w x="884">my</w>
			<w x="1010">liking?</w>
			<w x="1096">nay,</w>
			<w x="1181">gave</w>
			<w x="1287">notice</w>
		</line>
		<line c="1155" h="42" n="17">
			<w x="682">He</w>
			<w x="756">was</w>
			<w x="840">from</w>
			<w x="956">thence</w>
			<w x="1157">discharged?</w>
			<w x="1252">Sir,</w>
			<w x="1320">call</w>
			<w x="1364">to</w>
			<w x="1454">mind</w>
		</line>
	</div>
</body>
