<body>
    <div id="2" x="705" y="871" group="1" width="880" height="398" type="score" sealts="460_5_5.428" attribution="HM"
        mode="tragedy" play="1c">
        <line c="895" h="40" n="11">
            <w x="1378">[Looking</w>
            <w x="1426">on</w>
            <w x="1483">the</w>
            <w x="1571">gold.</w>
        </line>
        <line c="935" h="39" n="12">
            <w x="817">
                <choice>
                    <orig>'Twixt</orig>
                    <reg>Between</reg>
                </choice>
            </w>
            <w x="939">natural</w>
            <w x="1004">son</w>
            <w x="1075">and</w>
            <w x="1160">sire!</w>
            <w x="1251">thou</w>
            <w x="1358">bright</w>
            <w x="1467">defiler</w>
        </line>
        <line c="975" h="40" n="13">
            <w x="753">Of</w>
            <w x="909">Hymen's</w>
            <w x="1019">purest</w>
            <w x="1103">bed!</w>
            <w x="1194">thou</w>
            <w x="1312">valiant</w>
            <w x="1421">Mars!</w>
        </line>
        <line c="1015" h="40" n="14">
            <w x="793">Thou</w>
            <w x="872">ever</w>
            <w x="989">young,</w>
            <w x="1087">fresh,</w>
            <w x="1192">loved,</w>
            <w x="1263">and</w>
            <w x="1397">delicate</w>
            <w x="1513">wooer,</w>
        </line>
        <line c="1049" h="29" n="15">
            <w x="814">Whose</w>
            <w x="909">blush</w>
            <w x="990">doth</w>
            <w x="1081">thaw</w>
            <w x="1142">the</w>
            <w x="1337">consecrated</w>
            <w x="1431">snow</w>
        </line>
        <line c="1093" h="39" n="16">
            <w x="788">That</w>
            <w x="851">lies</w>
            <w x="902">on</w>
            <w x="1016">Dian's</w>
            <w x="1092">lap!</w>
            <w x="1183">thou</w>
            <w x="1293">visible</w>
            <w x="1373">god,</w>
        </line>
        <line c="1133" h="39" n="17">
            <w x="787">That</w>
            <w x="927">
                <choice>
                    <orig>solder'st</orig>
                    <reg>solders</reg>
                </choice>
            </w>
            <w x="1014">close</w>
            <w x="1254">impossibilities,</w>
        </line>
        <line c="1173" h="38" n="18">
            <w x="775">And</w>
            <w x="889">
                <choice>
                    <orig>mak'st</orig>
                    <reg>make</reg>
                </choice>
            </w>
            <w x="977">them</w>
            <w x="1061">kiss!</w>
            <w x="1145">that</w>
            <w x="1279">
                <choice>
                    <orig>speak'st</orig>
                    <reg>speak</reg>
                </choice>
            </w>
            <w x="1360">with</w>
            <w x="1451">every</w>
            <w x="1572">tongue,</w>
        </line>
        <line c="1212" h="39" n="19">
            <w x="756">To</w>
            <w x="854">every</w>
            <w x="1002">purpose!</w>
            <w x="1053">O</w>
            <w x="1136">thou</w>
            <w x="1251">touch</w>
            <w x="1297">of</w>
            <w x="1422">hearts!</w>
        </line>
        <line c="1252" h="40" n="20">
            <w x="818">Think,</w>
            <w x="882">thy</w>
            <w x="971">slave</w>
            <w x="1051">man</w>
            <w x="1173">rebels;</w>
            <w x="1251">and</w>
            <w x="1304">by</w>
            <w x="1368">thy</w>
            <w x="1469">virtue</w>
        </line>
    </div>
</body>
