<body>
	<div id="2" x="774" y="654" group="1" width="1422" height="401" type="score2"
		sealts="460_6_6.194" attribution="HM" mode="tragedy" play="4c">
		<line c="702" h="63" n="1">
			<w x="991">Cleo.</w>
			<w x="1100">No</w>
			<w x="1249">more,</w>
			<w x="1344">but</w>
			<w x="1456">
				<choice>
					<orig>e'en</orig>
					<reg>even</reg>
				</choice>
			</w>
			<w x="1497">a</w>
			<w x="1706">woman;</w>
			<w x="1858">and</w>
			<w x="2160">commanded</w>
		</line>
		<line c="771" h="74" n="2">
			<w x="877">By</w>
			<w x="1004">such</w>
			<w x="1129">poor</w>
			<w x="1323">passion</w>
			<w x="1393">as</w>
			<w x="1490">the</w>
			<w x="1629">maid</w>
			<w x="1748">that</w>
			<w x="1913">milks,</w>
		</line>
		<line c="823" h="54" n="3">
			<w x="907">And</w>
			<w x="1034">does</w>
			<w x="1131">the</w>
			<w x="1352">meanest</w>
			<w x="1663">chares.</w>
			<w x="1694">&#8212;It</w>
			<w x="1800">were</w>
			<w x="1888">for</w>
			<w x="1980">me</w>
		</line>
		<line c="893" h="66" n="4">
			<w x="877">To</w>
			<w x="1039">throw</w>
			<w x="1134">my</w>
			<w x="1325">
				<choice>
					<orig>sceptre</orig>
					<reg>scepter</reg>
				</choice>
			</w>
			<w x="1394">at</w>
			<w x="1489">the</w>
			<w x="1717">injurious</w>
			<w x="1875">gods;</w>
		</line>
		<line c="952" h="62" n="5">
			<w x="877">To</w>
			<w x="974">tell</w>
			<w x="1116">them</w>
			<w x="1234">that</w>
			<w x="1341">this</w>
			<w x="1499">world</w>
			<w x="1594">did</w>
			<w x="1744">equal</w>
			<w x="1913">theirs,</w>
		</line>
		<line c="1015" h="67" n="6">
			<w x="895">Till</w>
			<w x="1021">they</w>
			<w x="1129">had</w>
			<w x="1290">stolen</w>
			<w x="1390">our</w>
			<w x="1552">jewel.</w>
			<w x="1727">
				<choice>
					<orig>All's</orig>
					<reg>All is</reg>
					<reg>All</reg>
					<reg>is</reg>
				</choice>
			</w>
			<w x="1828">but</w>
			<w x="2043">naught;</w>
		</line>
	</div>
	<div id="3" x="792" y="1041" group="1" width="1325" height="251" type="score"
		sealts="460_6_6.194" attribution="HM" mode="tragedy" play="4c">
		<div id="4" x="770" y="1039" group="1" width="1112" height="72" type="underline"
			sealts="460_6_6.194" attribution="HM" mode="tragedy" play="4c">
			<line n="7" h="72" c="1075">
				<w x="1023">Patience</w>
				<w x="1084">is</w>
				<w x="1286">sottish;</w>
				<w x="1408">and</w>
				<w x="1694">impatience</w>
				<w x="1827">does</w>
			</line>
			<line c="1138" h="65" n="8">
				<w x="1005">Become</w>
				<w x="1056">a</w>
				<w x="1161">dog</w>
				<w x="1313">
					<choice>
						<orig>that's</orig>
						<reg>that is</reg>
						<reg>that</reg>
						<reg>is</reg>
					</choice>
				</w>
				<w x="1457">mad.</w>
			</line>
		</div>
		<line c="1138" h="65" n="8">
			<w x="1642">Then</w>
			<w x="1700">is</w>
			<w x="1756">it</w>
			<w x="1859">sin,</w>
		</line>
		<line c="1196" h="65" n="9">
			<w x="876">To</w>
			<w x="999">rush</w>
			<w x="1113">into</w>
			<w x="1210">the</w>
			<w x="1375">secret</w>
			<w x="1530">house</w>
			<w x="1604">of</w>
			<w x="1764">death,</w>
		</line>
		<line c="1257" h="65" n="10">
			<w x="893">Ere</w>
			<w x="1049">death</w>
			<w x="1172">dare</w>
			<w x="1318">come</w>
			<w x="1386">to</w>
			<w x="1458">us?</w>
			<w x="1676">&#8212;How</w>
			<w x="1753">do</w>
			<w x="1874">you,</w>
			<w x="2108">women?</w>
		</line>
	</div>
	<div id="5" x="775" y="1347" group="2" width="1413" height="259" type="score"
		sealts="460_6_6.194" attribution="HM" mode="tragedy" play="4c">
		<line c="1386" h="67" n="12">
			<w x="887">My</w>
			<w x="1036">noble</w>
			<w x="1162">girls!</w>
			<w x="1324">&#8212;Ah</w>
			<w x="1534">women,</w>
			<w x="1757">women!</w>
			<w x="1906">look,</w>
		</line>
		<line c="1449" h="70" n="13">
			<w x="900">Our</w>
			<w x="1038">lamp</w>
			<w x="1097">is</w>
			<w x="1262">spent,</w>
			<w x="1356">
				<choice>
					<orig>it's</orig>
					<reg>it is</reg>
					<reg>it</reg>
					<reg>is</reg>
				</choice>
			</w>
			<w x="1468">out.</w>
			<w x="1663">&#8212;Good</w>
			<w x="1778">sirs,</w>
			<w x="1905">take</w>
			<w x="2065">heart.</w>
		</line>
		<line c="1505" h="66" n="14">
			<w x="1725">[To</w>
			<w x="1813">the</w>
			<w x="1988">Guard</w>
			<w x="2158">below.</w>
		</line>
		<line c="1569" h="70" n="15">
			<w x="935">
				<choice>
					<orig>We'll</orig>
					<reg>We will</reg>
					<reg>We</reg>
					<reg>will</reg>
				</choice>
			</w>
			<w x="1065">bury</w>
			<w x="1203">him;</w>
			<w x="1326">and</w>
			<w x="1468">then,</w>
			<w x="1649">
				<choice>
					<orig>what's</orig>
					<reg>what is</reg>
					<reg>what</reg>
					<reg>is</reg>
				</choice>
			</w>
			<w x="1816">brave,</w>
			<w x="1992">
				<choice>
					<orig>what's</orig>
					<reg>what is</reg>
					<reg>what</reg>
					<reg>is</reg>
				</choice>
			</w>
			<w x="2159">noble,</w>
		</line>
	</div>
	<div id="6" x="785" y="1655" group="3" width="1284" height="190" type="score"
		sealts="460_6_6.194" attribution="HM" mode="tragedy" play="4c">
		<line c="1693" h="64" n="17">
			<w x="908">And</w>
			<w x="1058">make</w>
			<w x="1215">death</w>
			<w x="1372">proud</w>
			<w x="1439">to</w>
			<w x="1565">take</w>
			<w x="1653">us.</w>
			<w x="1861">Come</w>
			<w x="2039">away;</w>
		</line>
		<line c="1755" h="67" n="18">
			<w x="917">This</w>
			<w x="1039">case</w>
			<w x="1113">of</w>
			<w x="1223">that</w>
			<w x="1360">huge</w>
			<w x="1507">spirit</w>
			<w x="1629">now</w>
			<w x="1687">is</w>
			<w x="1820">cold.</w>
		</line>
		<line c="1813" h="62" n="19">
			<w x="878">Ah</w>
			<w x="1088">women,</w>
			<w x="1312">women!</w>
			<w x="1498">come;</w>
			<w x="1602">we</w>
			<w x="1734">have</w>
			<w x="1815">no</w>
			<w x="1977">friend</w>
		</line>
	</div>
</body>
