<body>
    <div id="2" x="328" y="2769" group="1" width="1384" height="132" type="checkmark"
        sealts="460_6_6.133" attribution="HM" mode="tragedy" play="4c">
        <line n="35" h="66" c="2812">
            <w x="539">Men.</w>
            <w x="650">All</w>
            <w x="832">men's</w>
            <w x="993">faces</w>
            <w x="1106">are</w>
            <w x="1252">true,</w>
            <w x="1557">
                <choice>
                    <orig>whatsoe'er</orig>
                    <reg>whatsoever</reg>
                </choice>
            </w>
            <w x="1706">their</w>
        </line>
        <line n="36" h="66" c="2868">
            <w x="492">hands</w>
            <w x="604">are.</w>
        </line>
    </div>
</body>
