<body>
    <div id="2" x="764" y="1459" group="1" width="1124" height="196" type="score" sealts="460_6_6.192" attribution="HM"
        mode="tragedy" play="4c">
        <line c="1505" h="62" n="14">
            <w x="927">Edge,</w>
            <w x="1083">sting,</w>
            <w x="1155">or</w>
            <w x="1415">operation,</w>
            <w x="1460">I</w>
            <w x="1554">am</w>
            <w x="1682">safe.</w>
        </line>
        <line c="1562" h="67" n="15">
            <w x="907">Your</w>
            <w x="1026">wife</w>
            <w x="1249">Octavia,</w>
            <w x="1381">with</w>
            <w x="1480">her</w>
            <w x="1672">modest</w>
            <w x="1813">eyes,</w>
        </line>
        <line c="1615" h="97" n="16">
            <w x="888">And</w>
            <w x="995">still</w>
            <w x="1298">conclusion,</w>
            <w x="1431">shall</w>
            <w x="1625">acquire</w>
            <w x="1705">no</w>
            <w x="1863">honor</w>
        </line>
    </div>
    <div id="3" x="821" y="2935" group="2" width="1071" height="64" type="checkmark"
        sealts="460_6_6.192" attribution="HM" mode="commentary" section="notes" play="4c">
        <line n="38" h="64" c="2967">
            <w x="1038">"Sedate</w>
            <w x="1325">determination;</w>
            <w x="1444">silent</w>
            <w x="1611">coolness</w>
            <w x="1664">of</w>
            <w x="1884">resolution."</w>
        </line>
    </div>
</body>
