<body>
    <div id="2" x="784" y="663" group="1" width="1361" height="142" type="checkmark"
        sealts="460_6_6.188" attribution="HM" mode="tragedy" play="4c">
        <line n="1" h="71" c="699">
            <w x="1070">Quartered</w>
            <w x="1169">the</w>
            <w x="1341">world,</w>
            <w x="1454">and</w>
            <w x="1563">
                <choice>
                    <orig>o'er</orig>
                    <reg>over</reg>
                </choice>
            </w>
            <w x="1717">green</w>
            <w x="1982">Neptune's</w>
            <w x="2122">back</w>
        </line>
        <line n="2" h="71" c="770">
            <w x="947">With</w>
            <w x="1087">ships</w>
            <w x="1235">made</w>
            <w x="1394">cities,</w>
            <w x="1635">condemn</w>
            <w x="1811">myself</w>
            <w x="1881">to</w>
            <w x="2011">lack</w>
        </line>
    </div>
</body>
