<body>
    <div id="2" x="817" y="3088" group="1" width="1333" height="69" type="checkmark"
        sealts="460_6_6.162" attribution="HM" mode="commentary" section="notes" play="4c">
        <line n="36" h="69" c="3122">
            <w x="929">To</w>
            <w x="1043">think,</w>
            <w x="1096">or</w>
            <w x="1178">take</w>
            <w x="1336">thought,</w>
            <w x="1418">was</w>
            <w x="1596">anciently</w>
            <w x="1834">synonymous</w>
            <w x="1927">with</w>
            <w x="1984">to</w>
            <w x="2112">grieve.</w>
        </line>
    </div>
</body>
