<body>
    <div id="2" x="767" y="660" group="1" width="1390" height="1272" type="score" sealts="460_1_c370" attribution="HM"
        mode="comedy" play="5a">
        <line c="694" h="75" n="1">
            <w x="883">For,</w>
            <w x="995">like</w>
            <w x="1076">an</w>
            <w x="1183">ass,</w>
            <w x="1358">whose</w>
            <w x="1498">back</w>
            <w x="1631">with</w>
            <w x="1798">ingots</w>
            <w x="1960">bows,</w>
        </line>
        <line c="765" h="67" n="2">
            <w x="916">Thou</w>
            <w x="1103">
                <choice>
                    <orig>bear'st</orig>
                    <reg>bear</reg>
                </choice>
            </w>
            <w x="1205">thy</w>
            <w x="1370">heavy</w>
            <w x="1533">riches</w>
            <w x="1636">but</w>
            <w x="1798">a</w>
            <w x="1901">journey,</w>
        </line>
        <line c="822" h="56" n="3">
            <w x="886">And</w>
            <w x="1042">death</w>
            <w x="1247">unloads</w>
            <w x="1388">thee.</w>
            <w x="1620">Friend</w>
            <w x="1742">hast</w>
            <w x="1869">thou</w>
            <w x="2036">none;</w>
        </line>
        <line c="882" h="69" n="4">
            <w x="869">For</w>
            <w x="1015">thine</w>
            <w x="1143">own</w>
            <w x="1348">bowels,</w>
            <w x="1520">which</w>
            <w x="1600">do</w>
            <w x="1705">call</w>
            <w x="1829">thee</w>
            <w x="1951">sire,</w>
        </line>
        <line c="952" h="64" n="5">
            <w x="883">The</w>
            <w x="1026">mere</w>
            <w x="1236">effusion</w>
            <w x="1309">of</w>
            <w x="1404">thy</w>
            <w x="1583">proper</w>
            <w x="1731">loins,</w>
        </line>
        <line c="1016" h="69" n="6">
            <w x="856">Do</w>
            <w x="1003">curse</w>
            <w x="1102">the</w>
            <w x="1247">gout,</w>
            <w x="1476">serpigo,</w>
            <w x="1590">and</w>
            <w x="1687">the</w>
            <w x="1878">rheum,</w>
        </line>
        <line c="1083" h="61" n="7">
            <w x="868">For</w>
            <w x="1070">ending</w>
            <w x="1211">thee</w>
            <w x="1305">no</w>
            <w x="1515">sooner.</w>
            <w x="1731">Thou</w>
            <w x="1866">hast</w>
            <w x="1981">nor</w>
            <w x="2174">youth"</w>
        </line>
        <line c="1152" h="45" n="8">
            <w x="1112">nor</w>
            <w x="1244">age;</w>
        </line>
        <line c="1204" h="64" n="9">
            <w x="887">But,</w>
            <w x="961">as</w>
            <w x="1018">it</w>
            <w x="1173">were,</w>
            <w x="1255">an</w>
            <w x="1607">
                <choice>
                    <orig>after-dinner's</orig>
                    <reg>after dinner's</reg>
                    <reg>after</reg>
                    <reg>dinner's</reg>
                </choice>
            </w>
            <w x="1767">sleep,</w>
        </line>
        <line c="1268" h="69" n="10">
            <w x="1030">Dreaming</w>
            <w x="1109">on</w>
            <w x="1266">both;</w>
            <w x="1369">for</w>
            <w x="1448">all</w>
            <w x="1550">thy</w>
            <w x="1748">blessed</w>
            <w x="1908">youth</w>
        </line>
        <line c="1331" h="68" n="11">
            <w x="1001">Becomes</w>
            <w x="1073">as</w>
            <w x="1224">aged,</w>
            <w x="1338">and</w>
            <w x="1466">doth</w>
            <w x="1579">beg</w>
            <w x="1676">the</w>
            <w x="1809">alms</w>
        </line>
        <line c="1394" h="70" n="12">
            <w x="852">Of</w>
            <w x="1036">palsied</w>
            <w x="1130">eld;</w>
            <w x="1310">and</w>
            <w x="1466">when</w>
            <w x="1596">thou</w>
            <w x="1686">art</w>
            <w x="1794">old,</w>
            <w x="1906">and</w>
            <w x="2033">rich,</w>
        </line>
        <line c="1459" h="72" n="13">
            <w x="916">Thou</w>
            <w x="990">hast</w>
            <w x="1234">neither</w>
            <w x="1375">heat,</w>
            <w x="1621">affection,</w>
            <w x="1766">limb,</w>
            <w x="1870">nor</w>
            <w x="2071">beauty,</w>
        </line>
        <line c="1519" h="69" n="14">
            <w x="856">To</w>
            <w x="950">make</w>
            <w x="1112">thy</w>
            <w x="1275">riches</w>
            <w x="1514">pleasant.</w>
            <w x="1755">
                <choice>
                    <orig>What's</orig>
                    <reg>What is</reg>
                    <reg>What</reg>
                    <reg>is</reg>
                </choice>
            </w>
            <w x="1855">yet</w>
            <w x="1922">in</w>
            <w x="2032">this</w>
        </line>
        <line c="1575" h="56" n="15">
            <w x="907">That</w>
            <w x="1056">bears</w>
            <w x="1154">the</w>
            <w x="1309">name</w>
            <w x="1383">of</w>
            <w x="1509">life?</w>
            <w x="1664">Yet</w>
            <w x="1732">in</w>
            <w x="1842">this</w>
            <w x="1938">life</w>
        </line>
        <line c="1642" h="65" n="16">
            <w x="868">Lie</w>
            <w x="967">hid</w>
            <w x="1110">more</w>
            <w x="1355">thousand</w>
            <w x="1562">deaths;</w>
            <w x="1676">yet</w>
            <w x="1834">death</w>
            <w x="1926">we</w>
            <w x="2056">fear,</w>
        </line>
        <line c="1704" h="50" n="17">
            <w x="907">That</w>
            <w x="1083">makes</w>
            <w x="1232">these</w>
            <w x="1366">odds</w>
            <w x="1445">all</w>
            <w x="1596">even.</w>
        </line>
        <line c="1767" h="63" n="18">
            <w x="1013">Claud.</w>
            <w x="1668">I</w>
            <w x="1876">humbly</w>
            <w x="2039">thank</w>
            <w x="2161">you.</w>
        </line>
        <line c="1834" h="60" n="19">
            <w x="856">To</w>
            <w x="957">sue</w>
            <w x="1027">to</w>
            <w x="1148">live,</w>
            <w x="1194">I</w>
            <w x="1325">find,</w>
            <w x="1370">I</w>
            <w x="1504">seek</w>
            <w x="1572">to</w>
            <w x="1694">die:</w>
        </line>
        <line c="1900" h="66" n="20">
            <w x="888">And</w>
            <w x="1097">seeking</w>
            <w x="1269">death,</w>
            <w x="1385">find</w>
            <w x="1480">life:</w>
            <w x="1607">let</w>
            <w x="1664">it</w>
            <w x="1810">come</w>
            <w x="1905">on.</w>
        </line>
    </div>
</body>
