<body>
    <div id="2" x="417" y="2110" group="1" width="1236" height="137" type="checkmark"
        sealts="460_2_2.157" attribution="HM" mode="comedy" play="8a">
        <line n="22" h="68" c="2144">
            <w x="569">Dum.</w>
            <w x="634">I</w>
            <w x="789">think,</w>
            <w x="986">Hector</w>
            <w x="1098">was</w>
            <w x="1190">not</w>
            <w x="1265">so</w>
            <w x="1651">
                <choice>
                    <orig>clean-timbered.</orig>
                    <reg>clean timbered.</reg>
                    <reg>clean</reg>
                    <reg>timbered.</reg>
                </choice>
            </w>
        </line>
        <line n="23" h="68" c="2212">
            <w x="584">Long.</w>
            <w x="707">His</w>
            <w x="796">leg</w>
            <w x="856">is</w>
            <w x="940">too</w>
            <w x="1035">big</w>
            <w x="1127">for</w>
            <w x="1324">Hector.</w>
        </line>
    </div>
</body>
