<body>
    <div id="2" x="780" y="2667" group="1" width="1384" height="251" type="score" sealts="460_1_c290" attribution="HM"
        mode="comedy" play="4a">
        <line c="2702" h="63" n="33">
            <w x="936">Oli.</w>
            <w x="1114">Why,</w>
            <w x="1260">then,</w>
            <w x="1523">methinks,</w>
            <w x="1620">
                <choice>
                    <orig>'tis</orig>
                    <reg>it is</reg>
                    <reg>it</reg>
                    <reg>is</reg>
                </choice>
            </w>
            <w x="1749">time</w>
            <w x="1819">to</w>
            <w x="1970">smile</w>
            <w x="2150">again;</w>
        </line>
        <line c="2766" h="62" n="34">
            <w x="825">O</w>
            <w x="1000">world,</w>
            <w x="1126">how</w>
            <w x="1225">apt</w>
            <w x="1321">the</w>
            <w x="1451">poor</w>
            <w x="1546">are</w>
            <w x="1615">to</w>
            <w x="1692">be</w>
            <w x="1880">proud!</w>
        </line>
        <line c="2828" h="61" n="35">
            <w x="828">If</w>
            <w x="927">one</w>
            <w x="1022">should</w>
            <w x="1223">be</w>
            <w x="1245">a</w>
            <w x="1377">prey,</w>
            <w x="1503">how</w>
            <w x="1658">much</w>
            <w x="1756">the</w>
            <w x="1925">better</w>
        </line>
        <line c="2888" h="56" n="36">
            <w x="854">To</w>
            <w x="949">fall</w>
            <w x="1119">before</w>
            <w x="1217">the</w>
            <w x="1343">lion,</w>
            <w x="1475">than</w>
            <w x="1574">the</w>
            <w x="1709">wolf?</w>
        </line>
    </div>
</body>
