<body>
    <div id="2" x="514" y="783" group="1" width="896" height="395" type="annotated" sealts="460_5_5.572" attribution="HM"
        mode="commentary" section="after" play="2c">
        <line n="1" h="48" c="823">
            <w x="621">The</w>
            <w x="723">tragedy</w>
            <w x="754">of</w>
            <w x="885">Coriolanus</w>
            <w x="910">is</w>
            <w x="968">one</w>
            <w x="994">of</w>
            <w x="1039">the</w>
            <w x="1105">most</w>
            <w x="1207">amusing</w>
            <w x="1244">of</w>
            <w x="1295">our</w>
            <w x="1397">author's</w>
        </line>
        <line n="2" h="47" c="872">
            <w x="702">performances.</w>
            <w x="767">The</w>
            <w x="813">old</w>
            <w x="893">man's</w>
            <w x="1027">merriment</w>
            <w x="1062">in</w>
            <w x="1199">Menenius;</w>
            <w x="1249">the</w>
            <w x="1319">lofty</w>
            <w x="1394">lady's</w>
        </line>
        <line n="3" h="48" c="920">
            <w x="608">dignity</w>
            <w x="641">in</w>
            <w x="781">Volumnia;</w>
            <w x="831">the</w>
            <w x="913">bridal</w>
            <w x="1023">modesty</w>
            <w x="1061">in</w>
            <w x="1173">Virgilia;</w>
            <w x="1225">the</w>
            <w x="1341">patrician</w>
            <w x="1395">and</w>
        </line>
        <line n="4" h="49" c="965">
            <w x="618">military</w>
            <w x="763">haughtiness</w>
            <w x="799">in</w>
            <w x="943">Coriolanus;</w>
            <w x="987">the</w>
            <w x="1095">plebeian</w>
            <w x="1216">malignity</w>
            <w x="1272">and</w>
            <w x="1394">tribunitian</w>
        </line>
        <line n="5" h="48" c="1016">
            <w x="637">insolence</w>
            <w x="673">in</w>
            <w x="763">Brutus</w>
            <w x="814">and</w>
            <w x="947">Sicinius,&#8212;</w>
            <w x="1015">make</w>
            <w x="1039">a</w>
            <w x="1097">very</w>
            <w x="1201">pleasing</w>
            <w x="1257">and</w>
            <w x="1395">interesting</w>
        </line>
        <line n="6" h="49" c="1063">
            <w x="629">variety;</w>
            <w x="681">and</w>
            <w x="730">the</w>
            <w x="826">various</w>
            <w x="971">revolutions</w>
            <w x="1008">of</w>
            <w x="1059">the</w>
            <w x="1138">hero's</w>
            <w x="1243">fortune</w>
            <w x="1286">fill</w>
            <w x="1333">the</w>
            <w x="1401">mind</w>
        </line>
        <line n="7" h="49" c="1101">
            <w x="586">with</w>
            <w x="689">anxious</w>
            <w x="815">curiosity.</w>
            <w x="908">There</w>
            <w x="949">is,</w>
            <w x="1046">perhaps,</w>
            <w x="1091">too</w>
            <w x="1177">much</w>
            <w x="1256">bustle</w>
            <w x="1298">in</w>
            <w x="1335">the</w>
            <w x="1397">first</w>
        </line>
        <line n="8" h="49" c="1150">
            <w x="577">act,</w>
            <w x="621">and</w>
            <w x="665">too</w>
            <w x="732">little</w>
            <w x="767">in</w>
            <w x="803">the</w>
            <w x="869">last.</w>
            <w x="1357">Johnson.</w>
        </line>
    </div>
    <div id="3" x="296" y="1192" group="2" width="1268" height="882" type="annotation"
        sealts="460_5_5.572" attribution="HM" mode="commentary" section="after" play="2c">
        <line n="1" h="73" c="1260">
            <w x="641">The</w>
            <w x="887">criticism</w>
            <w x="967">on</w>
            <w x="1251">Coriolanus</w>
            <w x="1298">is</w>
            <w x="1401">one</w>
            <w x="1461">of</w>
        </line>
        <line n="2" h="73" c="1334">
            <w x="373">the</w>
            <w x="523">most</w>
            <w x="765">amusing</w>
            <w x="820">of</w>
            <w x="1104">Johnson's</w>
            <w x="1458">performances.</w>
        </line>
        <line n="3" h="73" c="1397">
            <w x="402">The</w>
            <w x="520">old</w>
            <w x="737">codger's</w>
            <w x="925">gravity</w>
            <w x="995">in</w>
            <w x="1286">discoursing</w>
            <w x="1381">of</w>
        </line>
        <line n="4" h="73" c="1480">
            <w x="609">Menenius'</w>
            <w x="900">merriment;</w>
            <w x="1002">the</w>
            <w x="1235">delicate</w>
            <w x="1496">propriety</w>
        </line>
        <line n="5" h="73" c="1538">
            <w x="382">in</w>
            <w x="580">alluding</w>
            <w x="670">to</w>
            <w x="896">Virgilia;</w>
            <w x="1203">the</w>
            <w x="1531">lexicographical</w>
        </line>
        <line n="6" h="73" c="1618">
            <w x="545">definition</w>
            <w x="622">of</w>
            <w x="871">Coriolanus'</w>
            <w x="1152">character;</w>
            <w x="1241">the</w>
            <w x="1381">high</w>
            <w x="1506">Tory</w>
        </line>
        <line n="7" h="74" c="1673">
            <w x="494">terms</w>
            <w x="695">bestowed</w>
            <w x="823">upon</w>
            <w x="1059">Brutus</w>
            <w x="1117">&amp;</w>
            <w x="1378">Sicinius,&#8212;</w>
            <w x="1531">make</w>
        </line>
        <line n="8" h="74" c="1747">
            <w x="379">a</w>
            <w x="481">very</w>
            <w x="721">diverting</w>
            <w x="769">&amp;</w>
            <w x="1027">quizzical</w>
            <w x="1279">variety;</w>
            <w x="1417">and</w>
            <w x="1512">the</w>
        </line>
        <line n="9" h="74" c="1821">
            <w x="504">various</w>
            <w x="705">starched</w>
            <w x="919">phrases</w>
            <w x="1043">fill</w>
            <w x="1133">the</w>
            <w x="1318">mind</w>
            <w x="1490">with</w>
        </line>
        <line n="10" h="74" c="1895">
            <w x="552">fudge.</w>
            <w x="695">There</w>
            <w x="794">is,</w>
            <w x="1005">perhaps,</w>
            <w x="1085">too</w>
            <w x="1257">much</w>
            <w x="1519">solemn</w>
        </line>
        <line n="11" h="74" c="1969">
            <w x="564">nonsense</w>
            <w x="647">in</w>
            <w x="753">the</w>
            <w x="912">first</w>
            <w x="1148">sentence,</w>
            <w x="1231">&amp;</w>
            <w x="1343">too</w>
            <w x="1522">little</w>
        </line>
        <line n="12" h="74" c="2043">
            <w x="517">sense</w>
            <w x="606">in</w>
            <w x="698">the</w>
            <w x="861">last.</w>
        </line>
    </div>
    <div id="4" x="1268" y="1857" group="3" width="58" height="62" type="notation" sealts="460_5_5.572" attribution="HM"
        mode="commentary" section="after" play="2c">
        <line n="1o" h="62" c="1888">
            <w x="1324">n</w>
        </line>
    </div>
</body>
