<body>
    <div id="2" x="699" y="2662" group="1" width="1385" height="314" type="score" sealts="460_1_c438" attribution="HM"
        mode="comedy" play="6a">
        <line c="2697" h="62" n="33">
            <w x="806">and</w>
            <w x="917">say,</w>
            <w x="1016">Get</w>
            <w x="1119">you</w>
            <w x="1188">to</w>
            <w x="1385">heaven,</w>
            <w x="1615">Beatrice,</w>
            <w x="1702">get</w>
            <w x="1805">you</w>
            <w x="1869">to</w>
            <w x="2076">heaven;</w>
        </line>
        <line c="2759" h="63" n="34">
            <w x="855">
                <choice>
                    <orig>here's</orig>
                    <reg>here is</reg>
                    <reg>here</reg>
                    <reg>is</reg>
                </choice>
            </w>
            <w x="932">no</w>
            <w x="1059">place</w>
            <w x="1162">for</w>
            <w x="1265">you</w>
            <w x="1429">maids:</w>
            <w x="1540">so</w>
            <w x="1724">deliver</w>
            <w x="1766">I</w>
            <w x="1849">up</w>
            <w x="1940">my</w>
            <w x="2076">apes,</w>
        </line>
        <line c="2821" h="60" n="35">
            <w x="807">and</w>
            <w x="972">away</w>
            <w x="1040">to</w>
            <w x="1205">Saint</w>
            <w x="1372">Peter</w>
            <w x="1458">for</w>
            <w x="1561">the</w>
            <w x="1813">heavens;</w>
            <w x="1903">he</w>
            <w x="2077">shows</w>
        </line>
        <line c="2884" h="61" n="36">
            <w x="790">me</w>
            <w x="961">where</w>
            <w x="1059">the</w>
            <w x="1304">bachelors</w>
            <w x="1397">sit,</w>
            <w x="1503">and</w>
            <w x="1647">there</w>
            <w x="1754">live</w>
            <w x="1842">we</w>
            <w x="1914">as</w>
            <w x="2076">merry</w>
        </line>
        <line c="2946" h="60" n="37">
            <w x="767">as</w>
            <w x="865">the</w>
            <w x="975">day</w>
            <w x="1032">is</w>
            <w x="1170">long.</w>
        </line>
    </div>
</body>
