<body>
	<div id="2" x="654" y="734" group="1" width="829" height="201" type="score" sealts="460_5_5.208" attribution="HM"
		mode="history" play="6b">
		<line c="756" h="37" n="7">
			<w x="736">Had</w>
			<w x="797">the</w>
			<w x="860">full</w>
			<w x="946">view</w>
			<w x="997">of,</w>
			<w x="1080">such</w>
			<w x="1111">a</w>
			<w x="1201">noise</w>
			<w x="1293">arose</w>
		</line>
		<line c="794" h="40" n="8">
			<w x="709">As</w>
			<w x="771">the</w>
			<w x="900">shrouds</w>
			<w x="996">make</w>
			<w x="1040">at</w>
			<w x="1101">sea</w>
			<w x="1143">in</w>
			<w x="1174">a</w>
			<w x="1250">stiff</w>
			<w x="1394">tempest,</w>
		</line>
		<line c="836" h="41" n="9">
			<w x="709">As</w>
			<w x="796">loud,</w>
			<w x="867">and</w>
			<w x="910">to</w>
			<w x="954">as</w>
			<w x="1053">many</w>
			<w x="1157">tunes.</w>
			<w x="1283">Hats,</w>
			<w x="1401">cloaks,</w>
		</line>
		<line c="875" h="41" n="10">
			<w x="831">(Doublets,</w>
			<w x="859">I</w>
			<w x="978">think,)</w>
			<w x="1058">flew</w>
			<w x="1127">up;</w>
			<w x="1204">and</w>
			<w x="1273">had</w>
			<w x="1363">their</w>
			<w x="1452">faces</w>
		</line>
		<line c="915" h="41" n="11">
			<w x="749">Been</w>
			<w x="847">loose,</w>
			<w x="917">this</w>
			<w x="986">day</w>
			<w x="1066">they</w>
			<w x="1134">had</w>
			<w x="1220">been</w>
			<w x="1296">lost.</w>
			<w x="1415">Such</w>
			<w x="1475">joy</w>
		</line>
	</div>
</body>
