<body>
	<div id="2" x="356" y="1394" group="1" width="1362" height="138" type="sidewayscaret"
		sealts="460_4_4.219" attribution="HM" mode="history" play="4b">
		<line c="1434" h="73" n="13">
			<w x="411">If</w>
			<w x="527">ever</w>
			<w x="653">thou</w>
			<w x="787">
				<choice>
					<orig>be'st</orig>
					<reg>be</reg>
				</choice>
			</w>
			<w x="939">mine,</w>
			<w x="1092">Kate,</w>
			<w x="1187">(as</w>
			<w x="1229">I</w>
			<w x="1361">have</w>
			<w x="1411">a</w>
			<w x="1584">saving</w>
			<w x="1715">faith</w>
		</line>
		<line c="1496" h="70" n="14">
			<w x="517">within</w>
			<w x="619">me,</w>
			<w x="731">tells</w>
			<w x="837">me,</w>
			<w x="1003">&#2012;thou</w>
			<w x="1187">shalt,)</w>
			<w x="1214">I</w>
			<w x="1314">get</w>
			<w x="1431">thee</w>
			<w x="1557">with</w>
			<w x="1714">
				<choice>
					<hyph>scam-</hyph>
					<reg>scambling</reg>
				</choice>
			</w>
		</line>
	</div>
	<div id="3" x="348" y="1580" group="2" width="1368" height="134" type="checkmark"
		sealts="460_4_4.219" attribution="HM" mode="history" play="4b">
		<line c="1614" h="61" n="16">
			<w x="553">breeder.</w>
			<w x="749">Shall</w>
			<w x="840">not</w>
			<w x="973">thou</w>
			<w x="1087">and</w>
			<w x="1144">I,</w>
			<w x="1372">between</w>
			<w x="1518">saint</w>
			<w x="1713">Dennis</w>
		</line>
		<line c="1678" h="70" n="17">
			<w x="448">and</w>
			<w x="581">saint</w>
			<w x="793">George,</w>
			<w x="1064">compound</w>
			<w x="1125">a</w>
			<w x="1257">boy,</w>
			<w x="1377">half</w>
			<w x="1590">French,</w>
			<w x="1712">half</w>
		</line>
	</div>
</body>
