<body>
    <div id="2" x="845" y="1500" group="1" width="1068" height="195" type="score2" sealts="460_7_7.288" attribution="HM"
        mode="tragedy" play="9c">
        <line c="1545" h="61" n="15">
            <w x="907">It</w>
            <w x="1085">seems,</w>
            <w x="1144">it</w>
            <w x="1270">is</w>
            <w x="1367">as</w>
            <w x="1446">proper</w>
            <w x="1610">to</w>
            <w x="1712">our</w>
            <w x="1741">age</w>
        </line>
        <line c="1607" h="61" n="16">
            <w x="936">To</w>
            <w x="1051">cast</w>
            <w x="1244">beyond</w>
            <w x="1481">ourselves</w>
            <w x="1548">in</w>
            <w x="1880">our</w>
            <w x="1901">opinions,</w>
        </line>
        <line c="1669" h="61" n="17">
            <w x="927">As</w>
            <w x="983">it</w>
            <w x="1040">is</w>
            <w x="1256">common</w>
            <w x="1342">for</w>
            <w x="1439">the</w>
            <w x="1654">younger</w>
            <w x="1765">sort</w>
        </line>
    </div>
</body>
