<body>
    <div id="2" x="226" y="1656" group="1" width="1288" height="74" type="score" sealts="460_1_c067" attribution="HM"
        mode="comedy" play="1a">
        <div id="3" x="229" y="1726" group="1" width="1031" height="59" type="scoresinout"
            sealts="460_1_c067" attribution="HM" mode="comedy" play="1a">
            <div id="4" x="223" y="1788" group="1" width="1159" height="60" type="score"
                sealts="460_1_c067" attribution="HM" mode="comedy" play="1a">
                <line n="17" h="82" c="1694">
                    <w x="296">In</w>
                    <w x="448">virtue</w>
                    <w x="578">than</w>
                    <w x="644">in</w>
                    <w x="952">vengeance:</w>
                    <div id="5" x="971" y="1666" group="1" width="502" height="64" type="underline"
                        sealts="460_1_c067" attribution="HM" mode="comedy" play="1a">
                        <line n="17" h="64" c="1698">
                            <w x="1088">they</w>
                            <w x="1244">being</w>
                            <w x="1470">penitent,</w>
                        </line>
                    </div>
                </line>
            </div>
            <line n="18" h="59" c="1755">
                <w x="340">The</w>
                <w x="452">sole</w>
                <w x="582">drift</w>
                <w x="642">of</w>
                <w x="730">my</w>
                <w x="944">purpose</w>
                <w x="1068">doth</w>
                <w x="1256">extend</w>
            </line>
        </div>
        <line n="19" h="60" c="1818">
            <w x="320">Not</w>
            <w x="376">a</w>
            <w x="532">frown</w>
            <w x="748">further:</w>
            <w x="876">Go,</w>
            <w x="1064">release</w>
            <w x="1224">them,</w>
            <w x="1378">Ariel:</w>
        </line>
    </div>
</body>
