<body>
    <div id="2" x="330" y="748" group="1" width="1383" height="199" type="checkmark"
        sealts="460_6_6.441" attribution="HM" mode="other" play="2d">
        <line c="790" h="61" n="2">
            <w x="398">he</w>
            <w x="528">was</w>
            <w x="591">a</w>
            <w x="722">wise</w>
            <w x="914">fellow,</w>
            <w x="1035">and</w>
            <w x="1143">had</w>
            <w x="1290">good</w>
            <w x="1570">discretion,</w>
            <w x="1690">that</w>
        </line>
        <line c="850" h="64" n="3">
            <w x="477">being</w>
            <w x="572">bid</w>
            <w x="639">to</w>
            <w x="738">ask</w>
            <w x="879">what</w>
            <w x="965">he</w>
            <w x="1147">would</w>
            <w x="1234">of</w>
            <w x="1336">the</w>
            <w x="1494">king,</w>
            <w x="1689">desired</w>
        </line>
        <line c="912" h="59" n="4">
            <w x="398">he</w>
            <w x="560">might</w>
            <w x="712">know</w>
            <w x="847">none</w>
            <w x="919">of</w>
            <w x="999">his</w>
            <w x="1214">secrets}</w>
            <w x="1393">Now</w>
            <w x="1472">do</w>
            <w x="1513">I</w>
            <w x="1611">see</w>
            <w x="1689">he</w>
        </line>
    </div>
</body>
