<body>
    <div id="1" x="367" y="704" group="1" width="769" height="55" type="annotated" sealts="460_5_5.411" attribution="HM"
        mode="tragedy" play="1c">
        <line n="1" h="55" c="731">
            <w x="519">[Throws</w>
            <w x="571">the</w>
            <w x="676">dishes</w>
            <w x="722">at</w>
            <w x="813">them,</w>
            <w x="883">and</w>
            <w x="985">drives</w>
            <w x="1070">them</w>
            <w x="1131">out.</w>
        </line>
    </div>
    <div id="2" x="1147" y="709" group="2" width="211" height="65" type="annotation"
        sealts="460_5_5.411" attribution="HM" mode="tragedy" play="1c">
        <line n="1" h="65" c="741">
            <w x="1270">Served</w>
            <w x="1356">
                <choice>
                    <orig>'em</orig>
                    <reg>them</reg>
                </choice>
            </w>
        </line>
    </div>
    <div id="3" x="1354" y="741" group="2" width="70" height="78" type="annotation" sealts="460_5_5.411" attribution="HM"
        mode="tragedy" play="1c">
        <line n="1" h="78" c="780">
            <w x="1423">right</w>
        </line>
    </div>
</body>
