<body>
    <div id="2" x="700" y="941" group="1" width="888" height="119" type="score" sealts="460_5_5.402" attribution="HM"
        mode="tragedy" play="1c">
        <line c="961" h="39" n="13">
            <w x="826">revenge</w>
            <w x="962">enough.</w>
            <w x="1079">Who</w>
            <w x="1146">can</w>
            <w x="1249">speak</w>
            <w x="1376">broader</w>
            <w x="1458">than</w>
            <w x="1504">he</w>
            <w x="1578">that</w>
        </line>
        <line c="1001" h="43" n="14">
            <w x="755">has</w>
            <w x="806">no</w>
            <w x="904">house</w>
            <w x="948">to</w>
            <w x="1009">put</w>
            <w x="1063">his</w>
            <w x="1147">head</w>
            <w x="1210">in?</w>
            <w x="1321">Such</w>
            <w x="1398">may</w>
            <w x="1455">rail</w>
            <w x="1578">against</w>
        </line>
        <line c="1040" h="40" n="15">
            <w x="784">great</w>
            <w x="946">buildings.</w>
        </line>
    </div>
</body>
