<body>
	<div id="2" x="340" y="1165" group="1" width="842" height="280" type="score" sealts="460_5_5.197" attribution="HM"
		mode="history" play="6b">
		<line c="1194" h="41" n="17">
			<w x="391">Of</w>
			<w x="476">what</w>
			<div id="3" x="484" y="1176" group="1" width="202" height="32" type="underline"
				sealts="460_5_5.197" attribution="HM" mode="history" play="6b">
				<w x="590">coarse</w>
				<w x="682">metal</w>
			</div>
			<w x="732">ye</w>
			<w x="792">are</w>
			<w x="950">
				<choice>
					<orig>moulded,</orig>
					<reg>molded,</reg>
				</choice>
			</w>
			<w x="1068">&#8212;envy.</w>
		</line>
		<line c="1231" h="44" n="18">
			<w x="422">How</w>
			<w x="548">eagerly</w>
			<w x="596">ye</w>
			<w x="703">follow</w>
			<w x="764">my</w>
			<w x="926">disgraces,</w>
		</line>
		<line c="1271" h="38" n="19">
			<w x="387">As</w>
			<w x="425">if</w>
			<w x="457">it</w>
			<w x="516">fed</w>
			<w x="583">ye!</w>
			<w x="690">And</w>
			<w x="768">how</w>
			<w x="859">sleek</w>
			<w x="928">and</w>
			<w x="1056">wanton</w>
		</line>
		<line c="1311" h="40" n="20">
			<w x="389">Ye</w>
			<w x="506">appear</w>
			<w x="547">in</w>
			<w x="644">every</w>
			<w x="738">thing</w>
			<w x="818">may</w>
			<w x="972">bring</w>
			<w x="1100">my</w>
			<w x="1063">ruin!</w>
		</line>
		<line c="1349" h="40" n="21">
			<w x="452">Follow</w>
			<w x="535">your</w>
			<w x="663">envious</w>
			<w x="796">courses,</w>
			<w x="878">men</w>
			<w x="923">of</w>
			<w x="1048">malice;</w>
		</line>
		<line c="1388" h="38" n="22">
			<w x="408">You</w>
			<w x="492">have</w>
			<w x="649">Christian</w>
			<w x="784">warrant</w>
			<w x="839">for</w>
			<w x="938">them,</w>
			<w x="1018">and,</w>
			<w x="1070">no</w>
			<w x="1178">doubt,</w>
		</line>
		<line c="1426" h="36" n="23">
			<w x="378">In</w>
			<w x="459">time</w>
			<w x="531">will</w>
			<w x="601">find</w>
			<w x="686">their</w>
			<w x="731">fit</w>
			<w x="874">rewards.</w>
			<w x="993">That</w>
			<w x="1064">seal</w>
		</line>
	</div>
</body>
