<body>
    <div id="2" x="813" y="2078" group="1" width="1382" height="186" type="diagonalscore"
        sealts="460_1_c260" attribution="HM" mode="comedy" play="4a">
        <line c="2114" h="64" n="24">
            <w x="995">Clo.</w>
            <w x="1141">The</w>
            <w x="1294">more</w>
            <w x="1414">fool</w>
            <w x="1548">you,</w>
            <w x="1815">madonna,</w>
            <w x="1897">to</w>
            <w x="2086">mourn</w>
            <w x="2186">for</w>
        </line>
        <line c="2178" h="66" n="25">
            <w x="939">your</w>
            <w x="1171">brother's</w>
            <w x="1286">soul</w>
            <w x="1441">being</w>
            <w x="1517">in</w>
            <w x="1750">heaven.</w>
            <w x="1926">&#8212;Take</w>
            <w x="2089">away</w>
            <w x="2185">the</w>
        </line>
        <line c="2235" h="61" n="26">
            <w x="932">fool,</w>
            <w x="1222">gentlemen.</w>
        </line>
    </div>
</body>
