<body>
    <div id="2" x="860" y="1095" group="1" width="1195" height="314" type="score"
        sealts="460_7_7.330" attribution="HM" mode="tragedy" play="9c">
        <div id="3" x="915" y="1100" group="1" width="1100" height="77" type="diagonalscore"
            sealts="460_7_7.330" attribution="HM" mode="tragedy" play="9c">
            <line n="8" h="77" c="1139">
                <w x="1072">Ros.</w>
                <w x="1198">The</w>
                <w x="1363">single</w>
                <w x="1479">and</w>
                <w x="1691">peculiar</w>
                <w x="1780">life</w>
                <w x="1837">is</w>
                <w x="2006">bound,</w>
            </line>
        </div>
        <line c="1192" h="83" n="9">
            <w x="1001">With</w>
            <w x="1078">all</w>
            <w x="1175">the</w>
            <w x="1398">strength</w>
            <w x="1505">and</w>
            <w x="1664">armor</w>
            <w x="1734">of</w>
            <w x="1833">the</w>
            <w x="1988">mind,</w>
        </line>
        <line c="1265" h="63" n="10">
            <w x="950">To</w>
            <w x="1087">keep</w>
            <w x="1231">itself</w>
            <w x="1365">from</w>
            <w x="1625">
                <choice>
                    <orig>'noyance;</orig>
                    <reg>annoyance;</reg>
                </choice>
            </w>
            <w x="1738">but</w>
            <w x="1887">much</w>
            <w x="2024">more</w>
        </line>
        <line c="1326" h="64" n="11">
            <w x="1001">That</w>
            <w x="1158">spirit,</w>
            <w x="1297">upon</w>
            <w x="1468">whose</w>
            <w x="1629">weal</w>
            <w x="1824">depend</w>
            <w x="1931">and</w>
            <w x="2040">rest</w>
        </line>
        <line c="1387" h="61" n="12">
            <w x="980">The</w>
            <w x="1108">lives</w>
            <w x="1180">of</w>
            <w x="1351">many.</w>
            <w x="1517">The</w>
            <w x="1667">cease</w>
            <w x="1740">of</w>
            <w x="1949">majesty</w>
        </line>
    </div>

</body>
