<body>
    <div id="2" x="331" y="718" group="1" width="1003" height="132" type="checkmark"
        sealts="460_6_6.095" attribution="HM" mode="tragedy" play="4c">
        <div id="3" x="327" y="716" group="1" width="949" height="84" type="underline"
            sealts="460_6_6.095" attribution="HM" mode="tragedy" play="4c">
            <line n="2" h="84" c="758">
                <w x="428">
                    <choice>
                        <orig>I'll</orig>
                        <reg>I will</reg>
                        <reg>I</reg>
                        <reg>will</reg>
                    </choice>
                </w>
                <w x="574">seem</w>
                <w x="671">the</w>
                <w x="772">fool</w>
                <w x="817">I</w>
                <w x="912">am</w>
                <w x="1048">not;</w>
            </line>
        </div>
        <div id="4" x="327" y="716" group="1" width="949" height="84" type="underline"
            sealts="460_6_6.095" attribution="HM" mode="tragedy" play="4c">
            <line n="2" h="84" c="758">
                <blank x="1048"/>
                <w x="1261">Antony</w>
            </line>
            <line n="3" h="66" c="815">
                <w x="459">Will</w>
                <w x="542">be</w>
                <w x="768">himself.</w>
            </line>
        </div>
    </div>
</body>
