<body>
    <div id="2" x="302" y="1454" group="1" width="1399" height="141" type="checkmark" erasure="true"
        sealts="460_6_6.117" attribution="HM" mode="tragedy" play="4c">
        <line n="14" h="70" c="1489">
            <w x="440">The</w>
            <w x="579">third</w>
            <w x="642">
                <choice>
                    <orig>o'</orig>
                    <reg>of</reg>
                </choice>
            </w>
            <w x="734">the</w>
            <w x="895">world</w>
            <w x="962">is</w>
            <w x="1145">yours;</w>
            <w x="1310">which</w>
            <w x="1451">with</w>
            <w x="1491">a</w>
            <w x="1691">snaffle</w>
        </line>
        <line n="15" h="70" c="1559">
            <w x="442">You</w>
            <w x="557">may</w>
            <w x="686">pace</w>
            <w x="831">easy,</w>
            <w x="938">but</w>
            <w x="1036">not</w>
            <w x="1161">such</w>
            <w x="1215">a</w>
            <w x="1348">wife.</w>
        </line>
    </div>
</body>
