<body>
    <div id="2" x="819" y="1206" group="1" width="1164" height="323" type="score" sealts="460_6_6.122" attribution="HM"
        mode="tragedy" play="4c">
        <line c="1247" h="62" n="10">
            <w x="933">Her</w>
            <w x="1108">people</w>
            <w x="1206">out</w>
            <w x="1343">upon</w>
            <w x="1468">her;</w>
            <w x="1588">and</w>
            <w x="1803">Antony,</w>
        </line>
        <line c="1307" h="60" n="11">
            <w x="1097">Enthroned</w>
            <w x="1163">in</w>
            <w x="1260">the</w>
            <w x="1610">
                <choice>
                    <orig>market-place,</orig>
                    <reg>market place</reg>
                    <reg>marketplace</reg>
                </choice>
            </w>
            <w x="1707">did</w>
            <w x="1785">sit</w>
            <w x="1946">alone,</w>
        </line>
        <line c="1370" h="62" n="12">
            <w x="1076">Whistling</w>
            <w x="1144">to</w>
            <w x="1240">the</w>
            <w x="1350">air;</w>
            <w x="1542">which,</w>
            <w x="1645">but</w>
            <w x="1730">for</w>
            <w x="1956">vacancy,</w>
        </line>
        <line c="1431" h="62" n="13">
            <w x="944">Had</w>
            <w x="1078">gone</w>
            <w x="1146">to</w>
            <w x="1277">gaze</w>
            <w x="1355">on</w>
            <w x="1615">Cleopatra</w>
            <w x="1721">too,</w>
        </line>
        <line c="1493" h="60" n="14">
            <w x="941">And</w>
            <w x="1090">made</w>
            <w x="1139">a</w>
            <w x="1245">gap</w>
            <w x="1312">in</w>
            <w x="1500">nature.</w>
        </line>
    </div>
</body>
