<body>
    <div id="2" x="355" y="1770" group="1" width="1078" height="71" type="checkmark"
        sealts="460_6_6.189" attribution="HM" mode="tragedy" play="4c">
        <line n="19" h="71" c="1805">
            <w x="412">A</w>
            <w x="708">bridegroom</w>
            <w x="774">in</w>
            <w x="872">my</w>
            <w x="1039">death,</w>
            <w x="1154">and</w>
            <w x="1256">run</w>
            <w x="1402">
                <choice>
                    <orig>into't</orig>
                    <reg>into it</reg>
                    <reg>into</reg>
                    <reg>it</reg>
                </choice>
            </w>
        </line>
    </div>
</body>
