<body>
    <div id="2" x="378" y="2418" group="1" width="119" height="59" type="underline"
        type2="annotated" sealts="460_2_2.005" attribution="HM" mode="comedy" play="7a">
        <line n="17" h="59" c="2447">
            <w x="494">Now</w>
        </line>
    </div>
    <div id="3" x="135" y="2349" group="2" width="191" height="141" type="annotation"
        sealts="460_2_2.005" attribution="HM" mode="comedy" play="7a">
        <line n="1" h="142" c="2418">
            <w x="324">New?</w>
        </line>
    </div>
</body>
