<body>
    <div id="2" x="888" y="1173" group="1" width="1241" height="634" type="score" sealts="460_2_2.354" attribution="HM"
        mode="comedy" play="11a">
        <line c="1214" h="66" n="9">
            <w x="1045">There</w>
            <w x="1174">shall</w>
            <w x="1302">your</w>
            <w x="1483">master</w>
            <w x="1613">have</w>
            <w x="1662">a</w>
            <w x="1898">thousand</w>
            <w x="2049">loves,</w>
        </line>
        <line c="1273" h="60" n="10">
            <w x="939">A</w>
            <w x="1142">mother,</w>
            <w x="1252">and</w>
            <w x="1301">a</w>
            <w x="1526">mistress,</w>
            <w x="1636">and</w>
            <w x="1684">a</w>
            <w x="1858">friend,</w>
        </line>
        <line c="1340" h="63" n="11">
            <w x="939">A</w>
            <w x="1155">phoenix,</w>
            <w x="1367">captain,</w>
            <w x="1477">and</w>
            <w x="1555">an</w>
            <w x="1749">enemy,</w>
        </line>
        <line c="1400" h="65" n="12">
            <w x="939">A</w>
            <w x="1106">guide,</w>
            <w x="1156">a</w>
            <w x="1378">goddess,</w>
            <w x="1489">and</w>
            <w x="1537">a</w>
            <w x="1797">sovereign,</w>
        </line>
        <line c="1458" h="57" n="13">
            <w x="939">A</w>
            <w x="1222">counsellor,</w>
            <w x="1265">a</w>
            <w x="1491">traitress,</w>
            <w x="1601">and</w>
            <w x="1650">a</w>
            <w x="1793">dear;</w>
        </line>
        <line c="1521" h="61" n="14">
            <w x="985">His</w>
            <w x="1183">humble</w>
            <w x="1430">ambition,</w>
            <w x="1589">proud</w>
            <w x="1822">humility,</w>
        </line>
        <line c="1583" h="66" n="15">
            <w x="986">His</w>
            <w x="1169">jarring</w>
            <w x="1390">concord,</w>
            <w x="1501">and</w>
            <w x="1589">his</w>
            <w x="1779">discord</w>
            <w x="1959">dulcet,</w>
        </line>
        <line c="1641" h="61" n="16">
            <w x="986">His</w>
            <w x="1130">faith,</w>
            <w x="1220">his</w>
            <w x="1383">sweet</w>
            <w x="1611">disaster;</w>
            <w x="1754">with</w>
            <w x="1801">a</w>
            <w x="1958">world</w>
        </line>
        <line c="1706" h="68" n="17">
            <w x="970">Of</w>
            <w x="1153">pretty,</w>
            <w x="1295">fond,</w>
            <w x="1543">adoptious</w>
            <w x="1911">christendoms,</w>
        </line>
        <line c="1766" h="67" n="18">
            <w x="1024">That</w>
            <w x="1244">blinking</w>
            <w x="1412">Cupid</w>
            <w x="1615">gossips.</w>
            <w x="1796">Now</w>
            <w x="1925">shall</w>
            <w x="1996">he&#8212;</w>
        </line>
    </div>
</body>
