<body>
    <div id="2" x="673" y="589" group="1" width="759" height="130" type="checkmark" sealts="460_5_5.440" attribution="HM"
        mode="tragedy" play="1c">
        <line c="618" h="42" n="4">
            <w x="808">Tim.</w>
            <w x="923">Why,</w>
            <w x="953">I</w>
            <w x="1027">was</w>
            <w x="1155">writing</w>
            <w x="1201">of</w>
            <w x="1259">my</w>
            <w x="1404">epitaph;</w>
        </line>
        <line c="658" h="42" n="5">
            <w x="717">It</w>
            <w x="787">will</w>
            <w x="836">be</w>
            <w x="919">seen</w>
            <w x="1106">
                <choice>
                    <orig>to-morrow.</orig>
                    <reg>tomorrow.</reg>
                </choice>
            </w>
            <w x="1201">My</w>
            <w x="1282">long</w>
            <w x="1423">sickness</w>
        </line>
        <line c="697" h="41" n="6">
            <w x="733">Of</w>
            <w x="861">health,</w>
            <w x="931">and</w>
            <w x="1040">living,</w>
            <w x="1122">now</w>
            <w x="1236">begins</w>
            <w x="1280">to</w>
            <w x="1389">mend,</w>
        </line>
    </div>
</body>
