<body>
    <div id="2" x="821" y="1915" group="1" width="1201" height="242" type="score" sealts="460_2_2.054" attribution="HM"
        mode="comedy" play="7a">
        <line c="1948" h="57" n="19">
            <w x="899">Of</w>
            <w x="1088">hounds</w>
            <w x="1194">and</w>
            <w x="1320">echo</w>
            <w x="1384">in</w>
            <w x="1690">conjunction.</w>
        </line>
        <line c="2010" h="63" n="20">
            <w x="998">Hip.</w>
            <w x="1062">I</w>
            <w x="1178">was</w>
            <w x="1305">with</w>
            <w x="1548">Hercules,</w>
            <w x="1655">and</w>
            <w x="1881">Cadmus,</w>
            <w x="2022">once,</w>
        </line>
        <line c="2067" h="56" n="21">
            <w x="975">When</w>
            <w x="1041">in</w>
            <w x="1088">a</w>
            <w x="1232">wood</w>
            <w x="1301">of</w>
            <w x="1456">Crete</w>
            <w x="1581">they</w>
            <w x="1739">bayed</w>
            <w x="1832">the</w>
            <w x="1955">bear</w>
        </line>
        <line c="2126" h="58" n="22">
            <w x="955">With</w>
            <w x="1138">hounds</w>
            <w x="1208">of</w>
            <w x="1400">Sparta.</w>
            <w x="1605">Never</w>
            <w x="1698">did</w>
            <w x="1739">I</w>
            <w x="1863">hear</w>
        </line>
    </div>
    <div id="3" x="833" y="2156" group="1" width="1107" height="66" type="score2" sealts="460_2_2.054" attribution="HM"
        mode="comedy" play="7a">
        <line n="23" h="66" c="2189">
            <w x="958">Such</w>
            <w x="1140">gallant</w>
            <w x="1383">chiding;</w>
            <w x="1482">for,</w>
            <w x="1667">besides</w>
            <w x="1759">the</w>
            <w x="1940">groves,</w>
        </line>
    </div>
    <div id="4" x="832" y="2213" group="1" width="1040" height="178" type="score" sealts="460_2_2.054" attribution="HM"
        mode="comedy" play="7a">
        <line c="2244" h="57" n="24">
            <w x="934">The</w>
            <w x="1082">skies,</w>
            <w x="1176">the</w>
            <w x="1424">fountains,</w>
            <w x="1575">every</w>
            <w x="1740">region</w>
            <w x="1864">near</w>
        </line>
        <line c="2304" h="58" n="25">
            <w x="1023">Seemed</w>
            <w x="1098">all</w>
            <w x="1199">one</w>
            <w x="1378">mutual</w>
            <w x="1484">cry.</w>
            <w x="1567">I</w>
            <w x="1718">never</w>
            <w x="1869">heard</w>
        </line>
        <line c="2360" h="55" n="26">
            <w x="898">So</w>
            <w x="1092">musical</w>
            <w x="1139">a</w>
            <w x="1337">discord,</w>
            <w x="1463">such</w>
            <w x="1619">sweet</w>
            <w x="1829">thunder.</w>
        </line>
    </div>
    <div id="5" x="837" y="2627" group="3" width="1179" height="125" type="checkmark"
        sealts="460_2_2.054" attribution="HM" mode="comedy" play="7a">
        <line n="31" h="62" c="2658">
            <w x="970">Slow</w>
            <w x="1032">in</w>
            <w x="1234">pursuit,</w>
            <w x="1329">but</w>
            <w x="1550">matched</w>
            <w x="1612">in</w>
            <w x="1778">mouth</w>
            <w x="1890">like</w>
            <w x="2014">bells,</w>
        </line>
        <line n="32" h="62" c="2720">
            <w x="965">Each</w>
            <w x="1127">under</w>
            <w x="1263">each.</w>
            <w x="1365">A</w>
            <w x="1460">cry</w>
            <w x="1597">more</w>
            <w x="1788">tunable</w>
        </line>
    </div>
</body>
