<body>
    <div id="2" x="780" y="720" group="1" width="1419" height="133" type="checkmark"
        sealts="460_6_6.208" attribution="HM" mode="tragedy" play="4c">
        <line n="2" h="66" c="753">
            <w x="852">is</w>
            <w x="1125">immortal;</w>
            <w x="1283">those</w>
            <w x="1411">that</w>
            <w x="1507">do</w>
            <w x="1613">die</w>
            <w x="1702">of</w>
            <w x="1789">it,</w>
            <w x="1884">do</w>
            <w x="2080">seldom</w>
            <w x="2168">or</w>
        </line>
        <line n="3" h="66" c="819">
            <w x="943">never</w>
            <w x="1149">recover.</w>
        </line>
    </div>
</body>
