<body>
    <div id="2" x="679" y="1054" group="1" width="800" height="43" type="checkmark" sealts="460_5_5.414" attribution="HM"
        mode="tragedy" play="1c">
        <line n="16" h="43" c="1075">
            <w x="741">O,</w>
            <w x="802">the</w>
            <w x="910">fierce</w>
            <w x="1136">wretchedness</w>
            <w x="1213">that</w>
            <w x="1305">glory</w>
            <w x="1416">brings</w>
            <w x="1475">us!</w>
        </line>
    </div>
    <div id="3" x="677" y="1177" group="2" width="815" height="123" type="checkmark"
        sealts="460_5_5.414" attribution="HM" mode="tragedy" play="1c">
        <line c="1200" h="41" n="19">
            <w x="793">
                <choice>
                    <orig>Who'd</orig>
                    <reg>Who would</reg>
                    <reg>Who</reg>
                    <reg>would</reg>
                </choice>
            </w>
            <w x="843">be</w>
            <w x="888">so</w>
            <w x="1022">mocked</w>
            <w x="1107">with</w>
            <w x="1222">glory?</w>
            <w x="1273">or</w>
            <w x="1315">to</w>
            <w x="1383">live</w>
        </line>
        <line c="1240" h="41" n="20">
            <w x="748">But</w>
            <w x="791">in</w>
            <w x="822">a</w>
            <w x="932">dream</w>
            <w x="979">of</w>
            <w x="1143">friendship?</w>
        </line>
        <line c="1280" h="41" n="21">
            <w x="736">To</w>
            <w x="820">have</w>
            <w x="877">his</w>
            <w x="985">pomp,</w>
            <w x="1057">and</w>
            <w x="1106">all</w>
            <w x="1199">what</w>
            <w x="1285">state</w>
            <w x="1483">compounds,</w>
        </line>
    </div>
</body>
