<body>
    <div id="2" x="242" y="2484" group="1" width="1375" height="194" type="checkmark"
        sealts="460_1_c185" attribution="HM" mode="comedy" play="3a">
        <line c="2521" h="69" n="30">
            <w x="390">mind,</w>
            <w x="510">and</w>
            <w x="595">the</w>
            <w x="703">boy</w>
            <w x="850">never</w>
            <w x="985">need</w>
            <w x="1047">to</w>
            <w x="1331">understand</w>
            <w x="1435">any</w>
            <w x="1599">thing;</w>
        </line>
        <line c="2584" h="72" n="31">
            <w x="320">for</w>
            <w x="412">
                <choice>
                    <orig>'tis</orig>
                    <reg>it is</reg>
                    <reg>it</reg>
                    <reg>is</reg>
                </choice>
            </w>
            <w x="512">not</w>
            <w x="636">good</w>
            <w x="761">that</w>
            <w x="974">children</w>
            <w x="1159">should</w>
            <w x="1325">know</w>
            <w x="1446">any</w>
            <w x="1602">
                <choice>
                    <hyph>wick-</hyph>
                    <reg>wickedness;</reg>
                </choice>
            </w>
        </line>
        <line c="2645" h="73" n="32">
            <w x="412" endhyph="true">edness;</w>
            <w x="547">old</w>
            <w x="693">folks,</w>
            <w x="802">you</w>
            <w x="982">know,</w>
            <w x="1114">have</w>
            <w x="1395">discretion,</w>
            <w x="1467">as</w>
            <w x="1604">they</w>
        </line>
    </div>
</body>
