<body>
    <div id="2" x="702" y="1774" group="1" width="1388" height="138" type="checkmark"
        sealts="460_1_c394" attribution="HM" mode="comedy" play="5a">
        <line n="19" h="69" c="1808">
            <w x="850">cover</w>
            <w x="948">the</w>
            <w x="2080">favor.</w>
        </line>
        <line n="20" h="69" c="1877">
            <w x="952">Duke.</w>
            <w x="1040">O,</w>
            <w x="1244">death's</w>
            <w x="1306">a</w>
            <w x="1462">great</w>
            <w x="1738">disguiser:</w>
            <w x="1860">and</w>
            <w x="1970">you</w>
            <w x="2084">may</w>
        </line>
    </div>
</body>
