<body>
    <div id="2" x="866" y="1195" group="1" width="1087" height="367" type="score" erasure="true"
        sealts="460_2_2.106" attribution="HM" mode="comedy" play="8a">
        <line n="1" h="61" c="1225">
            <w x="980">And</w>
            <w x="1114">wear</w>
            <w x="1207">his</w>
            <w x="1367">colors</w>
            <w x="1497">like</w>
            <w x="1544">a</w>
            <w x="1778">tumbler's</w>
            <w x="1931">hoop!</w>
        </line>
        <line n="2" h="61" c="1286">
            <w x="1070">What?</w>
            <w x="1170">I!</w>
            <w x="1214">I</w>
            <w x="1364">love!</w>
            <w x="1421">I</w>
            <w x="1547">sue!</w>
            <w x="1604">I</w>
            <w x="1728">seek</w>
            <w x="1774">a</w>
            <w x="1924">wife!</w>
        </line>
        <line n="3" h="61" c="1347">
            <w x="920">A</w>
            <w x="1120">woman,</w>
            <w x="1241">that</w>
            <w x="1297">is</w>
            <w x="1404">like</w>
            <w x="1447">a</w>
            <w x="1661">German</w>
            <w x="1821">clock,</w>
        </line>
        <line n="4" h="61" c="1408">
            <w x="980">Still</w>
            <w x="1281">
                <choice>
                    <orig>a-repairing;</orig>
                    <reg>repairing;</reg>
                </choice>
            </w>
            <w x="1401">ever</w>
            <w x="1497">out</w>
            <w x="1571">of</w>
            <w x="1751">frame;</w>
        </line>
        <line n="5" h="61" c="1469">
            <w x="987">And</w>
            <w x="1127">never</w>
            <w x="1284">going</w>
            <w x="1457">aright,</w>
            <w x="1604">being</w>
            <w x="1651">a</w>
            <w x="1838">watch,</w>
        </line>
        <line n="6" h="61" c="1530">
            <w x="974">But</w>
            <w x="1124">being</w>
            <w x="1334">watched</w>
            <w x="1444">that</w>
            <w x="1504">it</w>
            <w x="1611">may</w>
            <w x="1731">still</w>
            <w x="1801">go</w>
            <w x="1944">right!</w>
        </line>
    </div>
</body>
