<body>
    <div id="2" x="206" y="1810" group="1" width="1381" height="193" type="checkmark"
        sealts="460_1_c109" attribution="HM" mode="comedy" play="2a">
        <line c="1844" h="61" n="15">
            <w x="291">not</w>
            <w x="551">welcome.</w>
            <w x="637">I</w>
            <w x="830">reckon</w>
            <w x="951">this</w>
            <w x="1200">always&#8212;</w>
            <w x="1312">that</w>
            <w x="1373">a</w>
            <w x="1510">man</w>
            <w x="1578">is</w>
        </line>
        <line c="1907" h="61" n="16">
            <w x="345">never</w>
            <w x="557">undone,</w>
            <w x="646">till</w>
            <w x="724">he</w>
            <w x="812">be</w>
            <w x="1050">hanged;</w>
            <w x="1164">nor</w>
            <w x="1331">never</w>
            <w x="1577">welcome</w>
        </line>
        <line c="1970" h="62" n="17">
            <w x="257">to</w>
            <w x="321">a</w>
            <w x="496">place,</w>
            <w x="598">till</w>
            <w x="757">some</w>
            <w x="962">certain</w>
            <w x="1100">shot</w>
            <w x="1192">be</w>
            <w x="1343">paid,</w>
            <w x="1464">and</w>
            <w x="1577">the</w>
        </line>
    </div>
</body>
