<body>
    <div id="2" x="844" y="2275" group="1" width="1089" height="136" type="score" sealts="460_6_6.130" attribution="HM"
        mode="tragedy" play="4c">
        <line n="24" h="68" c="2309">
            <w x="960">The</w>
            <w x="1178">senators</w>
            <w x="1330">alone</w>
            <w x="1401">of</w>
            <w x="1508">this</w>
            <w x="1650">great</w>
            <w x="1830">world,</w>
        </line>
        <line n="25" h="68" c="2377">
            <w x="998">Chief</w>
            <w x="1172">factors</w>
            <w x="1261">for</w>
            <w x="1356">the</w>
            <w x="1550">gods,&#8212;</w>
            <w x="1591">I</w>
            <w x="1664">do</w>
            <w x="1767">not</w>
            <w x="1915">know</w>
        </line>
    </div>
</body>
