<body>
    <div id="2" x="431" y="1203" group="1" width="1214" height="68" type="score" sealts="460_2_2.351" attribution="HM"
        mode="comedy" play="11a">
        <line n="9" h="68" c="1237">
            <w x="583">Share</w>
            <w x="701">with</w>
            <w x="801">thy</w>
            <w x="1079">birthright!</w>
            <w x="1257">Love</w>
            <w x="1343">all,</w>
            <w x="1476">trust</w>
            <w x="1524">a</w>
            <w x="1644">few,</w>
        </line>
    </div>
    <div id="3" x="433" y="1264" group="1" width="1105" height="69" type="score" sealts="460_2_2.351" attribution="HM"
        mode="comedy" play="11a">
        <line n="10" h="69" c="1298">
            <w x="514">Do</w>
            <w x="682">wrong</w>
            <w x="753">to</w>
            <w x="921">none:</w>
            <w x="1007">be</w>
            <w x="1118">able</w>
            <w x="1212">for</w>
            <w x="1347">thine</w>
            <w x="1537">enemy</w>
        </line>
    </div>
    <div id="4" x="427" y="1321" group="1" width="1169" height="73" type="score" sealts="460_2_2.351" attribution="HM"
        mode="comedy" play="11a">
        <line n="11" h="73" c="1358">
            <w x="601">Rather</w>
            <w x="670">in</w>
            <w x="836">power</w>
            <w x="957">than</w>
            <w x="1090">use;</w>
            <w x="1216">and</w>
            <w x="1349">keep</w>
            <w x="1443">thy</w>
            <w x="1594">friend</w>
        </line>
    </div>
    <div id="5" x="430" y="1382" group="1" width="1255" height="72" type="score" sealts="460_2_2.351" attribution="HM"
        mode="comedy" play="11a">
        <line n="12" h="72" c="1418">
            <w x="592">Under</w>
            <w x="690">thy</w>
            <w x="808">own</w>
            <w x="945">life's</w>
            <w x="1063">key.</w>
            <w x="1201">Be</w>
            <w x="1408">checked</w>
            <w x="1498">for</w>
            <w x="1681">silence,</w>
        </line>
    </div>
    <div id="6" x="426" y="1441" group="1" width="1333" height="68" type="score" sealts="460_2_2.351" attribution="HM"
        mode="comedy" play="11a">
        <line n="13" h="68" c="1475">
            <w x="531">But</w>
            <w x="675">never</w>
            <w x="828">taxed</w>
            <w x="919">for</w>
            <w x="1111">speech.</w>
            <w x="1310">What</w>
            <w x="1504">Heaven</w>
            <w x="1642">more</w>
            <w x="1759">will,</w>
        </line>
    </div>
</body>
