<body>
    <div id="2" x="808" y="1921" group="1" width="1390" height="139" type="checkmark"
        sealts="460_6_6.134" attribution="HM" mode="tragedy" play="4c">
        <line n="21" h="69" c="1956">
            <w x="938">very</w>
            <w x="1164">strangler</w>
            <w x="1229">of</w>
            <w x="1356">their</w>
            <w x="1534">amity.</w>
            <w x="1748">Octavia</w>
            <w x="1804">is</w>
            <w x="1869">of</w>
            <w x="1912">a</w>
            <w x="2039">holy,</w>
            <w x="2174">cold,</w>
        </line>
        <line n="22" h="69" c="2025">
            <w x="923">and</w>
            <w x="1027">still</w>
            <w x="1361">conversation.</w>
        </line>
    </div>
</body>
