<body>
    <div id="2" x="877" y="2202" group="1" width="1274" height="72" type="checkmark"
        sealts="460_6_6.128" attribution="HM" mode="tragedy" play="4c">
        <line n="26" h="72" c="2238">
            <w x="1051">Cleo.</w>
            <w x="1206">Some</w>
            <w x="1457">innocents</w>
            <w x="1619">
                <choice>
                    <orig>'scape</orig>
                    <reg>escape</reg>
                </choice>
            </w>
            <w x="1711">not</w>
            <w x="1815">the</w>
            <w x="2125">thunderbolt.</w>
        </line>
    </div>
    <div id="3" x="820" y="2879" group="2" width="1280" height="149" type="score" sealts="460_6_6.128" attribution="HM"
        mode="tragedy" play="4c">
        <line n="36" h="74" c="2916">
            <w x="1041">Though</w>
            <w x="1096">it</w>
            <w x="1178">be</w>
            <w x="1366">honest,</w>
            <w x="1421">it</w>
            <w x="1480">is</w>
            <w x="1630">never</w>
            <w x="1767">good</w>
        </line>
        <line n="37" h="74" c="2980">
            <w x="925">To</w>
            <w x="1070">bring</w>
            <w x="1180">bad</w>
            <w x="1345">news.</w>
            <w x="1518">Give</w>
            <w x="1587">to</w>
            <w x="1636">a</w>
            <w x="1855">gracious</w>
            <w x="2081">message</w>
        </line>
    </div>
</body>
