<body>
    <div id="2" x="654" y="1465" group="1" width="1382" height="132" type="checkmark"
        sealts="460_6_6.486" attribution="HM" mode="other" play="2d">
        <line n="12" h="66" c="1498">
            <w x="891">Boult.</w>
            <w x="1087">
                <choice>
                    <orig>'Faith,</orig>
                    <reg>In faith</reg>
                    <reg>In</reg>
                    <reg>faith</reg>
                </choice>
            </w>
            <w x="1221">they</w>
            <w x="1430">listened</w>
            <w x="1511">to</w>
            <w x="1634">me,</w>
            <w x="1707">as</w>
            <w x="1852">they</w>
            <w x="2026">would</w>
        </line>
        <line n="13" h="66" c="1564">
            <w x="786">have</w>
            <w x="1052">hearkened</w>
            <w x="1114">to</w>
            <w x="1242">their</w>
            <w x="1446">father's</w>
            <w x="1710">testament.</w>
            <w x="1911">There</w>
            <w x="2029">was</w>
        </line>
    </div>
</body>
