<body>
    <div id="2" x="221" y="678" group="1" width="741" height="70" type="underline" sealts="460_1_c057" attribution="HM"
        mode="comedy" play="1a">
        <line n="1" h="70" c="713">
            <w x="360">Now</w>
            <w x="498">
                <choice>
                    <orig>'gins</orig>
                    <reg>begins</reg>
                </choice>
            </w>
            <w x="566">to</w>
            <w x="676">bite</w>
            <w x="768">the</w>
            <w x="958">spirits:</w>
        </line>
    </div>
</body>
