<body>
    <div id="2" x="354" y="2059" group="1" width="1259" height="196" type="score" sealts="460_6_6.239" attribution="HM"
        mode="tragedy" play="5c">
        <line c="2097" h="59" n="24">
            <w x="544">Slaver</w>
            <w x="674">With</w>
            <w x="778">lips</w>
            <w x="848">as</w>
            <w x="1073">common</w>
            <w x="1143">as</w>
            <w x="1239">the</w>
            <w x="1388">stairs</w>
            <w x="1560">~</w>
        </line>
        <line c="2160" h="63" n="25">
            <w x="513">That</w>
            <w x="688">mount</w>
            <w x="783">the</w>
            <w x="1009">Capitol;</w>
            <w x="1133">join</w>
            <w x="1300">gripes</w>
            <w x="1431">with</w>
            <w x="1570">hand</w>
        </line>
        <line c="2221" h="64" n="26">
            <w x="525">Made</w>
            <w x="655">hard</w>
            <w x="786">with</w>
            <w x="960">hourly</w>
            <w x="1239">falsehood,</w>
            <w x="1521">(falsehood,</w>
            <w x="1595">as</w>
        </line>
    </div>
</body>
