<body>
	<div id="2" x="763" y="2526" group="1" width="1386" height="191" type="checkmark"
		sealts="460_3_3.100" attribution="HM" mode="comedy" play="13a">
		<line c="2564" h="63" n="31">
			<w x="938">statue,</w>
			<w x="1107">which</w>
			<w x="1175">is</w>
			<w x="1252">in</w>
			<w x="1358">the</w>
			<w x="1584">keeping</w>
			<w x="1665">of</w>
			<w x="1869">Paulina,&#8212;</w>
			<w x="1983">a</w>
			<w x="2139">piece</w>
		</line>
		<line c="2628" h="67" n="32">
			<w x="913">many</w>
			<w x="1081">years</w>
			<w x="1150">in</w>
			<w x="1331">doing,</w>
			<w x="1442">and</w>
			<w x="1582">now</w>
			<w x="1766">newly</w>
			<w x="2056">performed</w>
			<w x="2141">by</w>
		</line>
		<line c="2687" h="61" n="33">
			<w x="876">that</w>
			<w x="989">rare</w>
			<w x="1172">Italian</w>
			<w x="1380">master,</w>
			<w x="1520">Julio</w>
			<w x="1784">Romano;</w>
			<w x="1935">who,</w>
			<w x="2046">had</w>
			<w x="2138">he</w>
		</line>
	</div>
</body>
