<body>
	<div id="2" x="643" y="1556" group="1" width="875" height="250" type="score" sealts="460_5_5.178" attribution="HM"
		mode="history" play="6b">
		<line c="1592" h="40" n="28">
			<w x="692">To</w>
			<w x="808">oppose</w>
			<w x="891">your</w>
			<w x="1037">cunning.</w>
			<w x="1141">You</w>
			<w x="1201">are</w>
			<w x="1303">meek</w>
			<w x="1378">and</w>
			<w x="1507">humble</w>
		</line>
		<line c="1630" h="35" n="29">
			<w x="953">mouthed;</w>
		</line>
		<line c="1671" h="40" n="30">
			<w x="709">You</w>
			<w x="785">sign</w>
			<w x="867">your</w>
			<w x="958">place</w>
			<w x="1027">and</w>
			<w x="1151">calling,</w>
			<w x="1195">in</w>
			<w x="1257">full</w>
			<w x="1407">seeming,</w>
		</line>
		<line c="1709" h="39" n="31">
			<w x="725">With</w>
			<w x="887">meekness</w>
			<w x="956">and</w>
			<w x="1114">humility;</w>
			<w x="1187">but</w>
			<w x="1268">your</w>
			<w x="1361">heart</w>
		</line>
		<line c="1749" h="39" n="32">
			<w x="675">Is</w>
			<w x="829">crammed</w>
			<w x="912">with</w>
			<w x="1087">
				<choice>
					<orig>arrogancy,</orig>
					<reg>arrogance,</reg>
				</choice>
			</w>
			<w x="1207">spleen,</w>
			<w x="1278">and</w>
			<w x="1386">pride.</w>
		</line>
		<line c="1789" h="40" n="33">
			<w x="709">You</w>
			<w x="804">have,</w>
			<w x="856">by</w>
			<w x="987">fortune,</w>
			<w x="1058">and</w>
			<w x="1114">his</w>
			<w x="1268">highness'</w>
			<w x="1381">favors,</w>
		</line>
	</div>
</body>
