<body>
    <div id="2" x="304" y="1846" group="1" width="824" height="124" type="scoresinout"
        sealts="460_1_c225" attribution="HM" mode="comedy" play="3a">
        <line n="17" h="62" c="1877">
            <w x="398">Be</w>
            <w x="496">not</w>
            <w x="568">as</w>
            <w x="780">extreme</w>
            <w x="852">in</w>
            <w x="1120">submission</w>
        </line>
        <line n="18" h="62" c="1939">
            <w x="396">As</w>
            <w x="462">in</w>
            <w x="670">
                <choice>
                    <orig>offence;</orig>
                    <reg>offense;</reg>
                </choice>
            </w>
        </line>
    </div>
</body>
