<body>
    <div id="1" x="869" y="2190" group="1" width="1216" height="248" type="score" sealts="460_7_7.338" attribution="HM"
        mode="tragedy" play="9c">
        <line c="2228" h="63" n="26">
            <w x="1042">Would</w>
            <w x="1237">gambol</w>
            <w x="1382">from.</w>
            <w x="1636">Mother,</w>
            <w x="1723">for</w>
            <w x="1838">love</w>
            <w x="1911">of</w>
            <w x="2066">grace</w>
        </line>
        <line c="2289" h="64" n="27">
            <w x="983">Lay</w>
            <w x="1083">not</w>
            <w x="1199">that</w>
            <w x="1440">flattering</w>
            <w x="1639">unction</w>
            <w x="1708">to</w>
            <w x="1835">your</w>
            <w x="1964">soul,</w>
        </line>
        <line c="2351" h="64" n="28">
            <w x="1003">That</w>
            <w x="1101">not</w>
            <w x="1229">your</w>
            <w x="1453">trespass,</w>
            <w x="1556">but</w>
            <w x="1651">my</w>
            <w x="1876">madness</w>
            <w x="2071">speaks.</w>
        </line>
        <line c="2412" h="64" n="29">
            <w x="925">It</w>
            <w x="1034">will</w>
            <w x="1134">but</w>
            <w x="1254">skin</w>
            <w x="1363">and</w>
            <w x="1474">film</w>
            <w x="1569">the</w>
            <w x="1787">ulcerous</w>
            <w x="1959">place;</w>
        </line>
    </div>
</body>
