<body>
    <div id="2" x="301" y="1662" group="1" width="1182" height="125" type="arcedscoresinout"
        sealts="460_2_2.053" attribution="HM" mode="comedy" play="7a">
        <line n="17" h="63" c="1692">
            <w x="496">Tita.</w>
            <w x="615">My</w>
            <w x="838">Oberon!</w>
            <w x="985">what</w>
            <w x="1165">visions</w>
            <w x="1292">have</w>
            <w x="1337">I</w>
            <w x="1478">seen!</w>
        </line>
        <line n="18" h="63" c="1755">
            <w x="573">Methought</w>
            <w x="614">I</w>
            <w x="724">was</w>
            <w x="986">enamored</w>
            <w x="1048">of</w>
            <w x="1119">an</w>
            <w x="1225">ass.</w>
        </line>
    </div>
    <div id="3" x="297" y="1902" group="2" width="1057" height="71" type="arcedscoresinout"
        sealts="460_2_2.053" attribution="HM" mode="comedy" play="7a">
        <line n="21" h="67" c="1935">
            <w x="372">O,</w>
            <w x="491">how</w>
            <w x="624">mine</w>
            <w x="751">eyes</w>
            <w x="827">do</w>
            <w x="957">loath</w>
            <w x="1047">his</w>
            <w x="1212">visage</w>
            <w x="1353">now!</w>
        </line>
    </div>
</body>
