<body>
    <div id="2" x="754" y="768" group="1" width="1212" height="394" type="arcedscore"
        sealts="460_1_c272" attribution="HM" mode="comedy" play="4a">
        <line c="809" h="63" n="2">
            <w x="863">Clo.</w>
            <w x="953">O</w>
            <w x="1159">mistress</w>
            <w x="1307">mine,</w>
            <w x="1467">where</w>
            <w x="1562">are</w>
            <w x="1667">you</w>
            <w x="1884">roaming?</w>
        </line>
        <line c="875" h="67" n="3">
            <w x="966">O,</w>
            <w x="1082">stay</w>
            <w x="1193">and</w>
            <w x="1344">hear;</w>
            <w x="1484">your</w>
            <w x="1597">true</w>
            <w x="1748">love's</w>
            <w x="1951">coming,</w>
        </line>
        <line c="936" h="65" n="4">
            <w x="1092">That</w>
            <w x="1195">can</w>
            <w x="1317">sing</w>
            <w x="1436">both</w>
            <w x="1562">high</w>
            <w x="1674">and</w>
            <w x="1775">low:</w>
        </line>
        <line c="1001" h="67" n="5">
            <w x="1024">Trip</w>
            <w x="1103">no</w>
            <w x="1299">farther,</w>
            <w x="1457">pretty</w>
            <w x="1709">sweeting;</w>
        </line>
        <line c="1063" h="66" n="6">
            <w x="1120">Journeys</w>
            <w x="1226">end</w>
            <w x="1295">in</w>
            <w x="1465">lovers'</w>
            <w x="1687">meeting,</w>
        </line>
        <line c="1132" h="81" n="7">
            <w x="1116">Every</w>
            <w x="1238">wise</w>
            <w x="1401">man's</w>
            <w x="1498">son</w>
            <w x="1622">doth</w>
            <w x="1780">know.</w>
        </line>
    </div>
    <div id="3" x="765" y="1398" group="2" width="1079" height="388" type="score" sealts="460_1_c272" attribution="HM"
        mode="comedy" play="4a">
        <line c="1439" h="64" n="10">
            <w x="868">Clo.</w>
            <w x="1043">What</w>
            <w x="1101">is</w>
            <w x="1240">love?</w>
            <w x="1356">
                <choice>
                    <orig>'tis</orig>
                    <reg>it is</reg>
                    <reg>it</reg>
                    <reg>is</reg>
                </choice>
            </w>
            <w x="1450">not</w>
            <w x="1710">hereafter;</w>
        </line>
        <line c="1499" h="64" n="11">
            <w x="1096">Present</w>
            <w x="1244">mirth</w>
            <w x="1368">hath</w>
            <w x="1557">present</w>
            <w x="1804">laughter;</w>
        </line>
        <line c="1556" h="49" n="12">
            <w x="1142">
                <choice>
                    <orig>What's</orig>
                    <reg>What is</reg>
                    <reg>What</reg>
                    <reg>is</reg>
                </choice>
            </w>
            <w x="1204">to</w>
            <w x="1340">come</w>
            <w x="1402">is</w>
            <w x="1513">still</w>
            <w x="1695">unsure:</w>
        </line>
        <line c="1626" h="63" n="13">
            <w x="970">In</w>
            <w x="1117">delay</w>
            <w x="1251">there</w>
            <w x="1354">lies</w>
            <w x="1431">no</w>
            <w x="1626">plenty;</w>
        </line>
        <line c="1685" h="61" n="14">
            <w x="1045">Then</w>
            <w x="1180">come</w>
            <w x="1293">kiss</w>
            <w x="1393">me,</w>
            <w x="1839">
                <choice>
                    <orig>sweet-and-twenty,</orig>
                    <reg>sweet and twenty,</reg>
                    <reg>sweet</reg>
                    <reg>and</reg>
                    <reg>twenty,</reg>
                </choice>
            </w>
        </line>
        <line c="1750" h="62" n="15">
            <w x="1158">Youth's</w>
            <w x="1208">a</w>
            <w x="1344">stuff</w>
            <w x="1447">will</w>
            <w x="1541">not</w>
            <w x="1738">endure.</w>
        </line>
    </div>
</body>
