<body>
    <div id="1" x="297" y="1144" group="1" width="1413" height="321" type="annotated"
        sealts="460_6_6.017" attribution="HM" mode="tragedy" play="3c">
        <line c="1188" h="67" n="9">
            <w x="546">Casca.</w>
            <w x="613">I</w>
            <w x="780">know</w>
            <w x="880">not</w>
            <w x="1023">what</w>
            <w x="1130">you</w>
            <w x="1292">mean</w>
            <w x="1384">by</w>
            <w x="1527">that;</w>
            <w x="1641">but</w>
            <w x="1683">I</w>
        </line>
        <line c="1251" h="67" n="10">
            <w x="396">am</w>
            <w x="515">sure</w>
            <w x="692">Caesar</w>
            <w x="787">fell</w>
            <w x="965">down.</w>
            <w x="1079">If</w>
            <w x="1178">the</w>
            <w x="1388">
                <choice>
                    <orig>tag-rag</orig>
                    <reg>tag rag</reg>
                    <reg>tag</reg>
                    <reg>rag</reg>
                </choice>
            </w>
            <w x="1575">people</w>
            <w x="1684">did</w>
        </line>
        <line c="1312" h="67" n="11">
            <w x="402">not</w>
            <w x="520">clap</w>
            <w x="632">him</w>
            <w x="742">and</w>
            <w x="847">hiss</w>
            <w x="975">him,</w>
            <w x="1229">according</w>
            <w x="1298">as</w>
            <w x="1376">he</w>
            <w x="1574">pleased</w>
            <w x="1684">and</w>
        </line>
        <line c="1375" h="68" n="12">
            <w x="569">displeased</w>
            <w x="727">them,</w>
            <w x="798">as</w>
            <w x="926">they</w>
            <w x="1026">use</w>
            <w x="1095">to</w>
            <w x="1184">do</w>
            <w x="1291">the</w>
            <w x="1496">players</w>
            <w x="1574">in</w>
            <w x="1683">the</w>
        </line>
        <line c="1430" h="55" n="13">
            <w x="505">theatre,</w>
            <w x="550">I</w>
            <w x="645">am</w>
            <w x="724">no</w>
            <w x="841">true</w>
            <w x="1012">man.</w>
        </line>
    </div>
    <div id="3" x="1713" y="1150" group="2" width="246" height="296" type="annotation"
        sealts="460_6_6.017" attribution="HM" mode="tragedy" play="3c">
        <line n="1" h="296" c="1298">
            <w x="1958">Tammany</w>
        </line>
    </div>
    <div id="4" x="1964" y="1332" group="2" width="138" height="154" type="annotation"
        sealts="460_6_6.017" attribution="HM" mode="tragedy" play="3c">
        <line n="1" h="154" c="1409">
            <w x="2103">Hall.</w>
        </line>
    </div>
</body>
