<body>
    <div id="2" x="364" y="894" group="1" width="1209" height="139" type="score" erasure="true"
        sealts="460_6_6.259" attribution="HM" mode="tragedy" play="5c">
        <line n="5" h="69" c="928">
            <w x="483">The</w>
            <w x="716">woman's</w>
            <w x="833">part</w>
            <w x="900">in</w>
            <w x="1019">me!</w>
            <w x="1120">for</w>
            <w x="1299">
                <choice>
                    <orig>there's</orig>
                    <reg>there is</reg>
                    <reg>there</reg>
                    <reg>is</reg>
                </choice>
            </w>
            <w x="1376">no</w>
            <w x="1560">motion</w>
        </line>
        <line n="6" h="69" c="997">
            <w x="502">That</w>
            <w x="657">tends</w>
            <w x="719">to</w>
            <w x="835">vice</w>
            <w x="903">in</w>
            <w x="1035">man,</w>
            <w x="1146">but</w>
            <w x="1187">I</w>
            <w x="1343">affirm</w>
        </line>
    </div>
</body>
