<body>
    <div id="2" group="1" x="902" y="1730" width="1362" height="135" type="checkmark"
        sealts="460_2_2.410" attribution="HM" mode="comedy" play="11a">
        <line n="1" h="67" c="1763">
            <w x="1005">1</w>
            <w x="1175">Lord.</w>
            <w x="1256">Is</w>
            <w x="1315">it</w>
            <w x="1524">possible</w>
            <w x="1613">he</w>
            <w x="1781">should</w>
            <w x="1951">know</w>
            <w x="2088">what</w>
            <w x="2183">he</w>
            <w x="2249">is,</w>
        </line>
        <line n="2" h="67" c="1830">
            <w x="1005">and</w>
            <w x="1086">be</w>
            <w x="1196">that</w>
            <w x="1279">he</w>
            <w x="1381">is?</w>
            <blank x="2066"/>
            <w x="2253">[Aside.</w>
        </line>
    </div>
    <div id="3" group="2" x="2227" y="3122" width="191" height="130" type="annotation" erasure="true"
        sealts="460_2_2.410" attribution="HM" mode="comedy" play="11a">
        <line n="1" h="130" c="3187">
            <w x="2413">know</w>
        </line>
    </div>
    <div id="4" group="3" x="2185" y="3258" width="196" height="103" type="annotation"
        erasure="true" sealts="460_2_2.410" attribution="HM" mode="comedy" play="11a">
        <line n="1" h="103" c="3310">
            <w x="2379">that</w>
        </line>
    </div>
    <div id="5" group="4" x="530" y="3413" width="130" height="96" type="annotation" erasure="true"
        sealts="460_2_2.410" attribution="HM" mode="comedy" play="11a">
        <line n="1" h="96" c="3461">
            <w x="654">he</w>
        </line>
    </div>
    <div id="6" group="5" x="698" y="3400" width="237" height="115" type="annotation" erasure="true"
        sealts="460_2_2.410" attribution="HM" mode="comedy" play="11a">
        <line n="1" h="115" c="3457">
            <w x="930">must</w>
        </line>
    </div>
    <div id="7" group="6" x="2134" y="3349" width="307" height="130" type="annotation"
        erasure="true" sealts="460_2_2.410" attribution="HM" mode="comedy" play="11a">
        <line n="1" h="130" c="3414">
            <w x="2436">churches.</w>
        </line>
    </div>
</body>
