<body>
	<div id="2" group="1" x="895" y="1068" width="1384" height="139" type="checkmark"
		sealts="460_2_2.406" attribution="HM" mode="comedy" play="11a">"
		<line n="1" h="69" c="1102">
			<w x="1107">certain</w>
			<w x="1180">it</w>
			<w x="1271">is,</w>
			<w x="1388">that</w>
			<w x="1474">he</w>
			<w x="1600">will</w>
			<w x="1729">steal</w>
			<w x="1936">himself</w>
			<w x="2062">into</w>
			<w x="2126">a</w>
			<w x="2274">man's</w>
		</line>
		<line n="2" h="69" c="1171">
			<w x="1074">favor,</w>
			<w x="1206">and,</w>
			<w x="1288">for</w>
			<w x="1345">a</w>
			<w x="1518">week,</w>
			<w x="1689">escape</w>
			<w x="1748">a</w>
			<w x="1886">great</w>
			<w x="2008">deal</w>
			<w x="2094">of</w>
			<w x="2270">
				<choice>
					<hyph>discov-</hyph>
					<reg>discoveries</reg>
				</choice>
			</w>
		</line>
	</div>
	<div id="3" group="2" x="633" y="3146" width="121" height="136" type="annotation" erasure="true"
		sealts="460_2_2.406" attribution="HM" mode="comedy" play="11a">
		<line n="1" h="136" c="3214">
			<w x="751">As</w>
		</line>
	</div>
	<div id="4" group="2" x="775" y="3156" width="86" height="133" type="annotation" erasure="true"
		sealts="460_2_2.406" attribution="HM" mode="comedy" play="11a">
		<line n="1" h="133" c="3223">
			<w x="860">2</w>
		</line>
	</div>
	<div id="5" group="2" x="871" y="3169" width="78" height="115" type="annotation" erasure="true"
		sealts="460_2_2.406" attribution="HM" mode="comedy" play="11a">
		<line n="1" h="115" c="3226">
			<w x="947">&amp;</w>
		</line>
	</div>
	<div id="6" group="2" x="957" y="3167" width="72" height="98" type="annotation" erasure="true"
		sealts="460_2_2.406" attribution="HM" mode="comedy" play="11a">
		<line n="1" h="98" c="3216">
			<w x="1025">2</w>
		</line>
	</div>
	<div id="7" group="2" x="1047" y="3135" width="244" height="122" type="annotation"
		erasure="true" sealts="460_2_2.406" attribution="HM" mode="comedy" play="11a">
		<line n="1" h="122" c="3196">
			<w x="1287">made</w>
		</line>
	</div>
	<div id="8" group="2" x="1303" y="3132" width="84" height="121" type="annotation" erasure="true"
		sealts="460_2_2.406" attribution="HM" mode="comedy" play="11a">
		<line n="1" h="121" c="3193">
			<w x="1381">4</w>
		</line>
	</div>
	<div id="9" group="2" x="1404" y="3159" width="97" height="93" type="annotation" erasure="true"
		sealts="460_2_2.406" attribution="HM" mode="comedy" play="11a">
		<line n="1" h="93" c="3206">
			<w x="1498">in</w>
		</line>
	</div>
	<div id="10" group="2" x="1540" y="3113" width="300" height="149" type="annotation"
		erasure="true" sealts="460_2_2.406" attribution="HM" mode="comedy" play="11a">
		<line n="1" h="149" c="3188">
			<w x="1837">Noah's</w>
		</line>
	</div>
	<div id="11" group="2" x="1851" y="3110" width="223" height="154" type="annotation"
		erasure="true" sealts="460_2_2.406" attribution="HM" mode="comedy" play="11a">
		<line n="1" h="154" c="3187">
			<w x="2071">time,</w>
		</line>
	</div>
	<div id="12" group="2" x="2093" y="3109" width="104" height="135" type="annotation"
		erasure="true" sealts="460_2_2.406" attribution="HM" mode="comedy" play="11a">
		<line n="1" h="135" c="3176">
			<w x="2194">as</w>
		</line>
	</div>
	<div id="13" group="2" x="2207" y="3100" width="228" height="146" type="annotation"
		erasure="true" sealts="460_2_2.406" attribution="HM" mode="comedy" play="11a">
		<line n="1" h="146" c="3173">
			<w x="2431">now,</w>
		</line>
	</div>
	<div id="14" group="2" x="645" y="3311" width="116" height="84" type="annotation" erasure="true"
		sealts="460_2_2.406" attribution="HM" mode="comedy" play="11a">
		<line n="2" h="84" c="3353">
			<w x="757">so</w>
		</line>
	</div>
	<div id="15" group="2" x="780" y="3292" width="220" height="119" type="annotation"
		erasure="true" sealts="460_2_2.406" attribution="HM" mode="comedy" play="11a">
		<line n="2" h="119" c="3352">
			<w x="996">man</w>
		</line>
	</div>
	<div id="16" group="2" x="1008" y="3274" width="122" height="129" type="annotation"
		erasure="true" sealts="460_2_2.406" attribution="HM" mode="comedy" play="11a">
		<line n="2" h="129" c="3338">
			<blank x="1126"/>
		</line>
	</div>
	<div id="17" group="2" x="1138" y="3266" width="203" height="133" type="annotation"
		erasure="true" sealts="460_2_2.406" attribution="HM" mode="comedy" play="11a">
		<line n="2" h="133" c="3332">
			<blank x="1338"/>
		</line>
	</div>
	<div id="18" group="2" x="1348" y="3253" width="203" height="145" type="annotation"
		erasure="true" sealts="460_2_2.406" attribution="HM" mode="comedy" play="11a">
		<line n="2" h="145" c="3326">
			<w x="1549">ever.</w>
		</line>
	</div>
	<div id="19" group="2" x="1622" y="3235" width="201" height="141" type="annotation"
		erasure="true" sealts="460_2_2.406" attribution="HM" mode="comedy" play="11a">
		<line n="2" h="141" c="3305">
			<w x="1818">Here</w>
		</line>
	</div>
	<div id="20" group="2" x="1843" y="3235" width="141" height="141" type="annotation"
		erasure="true" sealts="460_2_2.406" attribution="HM" mode="comedy" play="11a">
		<line n="2" h="141" c="3305">
			<w x="1980">we</w>
		</line>
	</div>
	<div id="21" group="2" x="2000" y="3228" width="257" height="130" type="annotation"
		erasure="true" sealts="460_2_2.406" attribution="HM" mode="comedy" play="11a">
		<line n="2" h="130" c="3293">
			<w x="2251">have</w>
		</line>
	</div>
	<div id="22" group="2" x="2275" y="3224" width="99" height="108" type="annotation"
		erasure="true" sealts="460_2_2.406" attribution="HM" mode="comedy" play="11a">
		<line n="2" h="108" c="3278">
			<w x="2369">a</w>
		</line>
	</div>
	<div id="23" group="2" x="636" y="3376" width="360" height="149" type="annotation"
		erasure="true" sealts="460_2_2.406" attribution="HM" mode="comedy" play="11a">
		<line n="3" h="149" c="3450">
			<w x="992">character</w>
		</line>
	</div>
	<div id="24" group="2" x="1003" y="3376" width="183" height="140" type="annotation"
		erasure="true" sealts="460_2_2.406" attribution="HM" mode="comedy" play="11a">
		<line n="3" h="140" c="3446">
			<w x="1182">very</w>
		</line>
	</div>
	<div id="25" group="2" x="1198" y="3356" width="325" height="144" type="annotation"
		erasure="true" sealts="460_2_2.406" attribution="HM" mode="comedy" play="11a">
		<line n="3" h="144" c="3428">
			<w x="1520">common</w>
		</line>
	</div>
	<div id="26" group="2" x="1554" y="3353" width="109" height="123" type="annotation"
		erasure="true" sealts="460_2_2.406" attribution="HM" mode="comedy" play="11a">
		<line n="3" h="123" c="3414">
			<w x="1659">in</w>
		</line>
	</div>
	<div id="27" group="2" x="1682" y="3351" width="169" height="125" type="annotation"
		erasure="true" sealts="460_2_2.406" attribution="HM" mode="comedy" play="11a">
		<line n="3" h="125" c="3414">
			<w x="1847">the</w>
		</line>
	</div>
	<div id="28" group="2" x="1864" y="3331" width="219" height="142" type="annotation"
		erasure="true" sealts="460_2_2.406" attribution="HM" mode="comedy" play="11a">
		<line n="3" h="142" c="3402">
			<w x="2079">Rail</w>
		</line>
	</div>
	<div id="29" group="2" x="2112" y="3299" width="279" height="150" type="annotation"
		erasure="true" sealts="460_2_2.406" attribution="HM" mode="comedy" play="11a">
		<line n="3" h="150" c="3374">
			<w x="2388">Road</w>
		</line>
	</div>
	<div id="30" group="2" x="647" y="3497" width="144" height="139" type="annotation"
		erasure="true" sealts="460_2_2.406" attribution="HM" mode="comedy" play="11a">
		<line n="3" h="139" c="3567">
			<w x="787">Car</w>
		</line>
	</div>
	<div id="31" group="2" x="825" y="3493" width="93" height="170" type="annotation" erasure="true"
		sealts="460_2_2.406" attribution="HM" mode="comedy" play="11a">
		<line n="3" h="170" c="3578">
			<w x="916">of</w>
		</line>
	</div>
	<div id="32" group="2" x="927" y="3481" width="138" height="130" type="annotation"
		erasure="true" sealts="460_2_2.406" attribution="HM" mode="comedy" play="11a">
		<line n="3" h="130" c="3546">
			<w x="1060">the</w>
		</line>
	</div>
	<div id="33" group="2" x="1092" y="3483" width="236" height="130" type="annotation"
		erasure="true" sealts="460_2_2.406" attribution="HM" mode="comedy" play="11a">
		<line n="3" h="130" c="3548">
			<w x="1325">most</w>
		</line>
	</div>
	<div id="34" group="2" x="1346" y="3455" width="307" height="160" type="annotation"
		erasure="true" sealts="460_2_2.406" attribution="HM" mode="comedy" play="11a">
		<line n="3" h="160" c="3535">
			<w x="1651">mighty</w>
		</line>
	</div>
	<div id="35" group="2" x="1667" y="3429" width="436" height="173" type="annotation"
		erasure="true" sealts="460_2_2.406" attribution="HM" mode="comedy" play="11a">
		<line n="3" h="173" c="3516">
			<w x="2099">nineteenth</w>
		</line>
	</div>
	<div id="36" group="2" x="2124" y="3410" width="340" height="172" type="annotation"
		erasure="true" sealts="460_2_2.406" attribution="HM" mode="comedy" play="11a">
		<line n="3" h="172" c="3496">
			<w x="2462">century.</w>
		</line>
	</div>
</body>
