<body>
    <div id="2" x="324" y="776" group="1" width="1358" height="76" type="checkmark" sealts="460_1_c275" attribution="HM"
        mode="comedy" play="4a">
        <line n="2" h="76" c="814">
            <w x="476">since</w>
            <w x="582">the</w>
            <w x="758">youth</w>
            <w x="834">of</w>
            <w x="940">the</w>
            <w x="1136">count's</w>
            <w x="1264">was</w>
            <w x="1448">
                <choice>
                    <orig>to-day</orig>
                    <reg>today</reg>
                </choice>
            </w>
            <w x="1588">with</w>
            <w x="1676">my</w>
        </line>
    </div>
    <div id="3" x="392" y="1449" group="2" width="1291" height="75" type="checkmark"
        sealts="460_1_c275" attribution="HM" mode="comedy" play="4a">
        <line n="13" h="75" c="1490">
            <w x="490">Sir</w>
            <w x="608">To.</w>
            <w x="784">What,</w>
            <w x="870">for</w>
            <w x="1022">being</w>
            <w x="1086">a</w>
            <w x="1342">Puritan?</w>
            <w x="1448">thy</w>
            <w x="1676">exquisite</w>
        </line>
    </div>
</body>
