<body>
    <div id="2" x="414" y="937" group="1" width="1352" height="188" type="checkmark" erasure="true"
        sealts="460_1_c445" attribution="HM" mode="comedy" play="6a">
        <line c="958" h="93" n="5">
            <w x="539">D.</w>
            <w x="724">Pedro.</w>
            <w x="911">None,</w>
            <w x="1012">but</w>
            <w x="1078">to</w>
            <w x="1238">desire</w>
            <w x="1365">your</w>
            <w x="1530">good</w>
            <w x="1747">company.</w>
        </line>
        <line c="1031" h="59" n="6">
            <w x="614">Bene.</w>
            <w x="702">O</w>
            <w x="842">God,</w>
            <w x="935">sir,</w>
            <w x="1097">
                <choice>
                    <orig>here's</orig>
                    <reg>here is</reg>
                    <reg>here</reg>
                    <reg>is</reg>
                </choice>
            </w>
            <w x="1146">a</w>
            <w x="1263">dish</w>
            <w x="1304">I</w>
            <w x="1430">love</w>
            <w x="1565">not;</w>
            <w x="1620">I</w>
            <w x="1757">
                <choice>
                    <hyph>can-</hyph>
                    <reg>cannot</reg>
                </choice>
            </w>
        </line>
        <line c="1095" h="66" n="7">
            <w x="493" endhyph="true">not</w>
            <w x="677">endure</w>
            <w x="773">my</w>
            <w x="895">lady</w>
            <w x="1116">Tongue.</w>
            <w x="1755">[Exit.</w>
        </line>
    </div>
</body>
