<body>
    <div id="2" x="826" y="1992" group="1" width="1331" height="1148" type="score2" sealts="460_2_2.046" attribution="HM"
        mode="comedy" play="7a">
        <line c="2026" h="59" n="22">
            <w x="996">Obe.</w>
            <w x="1149">This</w>
            <w x="1206">is</w>
            <w x="1304">thy</w>
            <w x="1602">negligence;</w>
            <w x="1719">still</w>
            <w x="1843">thou</w>
            <w x="2089">
                <choice>
                    <orig>mistak'st,</orig>
                    <reg>mistake,</reg>
                </choice>
            </w>
        </line>
        <line c="2086" h="57" n="23">
            <w x="896">Or</w>
            <w x="1002">else</w>
            <w x="1271">
                <choice>
                    <orig>committ'st</orig>
                    <reg>commit</reg>
                </choice>
            </w>
            <w x="1368">thy</w>
            <w x="1609">knaveries</w>
            <w x="1819">
                <choice>
                    <orig>wilfully.</orig>
                    <reg>willfully.</reg>
                </choice>
            </w>
        </line>
        <line c="2145" h="58" n="24">
            <w x="1030">Puck.</w>
            <w x="1248">Believe</w>
            <w x="1353">me,</w>
            <w x="1482">king</w>
            <w x="1550">of</w>
            <w x="1774">shadows,</w>
            <w x="1817">I</w>
            <w x="2035">mistook.</w>
        </line>
        <line c="2205" h="58" n="25">
            <w x="923">Did</w>
            <w x="1019">not</w>
            <w x="1123">you</w>
            <w x="1217">tell</w>
            <w x="1306">me</w>
            <w x="1348">I</w>
            <w x="1520">should</w>
            <w x="1671">know</w>
            <w x="1764">the</w>
            <w x="1893">man</w>
        </line>
        <line c="2265" h="60" n="26">
            <w x="903">By</w>
            <w x="995">the</w>
            <w x="1233">Athenian</w>
            <w x="1469">garments</w>
            <w x="1544">he</w>
            <w x="1650">had</w>
            <w x="1760">on?</w>
        </line>
        <line c="2324" h="58" n="27">
            <w x="934">And</w>
            <w x="1001">so</w>
            <w x="1084">far</w>
            <w x="1327">blameless</w>
            <w x="1491">proves</w>
            <w x="1584">my</w>
            <w x="1849">enterprise,</w>
        </line>
        <line c="2384" h="58" n="28">
            <w x="953">That</w>
            <w x="993">I</w>
            <w x="1123">have</w>
            <w x="1335">
                <choice>
                    <orig>'nointed</orig>
                    <reg>anointed</reg>
                </choice>
            </w>
            <w x="1412">an</w>
            <w x="1684">Athenian's</w>
            <w x="1833">eyes;</w>
        </line>
        <div id="3" x="834" y="2410" group="1" width="928" height="128" type="checkmark"
            sealts="460_2_2.046" attribution="HM" mode="comedy" play="7a">
            <line n="29" h="64" c="2442">
                <w x="947">And</w>
                <w x="1008">so</w>
                <w x="1098">far</w>
                <w x="1181">am</w>
                <w x="1226">I</w>
                <w x="1345">glad</w>
                <w x="1404">it</w>
                <w x="1472">so</w>
                <w x="1560">did</w>
                <w x="1696">sort,</w>
            </line>
            <line n="30" h="64" c="2506">
                <w x="911">As</w>
                <w x="1008">this</w>
                <w x="1135">their</w>
                <w x="1349">jangling</w>
                <w x="1394">I</w>
                <w x="1575">esteem</w>
                <w x="1625">a</w>
                <w x="1761">sport.</w>
            </line>
        </div>
        <line c="2564" h="60" n="31">
            <w x="1001">Obe.</w>
            <w x="1172">Thou</w>
            <w x="1334">
                <choice>
                    <orig>see'st,</orig>
                    <reg>see</reg>
                </choice>
            </w>
            <w x="1476">these</w>
            <w x="1634">lovers</w>
            <w x="1758">seek</w>
            <w x="1804">a</w>
            <w x="1943">place</w>
            <w x="2009">to</w>
            <w x="2149">fight.</w>
        </line>
        <line c="2622" h="57" n="32">
            <w x="939">Hie,</w>
            <w x="1182">therefore,</w>
            <w x="1360">Robin,</w>
            <w x="1571">overcast</w>
            <w x="1662">the</w>
            <w x="1830">night;</w>
        </line>
        <line c="2683" h="58" n="33">
            <w x="935">The</w>
            <w x="1093">starry</w>
            <w x="1271">welkin</w>
            <w x="1415">cover</w>
            <w x="1538">thou</w>
            <w x="1672">anon</w>
        </line>
        <line c="2742" h="59" n="34">
            <w x="958">With</w>
            <w x="1182">drooping</w>
            <w x="1306">fog,</w>
            <w x="1357">as</w>
            <w x="1503">black</w>
            <w x="1569">as</w>
            <w x="1812">Acheron;</w>
        </line>
        <line c="2801" h="57" n="35">
            <w x="938">And</w>
            <w x="1054">lead</w>
            <w x="1194">these</w>
            <w x="1330">testy</w>
            <w x="1471">rivals</w>
            <w x="1538">so</w>
            <w x="1710">astray,</w>
        </line>
        <line c="2861" h="57" n="36">
            <w x="901">As</w>
            <w x="1003">one</w>
            <w x="1144">come</w>
            <w x="1241">not</w>
            <w x="1411">within</w>
            <w x="1643">another's</w>
            <w x="1774">way.</w>
        </line>
        <line c="2988" h="44" n="37">
            <w x="1092">Anciently</w>
            <w x="1289">
                <choice>
                    <orig>knot-grass</orig>
                    <reg>knot grass</reg>
                    <reg>knot</reg>
                    <reg>grass</reg>
                </choice>
            </w>
            <w x="1369">was</w>
            <w x="1531">believed</w>
            <w x="1577">to</w>
            <w x="1724">prevent</w>
            <w x="1790">the</w>
            <w x="1930">growth</w>
            <w x="1983">of</w>
            <w x="2152">children.</w>
        </line>
        <line c="3027" h="30" n="38">
            <w x="1067">Pretend.</w>
        </line>
        <line c="3071" h="45" n="39">
            <w x="989">Aby</w>
            <w x="1035">it,</w>
            <w x="1099">for</w>
            <w x="1200">abide</w>
            <w x="1248">it,</w>
            <w x="1326">i.e.</w>
            <w x="1403">pay</w>
            <w x="1527">dearly</w>
            <w x="1590">for</w>
            <w x="1636">it,</w>
            <w x="1707">rue</w>
            <w x="1756">it.</w>
        </line>
        <line c="3113" h="42" n="40">
            <w x="1061">Chance,</w>
            <w x="1132">fall</w>
            <w x="1220">out;</w>
            <w x="1320">from</w>
            <w x="1398">sort</w>
            <w x="1575">(French).</w>
        </line>
    </div>
</body>
