<body>
    <div id="2" x="807" y="1342" group="1" width="1370" height="215" type="score" sealts="460_7_7.134" attribution="HM"
        mode="commentary" play="7c">
        <line c="1361" h="45" n="16">
            <w x="976">criticism,</w>
            <w x="1056">and</w>
            <w x="1141">that</w>
            <w x="1336">endeavors</w>
            <w x="1394">had</w>
            <w x="1517">been</w>
            <w x="1615">used</w>
            <w x="1668">to</w>
            <w x="1847">discredit</w>
            <w x="1934">and</w>
            <w x="2057">decry</w>
            <w x="2167">
                <choice>
                    <hyph>poet-</hyph>
                    <reg>poetical</reg>
                </choice>
            </w>
        </line>
        <line c="1405" h="47" n="17">
            <w x="881" endhyph="true">ical</w>
            <w x="1030">justice.</w>
            <w x="1106">A</w>
            <w x="1203">play</w>
            <w x="1253">in</w>
            <w x="1378">which</w>
            <w x="1448">the</w>
            <w x="1592">wicked</w>
            <w x="1749">prosper,</w>
            <w x="1829">and</w>
            <w x="1906">the</w>
            <w x="2074">virtuous</w>
            <w x="2168">
                <choice>
                    <hyph>mis-</hyph>
                    <reg>miscarry,</reg>
                </choice>
            </w>
        </line>
        <line c="1448" h="47" n="18">
            <w x="920" endhyph="true">carry,</w>
            <w x="1008">may</w>
            <w x="1194">doubtless</w>
            <w x="1258">be</w>
            <w x="1378">good,</w>
            <w x="1538">because</w>
            <w x="1585">it</w>
            <w x="1635">is</w>
            <w x="1671">a</w>
            <w x="1758">just</w>
            <w x="2040">representation</w>
            <w x="2096">of</w>
            <w x="2168">the</w>
        </line>
        <line c="1489" h="43" n="19">
            <w x="967">common</w>
            <w x="1098">events</w>
            <w x="1153">of</w>
            <w x="1285">human</w>
            <w x="1379">life;</w>
            <w x="1470">but,</w>
            <w x="1578">since</w>
            <w x="1638">all</w>
            <w x="1847">reasonable</w>
            <w x="1981">beings</w>
            <w x="2169">naturally</w>
        </line>
        <line c="1533" h="47" n="20">
            <w x="890">love</w>
            <w x="1036">justice,</w>
            <w x="1067">I</w>
            <w x="1210">cannot</w>
            <w x="1330">easily</w>
            <w x="1387">be</w>
            <w x="1587">persuaded</w>
            <w x="1675">that</w>
            <w x="1753">the</w>
            <w x="1978">observation</w>
            <w x="2032">of</w>
            <w x="2170">justice</w>
        </line>
    </div>
</body>
