<body>
    <div id="2" x="784" y="1787" group="1" width="1379" height="127" type="hashmark"
        sealts="460_1_c274" attribution="HM" mode="comedy" play="4a">
        <line n="19" h="63" c="1822">
            <w x="918">than</w>
            <w x="974">a</w>
            <w x="1246">steward?</w>
            <w x="1412">Dost</w>
            <w x="1556">thou</w>
            <w x="1724">think,</w>
            <w x="1934">because</w>
            <w x="2088">thou</w>
            <w x="2160">art</w>
        </line>
        <line n="20" h="63" c="1881">
            <w x="1020">virtuous,</w>
            <w x="1166">there</w>
            <w x="1294">shall</w>
            <w x="1376">be</w>
            <w x="1452">no</w>
            <w x="1598">more</w>
            <w x="1750">cakes</w>
            <w x="1860">and</w>
            <w x="1984">ale?</w>
        </line>
    </div>
</body>
