<body>
	<div id="2" x="746" y="1345" group="1" width="1308" height="372" type="score" sealts="460_3_3.042" attribution="HM"
		mode="comedy" play="13a">
		<line c="1381" h="61" n="8">
			<w x="838">For</w>
			<w x="973">most</w>
			<w x="1028">it</w>
			<w x="1211">caught</w>
			<w x="1440">me&#8212;</w>
			<w x="1467">the</w>
			<w x="1656">celestial</w>
			<w x="1820">habits</w>
		</line>
		<line c="1443" h="60" n="9">
			<w x="1004">(Methinks</w>
			<w x="1047">I</w>
			<w x="1119">so</w>
			<w x="1294">should</w>
			<w x="1427">term</w>
			<w x="1590">them)</w>
			<w x="1702">and</w>
			<w x="1798">the</w>
			<w x="2052">reverence</w>
		</line>
		<line c="1505" h="61" n="10">
			<w x="822">Of</w>
			<w x="921">the</w>
			<w x="1073">grave</w>
			<w x="1296">wearers.</w>
			<w x="1420">O,</w>
			<w x="1519">the</w>
			<w x="1761">sacrifice!</w>
		</line>
		<line c="1565" h="61" n="11">
			<w x="872">How</w>
			<w x="1206">ceremonious,</w>
			<w x="1412">solemn,</w>
			<w x="1523">and</w>
			<w x="1776">unearthly</w>
		</line>
		<line c="1625" h="63" n="12">
			<w x="794">It</w>
			<w x="907">was</w>
			<w x="959">
				<choice>
					<orig>i'</orig>
					<reg>in</reg>
				</choice>
			</w>
			<w x="1047">the</w>
			<w x="1284">offering!</w>
		</line>
		<line c="1686" h="54" n="13">
			<w x="936">Cleo.</w>
			<w x="1420">But</w>
			<w x="1491">of</w>
			<w x="1586">all,</w>
			<w x="1686">the</w>
			<w x="1831">burst</w>
		</line>
	</div>
</body>
