<body>
    <div id="2" x="895" y="2053" group="1" width="1224" height="122" type="checkmark"
        sealts="460_2_2.360" attribution="HM" mode="comedy" play="11a">
        <line n="23" h="61" c="2083">
            <w x="1019">have</w>
            <w x="1201">friends</w>
            <w x="1291">for</w>
            <w x="1382">my</w>
            <w x="1543">wife's</w>
            <w x="1685">sake.</w>
        </line>
        <line n="24" h="61" c="2144">
            <w x="1147">Count.</w>
            <w x="1295">Such</w>
            <w x="1476">friends</w>
            <w x="1578">are</w>
            <w x="1726">thine</w>
            <w x="1950">enemies,</w>
            <w x="2118">knave.</w>
        </line>
    </div>
    <line c="2814" h="73" n="35">
        <div id="3" x="1314" y="2778" group="2" width="217" height="56" type="underline"
            sealts="460_2_2.360" attribution="HM" mode="comedy" play="11a">
            <w x="1523">Charbon</w>
        </div>
        <div id="4" x="2022" y="2767" group="3" width="217" height="76" type="underline"
            sealts="460_2_2.360" attribution="HM" mode="comedy" play="11a">
            <w x="2238">Poysam</w>
        </div>
    </line>
</body>
