<body>
    <div id="2" x="762" y="1024" group="1" width="1261" height="186" type="checkmark"
        sealts="460_1_c368" attribution="HM" mode="comedy" play="5a">
        <line c="1057" h="66" n="7">
            <w x="853">Or,</w>
            <w x="937">by</w>
            <w x="1034">the</w>
            <w x="1262">affection</w>
            <w x="1382">that</w>
            <w x="1507">now</w>
            <w x="1684">guides</w>
            <w x="1777">me</w>
            <w x="1928">most,</w>
        </line>
        <line c="1119" h="66" n="8">
            <w x="842">
                <choice>
                    <orig>I'll</orig>
                    <reg>I will</reg>
                    <reg>I</reg>
                    <reg>will</reg>
                </choice>
            </w>
            <w x="995">prove</w>
            <w x="1045">a</w>
            <w x="1215">tyrant</w>
            <w x="1283">to</w>
            <w x="1421">him:</w>
            <w x="1505">as</w>
            <w x="1593">for</w>
            <w x="1715">you,</w>
        </line>
        <line c="1182" h="66" n="9">
            <w x="868">Say</w>
            <w x="1011">what</w>
            <w x="1119">you</w>
            <w x="1238">can,</w>
            <div id="3" x="1256" y="1146" group="1" width="760" height="58" type="underline"
                sealts="460_1_c368" attribution="HM" mode="comedy" play="5a">
                <line n="9" h="58" c="1178">
                    <w x="1348">my</w>
                    <w x="1478">false</w>
                    <w x="1768">
                        <choice>
                            <orig>o'erweighs</orig>
                            <reg>overweighs</reg>
                        </choice>
                    </w>
                    <w x="1896">your</w>
                    <w x="2010">true.</w>
                </line>
            </div>
        </line>
    </div>
    <div id="4" x="768" y="1217" group="1" width="1383" height="243" type="score" sealts="460_1_c368" attribution="HM"
        mode="comedy" play="5a">
        <line c="1304" h="65" n="10">
            <w x="952">Isab.</w>
            <w x="1072">To</w>
            <w x="1243">whom</w>
            <w x="1375">shall</w>
            <w x="1419">I</w>
            <w x="1692">complain?</w>
            <w x="1850">Did</w>
            <w x="1895">I</w>
            <w x="1992">tell</w>
            <w x="2115">this,</w>
        </line>
        <line c="1368" h="63" n="11">
            <w x="892">Who</w>
            <w x="1062">would</w>
            <w x="1252">believe</w>
            <w x="1383">me?</w>
            <w x="1491">O</w>
            <w x="1704">perilous</w>
            <w x="1917">mouths,</w>
        </line>
        <line c="1430" h="60" n="12">
            <w x="899">That</w>
            <w x="979">bear</w>
            <w x="1093">in</w>
            <w x="1238">them</w>
            <w x="1345">one</w>
            <w x="1457">and</w>
            <w x="1555">the</w>
            <w x="1803">
                <choice>
                    <orig>self-same</orig>
                    <reg>self same</reg>
                    <reg>self</reg>
                    <reg>same</reg>
                </choice>
            </w>
            <w x="2007">tongue,</w>
        </line>
        <line c="1494" h="62" n="13">
            <w x="933">Either</w>
            <w x="981">of</w>
            <w x="1364">condemnation</w>
            <w x="1434">or</w>
            <w x="1643">approof!</w>
        </line>
    </div>
</body>
