<body>
    <div id="2" x="792" y="1843" group="1" width="1376" height="316" type="score" sealts="460_7_7.056" attribution="HM"
        mode="tragedy" play="7c">
        <line c="1876" h="65" n="20">
            <w x="935">
                <choice>
                    <orig>that's</orig>
                    <reg>that is</reg>
                    <reg>that</reg>
                    <reg>is</reg>
                </choice>
            </w>
            <w x="1164">stinking.</w>
            <w x="1317">Let</w>
            <w x="1393">go</w>
            <w x="1492">thy</w>
            <w x="1627">hold,</w>
            <w x="1775">when</w>
            <w x="1834">a</w>
            <w x="1979">great</w>
            <w x="2144">wheel</w>
        </line>
        <line c="1937" h="64" n="21">
            <w x="915">runs</w>
            <w x="1058">down</w>
            <w x="1107">a</w>
            <w x="1215">hill,</w>
            <w x="1321">lest</w>
            <w x="1539">it</w>
            <w x="1590">break</w>
            <w x="1640">thy</w>
            <w x="1774">neck</w>
            <w x="1902">with</w>
            <w x="2147">following</w>
        </line>
        <line c="1999" h="64" n="22">
            <w x="864">it;</w>
            <w x="978">but</w>
            <w x="1072">the</w>
            <w x="1218">great</w>
            <w x="1321">one</w>
            <w x="1439">that</w>
            <w x="1564">goes</w>
            <w x="1636">up</w>
            <w x="1725">the</w>
            <w x="1827">hill,</w>
            <w x="1904">let</w>
            <w x="2007">him</w>
            <w x="2146">draw</w>
        </line>
        <line c="2059" h="60" n="23">
            <w x="904">thee</w>
            <w x="1050">after.</w>
            <w x="1258">When</w>
            <w x="1307">a</w>
            <w x="1434">wise</w>
            <w x="1558">man</w>
            <w x="1700">gives</w>
            <w x="1825">thee</w>
            <w x="1991">better</w>
            <w x="2146">
                <choice>
                    <hyph>coun-</hyph>
                    <reg>counsel,</reg>
                </choice>
            </w>
        </line>
        <line c="2121" h="64" n="24">
            <w x="880" endhyph="true">sel,</w>
            <w x="1001">give</w>
            <w x="1093">me</w>
            <w x="1232">mine</w>
            <w x="1404">again;</w>
            <w x="1618">I</w>
            <w x="1690">would</w>
            <w x="1746">have</w>
            <w x="1871">none</w>
            <w x="1967">but</w>
            <w x="2145">knaves</w>
        </line>
    </div>
</body>
