<body>
    <div id="2" x="863" y="663" group="1" width="1145" height="314" type="score" type2="xmark"
        type3="annotated" sealts="460_7_7.124" attribution="HM" mode="tragedy" play="7c">
        <line c="705" h="58" n="1">
            <w x="990">That</w>
            <w x="1162">names</w>
            <w x="1256">me</w>
            <w x="1439">traitor,</w>
            <w x="1718">
                <choice>
                    <orig>villain-like</orig>
                    <reg>villain like</reg>
                    <reg>villain</reg>
                    <reg>like</reg>
                </choice>
            </w>
            <w x="1790">he</w>
            <w x="1905">lies.</w>
        </line>
        <line c="769" h="63" n="2">
            <w x="968">Call</w>
            <w x="1048">by</w>
            <w x="1147">thy</w>
            <w x="1395">trumpet;</w>
            <w x="1483">he</w>
            <w x="1602">that</w>
            <w x="1745">dares</w>
            <w x="1997">approach,</w>
        </line>
        <line c="832" h="63" n="3">
            <w x="944">On</w>
            <w x="1068">him,</w>
            <w x="1148">on</w>
            <w x="1261">you,</w>
            <w x="1409">(who</w>
            <w x="1562">not?)</w>
            <w x="1607">I</w>
            <w x="1718">will</w>
            <w x="1947">maintain</w>
        </line>
        <line c="892" h="61" n="4">
            <w x="953">My</w>
            <w x="1089">truth</w>
            <w x="1198">and</w>
            <w x="1354">honor</w>
            <w x="1527">firmly.</w>
        </line>
        <line c="952" h="55" n="5">
            <w x="1027">Alb.</w>
            <w x="1113">A</w>
            <w x="1298">herald,</w>
            <w x="1406">ho!</w>
        </line>
    </div>
    <div id="3" x="671" y="293" group="1" width="1715" height="264" type="annotation" type2="xmark"
        sealts="460_7_7.124" attribution="HM" mode="tragedy" play="7c">
        <line n="1" h="132" c="359">
            <w x="828">The</w>
            <w x="1142">infernal</w>
            <w x="1448">nature</w>
            <w x="1608">has</w>
            <w x="1701">a</w>
            <w x="1901">valor</w>
            <w x="2099">often</w>
            <w x="2378">denied</w>
        </line>
        <line n="2" h="132" c="491">
            <w x="825">to</w>
            <w x="1233">innocence.</w>
        </line>
    </div>
</body>
