<body>
	<div id="2" x="606" y="938" group="1" width="733" height="97" type="score2" sealts="460_5_5.140" attribution="HM"
		mode="history" play="6b">
		<line n="12" h="48" c="962">
			<w x="646">It</w>
			<w x="773">reaches</w>
			<w x="846">far;</w>
			<w x="924">and</w>
			<w x="1033">where</w>
			<w x="1131">
				<choice>
					<orig>'twill</orig>
					<reg>it will</reg>
					<reg>it</reg>
					<reg>will</reg>
				</choice>
			</w>
			<w x="1189">not</w>
			<w x="1312">extend,</w>
		</line>
		<line n="13" h="48" c="1010">
			<w x="730">Thither</w>
			<w x="788">he</w>
			<w x="877">darts</w>
			<w x="915">it.</w>
			<w x="1062">Bosom</w>
			<w x="1116">up</w>
			<w x="1174">my</w>
			<w x="1321">counsel;</w>
		</line>
	</div>
</body>
