<body>
	<div id="2" x="320" y="1629" group="1" width="897" height="285" type="score" sealts="460_5_5.165" attribution="HM"
		mode="history" play="6b">
		<line c="1655" h="40" n="24">
			<w x="403">Full</w>
			<w x="449">of</w>
			<w x="514">sad</w>
			<w x="660">thoughts</w>
			<w x="729">and</w>
			<w x="872">troubles.</w>
		</line>
		<line c="1692" h="36" n="25">
			<w x="449">Nor.</w>
			<w x="1022">
				<choice>
					<orig>What's</orig>
					<reg>What is</reg>
					<reg>What</reg>
					<reg>is</reg>
				</choice>
			</w>
			<w x="1083">the</w>
			<w x="1204">cause?</w>
		</line>
		<line c="1734" h="41" n="26">
			<w x="478">Cham.</w>
			<w x="535">It</w>
			<w x="644">seems,</w>
			<w x="704">the</w>
			<w x="849">marriage</w>
			<w x="929">with</w>
			<w x="982">his</w>
			<w x="1127">brother's</w>
			<w x="1203">wife</w>
		</line>
		<line c="1772" h="38" n="27">
			<w x="403">Has</w>
			<w x="496">crept</w>
			<w x="556">too</w>
			<w x="636">near</w>
			<w x="692">his</w>
			<w x="879">conscience.</w>
		</line>
		<line c="1812" h="40" n="28">
			<w x="443">Suf.</w>
			<w x="968">No,</w>
			<w x="1026">his</w>
			<w x="1203">conscience</w>
		</line>
		<line c="1852" h="42" n="29">
			<w x="402">Has</w>
			<w x="494">crept</w>
			<w x="553">too</w>
			<w x="633">near</w>
			<w x="763">another</w>
			<w x="848">lady.</w>
		</line>
		<line c="1890" h="41" n="30">
			<w x="449">Nor.</w>
			<w x="947">
				<choice>
					<orig>'Tis</orig>
					<reg>It is</reg>
					<reg>It</reg>
					<reg>is</reg>
				</choice>
			</w>
			<w x="1005">so;</w>
		</line>
	</div>
</body>
