<body>
    <div id="2" x="345" y="2959" group="1" width="1112" height="201" type="scoresinout"
        sealts="460_2_2.163" attribution="HM" mode="comedy" play="8a">
        <line c="2987" h="62" n="38">
            <w x="391">A</w>
            <w x="528">jest's</w>
            <w x="786">prosperity</w>
            <w x="884">lies</w>
            <w x="949">in</w>
            <w x="1044">the</w>
            <w x="1141">ear</w>
        </line>
        <line c="3058" h="62" n="39">
            <w x="419">Of</w>
            <w x="530">him</w>
            <w x="645">that</w>
            <w x="784">hears</w>
            <w x="853">it,</w>
            <w x="1007">never</w>
            <w x="1072">in</w>
            <w x="1169">the</w>
            <w x="1352">tongue</w>
        </line>
        <line c="3132" h="62" n="40">
            <w x="418">Of</w>
            <w x="528">him</w>
            <w x="643">that</w>
            <w x="812">makes</w>
            <w x="879">it.</w>
            <w x="1089">Then,</w>
            <w x="1152">if</w>
            <w x="1315">sickly</w>
            <w x="1443">ears,</w>
        </line>
    </div>
</body>
