<body>
    <div id="2" x="697" y="795" group="1" width="848" height="315" type="wavyscore" sealts="460_5_5.430" attribution="HM"
        mode="tragedy" play="1c">
        <line c="820" h="42" n="9">
            <w x="768">The</w>
            <w x="860">sun's</w>
            <w x="891">a</w>
            <w x="982">thief,</w>
            <w x="1054">and</w>
            <w x="1137">with</w>
            <w x="1190">his</w>
            <w x="1288">great</w>
            <w x="1451">attraction</w>
        </line>
        <line c="856" h="39" n="10">
            <w x="782">Robs</w>
            <w x="844">the</w>
            <w x="920">vast</w>
            <w x="998">sea;</w>
            <w x="1068">the</w>
            <w x="1190">moon's</w>
            <w x="1241">an</w>
            <w x="1348">arrant</w>
            <w x="1440">thief,</w>
        </line>
        <line c="899" h="40" n="11">
            <w x="770">And</w>
            <w x="834">her</w>
            <w x="909">pale</w>
            <w x="973">fire</w>
            <w x="1037">she</w>
            <w x="1183">snatches</w>
            <w x="1268">from</w>
            <w x="1329">the</w>
            <w x="1414">sun;</w>
        </line>
        <line c="937" h="40" n="12">
            <w x="769">The</w>
            <w x="855">sea's</w>
            <w x="886">a</w>
            <w x="978">thief,</w>
            <w x="1088">whose</w>
            <w x="1188">liquid</w>
            <w x="1284">surge</w>
            <w x="1419">resolves</w>
        </line>
        <line c="975" h="38" n="13">
            <w x="769">The</w>
            <w x="866">moon</w>
            <w x="939">into</w>
            <w x="1006">salt</w>
            <w x="1093">tears;</w>
            <w x="1198">the</w>
            <w x="1315">earth's</w>
            <w x="1346">a</w>
            <w x="1438">thief,</w>
        </line>
        <line c="1017" h="43" n="14">
            <w x="783">That</w>
            <w x="874">feeds</w>
            <w x="945">and</w>
            <w x="1058">breeds</w>
            <w x="1110">by</w>
            <w x="1141">a</w>
            <w x="1348">composture</w>
            <w x="1454">stolen</w>
        </line>
        <line c="1056" h="42" n="15">
            <w x="788">From</w>
            <w x="915">general</w>
            <w x="1108">excrement;</w>
            <w x="1199">each</w>
            <w x="1317">thing's</w>
            <w x="1349">a</w>
            <w x="1448">thief;</w>
        </line>
        <line c="1095" h="41" n="16">
            <w x="769">The</w>
            <w x="861">laws,</w>
            <w x="945">your</w>
            <w x="1026">curb</w>
            <w x="1096">and</w>
            <w x="1195">whip,</w>
            <w x="1240">in</w>
            <w x="1326">their</w>
            <w x="1428">rough</w>
            <w x="1537">power</w>
        </line>
    </div>
    <div id="3" x="700" y="1266" group="2" width="752" height="51" type="diagonalscore"
        sealts="460_5_5.430" attribution="HM" mode="tragedy" play="1c">
        <line n="21" h="51" c="1291">
            <w x="771">But</w>
            <w x="887">thieves</w>
            <w x="938">do</w>
            <w x="1011">lose</w>
            <w x="1058">it.</w>
            <w x="1175">Steal</w>
            <w x="1239">not</w>
            <w x="1315">less,</w>
            <w x="1376">for</w>
            <w x="1446">this</w>
        </line>
    </div>
    <div id="4" x="694" y="1989" group="3" width="891" height="70" type="strikethrough"
        type2="annotated" sealts="460_5_5.430" attribution="HM" mode="commentary" section="notes" play="1c">
        <line n="30" h="35" c="2006">
            <w x="853">"There</w>
            <w x="879">is</w>
            <w x="915">no</w>
            <w x="980">hour</w>
            <w x="1016">in</w>
            <w x="1040">a</w>
            <w x="1120">man's</w>
            <w x="1169">life</w>
            <w x="1208">so</w>
            <w x="1332">wretched,</w>
            <w x="1380">but</w>
            <w x="1413">he</w>
            <w x="1504">always</w>
            <w x="1551">has</w>
            <w x="1577">it</w>
        </line>
        <line n="41" h="35" c="2041">
            <w x="735">in</w>
            <w x="775">his</w>
            <w x="854">power</w>
            <w x="885">to</w>
            <w x="982">become</w>
            <w x="1045">true,</w>
            <w x="1098">i.e.</w>
            <w x="1208">honest."</w>
        </line>
    </div>
    <div id="5" x="715" y="2064" group="4" width="935" height="97" type="annotation"
        sealts="460_5_5.430" attribution="HM" mode="commentary" section="notes" play="1c">
        <line n="1" h="97" c="2113">
            <w x="851">Peace</w>
            <w x="1035">peace!</w>
            <w x="1181">Thou</w>
            <w x="1277">ass</w>
            <w x="1331">of</w>
            <w x="1371">a</w>
            <w x="1648">commentator!</w>
        </line>
    </div>
</body>
