<body>
    <div id="2" x="388" y="1666" group="1" width="1325" height="746" type="score" sealts="460_1_c291" attribution="HM"
        mode="comedy" play="4a">
        <line c="1700" h="54" n="17">
            <w x="547">Oli.</w>
            <w x="650">O,</w>
            <w x="795">what</w>
            <w x="842">a</w>
            <w x="959">deal</w>
            <w x="1031">of</w>
            <w x="1171">scorn</w>
            <w x="1313">looks</w>
            <w x="1542">beautiful</w>
        </line>
        <line c="1765" h="61" n="18">
            <w x="446">In</w>
            <w x="540">the</w>
            <w x="788">contempt</w>
            <w x="895">and</w>
            <w x="1051">anger</w>
            <w x="1122">of</w>
            <w x="1202">his</w>
            <w x="1307">lip!</w>
        </line>
        <line c="1826" h="58" n="19">
            <w x="434">A</w>
            <w x="707">murderous</w>
            <w x="838">guilt</w>
            <w x="1002">shows</w>
            <w x="1102">not</w>
            <w x="1244">itself</w>
            <w x="1376">more</w>
            <w x="1504">soon</w>
        </line>
        <line c="1889" h="62" n="20">
            <w x="524">Than</w>
            <w x="640">love</w>
            <w x="758">that</w>
            <w x="925">would</w>
            <w x="1066">seem</w>
            <w x="1187">hid:</w>
            <w x="1354">love's</w>
            <w x="1501">night</w>
            <w x="1557">is</w>
            <w x="1709">noon.</w>
        </line>
        <line c="1949" h="60" n="21">
            <w x="586">Cesario,</w>
            <w x="669">by</w>
            <w x="763">the</w>
            <w x="903">roses</w>
            <w x="975">of</w>
            <w x="1064">the</w>
            <w x="1246">spring,</w>
        </line>
        <line c="2011" h="64" n="22">
            <w x="464">By</w>
            <w x="727">maidhood,</w>
            <w x="899">honor,</w>
            <w x="1054">truth,</w>
            <w x="1164">and</w>
            <w x="1317">every</w>
            <w x="1477">thing,</w>
        </line>
        <line c="2071" h="61" n="23">
            <w x="412">I</w>
            <w x="528">love</w>
            <w x="652">thee</w>
            <w x="736">so,</w>
            <w x="869">that,</w>
            <w x="1071">maugre</w>
            <w x="1149">all</w>
            <w x="1250">thy</w>
            <w x="1405">pride,</w>
        </line>
        <line c="2133" h="60" n="24">
            <w x="483">Nor</w>
            <w x="597">wit,</w>
            <w x="697">nor</w>
            <w x="885">reason,</w>
            <w x="991">can</w>
            <w x="1085">my</w>
            <w x="1281">passion</w>
            <w x="1418">hide.</w>
        </line>
        <line c="2194" h="59" n="25">
            <w x="465">Do</w>
            <w x="564">not</w>
            <w x="728">extort</w>
            <w x="827">thy</w>
            <w x="1021">reasons</w>
            <w x="1152">from</w>
            <w x="1259">this</w>
            <w x="1440">clause,</w>
        </line>
        <line c="2253" h="54" n="26">
            <w x="492">For,</w>
            <w x="609">that</w>
            <w x="650">I</w>
            <w x="785">woo,</w>
            <w x="914">thou</w>
            <w x="1148">therefore</w>
            <w x="1270">hast</w>
            <w x="1347">no</w>
            <w x="1526">cause:</w>
        </line>
        <line c="2315" h="54" n="27">
            <w x="495">But,</w>
            <w x="676">rather,</w>
            <w x="852">reason</w>
            <w x="974">thus</w>
            <w x="1104">with</w>
            <w x="1278">reason</w>
            <w x="1430">fetter:</w>
        </line>
        <line c="2380" h="62" n="28">
            <w x="514">Love</w>
            <w x="695">sought</w>
            <w x="751">is</w>
            <w x="900">good,</w>
            <w x="1003">but</w>
            <w x="1152">given</w>
            <w x="1406">unsought,</w>
            <w x="1465">is</w>
            <w x="1644">better.</w>
        </line>
    </div>
</body>
