<body>
    <div id="2" x="693" y="830" group="1" width="779" height="168" type="score" sealts="460_5_5.246" attribution="HM"
        mode="other" play="1d">
        <line c="850" h="41" n="9">
            <w x="856">
                <choice>
                    <orig>'Ginning</orig>
                    <reg>Beginning</reg>
                </choice>
            </w>
            <w x="898">in</w>
            <w x="960">the</w>
            <w x="1096">middle;</w>
            <w x="1230">starting</w>
            <w x="1345">thence</w>
            <w x="1443">away</w>
        </line>
        <line c="891" h="40" n="10">
            <w x="758">To</w>
            <w x="850">what</w>
            <w x="929">may</w>
            <w x="977">be</w>
            <w x="1121">digested</w>
            <w x="1164">in</w>
            <w x="1195">a</w>
            <w x="1282">play.</w>
        </line>
        <line c="929" h="41" n="11">
            <w x="786">Like</w>
            <w x="831">or</w>
            <w x="900">find</w>
            <w x="1003">fault;</w>
            <w x="1055">do</w>
            <w x="1100">as</w>
            <w x="1183">your</w>
            <w x="1337">pleasures</w>
            <w x="1415">are;</w>
        </line>
        <line c="970" h="40" n="12">
            <w x="795">Now,</w>
            <w x="892">good,</w>
            <w x="937">or</w>
            <w x="1015">bad,</w>
            <w x="1076">
                <choice>
                    <orig>'tis</orig>
                    <reg>it is</reg>
                    <reg>it</reg>
                    <reg>is</reg>
                </choice>
            </w>
            <w x="1141">but</w>
            <w x="1202">the</w>
            <w x="1322">chance</w>
            <w x="1369">of</w>
            <w x="1446">war.</w>
        </line>
    </div>
</body>
