<body>
    <div id="2" x="999" y="1109" group="1" width="1351" height="192" type="score" sealts="460_2_2.288" attribution="HM"
        mode="comedy" play="10a">
        <line c="1144" h="63" n="8">
            <w x="1164">Jaq.</w>
            <w x="1357">What,</w>
            <w x="1445">for</w>
            <w x="1493">a</w>
            <w x="1723">counter,</w>
            <w x="1892">would</w>
            <w x="1933">I</w>
            <w x="2032">do,</w>
            <w x="2131">but</w>
            <w x="2296">good?</w>
        </line>
        <line c="1204" h="63" n="9">
            <w x="1198">Duke</w>
            <w x="1266">S.</w>
            <w x="1433">Most</w>
            <w x="1753">mischievous,</w>
            <w x="1864">foul</w>
            <w x="1968">sin,</w>
            <w x="2037">in</w>
            <w x="2233">chiding</w>
            <w x="2342">sin;</w>
        </line>
        <line c="1266" h="60" n="10">
            <w x="1090">For</w>
            <w x="1215">thou</w>
            <w x="1402">thyself</w>
            <w x="1514">hast</w>
            <w x="1648">been</w>
            <w x="1697">a</w>
            <w x="1931">libertine,</w>
        </line>
    </div>
</body>
