<body>
    <div id="2" x="343" y="1446" group="1" width="1269" height="144" type="checkmark" type2="score"
        sealts="460_6_6.147" attribution="HM" mode="tragedy" play="4c">
        <line n="11" h="72" c="1502">
            <w x="515">When</w>
            <w x="613">the</w>
            <w x="738">best</w>
            <w x="853">hint</w>
            <w x="972">was</w>
            <w x="1125">given</w>
            <w x="1247">him,</w>
            <w x="1328">he</w>
            <w x="1435">not</w>
            <w x="1603">
                <choice>
                    <orig>took't,</orig>
                    <reg>took it</reg>
                    <reg>took</reg>
                    <reg>it</reg>
                </choice>
            </w>
        </line>
        <line n="12" h="72" c="1554">
            <w x="434">Or</w>
            <w x="532">did</w>
            <w x="590">it</w>
            <w x="714">from</w>
            <w x="813">his</w>
            <w x="981">teeth.</w>
        </line>
    </div>
    <div id="3" x="322" y="2878" group="1" width="1400" height="115" type="checkmark" type2="score"
        sealts="460_6_6.147" attribution="HM" mode="commentary" section="notes" play="4c">
        <line n="1" h="57" c="2907">
            <w x="494">i.e.</w>
            <w x="537">to</w>
            <w x="764">appearance</w>
            <w x="874">only,</w>
            <w x="960">not</w>
            <w x="1146">seriously.</w>
            <w x="1287">Thus</w>
            <w x="1453">Dryden,</w>
            <w x="1508">in</w>
            <w x="1588">his</w>
            <w x="1708">Wild</w>
        </line>
        <line n="2" h="57" c="2964">
            <w x="539">Gallant:&#8212;</w>
            <w x="587">"I</w>
            <w x="658">am</w>
            <w x="839">confident</w>
            <w x="912">she</w>
            <w x="960">is</w>
            <w x="1049">only</w>
            <w x="1165">angry</w>
            <div id="4" x="1162" y="2931" group="1" width="468" height="75" type="underline"
                sealts="460_6_6.147" attribution="HM" mode="commentary" section="notes" play="4c">
                <w x="1268">from</w>
                <w x="1333">the</w>
                <w x="1430">teeth</w>
                <w x="1619">outward."</w>
            </div>
        </line>
    </div>
</body>
