<body>
    <div id="2" x="493" y="757" group="1" width="891" height="681" type="brokenscore"
        sealts="460_2_2.213" attribution="HM" mode="comedy" play="9a">
        <line c="780" h="32" n="1">
            <w x="1057">SONG.</w>
        </line>
        <line c="879" h="59" n="2">
            <w x="672">Tell</w>
            <w x="768">me,</w>
            <w x="917">where</w>
            <w x="976">is</w>
            <w x="1147">fancy</w>
            <w x="1283">bred,</w>
        </line>
        <line c="938" h="60" n="3">
            <w x="629">Or</w>
            <w x="696">in</w>
            <w x="783">the</w>
            <w x="937">heart,</w>
            <w x="1003">or</w>
            <w x="1070">in</w>
            <w x="1156">the</w>
            <w x="1288">head</w>
            <w x="1327">?</w>
        </line>
        <line c="1001" h="62" n="4">
            <w x="675">How</w>
            <w x="827">begot,</w>
            <w x="940">how</w>
            <w x="1190">nourished</w>
            <w x="1227">?</w>
        </line>
        <line c="1063" h="60" n="5">
            <w x="979">Reply,</w>
            <w x="1138">reply.</w>
        </line>
        <line c="1160" h="59" n="6">
            <w x="617">It</w>
            <w x="675">is</w>
            <w x="959">engendered</w>
            <w x="1027">in</w>
            <w x="1113">the</w>
            <w x="1239">eyes,</w>
        </line>
        <line c="1220" h="61" n="7">
            <w x="677">With</w>
            <w x="856">gazing</w>
            <w x="976">fed;</w>
            <w x="1087">and</w>
            <w x="1239">fancy.</w>
            <w x="1345">dies</w>
        </line>
        <line c="1279" h="57" n="8">
            <w x="611">In</w>
            <w x="697">the</w>
            <w x="859">cradle</w>
            <w x="1015">where</w>
            <w x="1070">it</w>
            <w x="1181">lies.</w>
        </line>
        <line c="1341" h="59" n="9">
            <w x="702">Let</w>
            <w x="773">us</w>
            <w x="855">all</w>
            <w x="973">ring</w>
            <w x="1155">fancy's</w>
            <w x="1321">knell;</w>
        </line>
        <line c="1402" h="60" n="10">
            <w x="630">
                <choice>
                    <orig>I'll</orig>
                    <reg>I will</reg>
                    <reg>I</reg>
                    <reg>will</reg>
                </choice>
            </w>
            <w x="775">begin</w>
            <w x="842">it,&#8212;</w>
            <w x="1105">Ding,</w>
            <w x="1258">dong,</w>
            <w x="1377">bell.</w>
        </line>
    </div>
</body>
