<body>
    <div id="2" x="565" y="2199" group="1" width="853" height="263" type="score" sealts="460_7_7.055" attribution="HM"
        mode="tragedy" play="7c">
        <line c="2252" h="60" n="26">
            <w x="771">Fathers,</w>
            <w x="892">that</w>
            <w x="1031">wear</w>
            <w x="1166">rags,</w>
        </line>
        <line c="2311" h="54" n="27">
            <w x="713">Do</w>
            <w x="864">make</w>
            <w x="1000">their</w>
            <w x="1217">children</w>
            <w x="1387">blind;</w>
        </line>
        <line c="2375" h="59" n="28">
            <w x="667">But</w>
            <w x="865">fathers,</w>
            <w x="986">that</w>
            <w x="1110">bear</w>
            <w x="1255">bags,</w>
        </line>
        <line c="2429" h="44" n="29">
            <w x="759">Shall</w>
            <w x="856">see</w>
            <w x="992">their</w>
            <w x="1208">children</w>
            <w x="1350">kind.</w>
        </line>
    </div>
</body>
