<body>
    <div id="2" x="613" y="1400" group="1" width="624" height="85" type="underline"
        type2="annotated" sealts="460_7_7.087" attribution="HM" mode="tragedy" play="7c">
        <line n="1" h="85" c="1442">
            <w x="725">See</w>
            <w x="798">it</w>
            <w x="934">shalt</w>
            <w x="1070">thou</w>
            <w x="1235">never.</w>
        </line>
    </div>
    <div id="3" x="1771" y="1314" group="2" width="359" height="153" type="annotation"
        sealts="460_7_7.087" attribution="HM" mode="tragedy" play="7c">
        <line n="1" h="153" c="1391">
            <w x="2122">Terrific!</w>
        </line>
    </div>
</body>
