<body>
	<div id="2" x="609" y="1112" group="1" width="750" height="172" type="score" sealts="460_5_5.164" attribution="HM"
		mode="history" play="6b">
		<line c="1137" h="33" n="16">
			<w x="685">2</w>
			<w x="781">Gent.</w>
			<w x="987">I</w>
			<w x="1049">am</w>
			<w x="1221">confident;</w>
		</line>
		<line c="1178" h="43" n="17">
			<w x="690">You</w>
			<w x="781">shall,</w>
			<w x="841">sir.</w>
			<w x="943">Did</w>
			<w x="1012">you</w>
			<w x="1076">not</w>
			<w x="1121">of</w>
			<w x="1193">late</w>
			<w x="1277">days</w>
			<w x="1357">hear</w>
		</line>
		<line c="1221" h="41" n="18">
			<w x="653">A</w>
			<w x="799">buzzing,</w>
			<w x="846">of</w>
			<w x="873">a</w>
			<w x="1043">separation</w>
		</line>
		<line c="1258" h="43" n="19">
			<w x="767">Between</w>
			<w x="829">the</w>
			<w x="912">king</w>
			<w x="982">and</w>
			<w x="1172">Katharine?</w>
		</line>
	</div>
</body>
