<body>
    <div id="2" x="883" y="1061" group="1" width="1325" height="489" type="score" erasure="true"
        sealts="460_2_2.144" attribution="HM" mode="comedy" play="8a">
        <line c="1095" h="59" n="7">
            <w x="1835">[They</w>
            <w x="2043">converse</w>
            <w x="2196">apart.</w>
        </line>
        <line c="1158" h="65" n="8">
            <w x="1091">Boyet.</w>
            <w x="1232">The</w>
            <w x="1430">tongues</w>
            <w x="1495">of</w>
            <w x="1711">mocking</w>
            <w x="1927">wenches</w>
            <w x="2013">are</w>
            <w x="2073">as</w>
            <w x="2199">keen</w>
        </line>
        <line c="1216" h="59" n="9">
            <w x="1067">As</w>
            <w x="1122">is</w>
            <w x="1215">the</w>
            <w x="1392">razor's</w>
            <w x="1523">edge</w>
            <w x="1752">invisible,</w>
        </line>
        <line c="1278" h="61" n="10">
            <w x="1070">Cutting</w>
            <w x="1116">a</w>
            <w x="1304">smaller</w>
            <w x="1414">hair</w>
            <w x="1539">than</w>
            <w x="1660">may</w>
            <w x="1733">be</w>
            <w x="1884">seen;</w>
        </line>
        <line c="1330" h="49" n="11">
            <w x="1153">Above</w>
            <w x="1248">the</w>
            <w x="1394">sense</w>
            <w x="1465">of</w>
            <w x="1628">sense.</w>
            <w x="1753">So</w>
            <w x="1956">sensible</w>
        </line>
        <line c="1394" h="58" n="12">
            <w x="1093">
                <choice>
                    <orig>Seemeth</orig>
                    <reg>Seems</reg>
                </choice>
            </w>
            <w x="1222">their</w>
            <w x="1520">conference;</w>
            <w x="1663">their</w>
            <w x="1871">conceits</w>
            <w x="1999">have</w>
            <w x="2172">wings,</w>
        </line>
        <line c="1454" h="59" n="13">
            <w x="1055">Fleeter</w>
            <w x="1194">than</w>
            <w x="1405">arrows,</w>
            <w x="1611">bullets,</w>
            <w x="1776">wind,</w>
            <w x="2005">thought,</w>
            <w x="2202">swifter</w>
        </line>
        <line c="1519" h="58" n="14">
            <w x="1282">things.</w>
        </line>
    </div>
</body>
