<body>
	<div id="2" x="763" y="1337" group="1" width="1288" height="332" type="score" sealts="460_3_3.446" attribution="HM"
		mode="history" play="2b">
		<line c="1376" h="63" n="12">
			<w x="882">And,</w>
			<w x="987">for</w>
			<w x="1106">they</w>
			<w x="1306">cannot,</w>
			<w x="1402">die</w>
			<w x="1471">in</w>
			<w x="1607">their</w>
			<w x="1730">own</w>
			<w x="1890">pride.</w>
		</line>
		<line c="1438" h="63" n="13">
			<w x="1011">Thoughts</w>
			<w x="1221">tending</w>
			<w x="1289">to</w>
			<w x="1508">content,</w>
			<w x="1679">flatter</w>
			<w x="2047">themselves,&#8212;</w>
		</line>
		<line c="1499" h="63" n="14">
			<w x="895">That</w>
			<w x="1023">they</w>
			<w x="1117">are</w>
			<w x="1219">not</w>
			<w x="1315">the</w>
			<w x="1430">first</w>
			<w x="1502">of</w>
			<w x="1727">fortune's</w>
			<w x="1904">slaves,</w>
		</line>
		<line c="1567" h="70" n="15">
			<w x="865">Nor</w>
			<w x="995">shall</w>
			<w x="1096">not</w>
			<w x="1172">be</w>
			<w x="1271">the</w>
			<w x="1404">last;</w>
			<w x="1527">like</w>
			<w x="1647">silly</w>
			<w x="1902">beggars,</w>
		</line>
		<line c="1626" h="65" n="16">
			<w x="902">Who,</w>
			<w x="1080">sitting</w>
			<w x="1146">in</w>
			<w x="1244">the</w>
			<w x="1430">stocks,</w>
			<w x="1605">refuge</w>
			<w x="1741">their</w>
			<w x="1995">shame,&#8212;</w>
		</line>
	</div>
	<div id="3" x="751" y="2342" group="2" width="1388" height="314" type="score" sealts="460_3_3.446" attribution="HM"
		mode="history" play="2b">
		<line c="2377" h="61" n="28">
			<w x="874">And</w>
			<w x="1083">straight</w>
			<w x="1177">am</w>
			<w x="1469">nothing.&#8212;</w>
			<w x="1563">But</w>
			<w x="1792">
				<choice>
					<orig>whate'er</orig>
					<reg>whatever</reg>
				</choice>
			</w>
			<w x="1834">I</w>
			<w x="1944">am,</w>
		</line>
		<line c="2439" h="61" n="29">
			<w x="863">Nor</w>
			<w x="920">I,</w>
			<w x="1023">nor</w>
			<w x="1133">any</w>
			<w x="1273">man,</w>
			<w x="1395">that</w>
			<w x="1496">but</w>
			<w x="1621">man</w>
			<w x="1694">is,</w>
		</line>
		<line c="2501" h="63" n="30">
			<w x="892">With</w>
			<w x="1103">nothing</w>
			<w x="1232">shall</w>
			<w x="1309">be</w>
			<w x="1526">pleased,</w>
			<w x="1615">till</w>
			<w x="1693">he</w>
			<w x="1772">be</w>
			<w x="1929">eased</w>
		</line>
		<line c="2567" h="69" n="31">
			<w x="893">With</w>
			<w x="1049">being</w>
			<w x="1337">nothing.&#8212;</w>
			<w x="1489">Music</w>
			<w x="1563">do</w>
			<w x="1604">I</w>
			<w x="1771">hear?</w>
			<w x="2132">[Music.</w>
		</line>
		<line c="2626" h="61" n="32">
			<w x="859">Ha,</w>
			<w x="958">ha!</w>
			<w x="1110">keep</w>
			<w x="1319">time.&#8212;</w>
			<w x="1446">How</w>
			<w x="1563">sour</w>
			<w x="1726">sweet</w>
			<w x="1886">music</w>
			<w x="1958">is,</w>
		</line>
	</div>
</body>
