<body>
	<div id="2" x="717" y="1959" group="1" width="1202" height="131" type="checkmark"
		sealts="460_3_3.024" attribution="HM" mode="comedy" play="13a">
		<line n="22" h="65" c="1991">
			<w x="913">Pol.</w>
			<w x="1335">I</w>
			<w x="1407">do</w>
			<w x="1597">believe</w>
			<w x="1770">thee:</w>
		</line>
		<line n="23" h="65" c="2056">
			<w x="757">I</w>
			<w x="868">saw</w>
			<w x="961">his</w>
			<w x="1097">heart</w>
			<w x="1169">in</w>
			<w x="1261">his</w>
			<w x="1387">face.</w>
			<w x="1566">Give</w>
			<w x="1658">me</w>
			<w x="1762">thy</w>
			<w x="1916">hand;</w>
		</line>
	</div>
	<div id="3" x="717" y="2325" group="2" width="1275" height="378" type="score" sealts="460_3_3.024" attribution="HM"
		mode="comedy" play="13a">
		<line c="2299" h="63" n="28">
			<w x="839">Two</w>
			<w x="967">days</w>
			<w x="1169">ago.&#8212;</w>
			<w x="1262">This</w>
			<w x="1477">jealousy</w>
		</line>
		<line c="2359" h="60" n="29">
			<w x="767">Is</w>
			<w x="853">for</w>
			<w x="899">a</w>
			<w x="1123">precious</w>
			<w x="1356">creature;</w>
			<w x="1437">as</w>
			<w x="1575">
				<choice>
					<orig>she's</orig>
					<reg>she is</reg>
					<reg>she</reg>
					<reg>is</reg>
				</choice>
			</w>
			<w x="1705">rare,</w>
		</line>
		<line c="2423" h="67" n="30">
			<w x="846">Must</w>
			<w x="901">it</w>
			<w x="976">be</w>
			<w x="1149">great;</w>
			<w x="1275">and,</w>
			<w x="1345">as</w>
			<w x="1434">his</w>
			<w x="1648">
				<choice>
					<orig>person's</orig>
					<reg>person is</reg>
					<reg>person</reg>
					<reg>is</reg>
				</choice>
			</w>
			<w x="1853">mighty,</w>
		</line>
		<line c="2479" h="59" n="31">
			<w x="847">Must</w>
			<w x="901">it</w>
			<w x="976">be</w>
			<w x="1184">violent;</w>
			<w x="1305">and</w>
			<w x="1374">as</w>
			<w x="1450">he</w>
			<w x="1578">does</w>
			<w x="1805">conceive</w>
		</line>
		<line c="2542" h="65" n="32">
			<w x="796">He</w>
			<w x="854">is</w>
			<w x="1131">dishonored</w>
			<w x="1212">by</w>
			<w x="1259">a</w>
			<w x="1381">man</w>
			<w x="1548">which</w>
			<w x="1670">ever</w>
		</line>
		<line c="2605" h="67" n="33">
			<w x="967">Professed</w>
			<w x="1017">to</w>
			<w x="1140">him,</w>
			<w x="1279">why,</w>
			<w x="1370">his</w>
			<w x="1602">revenges</w>
			<w x="1740">must</w>
		</line>
	</div>
</body>
