<body>
    <div id="2" x="674" y="1538" group="1" width="1317" height="700" type="score" sealts="460_1_c442" attribution="HM"
        mode="comedy" play="6a">
        <line c="1579" h="72" n="15">
            <w x="924">Claud.</w>
            <w x="1097">Thus</w>
            <w x="1293">answer</w>
            <w x="1335">I</w>
            <w x="1404">in</w>
            <w x="1555">name</w>
            <w x="1629">of</w>
            <w x="1898">Benedick,</w>
        </line>
        <line c="1635" h="62" n="16">
            <w x="785">But</w>
            <w x="912">hear</w>
            <w x="1057">these</w>
            <w x="1125">ill</w>
            <w x="1271">news</w>
            <w x="1404">with</w>
            <w x="1499">the</w>
            <w x="1617">ears</w>
            <w x="1690">of</w>
            <w x="1983">Claudio.&#8212;</w>
        </line>
        <line c="1700" h="69" n="17">
            <w x="789">
                <choice>
                    <orig>'Tis</orig>
                    <reg>It is</reg>
                    <reg>It</reg>
                    <reg>is</reg>
                </choice>
            </w>
            <w x="977">certain</w>
            <w x="1048">so;</w>
            <w x="1215">&#8212;the</w>
            <w x="1386">prince</w>
            <w x="1557">wooes</w>
            <w x="1644">for</w>
            <w x="1852">himself.</w>
        </line>
        <line c="1766" h="76" n="18">
            <w x="953">Friendship</w>
            <w x="1010">is</w>
            <w x="1238">constant</w>
            <w x="1304">in</w>
            <w x="1382">all</w>
            <w x="1530">other</w>
            <w x="1714">things,</w>
        </line>
        <line c="1820" h="59" n="19">
            <w x="807">Save</w>
            <w x="875">in</w>
            <w x="972">the</w>
            <w x="1119">office</w>
            <w x="1230">and</w>
            <w x="1396">affairs</w>
            <w x="1468">of</w>
            <w x="1615">love:</w>
        </line>
        <line c="1892" h="78" n="20">
            <w x="946">Therefore,</w>
            <w x="1026">all</w>
            <w x="1194">hearts</w>
            <w x="1262">in</w>
            <w x="1379">love</w>
            <w x="1479">use</w>
            <w x="1616">their</w>
            <w x="1739">own</w>
            <w x="1973">tongues;</w>
        </line>
        <line c="1949" h="68" n="21">
            <w x="780">Let</w>
            <w x="933">every</w>
            <w x="1036">eye</w>
            <w x="1283">negotiate</w>
            <w x="1371">for</w>
            <w x="1521">itself,</w>
        </line>
        <line c="2015" h="70" n="22">
            <w x="790">And</w>
            <w x="924">trust</w>
            <w x="1003">no</w>
            <w x="1186">agent;</w>
            <w x="1286">for</w>
            <w x="1471">beauty</w>
            <w x="1528">is</w>
            <w x="1577">a</w>
            <w x="1747">witch,</w>
        </line>
        <line c="2070" h="59" n="23">
            <w x="873">Against</w>
            <w x="1050">whose</w>
            <w x="1237">charms</w>
            <w x="1369">faith</w>
            <w x="1574">
                <choice>
                    <orig>melteth</orig>
                    <reg>melts</reg>
                </choice>
            </w>
            <w x="1688">into</w>
            <w x="1869">blood.</w>
        </line>
        <line c="2137" h="72" n="24">
            <w x="798">This</w>
            <w x="858">is</w>
            <w x="938">an</w>
            <w x="1163">accident</w>
            <w x="1235">of</w>
            <w x="1417">hourly</w>
            <w x="1573">proof,</w>
        </line>
        <line c="2198" h="70" n="25">
            <w x="844">Which</w>
            <w x="887">I</w>
            <w x="1161">mistrusted</w>
            <w x="1261">not:</w>
            <w x="1530">farewell,</w>
            <w x="1784">therefore,</w>
            <w x="1955">Hero!</w>
        </line>
    </div>
</body>
