<body>
    <div id="2" x="1602" y="989" group="1" width="459" height="73" type="underline" sealts="460_7_7.088" attribution="HM"
        mode="tragedy" play="7c">
        <line n="6" h="73" c="1026">
            <w x="1756">comes</w>
            <w x="1937">behind</w>
            <w x="2055">him,</w>
        </line>
    </div>
    <div id="3" x="787" y="2756" group="2" width="1228" height="135" type="score" sealts="460_7_7.088" attribution="HM"
        mode="tragedy" play="7c">
        <line n="35" h="67" c="2790">
            <w x="912">1</w>
            <w x="1048">Serv.</w>
            <w x="1153">
                <choice>
                    <orig>I'll</orig>
                    <reg>I will</reg>
                    <reg>I</reg>
                    <reg>will</reg>
                </choice>
            </w>
            <w x="1310">never</w>
            <w x="1439">care</w>
            <w x="1571">what</w>
            <w x="1864">wickedness</w>
            <w x="1909">I</w>
            <w x="1996">do,</w>
        </line>
        <line n="36" h="67" c="2857">
            <w x="871">If</w>
            <w x="975">this</w>
            <w x="1097">man</w>
            <w x="1275">comes</w>
            <w x="1341">to</w>
            <w x="1484">good.</w>
        </line>
    </div>
</body>
