<body>
	<div id="2" x="287" y="1113" group="1" width="814" height="84" type="diagonalscore"
		erasure="true" sealts="460_5_5.031" attribution="HM" mode="history" play="5b">
		<line n="16" h="42" c="1136">
			<w x="310">I</w>
			<w x="369">lay</w>
			<w x="451">unto</w>
			<w x="511">the</w>
			<w x="654">grievous</w>
			<w x="772">charge</w>
			<w x="813">of</w>
			<w x="925">others.</w>
		</line>
		<line n="17" h="42" c="1176">
			<w x="437">Clarence,</w>
			<w x="576">&#8212;whom</w>
			<w x="616">I,</w>
			<w x="752">indeed,</w>
			<w x="835">have</w>
			<w x="903">laid</w>
			<w x="948">in</w>
			<w x="1099">darkness,</w>
		</line>
	</div>
</body>
