<body>
    <div id="2" x="359" y="642" group="1" width="1125" height="138" type="checkmark"
        sealts="460_6_6.129" attribution="HM" mode="tragedy" play="4c">
        <line n="1" h="69" c="677">
            <w x="458">An</w>
            <w x="584">host</w>
            <w x="650">of</w>
            <w x="900">tongues;</w>
            <w x="1006">but</w>
            <w x="1092">let</w>
            <w x="1157">ill</w>
            <w x="1345">tidings</w>
            <w x="1449">tell</w>
        </line>
        <line n="2" h="69" c="746">
            <w x="681">Themselves</w>
            <w x="832">when</w>
            <w x="963">they</w>
            <w x="1045">be</w>
            <w x="1164">felt.</w>
        </line>
    </div>
</body>
