<body>
	<div id="2" x="654" y="1496" group="1" width="824" height="166" type="score" sealts="460_5_5.200" attribution="HM"
		mode="history" play="6b">
		<line c="1520" h="39" n="26">
			<w x="740">Press</w>
			<w x="803">not</w>
			<w x="834">a</w>
			<w x="944">falling</w>
			<w x="1023">man</w>
			<w x="1083">too</w>
			<w x="1157">far;</w>
			<w x="1224">
				<choice>
					<orig>'tis</orig>
					<reg>it is</reg>
					<reg>it</reg>
					<reg>is</reg>
				</choice>
			</w>
			<w x="1345">virtue:</w>
		</line>
		<line c="1559" h="39" n="27">
			<w x="712">His</w>
			<w x="809">faults</w>
			<w x="856">lie</w>
			<w x="944">open</w>
			<w x="988">to</w>
			<w x="1049">the</w>
			<w x="1152">laws;</w>
			<w x="1214">let</w>
			<w x="1314">them,</w>
		</line>
		<line c="1599" h="40" n="28">
			<w x="716">Not</w>
			<w x="794">you,</w>
			<w x="915">correct</w>
			<w x="996">him.</w>
			<w x="1091">My</w>
			<w x="1183">heart</w>
			<w x="1294">weeps</w>
			<w x="1338">to</w>
			<w x="1399">see</w>
			<w x="1472">him</w>
		</line>
		<line c="1638" h="39" n="29">
			<w x="698">So</w>
			<w x="781">little</w>
			<w x="828">of</w>
			<w x="881">his</w>
			<w x="974">great</w>
			<w x="1048">self.</w>
		</line>
	</div>
</body>
