<body>
    <div id="2" x="305" y="1471" group="1" width="834" height="95" type="score" sealts="460_5_5.425" attribution="HM"
        mode="tragedy" play="1c">
        <line n="26" h="44" c="1493">
            <w x="422">Apem.</w>
            <w x="517">Here</w>
            <w x="553">is</w>
            <w x="596">no</w>
            <w x="665">use</w>
            <w x="714">for</w>
            <w x="806">gold.</w>
        </line>
        <line n="27" h="44" c="1537">
            <w x="768">Tim.</w>
            <w x="866">The</w>
            <w x="943">best,</w>
            <w x="1019">and</w>
            <w x="1128">truest;</w>
        </line>
    </div>
    <div id="3" x="294" y="1943" group="2" width="855" height="46" type="checkmark" sealts="460_5_5.425" attribution="HM"
        mode="tragedy" play="1c">
        <line n="38" h="46" c="1966">
            <w x="425">Apem.</w>
            <w x="504">The</w>
            <w x="615">middle</w>
            <w x="656">of</w>
            <w x="812">humanity</w>
            <w x="883">thou</w>
            <w x="983">never</w>
            <w x="1136">
                <choice>
                    <orig>knewest</orig>
                    <reg>knew</reg>
                </choice>
            </w>
        </line>
    </div>
</body>
