<body>
	<div id="2" x="330" y="1293" group="1" width="1260" height="259" type="score2" sealts="460_3_3.093" attribution="HM"
		mode="comedy" play="13a">
		<line c="1322" h="70" n="11">
			<w x="399">As</w>
			<w x="555">every</w>
			<w x="757">present</w>
			<w x="885">time</w>
			<w x="1013">doth</w>
			<w x="1165">boast</w>
			<w x="1311">itself</w>
		</line>
		<line c="1390" h="63" n="12">
			<w x="489">Above</w>
			<w x="539">a</w>
			<w x="719">better,</w>
			<w x="886">gone;</w>
			<w x="970">so</w>
			<w x="1111">must</w>
			<w x="1219">thy</w>
			<w x="1395">grave</w>
		</line>
		<line c="1453" h="64" n="13">
			<w x="450">Give</w>
			<w x="576">way</w>
			<w x="643">to</w>
			<w x="824">
				<choice>
					<orig>what's</orig>
					<reg>what is</reg>
					<reg>what</reg>
					<reg>is</reg>
				</choice>
			</w>
			<w x="954">seen</w>
			<w x="1094">now.</w>
			<w x="1259">Sir,</w>
			<w x="1370">you</w>
			<w x="1583">yourself</w>
		</line>
		<line c="1515" h="66" n="14">
			<w x="463">Have</w>
			<w x="595">said,</w>
			<w x="707">and</w>
			<w x="830">writ</w>
			<w x="934">so,</w>
			<w x="1059">(but</w>
			<w x="1188">your</w>
			<w x="1389">writing</w>
			<w x="1513">now</w>
		</line>
	</div>
</body>
