<body>
    <div id="2" x="338" y="2536" group="1" width="1171" height="132" type="checkmark"
        sealts="460_6_6.175" attribution="HM" mode="tragedy" play="4c">
        <line n="27" h="66" c="2569">
            <w x="474">This</w>
            <w x="715">morning,</w>
            <w x="828">like</w>
            <w x="925">the</w>
            <w x="1069">spirit</w>
            <w x="1144">of</w>
            <w x="1199">a</w>
            <w x="1365">youth</w>
        </line>
        <line n="28" h="66" c="2635">
            <w x="485">That</w>
            <w x="658">means</w>
            <w x="727">to</w>
            <w x="805">be</w>
            <w x="879">of</w>
            <w x="1023">note,</w>
            <w x="1210">begins</w>
            <w x="1492">betimes.&#8212;</w>
        </line>
    </div>
</body>
