<body>
    <div id="2" x="394" y="938" group="1" width="1357" height="614" type="score" sealts="460_1_c365" attribution="HM"
        mode="comedy" play="5a">
        <line c="972" h="61" n="5">
            <w x="531">Were</w>
            <w x="679">equal</w>
            <w x="820">poise</w>
            <w x="891">of</w>
            <w x="982">sin</w>
            <w x="1091">and</w>
            <w x="1291">charity.</w>
        </line>
        <line c="1033" h="63" n="6">
            <w x="575">Isab.</w>
            <w x="741">That</w>
            <w x="782">I</w>
            <w x="861">do</w>
            <w x="968">beg</w>
            <w x="1054">his</w>
            <w x="1162">life,</w>
            <w x="1223">if</w>
            <w x="1282">it</w>
            <w x="1355">be</w>
            <w x="1460">sin,</w>
        </line>
        <line c="1093" h="65" n="7">
            <w x="602">Heaven,</w>
            <w x="688">let</w>
            <w x="778">me</w>
            <w x="904">bear</w>
            <w x="983">it!</w>
            <w x="1102">you</w>
            <w x="1323">granting</w>
            <w x="1393">of</w>
            <w x="1493">my</w>
            <w x="1614">suit,</w>
        </line>
        <line c="1157" h="60" n="8">
            <w x="447">If</w>
            <w x="567">that</w>
            <w x="642">be</w>
            <w x="745">sin,</w>
            <w x="836">
                <choice>
                    <orig>I'll</orig>
                    <reg>I will</reg>
                    <reg>I</reg>
                    <reg>will</reg>
                </choice>
            </w>
            <w x="986">make</w>
            <w x="1043">it</w>
            <w x="1136">my</w>
            <w x="1278">morn</w>
            <w x="1452">prayer</w>
        </line>
        <line c="1214" h="53" n="9">
            <w x="472">To</w>
            <w x="603">have</w>
            <w x="661">it</w>
            <w x="824">added</w>
            <w x="891">to</w>
            <w x="986">the</w>
            <w x="1137">faults</w>
            <w x="1208">of</w>
            <w x="1364">mine,</w>
        </line>
        <line c="1280" h="61" n="10">
            <w x="502">And</w>
            <w x="706">nothing</w>
            <w x="777">of</w>
            <w x="907">your</w>
            <w x="1111">answer.</w>
        </line>
        <line c="1340" h="61" n="11">
            <w x="577">Ang.</w>
            <w x="1304">Nay,</w>
            <w x="1406">but</w>
            <w x="1531">hear</w>
            <w x="1621">me:</w>
        </line>
        <line c="1404" h="66" n="12">
            <w x="519">Your</w>
            <w x="668">sense</w>
            <w x="871">pursues</w>
            <w x="970">not</w>
            <w x="1133">mine:</w>
            <w x="1306">either</w>
            <w x="1412">you</w>
            <w x="1504">are</w>
            <w x="1741">ignorant,</w>
        </line>
        <line c="1464" h="60" n="13">
            <w x="465">Or</w>
            <w x="601">seem</w>
            <w x="684">so,</w>
            <w x="876">craftily;</w>
            <w x="1025">and</w>
            <w x="1177">
                <choice>
                    <orig>that's</orig>
                    <reg>that is</reg>
                    <reg>that</reg>
                    <reg>is</reg>
                </choice>
            </w>
            <w x="1276">not</w>
            <w x="1422">good.</w>
        </line>
        <line c="1524" h="62" n="14">
            <w x="575">Isab.</w>
            <w x="711">Let</w>
            <w x="802">me</w>
            <w x="879">be</w>
            <w x="1114">ignorant,</w>
            <w x="1224">and</w>
            <w x="1291">in</w>
            <w x="1496">nothing</w>
            <w x="1644">good,</w>
        </line>
    </div>
</body>
