<body>
	<div id="2" x="827" y="1217" group="1" width="978" height="60" type="underline" type2="xmark"
		type3="annotated" sealts="460_3_3.420" attribution="HM" mode="history" play="2b">
		<line n="10" h="60" c="1247">
			<w x="922">To</w>
			<w x="1072">make</w>
			<w x="1116">a</w>
			<w x="1302">second</w>
			<w x="1402">fall</w>
			<w x="1471">of</w>
			<w x="1650">cursed</w>
			<w x="1800">man?</w>
		</line>
	</div>
	<div id="3" x="741" y="3051" group="2" width="1661" height="348" type="annotation" type2="xmark"
		sealts="460_3_3.420" attribution="HM" mode="history" play="2b">
		<line n="1" h="169" c="3157">
			<w x="842">To</w>
			<w x="975">be</w>
			<w x="1200">found</w>
			<w x="1300">in</w>
			<w x="1678">Shelley</w>
			<w x="1803">&amp;</w>
			<w x="2135">(through</w>
			<w x="2401">him)</w>
		</line>
		<line n="2" h="170" c="3318">
			<w x="883">in</w>
			<w x="1274">Byron.</w>
			<w x="1473">Also</w>
			<w x="1622">in</w>
			<w x="2053">Dryden.</w>
		</line>
	</div>
</body>
