<body>
    <div id="2" x="329" y="1537" group="1" width="1392" height="126" type="checkmark"
        sealts="460_7_7.123" attribution="HM" mode="tragedy" play="7c">
        <line n="15" h="63" c="1568">
            <div id="3" x="329" y="1537" group="1" width="546" height="75" type="underline"
                sealts="460_7_7.123" attribution="HM" mode="tragedy" play="7c">
                <w x="479">This</w>
                <w x="670">gilded</w>
                <w x="875">serpent.</w>
            </div>
            <w x="1169">[Pointing</w>
            <w x="1243">to</w>
            <w x="1485">Gon.]&#8212;</w>
            <w x="1587">For</w>
            <w x="1713">your</w>
        </line>
        <line n="16" h="63" c="1631">
            <w x="756">claim,</w>
            <w x="854">fair</w>
            <w x="1013">sister,</w>
        </line>
    </div>
</body>
