<body>
    <div id="2" x="443" y="776" group="1" width="1113" height="67" type="checkmark" sealts="460_2_2.519" attribution="HM"
        mode="comedy" play="12a">
        <line n="2" h="67" c="809">
            <w x="549">Our</w>
            <w x="711">purses</w>
            <w x="845">shall</w>
            <w x="917">be</w>
            <w x="1085">proud,</w>
            <w x="1184">our</w>
            <w x="1421">garments</w>
            <w x="1555">poor;</w>
        </line>
    </div>
</body>
