<body>
    <div id="2" x="788" y="918" group="1" width="1396" height="198" type="checkmark"
        sealts="460_6_6.244" attribution="HM" mode="tragedy" play="5c">
        <line c="957" h="67" n="5">
            <w x="946">every</w>
            <w x="1226">companion</w>
            <w x="1256">9</w>
            <w x="1374">that</w>
            <w x="1481">you</w>
            <w x="1599">give</w>
            <w x="1788">offence</w>
            <w x="1870">to.</w>
        </line>
        <line c="1012" h="68" n="6">
            <w x="977">Clo.</w>
            <w x="1106">No,</w>
            <w x="1150">I</w>
            <w x="1306">know</w>
            <w x="1449">that;</w>
            <w x="1563">but</w>
            <w x="1619">it</w>
            <w x="1675">is</w>
            <w x="1770">fit</w>
            <w x="1786">I</w>
            <w x="1963">should</w>
            <w x="2168">commit</w>
        </line>
        <line c="1082" h="61" n="7">
            <w x="983">offence</w>
            <w x="1051">to</w>
            <w x="1148">my</w>
            <w x="1377">inferiors.</w>
        </line>
    </div>
</body>
