<body>
    <div id="2" x="818" y="1397" group="1" width="1383" height="203" type="score" sealts="460_7_7.132" attribution="HM"
        mode="tragedy" play="7c">
        <line c="1439" h="61" n="12">
            <w x="927">The</w>
            <w x="1099">wages</w>
            <w x="1170">of</w>
            <w x="1307">their</w>
            <w x="1480">virtue,</w>
            <w x="1592">and</w>
            <w x="1668">all</w>
            <w x="1782">foes</w>
        </line>
        <line c="1501" h="62" n="13">
            <w x="927">The</w>
            <w x="1036">cup</w>
            <w x="1108">of</w>
            <w x="1246">their</w>
            <w x="1665">deservings.</w>
            <w x="1702">&#8212;O,</w>
            <w x="1780">see,</w>
            <w x="1906">see!</w>
        </line>
        <line c="1563" h="64" n="14">
            <w x="1018">Lear.</w>
            <w x="1156">And</w>
            <w x="1246">my</w>
            <w x="1365">poor</w>
            <w x="1464">fool</w>
            <w x="1514">is</w>
            <w x="1722">hanged!</w>
            <w x="1859">No,</w>
            <w x="1900">no,</w>
            <w x="1989">no</w>
            <w x="2187">life;</w>
        </line>
    </div>
    <div id="3" x="808" y="1763" group="2" width="766" height="93" type="underline" sealts="460_7_7.132" attribution="HM"
        mode="tragedy" play="7c">
        <line n="18" h="80" c="1803">
            <w x="964">
                <choice>
                    <orig>'Pray</orig>
                    <reg>I pray</reg>
                    <reg>I</reg>
                    <reg>pray</reg>
                </choice>
            </w>
            <w x="1089">you,</w>
            <w x="1233">undo</w>
            <w x="1342">this</w>
            <w x="1548">button:</w>
        </line>
    </div>
    <div id="4" x="810" y="2129" group="3" width="1420" height="321" type="score" sealts="460_7_7.132" attribution="HM"
        mode="tragedy" play="7c">
        <line c="2178" h="66" n="24">
            <w x="1020">Kent.</w>
            <w x="1164">Vex</w>
            <w x="1264">not</w>
            <w x="1352">his</w>
            <w x="1529">ghost:</w>
            <w x="1623">O,</w>
            <w x="1703">let</w>
            <w x="1810">him</w>
            <w x="1952">pass!</w>
            <w x="2043">he</w>
            <w x="2185">hates</w>
        </line>
        <line c="2235" h="54" n="25">
            <w x="1180">him,</w>
        </line>
        <line c="2300" h="66" n="26">
            <w x="948">That</w>
            <w x="1112">would</w>
            <w x="1254">upon</w>
            <w x="1351">the</w>
            <w x="1479">rack</w>
            <w x="1550">of</w>
            <w x="1663">this</w>
            <w x="1821">tough</w>
            <w x="1980">world</w>
        </line>
        <line c="2360" h="65" n="27">
            <w x="1004">Stretch</w>
            <w x="1116">him</w>
            <w x="1215">out</w>
            <w x="1400">longer.</w>
        </line>
        <line c="2423" h="67" n="28">
            <w x="1009">Edg.</w>
            <w x="1526">O,</w>
            <w x="1605">he</w>
            <w x="1664">is</w>
            <w x="1800">gone</w>
            <w x="1998">indeed.</w>
        </line>
    </div>
</body>
