<body>
	<div id="2" x="745" y="1103" group="1" width="1254" height="193" type="score" sealts="460_3_3.028" attribution="HM"
		mode="comedy" play="13a">
		<line c="1140" h="60" n="8">
			<w x="875">That</w>
			<w x="1042">mercy</w>
			<w x="1195">does;</w>
			<w x="1294">for</w>
			<w x="1517">calumny</w>
			<w x="1626">will</w>
			<w x="1745">sear</w>
		</line>
		<line c="1195" h="61" n="9">
			<w x="903">Virtue</w>
			<w x="1118">itself;&#8212;</w>
			<w x="1253">these</w>
			<w x="1442">shrugs,</w>
			<w x="1590">these</w>
			<w x="1753">hums,</w>
			<w x="1864">and</w>
			<w x="1994">ha's,</w>
		</line>
		<line c="1260" h="62" n="10">
			<w x="895">When</w>
			<w x="1002">you</w>
			<w x="1132">have</w>
			<w x="1261">said,</w>
			<w x="1411">
				<choice>
					<orig>she's</orig>
					<reg>she is</reg>
					<reg>she</reg>
					<reg>is</reg>
				</choice>
			</w>
			<w x="1605">goodly,</w>
			<w x="1753">come</w>
			<w x="1994">between,</w>
		</line>
	</div>
</body>
