<body>
    <div id="2" x="934" y="1118" group="1" width="1324" height="592" type="wavyscore" erasure="true"
        sealts="460_7_7.352" attribution="HM" mode="tragedy" play="9c">
        <line c="1158" h="59" n="8">
            <w x="1184">And</w>
            <w x="1236">I</w>
            <w x="1277">a</w>
            <w x="1417">maid</w>
            <w x="1482">at</w>
            <w x="1608">your</w>
            <w x="1826">window,</w>
        </line>
        <line c="1220" h="61" n="9">
            <w x="1213">To</w>
            <w x="1284">be</w>
            <w x="1411">your</w>
            <w x="1671">Valentine.</w>
        </line>
        <line c="1314" h="60" n="10">
            <w x="1207">Then</w>
            <w x="1287">up</w>
            <w x="1358">he</w>
            <w x="1485">rose,</w>
            <w x="1599">and</w>
            <w x="1793">donned</w>
            <w x="1879">his</w>
            <w x="2067">clothes,</w>
        </line>
        <line c="1375" h="59" n="11">
            <w x="1244">And</w>
            <w x="1437">dupped</w>
            <w x="1553">the</w>
            <w x="1915">
                <choice>
                    <orig>chamber-door;</orig>
                    <reg>chamber door</reg>
                    <reg>chamber</reg>
                    <reg>door;</reg>
                </choice>
            </w>
        </line>
        <line c="1434" h="54" n="12">
            <w x="1161">Let</w>
            <w x="1230">in</w>
            <w x="1319">the</w>
            <w x="1474">maid,</w>
            <w x="1588">that</w>
            <w x="1683">out</w>
            <w x="1730">a</w>
            <w x="1871">maid</w>
        </line>
        <line c="1498" h="61" n="13">
            <w x="1281">Never</w>
            <w x="1506">departed</w>
            <w x="1653">more.</w>
        </line>
        <line c="1599" h="61" n="14">
            <w x="1093">King.</w>
            <w x="1293">Pretty</w>
            <w x="1528">Ophelia!</w>
        </line>
        <line c="1661" h="62" n="15">
            <w x="1070">Oph.</w>
            <w x="1295">Indeed,</w>
            <w x="1497">without</w>
            <w x="1570">an</w>
            <w x="1703">oath,</w>
            <w x="1785">
                <choice>
                    <orig>I'll</orig>
                    <reg>I will</reg>
                    <reg>I</reg>
                    <reg>will</reg>
                </choice>
            </w>
            <w x="1928">make</w>
            <w x="2001">an</w>
            <w x="2110">end</w>
            <w x="2236">
                <choice>
                    <orig>on't.</orig>
                    <reg>on it.</reg>
                    <reg>on</reg>
                    <reg>it.</reg>
                </choice>
            </w>
        </line>
    </div>
</body>
