<body>
    <div id="2" x="829" y="2450" group="1" width="1334" height="668" type="score" sealts="460_2_2.078" attribution="HM"
        mode="comedy" play="8a">
        <line c="2486" h="65" n="30">
            <w x="1052">Biron.</w>
            <w x="1171">By</w>
            <w x="1265">yea</w>
            <w x="1369">and</w>
            <w x="1483">nay,</w>
            <w x="1575">sir,</w>
            <w x="1701">then</w>
            <w x="1742">I</w>
            <w x="1900">swore</w>
            <w x="1967">in</w>
            <w x="2082">jest.</w>
        </line>
        <line c="2542" h="62" n="31">
            <w x="972">What</w>
            <w x="1027">is</w>
            <w x="1119">the</w>
            <w x="1226">end</w>
            <w x="1295">of</w>
            <w x="1479">study?</w>
            <w x="1628">Let</w>
            <w x="1716">me</w>
            <w x="1881">know.</w>
        </line>
        <line c="2590" h="96" n="32">
            <w x="1046">King.</w>
            <w x="1206">Why,</w>
            <w x="1331">that</w>
            <w x="1405">to</w>
            <w x="1578">know,</w>
            <w x="1753">which</w>
            <w x="1875">else</w>
            <w x="1975">we</w>
            <w x="2156">should</w>
        </line>
        <line c="2659" h="42" n="33">
            <w x="1154">not</w>
            <w x="1316">know.</w>
        </line>
        <line c="2722" h="63" n="34">
            <w x="1060">Biron.</w>
            <w x="1262">Things</w>
            <w x="1375">hid</w>
            <w x="1503">and</w>
            <w x="1710">barred,</w>
            <w x="1829">you</w>
            <w x="2013">mean,</w>
            <w x="2155">from</w>
        </line>
        <line c="2778" h="46" n="35">
            <w x="1277">common</w>
            <w x="1445">sense?</w>
        </line>
        <line c="2844" h="62" n="36">
            <w x="1037">King.</w>
            <w x="1162">Ay,</w>
            <w x="1272">that</w>
            <w x="1328">is</w>
            <w x="1511">study's</w>
            <w x="1700">godlike</w>
            <w x="2011">recompense.</w>
        </line>
        <line c="2904" h="58" n="37">
            <w x="1053">Biron.</w>
            <w x="1233">Come</w>
            <w x="1310">on</w>
            <w x="1460">then;</w>
            <w x="1513">I</w>
            <w x="1622">will</w>
            <w x="1780">swear</w>
            <w x="1844">to</w>
            <w x="1992">study</w>
            <w x="2072">so,</w>
        </line>
        <line c="2964" h="59" n="38">
            <w x="912">To</w>
            <w x="1063">know</w>
            <w x="1157">the</w>
            <w x="1300">thing</w>
            <w x="1340">I</w>
            <w x="1432">am</w>
            <w x="1588">forbid</w>
            <w x="1654">to</w>
            <w x="1817">know.</w>
        </line>
        <line c="3024" h="60" n="39">
            <w x="905">As</w>
            <w x="1154">thus&#8212;</w>
            <w x="972">To</w>
            <w x="1299">study</w>
            <w x="1463">where</w>
            <w x="1504">I</w>
            <w x="1625">well</w>
            <w x="1744">may</w>
            <w x="1878">dine,</w>
        </line>
        <line c="3092" h="79" n="40">
            <w x="1045">When</w>
            <w x="1086">I</w>
            <w x="1154">to</w>
            <w x="1284">feast</w>
            <w x="1520">expressly</w>
            <w x="1609">am</w>
            <w x="1785">forbid;</w>
        </line>
    </div>
</body>
