<body>
    <div id="2" x="681" y="3145" group="1" width="1512" height="149" type="annotated" erasure="true"
        sealts="460_2_2.353" attribution="HM" mode="comedy" play="11a">
        <line c="2696" h="69" n="33">
            <w x="576">Par.</w>
            <w x="706">Let</w>
            <w x="815">me</w>
            <w x="945">see.</w>
        </line>
    </div>
    <div id="3" group="2" x="911" y="2632" width="60" height="57" type="annotation" erasure="true"
        sealts="460_2_2.353" attribution="HM" mode="comedy" play="11a">
        <line n="1" h="57" c="2661">
            <w x="967">2</w>
        </line>
    </div>
    <div id="4" group="3" x="670" y="3093" width="796" height="68" type="annotated" erasure="true"
        sealts="460_2_2.353" attribution="HM" mode="commentary" section="notes" play="11a">
        <line n="1" h="68" c="3127">
            <blank x="714"/>
            <w x="860">Hanmer</w>
            <w x="1028">proposes</w>
            <w x="1073">to</w>
            <w x="1258">substitute</w>
            <w x="1322">ten</w>
            <w x="1391">for</w>
            <w x="1461">two.</w>
        </line>
    </div>
    <div id="5" x="681" y="3145" group="4" width="1512" height="149" type="annotation"
        erasure="true" sealts="460_2_2.353" attribution="HM" mode="commentary" section="notes" play="11a">
        <line n="1" h="149" c="3220">
            <w x="754">2</w>
            <w x="973">Smith</w>
            <w x="1256">proposes</w>
            <w x="1334">to</w>
            <w x="1668">substitute</w>
            <w x="1933">"discern"</w>
            <w x="2039">for</w>
            <w x="2186">"see."</w>
        </line>
    </div>
</body>
