<body>
    <div id="2" x="333" y="1656" group="1" width="1097" height="201" type="scoresinout"
        sealts="460_6_6.435" attribution="HM" mode="other" play="2d">
        <line c="1700" h="62" n="18">
            <w x="448">One</w>
            <w x="552">sin,</w>
            <w x="595">I</w>
            <w x="765">know,</w>
            <w x="971">another</w>
            <w x="1097">doth</w>
            <w x="1335">provoke;</w>
        </line>
        <line c="1760" h="59" n="17">
            <w x="561">
                <choice>
                    <orig>Murder's</orig>
                    <reg>Murder is</reg>
                    <reg>Murder</reg>
                    <reg>is</reg>
                </choice>
            </w>
            <w x="630">as</w>
            <w x="756">near</w>
            <w x="822">to</w>
            <w x="942">lust,</w>
            <w x="1013">as</w>
            <w x="1162">flame</w>
            <w x="1230">to</w>
            <w x="1416">smoke.</w>
        </line>
        <line c="1820" h="64" n="19">
            <w x="506">Poison</w>
            <w x="615">and</w>
            <w x="808">treason</w>
            <w x="902">are</w>
            <w x="998">the</w>
            <w x="1159">hands</w>
            <w x="1230">of</w>
            <w x="1326">sin,</w>
        </line>
    </div>
</body>
