<body>
    <div id="2" x="933" y="2139" group="1" width="1251" height="509" type="score" sealts="460_7_7.322" attribution="HM"
        mode="tragedy" play="9c">
        <line c="2180" h="57" n="25">
            <w x="1051">But,</w>
            <w x="1196">what</w>
            <w x="1286">we</w>
            <w x="1366">do</w>
            <w x="1627">determine</w>
            <w x="1714">oft</w>
            <w x="1803">we</w>
            <w x="1974">break.</w>
        </line>
        <line c="2245" h="62" n="26">
            <w x="1141">Purpose</w>
            <w x="1201">is</w>
            <w x="1303">but</w>
            <w x="1398">the</w>
            <w x="1537">slave</w>
            <w x="1605">to</w>
            <w x="1848">memory;</w>
        </line>
        <line c="2306" h="60" n="27">
            <w x="1017">Of</w>
            <w x="1195">violent</w>
            <w x="1344">birth,</w>
            <w x="1448">but</w>
            <w x="1572">poor</w>
            <w x="1800">validity;</w>
        </line>
        <line c="2366" h="61" n="28">
            <w x="1108">Which</w>
            <w x="1246">now,</w>
            <w x="1357">like</w>
            <w x="1485">fruit</w>
            <w x="1672">unripe,</w>
            <w x="1831">sticks</w>
            <w x="1909">on</w>
            <w x="2007">the</w>
            <w x="2146">tree;</w>
        </line>
        <line c="2428" h="60" n="29">
            <w x="1041">But</w>
            <w x="1149">fall,</w>
            <w x="1418">unshaken,</w>
            <w x="1574">when</w>
            <w x="1702">they</w>
            <w x="1897">mellow</w>
            <w x="1988">be.</w>
        </line>
        <line c="2489" h="77" n="30">
            <w x="885">Most</w>
            <w x="1326">necessary</w>
            <w x="1432">
                <choice>
                    <orig>'tis,</orig>
                    <reg>it is,</reg>
                    <reg>it</reg>
                    <reg>is</reg>
                </choice>
            </w>
            <w x="1552">that</w>
            <w x="1642">we</w>
            <w x="1807">forget</w>
        </line>
        <line c="2553" h="63" n="31">
            <w x="1124">To</w>
            <w x="1250">pay</w>
            <w x="1360">ourselves</w>
            <w x="1503">what</w>
            <w x="1570">to</w>
            <w x="1808">ourselves</w>
            <w x="1866">is</w>
            <w x="2006">debt.</w>
        </line>
        <line c="2616" h="60" n="32">
            <w x="872">What</w>
            <w x="1151">to</w>
            <w x="1389">ourselves</w>
            <w x="1456">in</w>
            <w x="1652">passion</w>
            <w x="1744">we</w>
            <w x="1963">propose,</w>
        </line>
    </div>
</body>
