<body>
    <div id="2" x="867" y="1139" group="1" width="1160" height="143" type="score" sealts="460_7_7.122" attribution="HM"
        mode="tragedy" play="7c">
        <line n="9" h="71" c="1175">
            <w x="985">And</w>
            <w x="1080">the</w>
            <w x="1202">best</w>
            <w x="1426">quarrels,</w>
            <w x="1492">in</w>
            <w x="1587">the</w>
            <w x="1734">heat,</w>
            <w x="1835">are</w>
            <w x="2017">cursed</w>
        </line>
        <line n="10" h="71" c="1246">
            <w x="961">By</w>
            <w x="1104">those</w>
            <w x="1216">that</w>
            <w x="1328">feel</w>
            <w x="1457">their</w>
            <w x="1800">sharpness.&#8212;</w>
        </line>
    </div>
</body>
