<body>
    <div id="2" x="445" y="2489" group="1" width="1112" height="132" type="checkmark"
        sealts="460_2_2.421" attribution="HM" mode="comedy" play="11a">
        <line n="30" h="66" c="2522">
            <w x="545">For</w>
            <w x="703">count</w>
            <w x="759">of</w>
            <w x="869">this,</w>
            <w x="951">the</w>
            <w x="1135">count's</w>
            <w x="1184">a</w>
            <w x="1310">fool,</w>
            <w x="1358">I</w>
            <w x="1497">know</w>
            <w x="1555">it,</w>
        </line>
        <line n="31" h="66" c="2588">
            <w x="561">Who</w>
            <w x="688">pays</w>
            <w x="855">before,</w>
            <w x="959">but</w>
            <w x="1051">not</w>
            <w x="1189">when</w>
            <w x="1260">he</w>
            <w x="1388">does</w>
            <w x="1494">owe</w>
            <w x="1556">it.</w>
        </line>
    </div>
</body>
