<body>
    <div id="2" x="764" y="1464" group="1" width="1334" height="386" type="score" sealts="460_1_c360" attribution="HM"
        mode="comedy" play="5a">
        <line c="1504" h="62" n="14">
            <w x="879">The</w>
            <w x="1101">tempter,</w>
            <w x="1173">or</w>
            <w x="1272">the</w>
            <w x="1511">tempted,</w>
            <w x="1637">who</w>
            <w x="1749">sins</w>
            <w x="1924">most?</w>
            <w x="2090">Ha!</w>
        </line>
        <line c="1566" h="61" n="15">
            <w x="964">Not</w>
            <w x="995">she;</w>
            <w x="1110">nor</w>
            <w x="1240">doth</w>
            <w x="1339">she</w>
            <w x="1506">tempt:</w>
            <w x="1651">but</w>
            <w x="1708">it</w>
            <w x="1765">is</w>
            <w x="1824">I,</w>
        </line>
        <line c="1629" h="68" n="16">
            <w x="908">That,</w>
            <w x="1055">lying</w>
            <w x="1137">by</w>
            <w x="1234">the</w>
            <w x="1404">violet,</w>
            <w x="1475">in</w>
            <w x="1573">the</w>
            <w x="1695">sun,</w>
        </line>
        <line c="1690" h="56" n="17">
            <w x="861">Do,</w>
            <w x="933">as</w>
            <w x="1031">the</w>
            <w x="1224">carrion</w>
            <w x="1369">does,</w>
            <w x="1472">not</w>
            <w x="1543">as</w>
            <w x="1641">the</w>
            <w x="1832">flower,</w>
        </line>
        <line c="1753" h="63" n="18">
            <w x="965">Corrupt</w>
            <w x="1097">with</w>
            <w x="1312">virtuous</w>
            <w x="1528">season.</w>
            <w x="1693">Can</w>
            <w x="1751">it</w>
            <w x="1842">be,</w>
        </line>
        <line c="1817" h="64" n="19">
            <w x="894">That</w>
            <w x="1119">modesty</w>
            <w x="1243">may</w>
            <w x="1384">more</w>
            <w x="1564">betray</w>
            <w x="1663">our</w>
            <w x="1814">sense</w>
        </line>
    </div>
</body>
