<body>
	<div id="2" x="348" y="1288" group="1" width="1046" height="135" type="checkmark"
		sealts="460_4_4.117" attribution="HM" mode="history" play="4b">
		<line c="1331" h="55" n="3">
			<w x="423">O,</w>
			<w x="534">FOR</w>
			<w x="583">a</w>
			<w x="726">muse</w>
			<w x="799">of</w>
			<w x="914">fire,</w>
			<w x="1034">that</w>
			<w x="1198">would</w>
			<w x="1382">ascend</w>
		</line>
		<line c="1395" h="60" n="4">
			<w x="463">The</w>
			<w x="698">brightest</w>
			<w x="886">heaven</w>
			<w x="957">of</w>
			<w x="1229">invention!</w>
		</line>
	</div>
	<div id="3" x="344" y="2584" group="2" width="1207" height="138" type="checkmark"
		sealts="460_4_4.117" attribution="HM" mode="history" play="4b">
		<line c="2622" h="63" n="24">
			<w x="455">The</w>
			<w x="677">perilous,</w>
			<w x="871">narrow</w>
			<w x="1028">ocean</w>
			<w x="1171">parts</w>
			<w x="1393">asunder.</w>
		</line>
		<line c="2685" h="66" n="25">
			<w x="487">Piece</w>
			<w x="586">out</w>
			<w x="684">our</w>
			<w x="1026">imperfections</w>
			<w x="1158">with</w>
			<w x="1285">your</w>
			<w x="1539">thoughts;</w>
		</line>
	</div>
</body>
