<body>
    <div id="2" x="1034" y="1548" group="1" width="999" height="189" type="score" sealts="460_2_2.272" attribution="HM"
        mode="comedy" play="10a">
        <line c="1583" h="61" n="15">
            <w x="1091">If</w>
            <w x="1230">their</w>
            <w x="1480">purgation</w>
            <w x="1576">did</w>
            <w x="1761">consist</w>
            <w x="1827">in</w>
            <w x="2006">words,</w>
        </line>
        <line c="1645" h="61" n="16">
            <w x="1179">They</w>
            <w x="1272">are</w>
            <w x="1344">as</w>
            <w x="1572">innocent</w>
            <w x="1641">as</w>
            <w x="1791">grace</w>
            <w x="2009">itself.&#8212;</w>
        </line>
        <line c="1704" h="57" n="17">
            <w x="1137">Let</w>
            <w x="1192">it</w>
            <w x="1362">suffice</w>
            <w x="1501">thee,</w>
            <w x="1620">that</w>
            <w x="1660">I</w>
            <w x="1794">trust</w>
            <w x="1916">thee</w>
            <w x="2029">not.</w>
        </line>
    </div>
</body>
