<body>
	<div id="2" x="647" y="508" group="1" width="886" height="801" type="score" sealts="460_5_5.204" attribution="HM"
		mode="history" play="6b">
		<line c="535" h="40" n="1">
			<w x="828">Cromwell,</w>
			<w x="856">I</w>
			<w x="972">charge</w>
			<w x="1061">thee,</w>
			<w x="1151">fling</w>
			<w x="1240">away</w>
			<w x="1407">ambition;</w>
		</line>
		<line c="579" h="40" n="2">
			<w x="712">By</w>
			<w x="787">that</w>
			<w x="843">sin</w>
			<w x="904">fell</w>
			<w x="966">the</w>
			<w x="1094">angels;</w>
			<w x="1180">how</w>
			<w x="1244">can</w>
			<w x="1332">man,</w>
			<w x="1425">then,</w>
		</line>
		<line c="618" h="40" n="3">
			<w x="731">The</w>
			<w x="837">image</w>
			<w x="883">of</w>
			<w x="935">his</w>
			<w x="1060">Maker,</w>
			<w x="1146">hope</w>
			<w x="1191">to</w>
			<w x="1262">win</w>
			<w x="1359">
				<choice>
					<orig>by't?</orig>
					<reg>by it?</reg>
					<reg>by</reg>
					<reg>it?</reg>
				</choice>
			</w>
		</line>
		<line c="657" h="40" n="4">
			<w x="745">Love</w>
			<w x="865">thyself</w>
			<w x="945">last;</w>
			<w x="1074">cherish</w>
			<w x="1167">those</w>
			<w x="1273">hearts</w>
			<w x="1348">that</w>
			<w x="1426">hate</w>
			<w x="1523">thee;</w>
		</line>
		<line c="697" h="39" n="5">
			<w x="835">Corruption</w>
			<w x="921">wins</w>
			<w x="984">not</w>
			<w x="1073">more</w>
			<w x="1156">than</w>
			<w x="1307">honesty;</w>
		</line>
		<line c="736" h="39" n="6">
			<w x="731">Still</w>
			<w x="773">in</w>
			<w x="838">thy</w>
			<w x="925">right</w>
			<w x="1013">hand</w>
			<w x="1105">carry</w>
			<w x="1214">gentle</w>
			<w x="1324">peace,</w>
		</line>
		<line c="772" h="46" n="7">
			<w x="720">To</w>
			<w x="830">silence</w>
			<w x="959">envious</w>
			<w x="1101">tongues.</w>
			<w x="1185">Be</w>
			<w x="1264">just,</w>
			<w x="1336">and</w>
			<w x="1408">fear</w>
			<w x="1487">not;</w>
		</line>
		<line c="815" h="39" n="8">
			<w x="725">Let</w>
			<w x="774">all</w>
			<w x="835">the</w>
			<w x="920">ends</w>
			<w x="1002">thou</w>
			<w x="1108">
				<choice>
					<orig>aim'st</orig>
					<reg>aim</reg>
				</choice>
			</w>
			<w x="1158">at,</w>
			<w x="1206">be</w>
			<w x="1271">thy</w>
			<w x="1433">country's,</w>
		</line>
		<line c="855" h="42" n="9">
			<w x="734">Thy</w>
			<w x="846">God's,</w>
			<w x="922">and</w>
			<w x="1052">truth's;</w>
			<w x="1141">then</w>
			<w x="1180">if</w>
			<w x="1265">thou</w>
			<w x="1371">
				<choice>
					<orig>fall'st,</orig>
					<reg>fall,</reg>
				</choice>
			</w>
			<w x="1418">O</w>
			<w x="1531">
				<choice>
					<hyph>Crom-</hyph>
					<reg>
						<reg>Cromwell</reg>
					</reg>
				</choice>
			</w>
		</line>
		<line c="892" h="35" n="10">
			<w x="898" endhyph="true">well,</w>
		</line>
		<line c="933" h="39" n="11">
			<w x="750">Thou</w>
			<w x="849">
				<choice>
					<orig>fall'st</orig>
					<reg>fall</reg>
				</choice>
			</w>
			<w x="879">a</w>
			<w x="1003">blessed</w>
			<w x="1129">martyr.</w>
			<w x="1268">Serve</w>
			<w x="1328">the</w>
			<w x="1420">King:</w>
		</line>
		<line c="973" h="39" n="12">
			<w x="742">And,</w>
			<w x="965">
				<choice>
					<orig>&#8212;Pr'ythee,</orig>
					<reg>&#8212;Pray thee,</reg>
					<reg>&#8212;Prithee,</reg>
					<reg>&#8212;Pray</reg>
					<reg>thee,</reg>
				</choice>
			</w>
			<w x="1042">lead</w>
			<w x="1101">me</w>
			<w x="1162">in:</w>
		</line>
		<line c="1012" h="40" n="13">
			<w x="761">There</w>
			<w x="841">take</w>
			<w x="892">an</w>
			<w x="1053">inventory</w>
			<w x="1098">of</w>
			<w x="1144">all</w>
			<w x="1171">I</w>
			<w x="1204">have</w>
		</line>
		<line c="1052" h="39" n="14">
			<w x="712">To</w>
			<w x="773">the</w>
			<w x="841">last</w>
			<w x="966">penny:</w>
			<w x="1033">
				<choice>
					<orig>'tis</orig>
					<reg>it is</reg>
					<reg>it</reg>
					<reg>is</reg>
				</choice>
			</w>
			<w x="1094">the</w>
			<w x="1201">king's:</w>
			<w x="1288">my</w>
			<w x="1377">robe,</w>
		</line>
		<line c="1091" h="39" n="15">
			<w x="733">And</w>
			<w x="794">my</w>
			<w x="941">integrity</w>
			<w x="983">to</w>
			<w x="1127">Heaven,</w>
			<w x="1166">is</w>
			<w x="1215">all</w>
		</line>
		<line c="1129" h="41" n="16">
			<w x="679">I</w>
			<w x="760">dare</w>
			<w x="840">now</w>
			<w x="906">call</w>
			<w x="995">mine</w>
			<w x="1084">own.</w>
			<w x="1154">O</w>
			<w x="1330">Cromwell,</w>
			<w x="1507">Cromwell,</w>
		</line>
		<line c="1169" h="39" n="17">
			<w x="734">Had</w>
			<w x="761">I</w>
			<w x="827">but</w>
			<w x="939">served</w>
			<w x="1001">my</w>
			<w x="1084">God</w>
			<w x="1168">with</w>
			<w x="1243">half</w>
			<w x="1301">the</w>
			<w x="1377">zeal</w>
		</line>
		<line c="1209" h="39" n="18">
			<w x="679">I</w>
			<w x="791">served</w>
			<w x="852">my</w>
			<w x="944">king,</w>
			<w x="995">he</w>
			<w x="1104">would</w>
			<w x="1168">not</w>
			<w x="1210">in</w>
			<w x="1299">mine</w>
			<w x="1367">age</w>
		</line>
		<line c="1241" h="36" n="19">
			<w x="748">Have</w>
			<w x="813">left</w>
			<w x="871">me</w>
			<w x="980">naked</w>
			<w x="1024">to</w>
			<w x="1112">mine</w>
			<w x="1274">enemies.</w>
		</line>
		<line c="1288" h="39" n="20">
			<w x="800">Crom.</w>
			<w x="912">Good</w>
			<w x="971">sir,</w>
			<w x="1056">have</w>
			<w x="1210">patience.</w>
		</line>
	</div>
</body>
