<body>
    <div id="2" x="340" y="991" group="1" width="1396" height="448" type="score" sealts="460_1_b15" attribution="HM"
        mode="commentary" section="life">
        <line c="1019" h="63" n="6">
            <w x="517">decease,</w>
            <w x="607">the</w>
            <w x="770">writer,</w>
            <w x="934">addressing</w>
            <w x="1104">his</w>
            <w x="1249">fellow</w>
            <w x="1502">dramatists,</w>
            <w x="1722">Marlowe,</w>
        </line>
        <line c="1082" h="62" n="7">
            <w x="469">Peele,</w>
            <w x="520">and</w>
            <w x="718">Lodge,</w>
            <w x="832">says,</w>
            <w x="875">"Yes!</w>
            <w x="1116">trust</w>
            <w x="1242">them</w>
            <w x="1315">not"</w>
            <w x="1448">(the</w>
            <w x="1661">managers</w>
            <w x="1720">of</w>
        </line>
        <line c="1156" h="55" n="8">
            <w x="411">the</w>
            <w x="625">theatre);</w>
            <w x="728">"for</w>
            <w x="857">there</w>
            <w x="919">is</w>
            <w x="996">an</w>
            <w x="1163">upstart</w>
            <w x="1302">crow,</w>
            <w x="1516">beautified</w>
            <w x="1631">with</w>
            <w x="1723">our</w>
        </line>
        <line c="1215" h="62" n="9">
            <w x="518">feathers,</w>
            <w x="634">that,</w>
            <w x="750">with</w>
            <w x="838">his</w>
            <w x="996">tiger's</w>
            <w x="1122">heart</w>
            <w x="1317">wrapped</w>
            <w x="1373">in</w>
            <w x="1414">a</w>
            <w x="1594">player's</w>
            <w x="1722">hide,</w>
        </line>
        <line c="1287" h="50" n="10">
            <w x="522">supposes</w>
            <w x="585">he</w>
            <w x="634">is</w>
            <w x="692">as</w>
            <w x="790">well</w>
            <w x="890">able</w>
            <w x="945">to</w>
            <w x="1127">bombast</w>
            <w x="1207">out</w>
            <w x="1247">a</w>
            <w x="1376">blank</w>
            <w x="1489">verse</w>
            <w x="1547">as</w>
            <w x="1626">the</w>
            <w x="1725">best</w>
        </line>
        <line c="1361" h="67" n="11">
            <w x="393">of</w>
            <w x="501">you;</w>
            <w x="614">and,</w>
            <w x="745">being</w>
            <w x="815">an</w>
            <w x="991">absolute</w>
            <w x="1196">Johannes</w>
            <w x="1422">Factotum,</w>
            <w x="1472">is</w>
            <w x="1537">in</w>
            <w x="1625">his</w>
            <w x="1724">own</w>
        </line>
        <line c="1418" h="56" n="12">
            <w x="496">conceit</w>
            <w x="574">the</w>
            <w x="675">only</w>
            <w x="946">
                <choice>
                    <orig>Shake-scene</orig>
                    <reg>Shake scene</reg>
                    <reg>scene</reg>
                </choice>
            </w>
            <w x="1013">in</w>
            <w x="1053">a</w>
            <w x="1258">country."</w>
            <w x="1367">As</w>
            <w x="1423">it</w>
            <w x="1559">could</w>
            <w x="1652">not</w>
            <w x="1724">be</w>
        </line>
    </div>
</body>
