<body>
    <div id="2" x="222" y="2418" group="1" width="922" height="58" type="line" type2="checkmark"
        sealts="460_1_c111" attribution="HM" mode="comedy" play="2a">
        <line n="26" h="58" c="2447">
            <w x="262">I</w>
            <w x="328">to</w>
            <w x="506">myself</w>
            <w x="600">am</w>
            <w x="772">dearer</w>
            <w x="906">than</w>
            <w x="950">a</w>
            <w x="1136">friend;</w>
        </line>
    </div>
</body>
