<body>
    <div id="2" x="988" y="1559" group="1" width="1350" height="506" type="score" sealts="460_2_2.294" attribution="HM"
        mode="comedy" play="10a">
        <line c="1532" h="65" n="13">
            <w x="1229">Touch.</w>
            <w x="1419">Truly,</w>
            <w x="1671">shepherd,</w>
            <w x="1755">in</w>
            <w x="1970">respect</w>
            <w x="2025">of</w>
            <w x="2167">itself,</w>
            <w x="2211">it</w>
            <w x="2290">is</w>
            <w x="2336">a</w>
        </line>
        <line c="1595" h="65" n="13">
            <w x="1108">good</w>
            <w x="1229">life;</w>
            <w x="1341">but</w>
            <w x="1419">in</w>
            <w x="1619">respect</w>
            <w x="1734">that</w>
            <w x="1790">it</w>
            <w x="1846">is</w>
            <w x="1894">a</w>
            <w x="2167">shepherd's</w>
            <w x="2274">life,</w>
            <w x="2336">it</w>
        </line>
        <line c="1657" h="64" n="14">
            <w x="1032">is</w>
            <w x="1233">naught.</w>
            <w x="1349">In</w>
            <w x="1553">respect</w>
            <w x="1671">that</w>
            <w x="1726">it</w>
            <w x="1782">is</w>
            <w x="1992">solitary,</w>
            <w x="2035">I</w>
            <w x="2145">like</w>
            <w x="2211">it</w>
            <w x="2329">very</w>
        </line>
        <line c="1717" h="63" n="15">
            <w x="1122">well;</w>
            <w x="1234">but</w>
            <w x="1300">in</w>
            <w x="1497">respect</w>
            <w x="1614">that</w>
            <w x="1668">it</w>
            <w x="1724">is</w>
            <w x="1924">private,</w>
            <w x="1982">it</w>
            <w x="2049">is</w>
            <w x="2109">a</w>
            <w x="2230">very</w>
            <w x="2329">vile</w>
        </line>
        <line c="1779" h="62" n="16">
            <w x="1084">life.</w>
            <w x="1264">Now,</w>
            <w x="1346">in</w>
            <w x="1538">respect</w>
            <w x="1594">it</w>
            <w x="1650">is</w>
            <w x="1717">in</w>
            <w x="1812">the</w>
            <w x="1970">fields,</w>
            <w x="2025">it</w>
            <w x="2240">
                <choice>
                    <orig>pleaseth</orig>
                    <reg>pleases</reg>
                </choice>
            </w>
            <w x="2328">me</w>
        </line>
        <line c="1840" h="63" n="17">
            <w x="1123">well;</w>
            <w x="1236">but</w>
            <w x="1300">in</w>
            <w x="1493">respect</w>
            <w x="1548">it</w>
            <w x="1604">is</w>
            <w x="1704">not</w>
            <w x="1769">in</w>
            <w x="1864">the</w>
            <w x="2022">court,</w>
            <w x="2074">it</w>
            <w x="2130">is</w>
            <w x="2329">tedious.</w>
        </line>
        <line c="1902" h="65" n="18">
            <w x="1061">As</w>
            <w x="1117">it</w>
            <w x="1173">is</w>
            <w x="1222">a</w>
            <w x="1373">spare</w>
            <w x="1493">life,</w>
            <w x="1617">look</w>
            <w x="1749">you,</w>
            <w x="1807">it</w>
            <w x="1908">fits</w>
            <w x="2019">my</w>
            <w x="2189">humor</w>
            <w x="2330">well;</w>
        </line>
        <line c="1966" h="70" n="19">
            <w x="1077">but</w>
            <w x="1157">as</w>
            <w x="1311">there</w>
            <w x="1381">is</w>
            <w x="1472">no</w>
            <w x="1623">more</w>
            <w x="1809">plenty</w>
            <w x="1889">in</w>
            <w x="1975">it,</w>
            <w x="2045">it</w>
            <w x="2179">goes</w>
            <w x="2333">much</w>
        </line>
        <line c="2025" h="65" n="20">
            <w x="1168">against</w>
            <w x="1275">my</w>
            <w x="1514">stomach.</w>
            <w x="1696">Hast</w>
            <w x="1822">any</w>
            <w x="2108">philosophy</w>
            <w x="2185">in</w>
            <w x="2331">thee,</w>
        </line>
        <line c="2088" h="65" n="21">
            <w x="1264">shepherd?</w>
        </line>
    </div>
</body>
