<body>
    <div id="2" x="695" y="630" group="1" width="1396" height="1567" type="score" sealts="460_1_c450" attribution="HM"
        mode="comedy" play="6a">
        <line c="681" h="63" n="1">
            <w x="798">the</w>
            <w x="1067">argument</w>
            <w x="1152">of</w>
            <w x="1249">his</w>
            <w x="1388">own</w>
            <w x="1564">scorn,</w>
            <w x="1666">by</w>
            <w x="1848">falling</w>
            <w x="1930">in</w>
            <w x="2078">love.</w>
        </line>
        <line c="735" h="49" n="2">
            <w x="827">And</w>
            <w x="977">such</w>
            <w x="1028">a</w>
            <w x="1163">man</w>
            <w x="1234">is</w>
            <w x="1473">Claudio.</w>
            <w x="1560">I</w>
            <w x="1707">have</w>
            <w x="1907">known</w>
            <w x="2080">when</w>
        </line>
        <line c="803" h="56" n="3">
            <w x="846">there</w>
            <w x="962">was</w>
            <w x="1052">no</w>
            <w x="1222">music</w>
            <w x="1360">with</w>
            <w x="1482">him</w>
            <w x="1584">but</w>
            <w x="1679">the</w>
            <w x="1834">drum</w>
            <w x="1956">and</w>
            <w x="2078">fife;</w>
        </line>
        <line c="867" h="61" n="4">
            <w x="811">and</w>
            <w x="935">now</w>
            <w x="1052">had</w>
            <w x="1136">he</w>
            <w x="1314">rather</w>
            <w x="1449">hear</w>
            <w x="1555">the</w>
            <w x="1713">tabor</w>
            <w x="1832">and</w>
            <w x="1928">the</w>
            <w x="2078">pipe.</w>
        </line>
        <line c="922" h="47" n="5">
            <w x="744">I</w>
            <w x="887">have</w>
            <w x="1084">known</w>
            <w x="1248">when</w>
            <w x="1332">he</w>
            <w x="1502">would</w>
            <w x="1644">have</w>
            <w x="1851">walked</w>
            <w x="1950">ten</w>
            <w x="2079">mile</w>
        </line>
        <line c="991" h="61" n="6">
            <w x="861">afoot</w>
            <w x="925">to</w>
            <w x="1021">see</w>
            <w x="1081">a</w>
            <w x="1225">good</w>
            <w x="1424">armor;</w>
            <w x="1547">and</w>
            <w x="1682">now</w>
            <w x="1802">will</w>
            <w x="1890">he</w>
            <w x="1980">lie</w>
            <w x="2080">ten</w>
        </line>
        <line c="1055" h="64" n="7">
            <w x="871">nights</w>
            <w x="1074">awake,</w>
            <w x="1275">carving</w>
            <w x="1381">the</w>
            <w x="1585">fashion</w>
            <w x="1668">of</w>
            <w x="1720">a</w>
            <w x="1853">new</w>
            <w x="2078">doublet.</w>
        </line>
        <line c="1115" h="61" n="8">
            <w x="799">He</w>
            <w x="914">was</w>
            <w x="1059">
                <choice>
                    <orig>wont</orig>
                    <reg>want</reg>
                </choice>
            </w>
            <w x="1135">to</w>
            <w x="1306">speak</w>
            <w x="1459">plain,</w>
            <w x="1571">and</w>
            <w x="1639">to</w>
            <w x="1736">the</w>
            <w x="1968">purpose,</w>
            <w x="2079">like</w>
        </line>
        <line c="1175" h="56" n="9">
            <w x="775">an</w>
            <w x="969">honest</w>
            <w x="1103">man</w>
            <w x="1226">and</w>
            <w x="1274">a</w>
            <w x="1477">soldier;</w>
            <w x="1600">and</w>
            <w x="1734">now</w>
            <w x="1803">is</w>
            <w x="1890">he</w>
            <w x="2081">turned</w>
        </line>
        <line c="1241" h="62" n="10">
            <w x="1033">orthographer;</w>
            <w x="1161">his</w>
            <w x="1322">words</w>
            <w x="1417">are</w>
            <w x="1467">a</w>
            <w x="1592">very</w>
            <w x="1855">fantastical</w>
            <w x="2078">banquet,</w>
        </line>
        <line c="1303" h="62" n="11">
            <w x="824">just</w>
            <w x="894">so</w>
            <w x="1049">many</w>
            <w x="1246">strange</w>
            <w x="1439">dishes.</w>
            <w x="1617">May</w>
            <w x="1659">I</w>
            <w x="1737">be</w>
            <w x="1809">so</w>
            <w x="2079">converted,</w>
        </line>
        <line c="1364" h="61" n="12">
            <w x="811">and</w>
            <w x="907">see</w>
            <w x="1040">with</w>
            <w x="1195">these</w>
            <w x="1330">eyes?</w>
            <w x="1420">I</w>
            <w x="1616">cannot</w>
            <w x="1750">tell;</w>
            <w x="1806">I</w>
            <w x="1968">think</w>
            <w x="2079">not.</w>
        </line>
        <line c="1427" h="60" n="13">
            <w x="745">I</w>
            <w x="858">will</w>
            <w x="975">not</w>
            <w x="1045">be</w>
            <w x="1240">sworn,</w>
            <w x="1343">but</w>
            <w x="1459">love</w>
            <w x="1584">may</w>
            <w x="1836">transform</w>
            <w x="1936">me</w>
            <w x="2004">to</w>
            <w x="2082">an</w>
        </line>
        <line c="1490" h="62" n="14">
            <w x="896">oyster;</w>
            <w x="1010">but</w>
            <w x="1099">
                <choice>
                    <orig>I'll</orig>
                    <reg>I will</reg>
                    <reg>I</reg>
                    <reg>will</reg>
                </choice>
            </w>
            <w x="1224">take</w>
            <w x="1335">my</w>
            <w x="1459">oath</w>
            <w x="1542">on</w>
            <w x="1612">it,</w>
            <w x="1700">till</w>
            <w x="1787">he</w>
            <w x="1930">have</w>
            <w x="2082">made</w>
        </line>
        <line c="1552" h="63" n="15">
            <w x="782">an</w>
            <w x="950">oyster</w>
            <w x="1025">of</w>
            <w x="1133">me,</w>
            <w x="1212">he</w>
            <w x="1354">shall</w>
            <w x="1515">never</w>
            <w x="1666">make</w>
            <w x="1770">me</w>
            <w x="1912">such</w>
            <w x="1960">a</w>
            <w x="2081">fool.</w>
        </line>
        <line c="1614" h="60" n="16">
            <w x="827">One</w>
            <w x="1025">woman</w>
            <w x="1091">is</w>
            <w x="1226">fair;</w>
            <w x="1336">yet</w>
            <w x="1379">I</w>
            <w x="1473">am</w>
            <w x="1632">well:</w>
            <w x="1850">another</w>
            <w x="1918">is</w>
            <w x="2082">wise;</w>
        </line>
        <line c="1677" h="63" n="17">
            <w x="800">yet</w>
            <w x="842">I</w>
            <w x="944">am</w>
            <w x="1092">well:</w>
            <w x="1310">another</w>
            <w x="1560">virtuous;</w>
            <w x="1671">yet</w>
            <w x="1713">I</w>
            <w x="1809">am</w>
            <w x="1969">well:</w>
            <w x="2085">but</w>
        </line>
        <line c="1739" h="61" n="18">
            <w x="789">till</w>
            <w x="867">all</w>
            <w x="963">the</w>
            <w x="1148">graces</w>
            <w x="1235">be</w>
            <w x="1316">in</w>
            <w x="1432">one</w>
            <w x="1648">woman,</w>
            <w x="1756">one</w>
            <w x="1955">woman</w>
            <w x="2084">shall</w>
        </line>
        <line c="1801" h="62" n="19">
            <w x="803">not</w>
            <w x="967">come</w>
            <w x="1056">in</w>
            <w x="1172">my</w>
            <w x="1351">grace.</w>
            <w x="1532">Rich</w>
            <w x="1652">she</w>
            <w x="1803">shall</w>
            <w x="1916">be,</w>
            <w x="2083">
                <choice>
                    <orig>that's</orig>
                    <reg>that is</reg>
                    <reg>that</reg>
                    <reg>is</reg>
                </choice>
            </w>
        </line>
        <line c="1862" h="57" n="20">
            <w x="917">certain;</w>
            <w x="1083">wise,</w>
            <w x="1170">or</w>
            <w x="1280">
                <choice>
                    <orig>I'll</orig>
                    <reg>I will</reg>
                    <reg>I</reg>
                    <reg>will</reg>
                </choice>
            </w>
            <w x="1475">none;</w>
            <w x="1712">virtuous,</w>
            <w x="1798">or</w>
            <w x="1909">
                <choice>
                    <orig>I'll</orig>
                    <reg>I will</reg>
                    <reg>I</reg>
                    <reg>will</reg>
                </choice>
            </w>
            <w x="2084">never</w>
        </line>
        <line c="1927" h="62" n="21">
            <w x="922">cheapen</w>
            <w x="1046">her;</w>
            <w x="1174">fair,</w>
            <w x="1245">or</w>
            <w x="1344">
                <choice>
                    <orig>I'll</orig>
                    <reg>I will</reg>
                    <reg>I</reg>
                    <reg>will</reg>
                </choice>
            </w>
            <w x="1510">never</w>
            <w x="1633">look</w>
            <w x="1722">on</w>
            <w x="1858">her;</w>
            <w x="2011">mild,</w>
            <w x="2083">or</w>
        </line>
        <line c="1989" h="61" n="22">
            <w x="848">come</w>
            <w x="959">not</w>
            <w x="1096">near</w>
            <w x="1225">me;</w>
            <w x="1404">noble,</w>
            <w x="1476">or</w>
            <w x="1586">not</w>
            <w x="1628">I</w>
            <w x="1716">for</w>
            <w x="1804">an</w>
            <w x="1992">angel;</w>
            <w x="2077">of</w>
        </line>
        <line c="2052" h="61" n="23">
            <w x="838">good</w>
            <w x="1088">discourse,</w>
            <w x="1160">an</w>
            <w x="1403">excellent</w>
            <w x="1645">musician,</w>
            <w x="1749">and</w>
            <w x="1843">her</w>
            <w x="1952">hair</w>
            <w x="2082">shall</w>
        </line>
        <line c="2114" h="62" n="24">
            <w x="779">be</w>
            <w x="852">of</w>
            <w x="998">what</w>
            <w x="1134">color</w>
            <w x="1197">it</w>
            <w x="1371">please</w>
            <w x="1512">God.</w>
            <w x="1680">Ha!</w>
            <w x="1789">the</w>
            <w x="1970">prince</w>
            <w x="2081">and</w>
        </line>
        <line c="2169" h="46" n="25">
            <w x="942">monsieur</w>
            <w x="1113">Love!</w>
            <w x="1169">I</w>
            <w x="1281">will</w>
            <w x="1403">hide</w>
            <w x="1496">me</w>
            <w x="1564">in</w>
            <w x="1662">the</w>
            <w x="1824">arbor.</w>
        </line>
    </div>
</body>
