<body>
    <div id="2" x="840" y="1049" group="1" width="1332" height="132" type="score" sealts="460_7_7.090" attribution="HM"
        mode="tragedy" play="7c">
        <line n="7" h="66" c="1082">
            <w x="1039">Glo.</w>
            <w x="1098">I</w>
            <w x="1220">have</w>
            <w x="1311">no</w>
            <w x="1436">way,</w>
            <w x="1551">and</w>
            <w x="1775">therefore</w>
            <w x="1925">want</w>
            <w x="2001">no</w>
            <w x="2155">eyes;</w>
        </line>
        <line n="8" h="66" c="1148">
            <w x="889">I</w>
            <w x="1136">stumbled</w>
            <w x="1279">when</w>
            <w x="1332">I</w>
            <w x="1461">saw.</w>
            <w x="1625">Full</w>
            <w x="1701">oft</w>
            <w x="1796">
                <choice>
                    <orig>'tis</orig>
                    <reg>it is</reg>
                    <reg>it</reg>
                    <reg>is</reg>
                </choice>
            </w>
            <w x="1928">seen,</w>
        </line>
    </div>
    <div id="3" x="843" y="1604" group="2" width="746" height="125" type="score" sealts="460_7_7.090" attribution="HM"
        mode="tragedy" play="7c">
        <line n="16" h="62" c="1635">
            <w x="1157">at</w>
            <w x="1245">the</w>
            <w x="1436">worst?</w>
        </line>
        <line n="17" h="62" c="1697">
            <w x="892">I</w>
            <w x="990">am</w>
            <w x="1150">worse</w>
            <w x="1265">than</w>
            <w x="1388">
                <choice>
                    <orig>e'er</orig>
                    <reg>ever</reg>
                </choice>
            </w>
            <w x="1429">I</w>
            <w x="1562">was.</w>
        </line>
    </div>
</body>
