<body>
    <div id="2" x="226" y="2436" group="1" width="1190" height="338" type="scoresinout"
        sealts="460_1_c063" attribution="HM" mode="comedy" play="1a">
        <line c="2478" h="66" n="29">
            <w x="398">Pro.</w>
            <w x="485">A</w>
            <w x="634">devil,</w>
            <w x="684">a</w>
            <w x="814">born</w>
            <w x="964">devil,</w>
            <w x="1053">on</w>
            <w x="1218">whose</w>
            <w x="1396">nature</w>
        </line>
        <line c="2544" h="76" n="30">
            <w x="422">Nurture</w>
            <w x="528">can</w>
            <w x="683">never</w>
            <w x="843">stick;</w>
            <w x="935">on</w>
            <w x="1106">whom</w>
            <w x="1203">my</w>
            <w x="1363">pains,</w>
        </line>
        <line c="2604" h="73" n="31">
            <w x="486">Humanely</w>
            <w x="657">taken,</w>
            <w x="751">all,</w>
            <w x="831">all</w>
            <w x="951">lost,</w>
            <w x="1095">quite</w>
            <w x="1227">lost;</w>
        </line>
        <line c="2668" h="73" n="32">
            <w x="332">And</w>
            <w x="415">as,</w>
            <w x="550">with</w>
            <w x="668">age,</w>
            <w x="758">his</w>
            <w x="898">body</w>
            <w x="1058">uglier</w>
            <w x="1257">grows,</w>
        </line>
        <line c="2730" h="74" n="33">
            <w x="292">So</w>
            <w x="379">his</w>
            <w x="522">mind</w>
            <w x="754">cankers:</w>
            <w x="810">I</w>
            <w x="922">will</w>
            <w x="1102">plague</w>
            <w x="1247">them</w>
            <w x="1339">all,</w>
        </line>
    </div>
</body>
