<body>
    <div id="2" x="779" y="2324" group="1" width="1073" height="137" type="checkmark"
        sealts="460_6_6.158" attribution="HM" mode="tragedy" play="4c">
        <line n="23" h="68" c="2358">
            <w x="820">I</w>
            <w x="909">am</w>
            <w x="983">so</w>
            <w x="1138">lated</w>
            <w x="1217">in</w>
            <w x="1311">the</w>
            <w x="1479">world,</w>
            <w x="1601">that</w>
            <w x="1647">I</w>
        </line>
        <line n="24" h="68" c="2426">
            <w x="929">Have</w>
            <w x="1033">lost</w>
            <w x="1127">my</w>
            <w x="1241">way</w>
            <w x="1473">forever.</w>
            <w x="1536">I</w>
            <w x="1656">have</w>
            <w x="1706">a</w>
            <w x="1826">ship</w>
        </line>
    </div>
</body>
