<body>
    <div id="2" x="352" y="2174" group="1" width="1118" height="68" type="crosschecks2"
        sealts="460_2_2.077" attribution="HM" mode="comedy" play="8a">
        <line n="14" h="68" c="2208">
            <w x="465">And</w>
            <w x="559">the</w>
            <w x="699">huge</w>
            <w x="839">army</w>
            <w x="919">of</w>
            <w x="1013">the</w>
            <w x="1214">world's</w>
            <w x="1468">desires,&#8212;</w>
        </line>
    </div>
</body>
