<body>
    <div id="2" x="250" y="2144" group="1" width="1090" height="72" type="checkmark"
        sealts="460_1_c147" attribution="HM" mode="comedy" play="2a">
        <line n="1" h="69" c="2178">
            <w x="428">Pro.</w>
            <blank x="1205"/>
            <w x="1268">In</w>
            <w x="1390">love,</w>
        </line>
        <line n="18" h="64" c="2245">
            <w x="375">Who</w>
            <w x="580">respects</w>
            <w x="780">friend?</w>
        </line>
    </div>
</body>
