<body>
	<div id="2" x="809" y="1458" group="1" width="1298" height="266" type="score" sealts="460_3_3.430" attribution="HM"
		mode="history" play="2b">
		<line c="1499" h="64" n="12">
			<w x="890">No</w>
			<w x="1075">deeper</w>
			<w x="1305">wrinkles</w>
			<w x="1439">yet?</w>
			<w x="1630">Hath</w>
			<w x="1814">sorrow</w>
			<w x="1987">struck</w>
		</line>
		<line c="1562" h="64" n="13">
			<w x="880">So</w>
			<w x="1037">many</w>
			<w x="1199">blows</w>
			<w x="1340">upon</w>
			<w x="1449">this</w>
			<w x="1568">face</w>
			<w x="1642">of</w>
			<w x="1800">mine,</w>
		</line>
		<line c="1628" h="68" n="14">
			<w x="919">And</w>
			<w x="1065">made</w>
			<w x="1146">no</w>
			<w x="1332">deeper</w>
			<w x="1568">wounds?-</w>
			<w x="1716">O,</w>
			<w x="1949">flattering</w>
			<w x="2101">glass,</w>
		</line>
		<line c="1687" h="65" n="15">
			<w x="933">Like</w>
			<w x="1001">to</w>
			<w x="1099">my</w>
			<w x="1337">followers</w>
			<w x="1405">in</w>
			<w x="1687">prosperity,</w>
		</line>
	</div>
	<div id="3" x="798" y="2463" group="2" width="1383" height="201" type="score" sealts="460_3_3.430" attribution="HM"
		mode="history" play="2b">
		<line c="2502" h="66" n="28">
			<w x="1050">Boling.</w>
			<w x="1197">The</w>
			<w x="1402">shadow</w>
			<w x="1474">of</w>
			<w x="1607">your</w>
			<w x="1790">sorrow</w>
			<w x="1919">hath</w>
			<w x="2174">destroyed</w>
		</line>
		<line c="2562" h="68" n="29">
			<w x="909">The</w>
			<w x="1116">shadow</w>
			<w x="1189">of</w>
			<w x="1322">your</w>
			<w x="1455">face.</w>
		</line>
		<line c="2626" h="64" n="30">
			<w x="930">K.</w>
			<w x="1084">Rich.</w>
			<w x="1618">Say</w>
			<w x="1736">that</w>
			<w x="1902">again.</w>
		</line>
	</div>
</body>
