<body>
    <div id="2" x="468" y="2026" group="1" width="1212" height="69" type="checkmark"
        sealts="460_1_c399" attribution="HM" mode="comedy" play="5a">
        <line n="22" h="69" c="2060">
            <w x="648">Duke.</w>
            <w x="788">This</w>
            <w x="892">nor</w>
            <w x="1032">hurts</w>
            <w x="1158">him,</w>
            <w x="1258">nor</w>
            <w x="1426">profits</w>
            <w x="1532">you</w>
            <w x="1582">a</w>
            <w x="1678">jot:</w>
        </line>
    </div>
</body>
