<body>
    <div id="2" x="690" y="1268" group="1" width="905" height="278" type="wavyscore"
        sealts="460_5_5.434" attribution="HM" mode="tragedy" play="1c">
        <line c="1295" h="41" n="21">
            <w x="733">
                <choice>
                    <orig>o'</orig>
                    <reg>of</reg>
                </choice>
            </w>
            <w x="787">the</w>
            <w x="900">time:</w>
            <w x="949">it</w>
            <w x="1058">opens</w>
            <w x="1128">the</w>
            <w x="1217">eyes</w>
            <w x="1271">of</w>
            <w x="1486">expectation;</w>
            <w x="1580">
                <choice>
                    <hyph>per-</hyph>
                    <reg>performance</reg>
                </choice>
            </w>
        </line>
        <line c="1333" h="38" n="22">
            <w x="848" endhyph="true">formance</w>
            <w x="890">is</w>
            <w x="974">ever</w>
            <w x="1036">the</w>
            <w x="1142">duller</w>
            <w x="1197">for</w>
            <w x="1254">his</w>
            <w x="1331">act;</w>
            <w x="1418">and,</w>
            <w x="1478">but</w>
            <w x="1517">in</w>
            <w x="1579">the</w>
        </line>
        <line c="1373" h="46" n="23">
            <w x="814">plainer</w>
            <w x="880">and</w>
            <w x="1007">simpler</w>
            <w x="1089">kind</w>
            <w x="1137">of</w>
            <w x="1255">people,</w>
            <w x="1315">the</w>
            <w x="1403">deed</w>
            <w x="1446">of</w>
            <w x="1578">saying</w>
        </line>
        <line c="1414" h="41" n="24">
            <w x="731">is</w>
            <w x="828">quite</w>
            <w x="900">out</w>
            <w x="952">of</w>
            <w x="1026">use.</w>
            <w x="1115">To</w>
            <w x="1253">promise</w>
            <w x="1292">is</w>
            <w x="1385">most</w>
            <w x="1509">courtly</w>
            <w x="1579">and</w>
        </line>
        <line c="1452" h="39" n="25">
            <w x="897">fashionable;</w>
            <w x="1111">performance</w>
            <w x="1149">is</w>
            <w x="1177">a</w>
            <w x="1256">kind</w>
            <w x="1297">of</w>
            <w x="1364">will</w>
            <w x="1408">or</w>
            <w x="1578">testament,</w>
        </line>
        <line c="1493" h="41" n="26">
            <w x="800">which</w>
            <w x="920">argues</w>
            <w x="958">a</w>
            <w x="1062">great</w>
            <w x="1211">sickness</w>
            <w x="1264">in</w>
            <w x="1327">his</w>
            <w x="1495">judgment</w>
            <w x="1580">that</w>
        </line>
        <line c="1527" h="28" n="27">
            <w x="805">makes</w>
            <w x="855">it.</w>
        </line>
    </div>
</body>
