<body>
	<div id="2" x="442" y="736" group="1" width="1227" height="197" type="diagonalscore"
		sealts="460_3_3.009" attribution="HM" mode="comedy" play="13a">
		<line c="770" h="61" n="2">
			<w x="522">Go</w>
			<w x="682">hence</w>
			<w x="751">in</w>
			<w x="894">debt.</w>
			<w x="1063">And</w>
			<w x="1317">therefore,</w>
			<w x="1430">like</w>
			<w x="1480">a</w>
			<w x="1666">cipher,</w>
		</line>
		<line c="837" h="63" n="3">
			<w x="537">Yet</w>
			<w x="766">standing</w>
			<w x="833">in</w>
			<w x="947">rich</w>
			<w x="1107">place,</w>
			<w x="1152">I</w>
			<w x="1392">multiply,</w>
		</line>
		<line c="905" h="76" n="4">
			<w x="572">With</w>
			<w x="677">one</w>
			<w x="1055">
				<orig>we-thank-you,</orig>
				<reg>we thank you</reg>
				<reg>we</reg>
				<reg>thank</reg>
				<reg>you,</reg>
			</w>
			<w x="1214">many</w>
			<w x="1476">thousands</w>
			<w x="1626">more</w>
		</line>
	</div>
</body>
