<body>
    <div id="2" x="1442" y="1220" group="1" width="537" height="83" type="underline" type2="xmark"
        type3="annotated" sealts="460_6_6.210" attribution="HM" mode="tragedy" play="4c">
        <line n="10" h="83" c="1261">
            <w x="1589">Your</w>
            <w x="1798">
                <choice>
                    <orig>crown's</orig>
                    <reg>crown is</reg>
                    <reg>crown</reg>
                    <reg>is</reg>
                </choice>
            </w>
            <w x="1966">awry;</w>
        </line>
    </div>
    <div id="3" x="529" y="188" group="2" width="844" height="176" type="annotation" type2="xmark"
        sealts="460_6_6.210" attribution="HM" mode="tragedy" play="4c">
        <line n="1" h="176" c="276">
            <w x="904">Shelley</w>
            <w x="992">in</w>
            <w x="1115">the</w>
            <w x="1353">'Cenci'</w>
        </line>
    </div>
</body>
