<body>
    <div id="2" x="759" y="806" group="1" width="1229" height="149" type="checkmark"
        sealts="460_6_6.164" attribution="HM" mode="tragedy" play="4c">
        <line n="3" h="74" c="843">
            <w x="977">Against</w>
            <w x="1028">a</w>
            <w x="1308">sworder.&#8212;</w>
            <w x="1332">I</w>
            <w x="1446">see,</w>
            <w x="1612">men's</w>
            <w x="1881">judgments</w>
            <w x="1977">are</w>
        </line>
        <line n="4" h="74" c="917">
            <w x="832">A</w>
            <w x="1024">parcel</w>
            <w x="1095">of</w>
            <w x="1226">their</w>
            <w x="1469">fortunes;</w>
        </line>
    </div>
    <div id="3" x="759" y="865" group="1" width="520" height="87" type="bracket"
        sealts="460_6_6.164" attribution="HM" mode="tragedy" play="4c">
        <line n="4" h="74" c="900">
            <blank x="1476"/>
            <w x="1576">and</w>
            <w x="1744">things</w>
            <w x="1966">outward</w>
        </line>
        <line n="5" h="72" c="968">
            <w x="869">Do</w>
            <w x="1009">draw</w>
            <w x="1107">the</w>
            <w x="1290">inward</w>
            <w x="1476">quality</w>
            <w x="1614">after</w>
            <w x="1765">them,</w>
        </line>
        <line n="6" h="71" c="1026">
            <w x="867">To</w>
            <w x="1014">suffer</w>
            <w x="1099">all</w>
            <w x="1244">alike.</w>
        </line>
    </div>
    <div id="6" x="778" y="1481" group="2" width="1245" height="134" type="checkmark"
        sealts="460_6_6.164" attribution="HM" mode="tragedy" play="4c">
        <line n="13" h="67" c="1514">
            <w x="986">Against</w>
            <w x="1078">the</w>
            <w x="1251">blown</w>
            <w x="1367">rose</w>
            <w x="1489">may</w>
            <w x="1615">they</w>
            <w x="1733">stop</w>
            <w x="1864">their</w>
            <w x="2012">nose,</w>
        </line>
        <line n="14" h="67" c="1581">
            <w x="919">That</w>
            <w x="1129">kneeled</w>
            <w x="1256">unto</w>
            <w x="1353">the</w>
            <w x="1560">buds.&#8212;</w>
            <w x="1715">Admit</w>
            <w x="1834">him,</w>
            <w x="1938">sir.</w>
        </line>
    </div>
</body>
