<body>
    <div id="2" x="760" y="1971" group="1" width="1354" height="195" type="score" sealts="460_1_b32" attribution="HM"
        mode="commentary" section="life">
        <line c="2002" h="49" n="21">
            <w x="877">much</w>
            <w x="990">more</w>
            <w x="1048">of</w>
            <w x="1088">a</w>
            <w x="1235">similar</w>
            <w x="1381">nature</w>
            <w x="1511">might</w>
            <w x="1571">be</w>
            <w x="1761">adduced.</w>
            <w x="1870">"I</w>
            <w x="2032">loved,"</w>
            <w x="2096">he</w>
        </line>
        <line c="2066" h="48" n="22">
            <w x="848">says</w>
            <w x="912">in</w>
            <w x="995">his</w>
            <w x="1285">'Discoveries,'</w>
            <w x="1368">"I</w>
            <w x="1500">loved</w>
            <w x="1588">the</w>
            <w x="1710">man,</w>
            <w x="1809">and</w>
            <w x="1881">do</w>
            <w x="2017">honor</w>
            <w x="2096">his</w>
        </line>
        <line c="2131" h="49" n="23">
            <w x="935">memory,</w>
            <w x="999">on</w>
            <w x="1085">this</w>
            <w x="1170">side</w>
            <w x="1346">idolatry,</w>
            <w x="1403">as</w>
            <w x="1539">much</w>
            <w x="1604">as</w>
            <w x="1710">any.</w>
            <w x="1820">He</w>
            <w x="1935">was,</w>
            <w x="2095">indeed,</w>
        </line>
    </div>
    <div id="3" x="758" y="2802" group="2" width="1342" height="132" type="score" sealts="460_1_b32" attribution="HM"
        mode="commentary" section="life">
        <line n="34" h="66" c="2835">
            <w x="852">was</w>
            <w x="940">our</w>
            <w x="1246">
                <choice>
                    <orig>Shakspeare;"</orig>
                    <reg>Shakespeare;"</reg>
                </choice>
            </w>
            <w x="1346">and</w>
            <w x="1458">their</w>
            <w x="1632">Preface</w>
            <w x="1698">to</w>
            <w x="1788">the</w>
            <w x="1936">public</w>
            <w x="2098">appears</w>
        </line>
        <line n="35" h="66" c="2901">
            <w x="952">evidently</w>
            <w x="1000">to</w>
            <w x="1108">have</w>
            <w x="1214">been</w>
            <w x="1394">dictated</w>
            <w x="1456">by</w>
            <w x="1572">their</w>
            <w x="1760">personal</w>
            <w x="1856">and</w>
            <w x="2100">affectionate</w>
        </line>
    </div>
    <div id="4" x="754" y="3000" group="3" width="1348" height="129" type="score" sealts="460_1_b32" attribution="HM"
        mode="commentary" section="life">
        <line n="37" h="64" c="3032">
            <w x="942">evidence</w>
            <w x="998">in</w>
            <w x="1074">the</w>
            <w x="1232">support</w>
            <w x="1290">of</w>
            <w x="1374">the</w>
            <w x="1510">moral</w>
            <w x="1714">character</w>
            <w x="1776">of</w>
            <w x="2034">
                <choice>
                    <orig>Shakspeare,</orig>
                    <reg>Shakespeare,</reg>
                </choice>
            </w>
            <w x="2098">we</w>
        </line>
        <line n="38" h="64" c="3096">
            <w x="850">may</w>
            <w x="944">find</w>
            <w x="996">it</w>
            <w x="1056">in</w>
            <w x="1130">the</w>
            <w x="1350">friendship</w>
            <w x="1410">of</w>
            <w x="1714">Southampton;</w>
            <w x="1796">we</w>
            <w x="1890">may</w>
            <w x="2050">extract</w>
            <w x="2102">it</w>
        </line>
    </div>
</body>
