<body>
    <div id="2" x="711" y="851" group="1" width="1312" height="391" type="score" sealts="460_1_c342" attribution="HM"
        mode="comedy" play="5a">
        <line c="889" h="62" n="4">
            <w x="942">Duke.</w>
            <w x="1071">My</w>
            <w x="1196">holy</w>
            <w x="1290">sir,</w>
            <w x="1431">none</w>
            <w x="1600">better</w>
            <w x="1780">knows</w>
            <w x="1910">than</w>
            <w x="2021">you</w>
        </line>
        <line c="951" h="62" n="5">
            <w x="850">How</w>
            <w x="893">I</w>
            <w x="1029">have</w>
            <w x="1155">ever</w>
            <w x="1305">loved</w>
            <div id="3" x="1320" y="912" group="1" width="444" height="68" type="underline"
                sealts="460_1_c342" attribution="HM" mode="comedy" play="5a">
                <line n="5" h="68" c="946">
                    <w x="1412">the</w>
                    <w x="1516">life</w>
                    <w x="1756">removed;</w>
                </line>
            </div>
        </line>
        <line c="1012" h="65" n="6">
            <w x="833">And</w>
            <w x="957">held</w>
            <w x="1025">in</w>
            <w x="1135">idle</w>
            <w x="1277">price</w>
            <w x="1347">to</w>
            <w x="1520">haunt</w>
            <w x="1803">assemblies,</w>
        </line>
        <line c="1078" h="63" n="7">
            <w x="892">Where</w>
            <w x="1068">youth,</w>
            <w x="1181">and</w>
            <w x="1314">cost,</w>
            <w x="1429">and</w>
            <w x="1619">witless</w>
            <w x="1826">bravery</w>
            <w x="2000">keeps.</w>
        </line>
        <line c="1140" h="63" n="8">
            <w x="749">I</w>
            <w x="884">have</w>
            <w x="1130">delivered</w>
            <w x="1199">to</w>
            <w x="1315">lord</w>
            <w x="1513">Angelo</w>
        </line>
        <line c="1203" h="60" n="9">
            <w x="793">(A</w>
            <w x="921">man</w>
            <w x="995">of</w>
            <w x="1213">stricture</w>
            <w x="1354">and</w>
            <w x="1474">firm</w>
            <w x="1777">abstinence)</w>
        </line>
    </div>
</body>
