<body>
    <div id="2" x="385" y="2128" group="1" width="1335" height="146" type="score3" sealts="460_2_2.331" attribution="HM"
        mode="comedy" play="10a">
        <line n="24" h="73" c="2164">
            <w x="476">bid</w>
            <w x="587">the</w>
            <w x="734">duke</w>
            <w x="799">to</w>
            <w x="920">the</w>
            <w x="1114">nuptial.</w>
            <w x="1288">But,</w>
            <w x="1375">O,</w>
            <w x="1500">how</w>
            <w x="1662">bitter</w>
            <w x="1718">a</w>
        </line>
        <line n="25" h="73" c="2237">
            <w x="519">thing</w>
            <w x="572">it</w>
            <w x="623">is</w>
            <w x="686">to</w>
            <w x="799">look</w>
            <w x="908">into</w>
            <w x="1162">happiness</w>
            <w x="1370">through</w>
            <w x="1563">another</w>
            <w x="1720">man's</w>
        </line>
    </div>
</body>
