<body>
    <div id="2" x="817" y="2127" group="1" width="1406" height="262" type="checkmark"
        sealts="460_6_6.098" attribution="HM" mode="tragedy" play="4c">
        <line c="2160" h="56" n="24">
            <w x="1018">Cleo.</w>
            <w x="1847">Was</w>
            <w x="1924">he</w>
            <w x="2024">not</w>
            <w x="2182">here?</w>
        </line>
        <line c="2230" h="54" n="25">
            <w x="1031">Char.</w>
            <w x="1162">No,</w>
            <w x="1373">madam.</w>
        </line>
        <line c="2289" h="65" n="26">
            <w x="1019">Cleo.</w>
            <w x="1139">He</w>
            <w x="1249">Was</w>
            <w x="1468">disposed</w>
            <w x="1530">to</w>
            <w x="1707">mirth;</w>
            <w x="1821">but</w>
            <w x="1899">on</w>
            <w x="1990">the</w>
            <w x="2183">sudden</w>
        </line>
        <div id="3" x="805" y="2311" group="1" width="1353" height="79" type="underline"
            sealts="460_6_6.098" attribution="HM" mode="tragedy" play="4c">
            <line n="1" h="79" c="2350">
                <w x="880">A</w>
                <w x="1081">Roman</w>
                <w x="1282">thought</w>
                <w x="1407">hath</w>
                <w x="1580">struck</w>
                <w x="1700">him.</w>
                <w x="2104">&#8212;Enobarbus,&#8212;</w>
            </line>
        </div>
    </div>
</body>
