<body>
    <div id="2" x="744" y="2115" group="1" width="1302" height="197" type="score" sealts="460_6_6.010" attribution="HM"
        mode="tragedy" play="3c">
        <line c="2159" h="63" n="25">
            <w x="869">Caes.</w>
            <w x="1048">What</w>
            <w x="1204">
                <choice>
                    <orig>say'st</orig>
                    <reg>say</reg>
                </choice>
            </w>
            <w x="1329">thou</w>
            <w x="1395">to</w>
            <w x="1501">me</w>
            <w x="1637">now?</w>
            <w x="1888">Speak</w>
            <w x="2034">once</w>
        </line>
        <line c="2220" h="59" n="26">
            <w x="1078">again.</w>
        </line>
        <line c="2274" h="47" n="27">
            <w x="895">Sooth.</w>
            <w x="1124">Beware</w>
            <w x="1221">the</w>
            <w x="1336">ides</w>
            <w x="1408">of</w>
            <w x="1589">March.</w>
        </line>
    </div>
</body>
