<body>
    <div id="2" x="792" y="2445" group="1" width="1347" height="360" type="score" sealts="460_2_2.456" attribution="HM"
        mode="comedy" play="12a">
        <line c="2479" h="61" n="26">
            <w x="883">you</w>
            <w x="1001">give</w>
            <w x="1093">me</w>
            <w x="1203">any</w>
            <w x="1463">conserves,</w>
            <w x="1583">give</w>
            <w x="1675">me</w>
            <w x="1922">conserves</w>
            <w x="1992">of</w>
            <w x="2129">beef.</w>
        </line>
        <line c="2536" h="55" n="27">
            <w x="931">
                <choice>
                    <orig>Ne'er</orig>
                    <reg>Never</reg>
                </choice>
            </w>
            <w x="1031">ask</w>
            <w x="1132">me</w>
            <w x="1286">what</w>
            <w x="1501">raiment</w>
            <w x="1600">
                <choice>
                    <orig>I'll</orig>
                    <reg>I will</reg>
                    <reg>I</reg>
                    <reg>will</reg>
                </choice>
            </w>
            <w x="1776">wear;</w>
            <w x="1873">for</w>
            <w x="2053">I</w>
            <w x="2066">have</w>
            <w x="2133">no</w>
        </line>
        <line c="2600" h="59" n="28">
            <w x="914">more</w>
            <w x="1135">doublets</w>
            <w x="1261">than</w>
            <w x="1429">backs,</w>
            <w x="1504">no</w>
            <w x="1641">more</w>
            <w x="1883">stockings</w>
            <w x="2004">than</w>
            <w x="2131">legs,</w>
        </line>
        <line c="2661" h="58" n="29">
            <w x="876">nor</w>
            <w x="965">no</w>
            <w x="1116">more</w>
            <w x="1276">shoes</w>
            <w x="1414">than</w>
            <w x="1562">feet;</w>
            <w x="1696">nay,</w>
            <w x="1980">sometimes,</w>
            <w x="2132">more</w>
        </line>
        <line c="2721" h="59" n="30">
            <w x="887">feet</w>
            <w x="1016">than</w>
            <w x="1175">shoes,</w>
            <w x="1245">or</w>
            <w x="1375">such</w>
            <w x="1521">shoes</w>
            <w x="1589">as</w>
            <w x="1685">my</w>
            <w x="1799">toes</w>
            <w x="1928">look</w>
            <w x="2134">through</w>
        </line>
        <line c="2778" h="44" n="31">
            <w x="871">the</w>
            <w x="1192">
                <choice>
                    <orig>over-leather.</orig>
                    <reg>over leather.</reg>
                    <reg>over</reg>
                    <reg>leather.</reg>
                </choice>
            </w>
        </line>
    </div>
</body>
