<body>
    <div id="2" x="876" y="1278" group="1" width="1313" height="253" type="score" type2="xmark"
        type3="annotated" sealts="460_1_c072" attribution="HM" mode="comedy" play="1a">
        <line c="1316" h="59" n="11">
            <w x="1075">Mira.</w>
            <w x="1923">O!</w>
            <w x="2161">wonder!</w>
        </line>
        <line c="1379" h="67" n="12">
            <w x="1001">How</w>
            <w x="1155">many</w>
            <w x="1333">goodly</w>
            <w x="1570">creatures</w>
            <w x="1664">are</w>
            <w x="1807">there</w>
            <w x="1932">here!</w>
        </line>
        <line c="1430" h="67" n="13">
            <w x="1001">How</w>
            <w x="1258">beauteous</w>
            <w x="1490">mankind</w>
            <w x="1572">is!</w>
            <w x="1682">O</w>
            <w x="1833">brave</w>
            <w x="1960">new</w>
            <w x="2131">world,</w>
        </line>
        <line c="1502" h="67" n="14">
            <w x="1000">That</w>
            <w x="1098">has</w>
            <w x="1226">such</w>
            <w x="1400">people</w>
            <w x="1526">
                <choice>
                    <orig>in't!</orig>
                    <reg>in it!</reg>
                    <reg>in</reg>
                    <reg>it!</reg>
                </choice>
            </w>
        </line>
    </div>
    <div id="3" x="919" y="1536" group="1" width="1111" height="56" type="checkmark" sealts="460_1_c072"
        attribution="HM" mode="comedy" play="1a">
        <line n="1" h="56" c="1564">
            <w x="1050">Pro.</w>
            <blank x="1594"/>
            <div id="4" x="1591" y="1531" group="1" width="447" height="57" type="border" sealts="460_1_c072"
                attribution="HM" mode="comedy" play="1a">
                <w x="1702">
                    <choice>
                        <orig>'Tis</orig>
                        <reg>It is</reg>
                        <reg>It</reg>
                        <reg>is</reg>
                    </choice>
                </w>
                <w x="1832">new</w>
                <w x="1900">to</w>
                <w x="2026">thee.</w>
            </div>
        </line>
    </div>
    <div id="5" x="567" y="193" group="2" width="1819" height="400" type="annotation" type2="xmark"
        sealts="460_1_c072" attribution="HM" mode="comedy" play="1a">
        <line n="1" h="100" c="243">
            <w x="848">Consider</w>
            <w x="981">the</w>
            <w x="1312">character</w>
            <w x="1396">of</w>
            <w x="1523">the</w>
            <w x="1775">persons</w>
            <w x="2092">concerning</w>
            <w x="2329">whom</w>
        </line>
        <line n="2" h="100" c="347">
            <w x="943">Miranda</w>
            <w x="1125">says</w>
            <w x="1589">this&#8212;Then</w>
            <w x="1935">Prospero's</w>
            <w x="2129">quiet</w>
            <w x="2338">words</w>
        </line>
        <line n="3" h="100" c="435">
            <w x="652">in</w>
            <w x="943">comment&#8212;</w>
            <w x="1546">how</w>
            <w x="1923">terrible!</w>
            <w x="2098">In</w>
            <w x="2381">"Timon"</w>
        </line>
        <line n="4" h="100" c="525">
            <w x="735">itself</w>
            <w x="889">there</w>
            <w x="971">is</w>
            <w x="1239">nothing</w>
            <w x="1400">like</w>
            <w x="1514">it.</w>
        </line>
    </div>
</body>
