<body>
    <div id="2" x="981" y="2238" group="1" width="1289" height="631" type="score" sealts="460_2_2.204" attribution="HM"
        mode="comedy" play="9a">
        <line c="2278" h="62" n="24">
            <w x="1124">What</w>
            <w x="1274">many</w>
            <w x="1394">men</w>
            <w x="1751">desire.&#8212;</w>
            <w x="1668">That</w>
            <w x="1902">many</w>
            <w x="2023">may</w>
            <w x="2097">be</w>
            <w x="2266">meant</w>
        </line>
        <line c="2338" h="62" n="25">
            <w x="1060">By</w>
            <w x="1183">the</w>
            <w x="1288">fool</w>
            <w x="1551">multitude,</w>
            <w x="1668">that</w>
            <w x="1842">choose</w>
            <w x="1923">by</w>
            <w x="2072">show,</w>
        </line>
        <line c="2399" h="62" n="26">
            <w x="1082">Not</w>
            <w x="1295">learning</w>
            <w x="1430">more</w>
            <w x="1557">than</w>
            <w x="1650">the</w>
            <w x="1775">fond</w>
            <w x="1876">eye</w>
            <w x="2002">doth</w>
            <w x="2174">teach;</w>
        </line>
        <div id="3" x="980" y="2419" group="1" width="1287" height="196" type="score"
            sealts="460_2_2.204" attribution="HM" mode="comedy" play="9a">
            <line c="2458" h="60" n="27">
                <w x="1147">Which</w>
                <w x="1279">pries</w>
                <w x="1376">not</w>
                <w x="1440">to</w>
                <w x="1533">the</w>
                <w x="1741">interior,</w>
                <w x="1855">but,</w>
                <w x="1964">like</w>
                <w x="2058">the</w>
                <w x="2264">martlet,</w>
            </line>
            <line c="2517" h="57" n="28">
                <w x="1141">Builds</w>
                <w x="1206">in</w>
                <w x="1300">the</w>
                <w x="1513">weather</w>
                <w x="1589">on</w>
                <w x="1684">the</w>
                <w x="1899">outward</w>
                <w x="2032">wall,</w>
            </line>
            <line c="2580" h="63" n="29">
                <w x="1116">Even</w>
                <w x="1182">in</w>
                <w x="1276">the</w>
                <w x="1411">force</w>
                <w x="1546">and</w>
                <w x="1668">road</w>
                <w x="1738">of</w>
                <w x="1956">casualty.</w>
            </line>
        </div>
        <line c="2640" h="60" n="30">
            <w x="1011">I</w>
            <w x="1120">will</w>
            <w x="1218">not</w>
            <w x="1391">choose</w>
            <w x="1533">what</w>
            <w x="1678">many</w>
            <w x="1792">men</w>
            <w x="1966">desire,</w>
        </line>
        <line c="2702" h="64" n="31">
            <w x="1185">Because</w>
            <w x="1228">I</w>
            <w x="1338">will</w>
            <w x="1434">not</w>
            <w x="1596">jump</w>
            <w x="1723">with</w>
            <w x="1941">common</w>
            <w x="2116">spirits,</w>
        </line>
        <line c="2755" h="47" n="32">
            <w x="1091">And</w>
            <w x="1219">rank</w>
            <w x="1308">me</w>
            <w x="1438">with</w>
            <w x="1531">the</w>
            <div id="4" x="1552" y="2729" group="1" width="515" height="58" type="underline"
                erasure="true" sealts="460_2_2.204" attribution="HM" mode="comedy" play="9a">
                <w x="1781">barbarous</w>
                <w x="2064">multitudes.</w>
            </div>
        </line>
        <line c="2822" h="60" n="33">
            <w x="1120">Why,</w>
            <w x="1246">then</w>
            <w x="1313">to</w>
            <w x="1448">thee,</w>
            <w x="1574">thou</w>
            <w x="1719">silver</w>
            <w x="2104">
                <choice>
                    <orig>treasure-house!</orig>
                    <reg>treasure house!</reg>
                    <reg>treasure</reg>
                    <reg>house!</reg>
                </choice>
            </w>
        </line>
    </div>
</body>
