<body>
    <div id="2" x="906" y="771" group="1" width="1271" height="267" type="score" sealts="460_7_7.380" attribution="HM"
        mode="tragedy" play="9c">
        <line c="821" h="58" n="3">
            <w x="1014">
                <choice>
                    <orig>'Tis</orig>
                    <reg>It is</reg>
                    <reg>It</reg>
                    <reg>is</reg>
                </choice>
            </w>
            <w x="1279">dangerous</w>
            <w x="1432">when</w>
            <w x="1528">the</w>
            <w x="1848">baser</w>
            <w x="1910">nature</w>
            <w x="2016">comes</w>
        </line>
        <line c="884" h="65" n="4">
            <w x="1132">Between</w>
            <w x="1228">the</w>
            <w x="1351">pass</w>
            <w x="1459">and</w>
            <w x="1553">fell</w>
            <w x="1783">incensed</w>
            <w x="1950">points</w>
        </line>
        <line c="943" h="59" n="5">
            <w x="986">Of</w>
            <w x="1170">mighty</w>
            <w x="1425">opposites.</w>
        </line>
        <line c="1007" h="67" n="6">
            <w x="1089">Hor.</w>
            <w x="1622">Why,</w>
            <w x="1764">what</w>
            <w x="1810">a</w>
            <w x="1939">king</w>
            <w x="1995">is</w>
            <w x="2131">this?</w>
        </line>
    </div>
</body>
