<body>
    <div id="2" x="779" y="1030" group="1" width="1381" height="265" type="score" sealts="460_6_6.180" attribution="HM"
        mode="tragedy" play="4c">
        <line c="1066" h="63" n="6">
            <w x="932">Make</w>
            <w x="1031">her</w>
            <w x="1211">thanks</w>
            <w x="1348">bless</w>
            <w x="1505">thee.&#8212;</w>
            <w x="1596">O</w>
            <w x="1724">thou</w>
            <w x="1831">day</w>
            <w x="1888">
                <choice>
                    <orig>o'</orig>
                    <reg>of</reg>
                </choice>
            </w>
            <w x="1972">the</w>
            <w x="2139">world,</w>
        </line>
        <line c="1129" h="63" n="7">
            <w x="941">Chain</w>
            <w x="1080">mine</w>
            <w x="1252">armed</w>
            <w x="1414">neck;</w>
            <w x="1546">leap</w>
            <w x="1686">thou,</w>
            <w x="1835">attire</w>
            <w x="1944">and</w>
            <w x="2037">all,</w>
        </line>
        <line c="1195" h="69" n="8">
            <w x="1006">Through</w>
            <w x="1155">proof</w>
            <w x="1229">of</w>
            <w x="1433">harness</w>
            <w x="1531">to</w>
            <w x="1626">my</w>
            <w x="1783">heart,</w>
            <w x="1893">and</w>
            <w x="2037">there</w>
        </line>
        <line c="1258" h="63" n="9">
            <w x="910">Ride</w>
            <w x="986">on</w>
            <w x="1081">the</w>
            <w x="1232">pants</w>
            <w x="1534">triumphing.</w>
        </line>
    </div>
</body>
