<body>
    <div id="2" x="823" y="1295" group="1" width="1258" height="194" type="checkmark"
        sealts="460_6_6.118" attribution="HM" mode="tragedy" play="4c">
        <line c="1336" h="64" n="11">
            <w x="917">
                <choice>
                    <orig>I'll</orig>
                    <reg>I will</reg>
                    <reg>I</reg>
                    <reg>will</reg>
                </choice>
            </w>
            <w x="1040">play</w>
            <w x="1134">the</w>
            <w x="1357">penitent</w>
            <w x="1423">to</w>
            <w x="1555">you;</w>
            <w x="1669">but</w>
            <w x="1806">mine</w>
            <w x="2014">honesty</w>
        </line>
        <line c="1399" h="58" n="12">
            <w x="973">Shall</w>
            <w x="1072">not</w>
            <w x="1219">make</w>
            <w x="1346">poor</w>
            <w x="1441">my</w>
            <w x="1699">greatness,</w>
            <w x="1800">nor</w>
            <w x="1894">my</w>
            <w x="2064">power</w>
        </line>
        <line c="1453" h="55" n="13">
            <w x="988">Work</w>
            <w x="1193">without</w>
            <w x="1293">it.</w>
            <w x="1487">Truth</w>
            <w x="1558">is,</w>
            <w x="1677">that</w>
            <w x="1862">Fulvia,</w>
        </line>
    </div>
    <div id="3" x="884" y="2397" group="2" width="1363" height="78" type="crosschecks2"
        sealts="460_6_6.118" attribution="HM" mode="tragedy" play="4c">
        <line n="29" h="78" c="2436">
            <w x="1045">Eno.</w>
            <w x="1192">That</w>
            <w x="1326">truth</w>
            <w x="1497">should</w>
            <w x="1568">be</w>
            <w x="1724">silent,</w>
            <w x="1762">I</w>
            <w x="1859">had</w>
            <w x="2031">almost</w>
            <w x="2206">forgot.</w>
        </line>
    </div>
</body>
