<body>
    <div id="2" x="737" y="2425" group="1" width="1292" height="571" type="score2" sealts="460_1_c288" attribution="HM"
        mode="comedy" play="4a">
        <line c="2520" h="57" n="29">
            <w x="853">And</w>
            <w x="921">to</w>
            <w x="999">do</w>
            <w x="1117">that</w>
            <w x="1253">well,</w>
            <w x="1425">craves</w>
            <w x="1475">a</w>
            <w x="1604">kind</w>
            <w x="1677">of</w>
            <w x="1798">wit:</w>
        </line>
        <line c="2586" h="60" n="30">
            <w x="825">He</w>
            <w x="970">must</w>
            <w x="1167">observe</w>
            <w x="1303">their</w>
            <w x="1454">mood</w>
            <w x="1534">on</w>
            <w x="1705">whom</w>
            <w x="1782">he</w>
            <w x="1926">jests,</w>
        </line>
        <line c="2650" h="62" n="31">
            <w x="851">The</w>
            <w x="1041">quality</w>
            <w x="1112">of</w>
            <w x="1322">persons,</w>
            <w x="1532">and</w>
            <w x="1534">the</w>
            <w x="1689">time;</w>
        </line>
        <line c="2712" h="64" n="32">
            <w x="872">And,</w>
            <w x="978">like</w>
            <w x="1075">the</w>
            <w x="1324">haggard,</w>
            <w x="1489">check</w>
            <w x="1557">at</w>
            <w x="1711">every</w>
            <w x="1902">feather</w>
        </line>
        <line c="2775" h="61" n="33">
            <w x="873">That</w>
            <w x="1042">comes</w>
            <w x="1211">before</w>
            <w x="1302">his</w>
            <w x="1421">eye.</w>
            <w x="1600">This</w>
            <w x="1660">is</w>
            <w x="1709">a</w>
            <w x="1939">practice,</w>
        </line>
        <line c="2831" h="45" n="34">
            <w x="812">As</w>
            <w x="913">full</w>
            <w x="985">of</w>
            <w x="1119">labor</w>
            <w x="1188">as</w>
            <w x="1236">a</w>
            <w x="1365">wise</w>
            <w x="1529">man's</w>
            <w x="1645">art:</w>
        </line>
        <line c="2902" h="63" n="35">
            <w x="835">For</w>
            <w x="975">folly,</w>
            <w x="1095">that</w>
            <w x="1171">he</w>
            <w x="1349">wisely</w>
            <w x="1530">shows,</w>
            <w x="1591">is</w>
            <w x="1688">fit;</w>
        </line>
        <line c="2964" h="63" n="36">
            <w x="841">But</w>
            <w x="971">wise</w>
            <w x="1111">men,</w>
            <w x="1407">
                <choice>
                    <orig>folly-fallen,</orig>
                    <reg>folly fallen,</reg>
                    <reg>folly</reg>
                    <reg>fallen,</reg>
                </choice>
            </w>
            <w x="1551">quite</w>
            <w x="1689">taint</w>
            <w x="1823">their</w>
            <w x="1938">wit.</w>
        </line>
    </div>
</body>
