<body>
    <div id="2" x="380" y="1041" group="1" width="861" height="68" type="checkmark" sealts="460_7_7.019" attribution="HM"
        mode="tragedy" play="7c">
        <line n="7" h="68" c="1075">
            <w x="524">Gon.</w>
            <w x="785">Prescribe</w>
            <w x="885">not</w>
            <w x="957">us</w>
            <w x="1065">our</w>
            <w x="1234">duties.</w>
        </line>
    </div>
    <div id="3" x="377" y="1345" group="2" width="1362" height="79" type="checkmark"
        sealts="460_7_7.019" attribution="HM" mode="tragedy" play="7c">
        <line n="1" h="79" c="1385">
            <w x="511">Cor.</w>
            <div id="4" x="526" y="1357" group="2" width="1178" height="64" type="underline"
                sealts="460_7_7.019" attribution="HM" mode="tragedy" play="7c">
                <line n="1" h="64" c="1389">
                    <w x="677">Time</w>
                    <w x="799">shall</w>
                    <w x="968">unfold</w>
                    <w x="1099">what</w>
                    <w x="1307">plaited</w>
                    <w x="1518">cunning</w>
                    <w x="1693">hides;</w>
                </line>
            </div>
        </line>
    </div>
</body>
