<body>
    <div id="2" x="778" y="3008" group="1" width="1406" height="174" type="enclosure"
        sealts="460_6_6.096" attribution="HM" mode="commentary" section="notes" play="4c">
        <line n="33" h="87" c="3052">
            <w x="958">The</w>
            <w x="1033">old</w>
            <w x="1141">copy</w>
            <w x="1277">reads,</w>
            <w x="1430">"change</w>
            <w x="1505">his</w>
            <w x="1656">horns,"</w>
            <w x="1773">&amp;c.</w>
            <w x="1825">A</w>
            <w x="1966">similar</w>
            <w x="2079">error</w>
            <w x="2177">of</w>
        </line>
        <line n="34" h="87" c="3097">
            <w x="926">change</w>
            <w x="983">for</w>
            <w x="1111">charge</w>
            <w x="1163">is</w>
            <w x="1245">also</w>
            <w x="1357">found</w>
            <w x="1410">in</w>
            <w x="1655">Coriolanus.</w>
        </line>
    </div>
</body>
