<body>
	<div id="2" x="338" y="488" group="1" width="786" height="98" type="diagonalscore"
		sealts="460_5_5.211" attribution="HM" mode="history" play="6b">
		<line n="1" h="49" c="528">
			<w x="425">Both</w>
			<w x="470">in</w>
			<w x="530">his</w>
			<w x="627">words</w>
			<w x="703">and</w>
			<w x="853">meaning.</w>
			<w x="942">He</w>
			<w x="1013">was</w>
			<w x="1117">never,</w>
		</line>
		<line n="2" h="49" c="561">
			<w x="410">But</w>
			<w x="518">where</w>
			<w x="565">he</w>
			<w x="676">meant</w>
			<w x="716">to</w>
			<w x="805">ruin,</w>
			<w x="916">pitiful.</w>
		</line>
	</div>
</body>
