<body>
    <div id="2" x="337" y="663" group="1" width="1369" height="136" type="score" sealts="460_1_b25" attribution="HM"
        mode="commentary" section="life">
        <line n="1" h="67" c="696">
            <w x="444">have</w>
            <w x="594">hooted</w>
            <w x="674">the</w>
            <w x="772">wits</w>
            <w x="890">from</w>
            <w x="974">the</w>
            <w x="1106">field;</w>
            <w x="1210">and,</w>
            <w x="1424">attaching</w>
            <w x="1654">themselves</w>
            <w x="1700">to</w>
        </line>
        <line n="2" h="68" c="765">
            <w x="416">the</w>
            <w x="566">mighty</w>
            <w x="676">body</w>
            <w x="732">of</w>
            <w x="984">
                <choice>
                    <orig>Shakspeare,</orig>
                    <reg>Shakespeare,</reg>
                </choice>
            </w>
            <w x="1074">like</w>
            <w x="1278">barnacles</w>
            <w x="1330">to</w>
            <w x="1402">the</w>
            <w x="1492">hull</w>
            <w x="1546">of</w>
            <w x="1586">a</w>
            <w x="1700">proud</w>
        </line>
    </div>
</body>
