<body>
    <div id="2" x="715" y="2559" group="1" width="1055" height="263" type="score" sealts="460_6_6.026" attribution="HM"
        mode="tragedy" play="3c">
        <line c="2597" h="60" n="30">
            <w x="950">Between</w>
            <w x="1045">the</w>
            <w x="1212">acting</w>
            <w x="1282">of</w>
            <w x="1333">a</w>
            <w x="1545">dreadful</w>
            <w x="1691">thing</w>
        </line>
        <line c="2655" h="54" n="31">
            <w x="838">And</w>
            <w x="932">the</w>
            <w x="1044">first</w>
            <w x="1239">motion,</w>
            <w x="1317">all</w>
            <w x="1412">the</w>
            <w x="1604">interim</w>
            <w x="1662">is</w>
        </line>
        <line c="2720" h="63" n="32">
            <w x="851">Like</w>
            <w x="899">a</w>
            <w x="1187">
                <choice>
                    <orig>phantasma,</orig>
                    <reg>phantasm,</reg>
                </choice>
            </w>
            <w x="1255">or</w>
            <w x="1302">a</w>
            <w x="1499">hideous</w>
            <w x="1692">dream:</w>
        </line>
        <line c="2782" h="64" n="33">
            <w x="837">The</w>
            <w x="1024">genius,</w>
            <w x="1133">and</w>
            <w x="1227">the</w>
            <w x="1399">mortal</w>
            <w x="1711">instruments,</w>
        </line>
    </div>
</body>
