<body>
    <div id="2" x="856" y="1867" group="1" width="1397" height="256" type="score" sealts="460_7_7.368" attribution="HM"
        mode="tragedy" play="9c">
        <line n="21" h="63" c="1912">
            <w x="974">2</w>
            <w x="1104">Clo.</w>
            <w x="1249">Will</w>
            <w x="1362">you</w>
            <w x="1470">
                <choice>
                    <orig>ha'</orig>
                    <reg>have</reg>
                </choice>
            </w>
            <w x="1571">the</w>
            <w x="1721">truth</w>
            <w x="1886">
                <choice>
                    <orig>on't?</orig>
                    <reg>on it?</reg>
                    <reg>on</reg>
                    <reg>it?</reg>
                </choice>
            </w>
            <w x="1993">If</w>
            <w x="2114">this</w>
            <w x="2222">had</w>
        </line>
        <line n="22" h="64" c="1972">
            <w x="961">not</w>
            <w x="1091">been</w>
            <w x="1137">a</w>
            <w x="1496">gentlewoman,</w>
            <w x="1595">she</w>
            <w x="1773">should</w>
            <w x="1910">have</w>
            <w x="2049">been</w>
            <w x="2223">buried</w>
        </line>
        <line n="23" h="64" c="2027">
            <w x="954">out</w>
            <w x="1029">of</w>
            <w x="1278">Christian</w>
            <w x="1443">burial.</w>
        </line>
        <line n="24" h="64" c="2091">
            <w x="969">1</w>
            <w x="1102">Clo.</w>
            <w x="1258">Why,</w>
            <w x="1405">there</w>
            <w x="1529">thou</w>
            <w x="1727">
                <choice>
                    <orig>say'st;</orig>
                    <reg>says</reg>
                </choice>
            </w>
            <w x="1833">and</w>
            <w x="1934">the</w>
            <w x="2079">more</w>
            <w x="2218">pity;</w>
        </line>
    </div>
</body>
