<body>
    <div id="2" x="308" y="649" group="1" width="1416" height="410" type="score" sealts="460_6_6.037" attribution="HM"
        mode="tragedy" play="3c">
        <line c="704" h="59" n="1">
            <w x="509">Caes.</w>
            <w x="767">Cowards</w>
            <w x="860">die</w>
            <w x="1019">many</w>
            <w x="1171">times</w>
            <w x="1342">before</w>
            <w x="1478">their</w>
            <w x="1692">deaths;</w>
        </line>
        <line c="761" h="48" n="2">
            <w x="430">The</w>
            <w x="615">valiant</w>
            <w x="768">never</w>
            <w x="904">taste</w>
            <w x="978">of</w>
            <w x="1132">death</w>
            <w x="1235">but</w>
            <w x="1380">once.</w>
        </line>
        <line c="829" h="60" n="3">
            <w x="399">Of</w>
            <w x="468">all</w>
            <w x="564">the</w>
            <w x="789">wonders</w>
            <w x="908">that</w>
            <w x="950">I</w>
            <w x="1050">yet</w>
            <w x="1181">have</w>
            <w x="1353">heard,</w>
        </line>
        <line c="892" h="60" n="4">
            <w x="372">It</w>
            <w x="533">seems</w>
            <w x="601">to</w>
            <w x="693">me</w>
            <w x="832">most</w>
            <w x="1029">strange</w>
            <w x="1149">that</w>
            <w x="1274">men</w>
            <w x="1449">should</w>
            <w x="1591">fear;</w>
        </line>
        <line c="954" h="61" n="5">
            <w x="495">Seeing</w>
            <w x="611">that</w>
            <w x="779">death,</w>
            <w x="830">a</w>
            <w x="1086">necessary</w>
            <w x="1209">end,</w>
        </line>
        <line c="1014" h="54" n="6">
            <w x="430">Will</w>
            <w x="591">come,</w>
            <w x="748">when</w>
            <w x="806">it</w>
            <w x="917">will</w>
            <w x="1080">come.</w>
        </line>
    </div>
</body>
