<body>
    <div id="2" x="745" y="1971" group="1" width="1248" height="423" type="score3" sealts="460_6_6.074" attribution="HM"
        mode="tragedy" play="3c">
        <line c="2003" h="59" n="22">
            <w x="923">There</w>
            <w x="981">is</w>
            <w x="1028">a</w>
            <w x="1136">tide</w>
            <w x="1203">in</w>
            <w x="1298">the</w>
            <w x="1460">affairs</w>
            <w x="1532">of</w>
            <w x="1662">men,</w>
        </line>
        <line c="2065" h="62" n="23">
            <w x="948">Which,</w>
            <w x="1103">taken</w>
            <w x="1171">at</w>
            <w x="1264">the</w>
            <w x="1414">flood,</w>
            <w x="1557">leads</w>
            <w x="1634">on</w>
            <w x="1702">to</w>
            <w x="1920">fortune;</w>
        </line>
        <line c="2126" h="62" n="24">
            <w x="989">Omitted,</w>
            <w x="1068">all</w>
            <w x="1163">the</w>
            <w x="1347">voyage</w>
            <w x="1420">of</w>
            <w x="1544">their</w>
            <w x="1637">life</w>
        </line>
        <line c="2183" h="54" n="25">
            <w x="820">Is</w>
            <w x="987">bound</w>
            <w x="1051">in</w>
            <w x="1287">shallows,</w>
            <w x="1396">and</w>
            <w x="1463">in</w>
            <w x="1689">miseries.</w>
        </line>
        <line c="2246" h="59" n="26">
            <w x="850">On</w>
            <w x="978">such</w>
            <w x="1025">a</w>
            <w x="1121">full</w>
            <w x="1217">sea</w>
            <w x="1308">are</w>
            <w x="1399">we</w>
            <w x="1523">now</w>
            <w x="1700">afloat;</w>
        </line>
        <line c="2308" h="61" n="27">
            <w x="876">And</w>
            <w x="965">We</w>
            <w x="1104">must</w>
            <w x="1225">take</w>
            <w x="1320">the</w>
            <w x="1513">current</w>
            <w x="1664">when</w>
            <w x="1720">it</w>
            <w x="1899">serves,</w>
        </line>
        <line c="2361" h="46" n="28">
            <w x="839">Or</w>
            <w x="947">lose</w>
            <w x="1045">our</w>
            <w x="1280">ventures.</w>
        </line>
    </div>
</body>
