<body>
    <div id="2" x="286" y="712" group="1" width="1356" height="1650" type="score"
        sealts="460_2_2.045" attribution="HM" mode="comedy" play="7a">
        <line c="749" h="60" n="1">
            <w x="411">How</w>
            <w x="515">low</w>
            <w x="606">am</w>
            <w x="683">I?</w>
            <w x="762">I</w>
            <w x="858">am</w>
            <w x="955">not</w>
            <w x="1050">yet</w>
            <w x="1238">so</w>
            <w x="1259">low,</w>
        </line>
        <line c="812" h="64" n="2">
            <w x="382">But</w>
            <w x="494">that</w>
            <w x="588">my</w>
            <w x="716">nails</w>
            <w x="819">can</w>
            <w x="968">reach</w>
            <w x="1094">unto</w>
            <w x="1236">thine</w>
            <w x="1380">eyes.</w>
        </line>
        <line c="872" h="66" n="3">
            <w x="455">Hel.</w>
            <w x="519">I</w>
            <w x="646">pray</w>
            <w x="765">you,</w>
            <w x="952">though</w>
            <w x="1058">you</w>
            <w x="1312">mock</w>
            <w x="1349">me,</w>
            <w x="1599">gentlemen,</w>
        </line>
        <line c="928" h="55" n="4">
            <w x="381">Let</w>
            <w x="476">her</w>
            <w x="573">not</w>
            <w x="691">hurt</w>
            <w x="795">me.</w>
            <w x="879">I</w>
            <w x="994">was</w>
            <w x="1145">never</w>
            <w x="1336">
                <choice>
                    <orig>curst;</orig>
                    <reg>cursed;</reg>
                </choice>
            </w>
        </line>
        <div id="3" x="288" y="958" group="1" width="903" height="74" type="underline"
            sealts="460_2_2.045" attribution="HM" mode="comedy" play="7a">
            <line n="4" h="74" c="995">
                <w x="326">I</w>
                <w x="446">have</w>
                <w x="529">no</w>
                <w x="631">gift</w>
                <w x="697">at</w>
                <w x="770">all</w>
                <w x="839">in</w>
                <w x="1189">shrewishness;</w>
            </line>
        </div>
        <line c="1055" h="68" n="6">
            <w x="326">I</w>
            <w x="406">am</w>
            <w x="454">a</w>
            <w x="537">right</w>
            <w x="587">maid</w>
            <w x="692">for</w>
            <w x="968">my</w>
            <w x="1100">cowardice;</w>
        </line>
        <div id="4" x="288" y="1078" group="1" width="1221" height="182" type="arcedscore"
            sealts="460_2_2.045" attribution="HM" mode="comedy" play="7a">
            <line c="1114" h="63" n="7">
                <w x="381">Let</w>
                <w x="477">her</w>
                <w x="574">not</w>
                <w x="725">strike</w>
                <w x="831">me.</w>
            </line>
            <div id="5" x="890" y="1080" group="1" width="617" height="68" type="underline"
                sealts="460_2_2.045" attribution="HM" mode="comedy" play="7a">
                <line c="1114" h="63" n="7">
                    <w x="1011">You,</w>
                    <w x="1232">perhaps,</w>
                    <w x="1349">may</w>
                    <w x="1508">think,</w>
                </line>
                <line n="8" h="68" c="1174">
                    <w x="495">Because</w>
                    <w x="634">
                        <choice>
                            <orig>she's</orig>
                            <reg>she is</reg>
                            <reg>she</reg>
                            <reg>is</reg>
                        </choice>
                    </w>
                    <w x="900">something</w>
                    <w x="1048">lower</w>
                    <w x="1173">than</w>
                    <w x="1357">myself,</w>
                </line>
                <line n="9" h="54" c="1233">
                    <w x="424">That</w>
                    <w x="468">I</w>
                    <w x="567">can</w>
                    <w x="726">match</w>
                    <w x="833">her.</w>
                </line>
            </div>
        </div>
        <line c="1296" h="59" n="10">
            <w x="477">Her:</w>
            <w x="1084">Lower!</w>
            <w x="1259">Hark,</w>
            <w x="1425">again.</w>
        </line>
        <line c="1356" h="56" n="11">
            <w x="455">Hel.</w>
            <w x="627">Good</w>
            <w x="843">Hermia,</w>
            <w x="922">do</w>
            <w x="1020">not</w>
            <w x="1094">be</w>
            <w x="1165">so</w>
            <w x="1316">bitter</w>
            <w x="1443">with</w>
            <w x="1549">me.</w>
        </line>
        <line c="1419" h="61" n="12">
            <w x="314">I</w>
            <w x="551">evermore</w>
            <w x="647">did</w>
            <w x="761">love</w>
            <w x="881">you,</w>
            <w x="1100">Hermia,</w>
        </line>
        <line c="1482" h="62" n="13">
            <w x="383">Did</w>
            <w x="504">ever</w>
            <w x="637">keep</w>
            <w x="763">your</w>
            <w x="994">counsels,</w>
            <w x="1144">never</w>
            <w x="1372">wronged</w>
            <w x="1504">you;</w>
        </line>
        <line c="1541" h="57" n="14">
            <w x="407">Save</w>
            <w x="536">that,</w>
            <w x="603">in</w>
            <w x="717">love</w>
            <w x="841">unto</w>
            <w x="1128">Demetrius,</w>
        </line>
        <line c="1604" h="62" n="15">
            <w x="315">I</w>
            <w x="426">told</w>
            <w x="536">him</w>
            <w x="605">of</w>
            <w x="725">your</w>
            <w x="904">stealth</w>
            <w x="1030">unto</w>
            <w x="1136">this</w>
            <w x="1297">wood.</w>
        </line>
        <line c="1665" h="62" n="16">
            <w x="368">He</w>
            <w x="590">followed</w>
            <w x="722">you;</w>
            <w x="819">for</w>
            <w x="948">love,</w>
            <w x="992">I</w>
            <w x="1339">followed</w>
            <w x="1349">him.</w>
        </line>
        <line c="1722" h="55" n="17">
            <w x="384">But</w>
            <w x="458">he</w>
            <w x="584">hath</w>
            <w x="703">chid</w>
            <w x="794">me</w>
            <w x="968">hence,</w>
            <w x="1078">and</w>
            <w x="1354">threatened</w>
            <w x="1445">me</w>
        </line>
        <line c="1788" h="63" n="18">
            <w x="366">To</w>
            <w x="517">strike</w>
            <w x="623">me,</w>
            <w x="776">spurn</w>
            <w x="882">me,</w>
            <w x="1006">nay,</w>
            <w x="1074">to</w>
            <w x="1112">kill</w>
            <w x="1264">me</w>
            <w x="1384">too:</w>
        </line>
        <line c="1843" h="69" n="19">
            <w x="397">And</w>
            <w x="531">now,</w>
            <w x="602">so</w>
            <w x="708">you</w>
            <w x="816">will</w>
            <w x="898">let</w>
            <w x="988">me</w>
            <w x="1039">quiet</w>
            <w x="1220">go,</w>
        </line>
        <line c="1908" h="59" n="20">
            <w x="368">To</w>
            <w x="555">Athens</w>
            <w x="664">will</w>
            <w x="705">I</w>
            <w x="831">bear</w>
            <w x="932">my</w>
            <w x="1056">folly</w>
            <w x="1201">back,</w>
        </line>
        <line c="1969" h="61" n="21">
            <w x="397">And</w>
            <w x="560">follow</w>
            <w x="665">you</w>
            <w x="743">no</w>
            <w x="935">farther.</w>
            <w x="1088">Let</w>
            <w x="1178">me</w>
            <w x="1281">go:</w>
        </line>
        <line c="2030" h="60" n="22">
            <w x="393">You</w>
            <w x="487">see</w>
            <w x="608">how</w>
            <w x="779">simple</w>
            <w x="888">and</w>
            <w x="1009">how</w>
            <w x="1159">fond</w>
            <w x="1199">I</w>
            <w x="1307">am.</w>
        </line>
        <line c="2091" h="62" n="23">
            <w x="463">Her.</w>
            <w x="636">Why,</w>
            <w x="745">get</w>
            <w x="859">you</w>
            <w x="1018">gone.</w>
            <w x="1196">Who</w>
            <w x="1300">
                <choice>
                    <orig>is't</orig>
                    <reg>is it</reg>
                    <reg>it</reg>
                    <reg>it</reg>
                </choice>
            </w>
            <w x="1425">that</w>
            <w x="1630">hinders</w>
        </line>
        <line c="2162" h="43" n="24">
            <w x="591">you</w>
        </line>
        <line c="2207" h="48" n="25">
            <w x="456">Hel.</w>
            <w x="540">A</w>
            <w x="713">foolish</w>
            <w x="856">heart</w>
            <w x="971">that</w>
            <w x="1012">I</w>
            <w x="1154">leave</w>
            <w x="1277">here</w>
            <w x="1475">behind.</w>
        </line>
        <line c="2274" h="60" n="26">
            <w x="463">Her.</w>
            <w x="662">What!</w>
            <w x="805">with</w>
            <w x="1089">Lysander?</w>
        </line>
        <line c="2329" h="49" n="27">
            <w x="457">Hel.</w>
            <w x="1312">With</w>
            <w x="1597">Demetrius.</w>
        </line>
    </div>
    <div id="6" x="296" y="2557" group="2" width="1333" height="303" type="score" erasure="true"
        sealts="460_2_2.045" attribution="HM" mode="comedy" play="7a">
        <line c="2584" h="56" n="31">
            <w x="642">part.</w>
        </line>
        <line c="2641" h="60" n="32">
            <w x="456">Hel.</w>
            <w x="559">O,</w>
            <w x="711">when</w>
            <w x="848">
                <choice>
                    <orig>she's</orig>
                    <reg>she is</reg>
                    <reg>she</reg>
                    <reg>is</reg>
                </choice>
            </w>
            <w x="1018">angry,</w>
            <w x="1118">she</w>
            <w x="1176">is</w>
            <w x="1313">keen</w>
            <w x="1421">and</w>
            <w x="1627">shrewd.</w>
        </line>
        <div id="7" x="294" y="2668" group="2" width="1066" height="127" type="checkmark"
            erasure="true" sealts="460_2_2.045" attribution="HM" mode="comedy" play="7a">
            <line n="33" h="63" c="2700">
                <w x="389">She</w>
                <w x="507">was</w>
                <w x="554">a</w>
                <w x="719">vixen,</w>
                <w x="868">when</w>
                <w x="961">she</w>
                <w x="1108">went</w>
                <w x="1177">to</w>
                <w x="1360">school;</w>
            </line>
            <line n="34" h="63" c="2763">
                <w x="424">And,</w>
                <w x="604">though</w>
                <w x="708">she</w>
                <w x="778">be</w>
                <w x="873">but</w>
                <w x="1016">little,</w>
                <w x="1113">she</w>
                <w x="1173">is</w>
                <w x="1360">fierce.</w>
            </line>
        </div>
        <line c="2824" h="64" n="35">
            <w x="461">Her.</w>
            <w x="640">Little</w>
            <w x="824">again?</w>
            <w x="1083">Nothing</w>
            <w x="1181">but</w>
            <w x="1288">low</w>
            <w x="1394">and</w>
            <w x="1522">little</w>
            <w x="1619">?&#8212;</w>
        </line>
    </div>
</body>
