<body>
    <div id="2" x="828" y="795" group="1" width="1270" height="139" type="checkmark"
        sealts="460_7_7.092" attribution="HM" mode="tragedy" play="7c">
        <line n="3" h="69" c="829">
            <w x="972">That</w>
            <w x="1129">slaves</w>
            <w x="1258">your</w>
            <w x="1529">ordinance,</w>
        </line>
        <div id="3" x="831" y="797" group="1" width="428" height="82" type="underline"
            sealts="460_7_7.092" attribution="HM" mode="tragedy" play="7c">
            <line n="3" h="69" c="829">
                <blank x="1545"/>
                <w x="1661">that</w>
                <w x="1772">will</w>
                <w x="1870">not</w>
                <w x="1967">see</w>
            </line>
            <line n="4" h="80" c="894">
                <w x="1052">Because</w>
                <w x="1132">he</w>
                <w x="1252">doth</w>
                <w x="1349">not</w>
                <w x="1466">feel,</w>
            </line>
        </div>
        <line n="4" h="80" c="894">
            <w x="1584">feel</w>
            <w x="1707">your</w>
            <w x="1875">power</w>
            <w x="2090">quickly;</w>
        </line>
    </div>
</body>
