<body>
    <div id="2" x="398" y="1888" group="1" width="1302" height="91" type="checkmark"
        sealts="460_7_7.089" attribution="HM" mode="tragedy" play="7c">
        <line n="14" h="91" c="1933">
            <w x="557">Edg.</w>
            <w x="681">Yet</w>
            <w x="836">better</w>
            <w x="984">thus,</w>
            <w x="1086">and</w>
            <w x="1249">know</w>
            <w x="1319">to</w>
            <w x="1390">be</w>
            <w x="1690">
                <choice>
                    <orig>contemned,</orig>
                    <reg>condemned</reg>
                </choice>
            </w>
        </line>
    </div>
    <div id="3" x="342" y="2636" group="2" width="1291" height="151" type="diagonalscore"
        sealts="460_7_7.089" attribution="HM" mode="tragedy" play="7c">
        <line n="24" h="75" c="2673">
            <w x="451">My</w>
            <w x="624">father,</w>
            <w x="794">poorly</w>
            <w x="984">led?</w>
            <w x="1157">&#8212;World,</w>
            <w x="1330">world,</w>
            <w x="1394">O</w>
            <w x="1584">world!</w>
        </line>
        <line n="25" h="75" c="2748">
            <w x="462">But</w>
            <w x="575">that</w>
            <w x="677">thy</w>
            <w x="875">strange</w>
            <w x="1125">mutations</w>
            <w x="1274">make</w>
            <w x="1358">us</w>
            <w x="1471">hate</w>
            <w x="1619">thee,</w>
        </line>
    </div>
</body>
