<body>
    <div id="2" x="810" y="1427" group="1" width="1130" height="67" type="checkmark"
        sealts="460_2_2.462" attribution="HM" mode="comedy" play="12a">
        <line n="13" h="67" c="1461">
            <w x="896">No</w>
            <w x="1048">profit</w>
            <w x="1210">grows</w>
            <w x="1378">where</w>
            <w x="1438">is</w>
            <w x="1517">no</w>
            <w x="1733">pleasure</w>
            <w x="1938">
                <choice>
                    <orig>ta'en.&#8212;</orig>
                    <reg>taken.&#8212;</reg>
                </choice>
            </w>
        </line>
    </div>
</body>
