<body>
    <div id="2" x="277" y="2415" group="1" width="1299" height="129" type="checkmark"
        sealts="460_1_c011" attribution="HM" mode="comedy" play="1a">
        <line n="29" h="64" c="2447">
            <w x="416">That</w>
            <w x="526">this</w>
            <w x="653">lives</w>
            <w x="726">in</w>
            <w x="815">thy</w>
            <w x="1023">mind?</w>
            <w x="1197">What</w>
            <w x="1344">seest</w>
            <w x="1469">thou</w>
            <w x="1574">else</w>
        </line>
        <div id="3" x="277" y="2479" group="1" width="1075" height="74" type="underline"
            sealts="460_1_c011" attribution="HM" mode="comedy" play="1a">
            <line n="30" h="74" c="2516">
                <w x="353">In</w>
                <w x="446">the</w>
                <w x="580">dark</w>
                <w x="836">backward</w>
                <w x="943">and</w>
                <w x="1124">abysm</w>
                <w x="1192">of</w>
                <w x="1345">time?</w>
            </line>
        </div>
    </div>
</body>
