<body>
    <div id="2" x="379" y="1804" group="1" width="1347" height="434" type="score" sealts="460_1_c439" attribution="HM"
        mode="comedy" play="6a">
        <line c="1843" h="63" n="19">
            <w x="570">wooing,</w>
            <w x="812">wedding,</w>
            <w x="921">and</w>
            <w x="1194">repenting,</w>
            <w x="1253">is</w>
            <w x="1332">as</w>
            <w x="1387">a</w>
            <w x="1576">Scotch</w>
            <w x="1669">jig,</w>
            <w x="1720">a</w>
        </line>
        <line c="1903" h="58" n="20">
            <w x="594">measure,</w>
            <w x="705">and</w>
            <w x="763">a</w>
            <w x="1101">
                <choice>
                    <orig>cinque-pace;</orig>
                    <reg>cinque pace;</reg>
                    <reg>cinque</reg>
                    <reg>pace;</reg>
                </choice>
            </w>
            <w x="1208">the</w>
            <w x="1321">first</w>
            <w x="1434">suit</w>
            <w x="1502">is</w>
            <w x="1613">hot</w>
            <w x="1719">and</w>
        </line>
        <line c="1963" h="59" n="21">
            <w x="523">hasty,</w>
            <w x="645">like</w>
            <w x="707">a</w>
            <w x="902">Scotch</w>
            <w x="1008">jig,</w>
            <w x="1118">and</w>
            <w x="1227">full</w>
            <w x="1307">as</w>
            <w x="1610">fantastical;</w>
            <w x="1717">the</w>
        </line>
        <line c="2024" h="59" n="22">
            <w x="601">wedding,</w>
            <w x="1052">
                <choice>
                    <orig>mannerly-modest,</orig>
                    <reg>mannerly modest,</reg>
                    <reg>mannerly</reg>
                    <reg>modest,</reg>
                </choice>
            </w>
            <w x="1123">as</w>
            <w x="1178">a</w>
            <w x="1393">measure</w>
            <w x="1501">full</w>
            <w x="1582">of</w>
            <w x="1718">state</w>
        </line>
        <line c="2086" h="60" n="23">
            <w x="468">and</w>
            <w x="741">ancientry;</w>
            <w x="862">and</w>
            <w x="995">then</w>
            <w x="1169">comes</w>
            <w x="1465">repentance,</w>
            <w x="1589">and,</w>
            <w x="1719">with</w>
        </line>
        <line c="2147" h="60" n="24">
            <w x="448">his</w>
            <w x="554">bad</w>
            <w x="681">legs,</w>
            <w x="794">falls</w>
            <w x="907">into</w>
            <w x="1002">the</w>
            <w x="1308">
                <choice>
                    <orig>cinque-pace</orig>
                    <reg>cinque pace</reg>
                    <reg>cinque</reg>
                    <reg>pace</reg>
                </choice>
            </w>
            <w x="1454">faster</w>
            <w x="1556">and</w>
            <w x="1717">faster,</w>
        </line>
        <line c="2208" h="60" n="25">
            <w x="445">till</w>
            <w x="522">he</w>
            <w x="644">sink</w>
            <w x="756">into</w>
            <w x="843">his</w>
            <w x="1008">grave.</w>
        </line>
    </div>
</body>
