<body>
	<div id="2" x="759" y="954" group="1" width="965" height="130" type="score" sealts="460_4_4.120" attribution="HM"
		mode="history" play="4b">
		<line c="997" h="74" n="6">
			<w x="840">So</w>
			<w x="957">that</w>
			<w x="1051">the</w>
			<w x="1140">art</w>
			<w x="1247">and</w>
			<w x="1430">
				<choice>
					<orig>practic</orig>
					<reg>practical</reg>
				</choice>
			</w>
			<w x="1548">part</w>
			<w x="1618">of</w>
			<w x="1716">life</w>
		</line>
		<line c="1054" h="58" n="7">
			<w x="902">Must</w>
			<w x="976">be</w>
			<w x="1073">the</w>
			<w x="1288">mistress</w>
			<w x="1355">to</w>
			<w x="1444">his</w>
			<w x="1685">theoric;</w>
		</line>
	</div>
	<div id="3" x="768" y="1506" group="2" width="1354" height="444" type="score" sealts="460_4_4.120" attribution="HM"
		mode="history" play="4b">
		<line c="1545" h="65" n="15">
			<w x="943">Ely.</w>
			<w x="1089">The</w>
			<w x="1372">strawberry</w>
			<w x="1536">grows</w>
			<w x="1828">underneath</w>
			<w x="1923">the</w>
			<w x="2108">nettle;</w>
		</line>
		<line c="1606" h="59" n="16">
			<w x="883">And</w>
			<w x="1171">wholesome</w>
			<w x="1356">berries</w>
			<w x="1516">thrive</w>
			<w x="1626">and</w>
			<w x="1776">ripen</w>
			<w x="1904">best,</w>
		</line>
		<line c="1670" h="62" n="17">
			<w x="1064">Neighbored</w>
			<w x="1146">by</w>
			<w x="1267">fruit</w>
			<w x="1337">of</w>
			<w x="1487">baser</w>
			<w x="1687">quality.</w>
		</line>
		<line c="1730" h="63" n="18">
			<w x="883">And</w>
			<w x="955">so</w>
			<w x="1048">the</w>
			<w x="1218">prince</w>
			<w x="1452">obscured</w>
			<w x="1540">his</w>
			<w x="1901">contemplation</w>
		</line>
		<line c="1789" h="56" n="19">
			<w x="936">Under</w>
			<w x="1032">the</w>
			<w x="1138">veil</w>
			<w x="1206">of</w>
			<w x="1464">wildness;</w>
			<w x="1656">which,</w>
			<w x="1738">no</w>
			<w x="1912">doubt,</w>
		</line>
		<line c="1852" h="61" n="20">
			<w x="922">Grew</w>
			<w x="1029">like</w>
			<w x="1126">the</w>
			<w x="1338">summer</w>
			<w x="1494">grass,</w>
			<w x="1671">fastest</w>
			<w x="1751">by</w>
			<w x="1912">night,</w>
		</line>
		<line c="1915" h="63" n="21">
			<w x="980">Unseen,</w>
			<w x="1080">yet</w>
			<w x="1288">crescive</w>
			<w x="1384">in</w>
			<w x="1473">his</w>
			<w x="1672">faculty.</w>
		</line>
	</div>
	<div id="4" x="776" y="1938" group="2" width="1224" height="128" type="mark" sealts="460_4_4.120" attribution="HM"
		mode="history" play="4b">
		<line c="1975" h="63" n="22">
			<w x="977">Cant.</w>
			<w x="1062">It</w>
			<w x="1200">must</w>
			<w x="1274">be</w>
			<w x="1371">so;</w>
			<w x="1470">for</w>
			<w x="1687">miracles</w>
			<w x="1781">are</w>
			<w x="1992">ceased;</w>
		</line>
		<line c="2026" h="70" n="23">
			<w x="886">And</w>
			<w x="1120">therefore</w>
			<w x="1212">we</w>
			<w x="1353">must</w>
			<w x="1516">needs</w>
			<w x="1675">admit</w>
			<w x="1770">the</w>
			<w x="1957">means,</w>
		</line>
	</div>
</body>
