<body>
    <div id="2" x="350" y="1510" group="1" width="1275" height="67" type="score" type2="checkmark"
        sealts="460_2_2.093" attribution="HM" mode="comedy" play="8a">
        <line n="14" h="67" c="1544">
            <w x="494">Prin.</w>
            <w x="655">Such</w>
            <w x="918">
                <choice>
                    <orig>short-lived</orig>
                    <reg>short lived</reg>
                    <reg>short</reg>
                    <reg>lived</reg>
                </choice>
            </w>
            <w x="1040">wits</w>
            <w x="1121">do</w>
            <w x="1290">wither</w>
            <w x="1359">as</w>
            <w x="1481">they</w>
            <w x="1622">grow.</w>
        </line>
    </div>
</body>
