<body>
	<div id="2" x="651" y="1087" group="1" width="877" height="961" type="score" sealts="460_5_5.196" attribution="HM"
		mode="history" play="6b">
		<line c="1112" h="54" n="16">
			<w x="748">What</w>
			<w x="870">sudden</w>
			<w x="994">
				<choice>
					<orig>anger's</orig>
					<reg>anger is</reg>
					<reg>anger</reg>
					<reg>is</reg>
				</choice>
			</w>
			<w x="1086">this?</w>
			<w x="1164">how</w>
			<w x="1249">have</w>
			<w x="1277">I</w>
			<w x="1395">reaped</w>
			<w x="1455">it?</w>
		</line>
		<line c="1159" h="42" n="17">
			<w x="710">He</w>
			<w x="823">parted</w>
			<w x="976">frowning</w>
			<w x="1060">from</w>
			<w x="1129">me,</w>
			<w x="1175">as</w>
			<w x="1214">if</w>
			<w x="1285">ruin</w>
		</line>
		<line c="1198" h="44" n="18">
			<w x="780">Leaped</w>
			<w x="864">from</w>
			<w x="921">his</w>
			<w x="1012">eyes.</w>
			<w x="1092">So</w>
			<w x="1184">looks</w>
			<w x="1246">the</w>
			<w x="1361">chafed</w>
			<w x="1433">lion</w>
		</line>
		<line c="1237" h="43" n="19">
			<w x="749">Upon</w>
			<w x="811">the</w>
			<w x="924">daring</w>
			<w x="1089">huntsman</w>
			<w x="1166">that</w>
			<w x="1230">has</w>
			<w x="1336">galled</w>
			<w x="1427">him;</w>
		</line>
		<line c="1275" h="41" n="20">
			<w x="748">Then</w>
			<w x="860">makes</w>
			<w x="932">him</w>
			<w x="1074">nothing.</w>
			<w x="1129">I</w>
			<w x="1220">must</w>
			<w x="1370">read</w>
			<w x="1400">this</w>
			<w x="1494">paper;</w>
		</line>
		<line c="1316" h="41" n="21">
			<w x="676">I</w>
			<w x="757">fear,</w>
			<w x="821">the</w>
			<w x="910">story</w>
			<w x="956">of</w>
			<w x="1008">his</w>
			<w x="1118">anger.</w>
			<w x="1223">
				<choice>
					<orig>'Tis</orig>
					<reg>It is</reg>
					<reg>It</reg>
					<reg>is</reg>
				</choice>
			</w>
			<w x="1287">so;</w>
		</line>
		<line c="1356" h="43" n="22">
			<w x="735">This</w>
			<w x="835">paper</w>
			<w x="899">has</w>
			<w x="1025">undone</w>
			<w x="1161">me:&#8212;</w>
			<w x="1210">
				<choice>
					<orig>'Tis</orig>
					<reg>It is</reg>
					<reg>It</reg>
					<reg>is</reg>
				</choice>
			</w>
			<w x="1272">the</w>
			<w x="1408">account</w>
		</line>
		<line c="1393" h="38" n="23">
			<w x="708">Of</w>
			<w x="753">all</w>
			<w x="829">that</w>
			<w x="930">world</w>
			<w x="976">of</w>
			<w x="1092">wealth</w>
			<w x="1120">I</w>
			<w x="1206">have</w>
			<w x="1319">drawn</w>
			<w x="1462">together</w>
		</line>
		<line c="1433" h="40" n="24">
			<w x="719">For</w>
			<w x="807">mine</w>
			<w x="887">own</w>
			<w x="990">ends;</w>
			<w x="1124">indeed,</w>
			<w x="1169">to</w>
			<w x="1248">gain</w>
			<w x="1310">the</w>
			<w x="1473">popedom,</w>
		</line>
		<line c="1475" h="42" n="25">
			<w x="730">And</w>
			<w x="789">fee</w>
			<w x="850">my</w>
			<w x="969">friends</w>
			<w x="1012">in</w>
			<w x="1127">Rome.</w>
			<w x="1197">O</w>
			<w x="1390">negligence,</w>
		</line>
		<line c="1513" h="40" n="26">
			<w x="712">Fit</w>
			<w x="766">for</w>
			<w x="797">a</w>
			<w x="865">fool</w>
			<w x="909">to</w>
			<w x="970">fall</w>
			<w x="1040">by!</w>
			<w x="1161">What</w>
			<w x="1249">cross</w>
			<w x="1336">devil</w>
		</line>
		<line c="1553" h="42" n="27">
			<w x="752">Made</w>
			<w x="812">me</w>
			<w x="878">put</w>
			<w x="946">this</w>
			<w x="1036">main</w>
			<w x="1141">secret</w>
			<w x="1182">in</w>
			<w x="1245">the</w>
			<w x="1364">packet</w>
		</line>
		<line c="1592" h="43" n="28">
			<w x="678">I</w>
			<w x="758">sent</w>
			<w x="818">the</w>
			<w x="925">king?</w>
			<w x="994">Is</w>
			<w x="1086">there</w>
			<w x="1138">no</w>
			<w x="1217">way</w>
			<w x="1259">to</w>
			<w x="1338">cure</w>
			<w x="1431">this?</w>
		</line>
		<line c="1631" h="42" n="29">
			<w x="712">No</w>
			<w x="791">new</w>
			<w x="901">device</w>
			<w x="945">to</w>
			<w x="1024">beat</w>
			<w x="1092">this</w>
			<w x="1176">from</w>
			<w x="1233">his</w>
			<w x="1340">brains?</w>
		</line>
		<line c="1670" h="41" n="30">
			<w x="679">I</w>
			<w x="779">know</w>
			<w x="873">
				<choice>
					<orig>'twill</orig>
					<reg>it will</reg>
					<reg>it</reg>
					<reg>will</reg>
				</choice>
			</w>
			<w x="936">stir</w>
			<w x="1006">him</w>
			<w x="1155">strongly.</w>
			<w x="1248">Yet</w>
			<w x="1274">I</w>
			<w x="1375">know</w>
		</line>
		<line c="1712" h="42" n="31">
			<w x="694">A</w>
			<w x="781">way,</w>
			<w x="820">if</w>
			<w x="853">it</w>
			<w x="932">take</w>
			<w x="1029">right,</w>
			<w x="1072">in</w>
			<w x="1159">spite</w>
			<w x="1206">of</w>
			<w x="1334">fortune,</w>
		</line>
		<line c="1751" h="45" n="32">
			<w x="734">Will</w>
			<w x="828">bring</w>
			<w x="887">me</w>
			<w x="945">off</w>
			<w x="1046">again.</w>
			<w x="1198">What's</w>
			<w x="1267">this?</w>
			<w x="1352">To</w>
			<w x="1408">the</w>
			<w x="1518">Pope!</w>
		</line>
		<line c="1789" h="38" n="33">
			<w x="732">The</w>
			<w x="838">letter,</w>
			<w x="885">as</w>
			<w x="912">I</w>
			<w x="990">live,</w>
			<w x="1076">with</w>
			<w x="1124">all</w>
			<w x="1187">the</w>
			<w x="1329">business</w>
		</line>
		<line c="1829" h="40" n="34">
			<w x="680">I</w>
			<w x="759">writ</w>
			<w x="801">to</w>
			<w x="858">his</w>
			<w x="1001">holiness.</w>
			<w x="1117">Nay,</w>
			<w x="1210">then,</w>
			<w x="1367">farewell!</w>
		</line>
		<line c="1869" h="41" n="35">
			<w x="680">I</w>
			<w x="765">have</w>
			<w x="901">touched</w>
			<w x="963">the</w>
			<w x="1088">highest</w>
			<w x="1184">point</w>
			<w x="1229">of</w>
			<w x="1275">all</w>
			<w x="1337">my</w>
			<w x="1514">greatness;</w>
		</line>
		<line c="1908" h="39" n="36">
			<w x="743">And,</w>
			<w x="828">from</w>
			<w x="904">that</w>
			<w x="966">full</w>
			<w x="1116">meridian</w>
			<w x="1162">of</w>
			<w x="1219">my</w>
			<w x="1320">glory,</w>
		</line>
		<line c="1949" h="41" n="37">
			<w x="681">I</w>
			<w x="775">haste</w>
			<w x="855">now</w>
			<w x="898">to</w>
			<w x="959">my</w>
			<w x="1087">setting.</w>
			<w x="1139">I</w>
			<w x="1223">shall</w>
			<w x="1285">fall</w>
		</line>
		<line c="1990" h="42" n="38">
			<w x="742">Like</w>
			<w x="774">a</w>
			<w x="880">bright</w>
			<w x="1053">exhalation</w>
			<w x="1096">in</w>
			<w x="1158">the</w>
			<w x="1302">evening,</w>
		</line>
		<line c="2026" h="29" n="39">
			<w x="734">And</w>
			<w x="785">no</w>
			<w x="864">man</w>
			<w x="925">see</w>
			<w x="985">me</w>
			<w x="1084">more.</w>
		</line>
	</div>
</body>
