<body>
    <div id="2" x="345" y="893" group="1" width="683" height="88" type="score" sealts="460_5_5.531" attribution="HM"
        mode="tragedy" play="2c">
        <line n="11" h="44" c="915">
            <w x="433">Were</w>
            <w x="482">in</w>
            <w x="602">Arabia,</w>
            <w x="677">and</w>
            <w x="734">thy</w>
            <w x="825">tribe</w>
            <w x="929">before</w>
            <w x="1013">him,</w>
        </line>
        <line n="12" h="44" c="959">
            <w x="409">His</w>
            <w x="498">good</w>
            <w x="596">sword</w>
            <w x="645">in</w>
            <w x="694">his</w>
            <w x="789">hand.</w>
        </line>
    </div>
    <div id="3" x="338" y="1048" group="2" width="583" height="55" type="score" sealts="460_5_5.531" attribution="HM"
        mode="tragedy" play="2c">
        <line n="15" h="55" c="1076">
            <w x="429">
                <choice>
                    <orig>He'd</orig>
                    <reg>He would</reg>
                    <reg>He</reg>
                    <reg>would</reg>
                </choice>
            </w>
            <w x="524">make</w>
            <w x="577">an</w>
            <w x="643">end</w>
            <w x="696">of</w>
            <w x="755">thy</w>
            <w x="916">posterity.</w>
        </line>
    </div>
    <div id="4" x="335" y="1480" group="3" width="696" height="87" type="score" sealts="460_5_5.531" attribution="HM"
        mode="tragedy" play="2c">
        <line n="26" h="43" c="1502">
            <w x="386">As</w>
            <w x="416">I</w>
            <w x="488">can</w>
            <w x="528">of</w>
            <w x="619">those</w>
            <w x="780">mysteries</w>
            <w x="884">which</w>
            <w x="1016">Heaven</w>
        </line>
        <line n="27" h="43" c="1545">
            <w x="410">Will</w>
            <w x="471">not</w>
            <w x="554">have</w>
            <w x="647">earth</w>
            <w x="693">to</w>
            <w x="800">know.</w>
        </line>
    </div>
</body>
