<body>
    <div id="2" x="412" y="2250" group="1" width="1201" height="138" type="score" sealts="460_6_6.329" attribution="HM"
        mode="tragedy" play="5c">
        <line n="27" h="69" c="2284">
            <w x="601">Having</w>
            <w x="826">received</w>
            <w x="922">the</w>
            <w x="1226">punishment</w>
            <w x="1432">before,</w>
        </line>
        <line n="28" h="69" c="2353">
            <w x="514">For</w>
            <w x="629">that</w>
            <w x="800">which</w>
            <w x="842">I</w>
            <w x="938">did</w>
            <w x="1086">then.</w>
            <w x="1320">Beaten</w>
            <w x="1409">for</w>
            <w x="1599">loyalty</w>
        </line>
    </div>
</body>
