<body>
    <div id="2" x="366" y="2231" group="1" width="1132" height="191" type="diagonalscore"
        sealts="460_7_7.331" attribution="HM" mode="tragedy" play="9c">
        <line c="2270" h="63" n="26">
            <w x="432">In</w>
            <w x="528">the</w>
            <w x="779">corrupted</w>
            <w x="995">currents</w>
            <w x="1074">of</w>
            <w x="1185">this</w>
            <w x="1358">world,</w>
        </line>
        <line c="2330" h="62" n="27">
            <w x="604">Offence's</w>
            <w x="771">gilded</w>
            <w x="910">hand</w>
            <w x="1032">may</w>
            <w x="1185">shove</w>
            <w x="1266">by</w>
            <w x="1466">justice;</w>
        </line>
        <line c="2391" h="61" n="28">
            <w x="482">And</w>
            <w x="567">oft</w>
            <w x="659">
                <choice>
                    <orig>'tis</orig>
                    <reg>it is</reg>
                    <reg>it</reg>
                    <reg>is</reg>
                </choice>
            </w>
            <w x="801">seen,</w>
            <w x="899">the</w>
            <w x="1095">wicked</w>
            <w x="1236">prize</w>
            <w x="1381">itself</w>
        </line>
    </div>
</body>
