<body>
    <div id="2" x="863" y="2278" group="1" width="1263" height="320" type="score"
        sealts="460_7_7.462" attribution="HM" mode="tragedy" play="10c">
        <line c="2316" h="61" n="27">
            <w x="977">The</w>
            <w x="1128">Moor</w>
            <w x="1325">already</w>
            <w x="1540">changes</w>
            <w x="1671">with</w>
            <w x="1767">my</w>
            <w x="1954">poison.</w>
        </line>
        <line c="2378" h="61" n="28">
            <w x="1139">Dangerous</w>
            <w x="1354">conceits</w>
            <w x="1466">are,</w>
            <w x="1536">in</w>
            <w x="1670">their</w>
            <w x="1880">natures,</w>
            <w x="2092">poisons,</w>
        </line>
        <line c="2438" h="56" n="29">
            <w x="1049">Which,</w>
            <w x="1121">at</w>
            <w x="1216">the</w>
            <w x="1343">first,</w>
            <w x="1440">are</w>
            <w x="1611">scarce</w>
            <w x="1770">found</w>
            <w x="1838">to</w>
            <w x="2069">distaste;</w>
        </line>
        <line c="2502" h="61" n="30">
            <w x="981">But,</w>
            <w x="1114">with</w>
            <w x="1161">a</w>
            <w x="1292">little</w>
            <w x="1387">act</w>
            <w x="1524">upon</w>
            <w x="1622">the</w>
            <w x="1787">blood,</w>
        </line>
        <line c="2564" h="61" n="31">
            <w x="998">Burn</w>
            <w x="1106">like</w>
            <w x="1204">the</w>
            <w x="1367">mines</w>
            <w x="1439">of</w>
            <w x="1670">
                <choice>
                    <orig>sulphur.&#8212;</orig>
                    <reg>sulfur.&#8212;</reg>
                </choice>
            </w>
            <w x="1750">I</w>
            <w x="1825">did</w>
            <w x="1940">say</w>
            <w x="2092">so;&#8212;</w>
        </line>
    </div>
</body>
