<body>
    <div id="2" x="382" y="1122" group="1" width="1378" height="85" type="xmark" type2="annotated"
        sealts="460_6_6.099" attribution="HM" mode="tragedy" play="4c">
        <line n="9" h="85" c="1165">
            <w x="560">Mess.</w>
            <w x="688">The</w>
            <w x="866">nature</w>
            <w x="942">of</w>
            <w x="1048">bad</w>
            <w x="1191">news</w>
            <w x="1371">infects</w>
            <w x="1477">the</w>
            <w x="1635">teller.</w>
        </line>
    </div>
    <div id="3" x="198" y="3078" group="2" width="1878" height="377" type="annotation" type2="xmark"
        erasure="true" sealts="460_6_6.099" attribution="HM" mode="tragedy" play="4c">
        <line n="1" h="126" c="3173">
            <w x="302">It</w>
            <w x="396">is</w>
            <w x="674">curious</w>
            <w x="824">in</w>
            <w x="1008">how</w>
            <w x="1217">many</w>
            <w x="1461">ways</w>
            <w x="1610">this</w>
            <w x="1804">idea</w>
            <w x="1950">is</w>
        </line>
        <line n="2" h="125" c="3266">
            <w x="523">expressed</w>
            <w x="633">by</w>
            <w x="1160">Shakespeare.</w>
            <w x="1436">&#8212;"The</w>
            <w x="1701">bearer</w>
            <w x="1788">of</w>
            <w x="2030">evil</w>
        </line>
        <line n="3" h="125" c="3360">
            <w x="492">tidings</w>
            <w x="722">hath</w>
            <w x="925">but</w>
            <w x="1151">a</w>
        </line>
    </div>
</body>
