<body>
    <div id="2" x="685" y="2883" group="1" width="1393" height="270" type="score" sealts="460_6_6.326" attribution="HM"
        mode="tragedy" play="5c">
        <line c="2924" h="63" n="37">
            <w x="866">Throw</w>
            <w x="958">me</w>
            <w x="1125">again.</w>
            <w x="1930">[Embracing</w>
            <w x="2051">him.</w>
        </line>
        <line c="2986" h="62" n="38">
            <w x="881">Post.</w>
            <w x="1064">Hang</w>
            <w x="1217">there</w>
            <w x="1326">like</w>
            <w x="1464">fruit,</w>
            <w x="1563">my</w>
            <w x="1690">soul,</w>
        </line>
        <line c="3042" h="46" n="39">
            <w x="787">Till</w>
            <w x="883">the</w>
            <w x="998">tree</w>
            <w x="1127">die!</w>
        </line>
        <line c="3111" h="64" n="40">
            <w x="883">Cym.</w>
            <w x="1316">How</w>
            <w x="1453">now,</w>
            <w x="1551">my</w>
            <w x="1697">flesh,</w>
            <w x="1797">my</w>
            <w x="1972">child?</w>
        </line>
    </div>
</body>
