<body>
	<div id="2" x="303" y="845" group="1" width="791" height="93" type="score2" sealts="460_5_5.137" attribution="HM"
		mode="history" play="6b">
		<line n="10" h="46" c="868">
			<w x="418">Shone</w>
			<w x="512">down</w>
			<w x="581">the</w>
			<w x="727">English;</w>
			<w x="812">and,</w>
			<w x="996">
				<choice>
					<orig>to-morrow,</orig>
					<reg>tomorrow,</reg>
				</choice>
			</w>
			<w x="1083">they</w>
		</line>
		<line n="11" h="46" c="914">
			<w x="407">Made</w>
			<w x="547">Britain,</w>
			<w x="653">India;</w>
			<w x="756">every</w>
			<w x="847">man,</w>
			<w x="926">that</w>
			<w x="1030">stood,</w>
		</line>
	</div>
</body>
