<body>
    <div id="2" x="711" y="1578" group="1" width="1381" height="388" type="score" sealts="460_6_6.320" attribution="HM"
        mode="tragedy" play="5c">
        <line c="1616" h="61" n="16">
            <w x="856">Were</w>
            <w x="958">not</w>
            <w x="1024">in</w>
            <w x="1168">fault,</w>
            <w x="1257">for</w>
            <w x="1357">she</w>
            <w x="1471">was</w>
            <w x="1734">beautiful;</w>
        </line>
        <line c="1677" h="65" n="17">
            <w x="851">Mine</w>
            <w x="983">ears,</w>
            <w x="1104">that</w>
            <w x="1258">heard</w>
            <w x="1357">her</w>
            <w x="1578">flattery;</w>
            <w x="1691">nor</w>
            <w x="1787">my</w>
            <w x="1946">heart,</w>
        </line>
        <line c="1740" h="71" n="18">
            <w x="849">That</w>
            <w x="1078">thought</w>
            <w x="1197">her</w>
            <w x="1327">like</w>
            <w x="1444">her</w>
            <w x="1712">seeming;</w>
            <w x="1803">it</w>
            <w x="1927">had</w>
            <w x="2084">been</w>
        </line>
        <line c="1801" h="45" n="19">
            <w x="1136">vicious</w>
        </line>
        <line c="1861" h="61" n="20">
            <w x="799">To</w>
            <w x="930">have</w>
            <w x="1204">mistrusted</w>
            <w x="1318">her.</w>
            <w x="1488">Yet,</w>
            <w x="1556">O</w>
            <w x="1654">my</w>
            <w x="1914">daughter!</w>
        </line>
        <line c="1930" h="62" n="21">
            <w x="849">That</w>
            <w x="905">it</w>
            <w x="1018">was</w>
            <w x="1143">folly</w>
            <w x="1209">in</w>
            <w x="1318">me,</w>
            <w x="1448">thou</w>
            <w x="1614">mayst</w>
            <w x="1727">say,</w>
        </line>
    </div>
</body>
