<body>
    <div id="2" x="398" y="749" group="1" width="1256" height="127" type="score" sealts="460_1_c359" attribution="HM"
        mode="comedy" play="5a">
        <line n="2" h="63" c="780">
            <w x="562">Great</w>
            <w x="682">men</w>
            <w x="806">may</w>
            <w x="914">jest</w>
            <w x="1040">with</w>
            <w x="1228">saints:</w>
            <w x="1330">
                <choice>
                    <orig>'tis</orig>
                    <reg>it is</reg>
                    <reg>it</reg>
                    <reg>is</reg>
                </choice>
            </w>
            <w x="1428">wit</w>
            <w x="1498">in</w>
            <w x="1650">them!</w>
        </line>
        <line n="3" h="63" c="843">
            <w x="530">But,</w>
            <w x="600">in</w>
            <w x="692">the</w>
            <w x="814">less,</w>
            <w x="930">foul</w>
            <w x="1226">profanation.</w>
        </line>
    </div>
    <div id="3" x="409" y="1116" group="2" width="1293" height="245" type="score" sealts="460_1_c359" attribution="HM"
        mode="comedy" play="5a">
        <line c="1150" h="67" n="8">
            <w x="588">Ang.</w>
            <w x="752">Why</w>
            <w x="829">do</w>
            <w x="936">you</w>
            <w x="1036">put</w>
            <w x="1179">these</w>
            <w x="1376">sayings</w>
            <w x="1514">upon</w>
            <w x="1641">me?</w>
        </line>
        <line c="1212" h="64" n="9">
            <w x="585">Isab.</w>
            <w x="831">Because</w>
            <w x="1083">authority,</w>
            <w x="1271">though</w>
            <w x="1328">it</w>
            <w x="1414">err</w>
            <w x="1522">like</w>
            <w x="1696">others,</w>
        </line>
        <line c="1273" h="66" n="10">
            <w x="537">Hath</w>
            <w x="635">yet</w>
            <w x="683">a</w>
            <w x="810">kind</w>
            <w x="882">of</w>
            <w x="1110">medicine</w>
            <w x="1178">in</w>
            <w x="1328">itself,</w>
        </line>
        <line c="1335" h="61" n="11">
            <w x="533">That</w>
            <w x="674">skins</w>
            <w x="771">the</w>
            <w x="885">vice</w>
            <w x="949">
                <choice>
                    <orig>o'</orig>
                    <reg>of</reg>
                    <reg>off</reg>
                </choice>
            </w>
            <w x="1045">the</w>
            <w x="1167">top:</w>
            <w x="1286">go</w>
            <w x="1353">to</w>
            <w x="1481">your</w>
            <w x="1677">bosom;</w>
        </line>
    </div>
</body>
