<body>
	<div id="2" x="607" y="868" group="1" width="886" height="256" type="score" sealts="460_5_5.148" attribution="HM"
		mode="history" play="6b">
		<line c="893" h="41" n="10">
			<w x="1254">[To</w>
			<w x="1312">the</w>
			<w x="1483">Secretary.</w>
		</line>
		<line c="935" h="39" n="11">
			<w x="679">Let</w>
			<w x="770">there</w>
			<w x="820">be</w>
			<w x="930">letters</w>
			<w x="1008">writ</w>
			<w x="1051">to</w>
			<w x="1148">every</w>
			<w x="1244">shire,</w>
		</line>
		<line c="975" h="45" n="12">
			<w x="665">Of</w>
			<w x="722">the</w>
			<w x="824">king's</w>
			<w x="914">grace</w>
			<w x="979">and</w>
			<w x="1104">pardon.</w>
			<w x="1210">The</w>
			<w x="1332">grieved</w>
			<w x="1485">commons</w>
		</line>
		<line c="1016" h="44" n="13">
			<w x="731">Hardly</w>
			<w x="876">conceive</w>
			<w x="923">of</w>
			<w x="1003">me;</w>
			<w x="1064">let</w>
			<w x="1100">it</w>
			<w x="1148">be</w>
			<w x="1268">noised,</w>
		</line>
		<line c="1055" h="44" n="14">
			<w x="709">That,</w>
			<w x="844">through</w>
			<w x="907">our</w>
			<w x="1111">intercession,</w>
			<w x="1181">this</w>
			<w x="1377">revokement</w>
		</line>
		<line c="1095" h="44" n="15">
			<w x="688">And</w>
			<w x="807">pardon</w>
			<w x="923">comes.</w>
			<w x="978">I</w>
			<w x="1062">shall</w>
			<w x="1150">anon</w>
			<w x="1260">advise</w>
			<w x="1330">you</w>
		</line>
	</div>
</body>
