<body>
    <div id="2" x="779" y="899" group="1" width="1276" height="137" type="score" sealts="460_6_6.152" attribution="HM"
        mode="tragedy" play="4c">
        <line n="5" h="68" c="933">
            <w x="901">But</w>
            <w x="981">let</w>
            <w x="1266">determined</w>
            <w x="1436">things</w>
            <w x="1497">to</w>
            <w x="1707">destiny</w>
        </line>
        <line n="6" h="68" c="1001">
            <w x="930">Hold</w>
            <w x="1218">unbewailed</w>
            <w x="1354">their</w>
            <w x="1524">way.</w>
            <w x="1778">Welcome</w>
            <w x="1846">to</w>
            <w x="2030">Rome;</w>
        </line>
    </div>
</body>
