<body>
    <div id="2" x="654" y="1237" group="1" width="1410" height="321" type="diagonalscore"
        sealts="460_1_c506" attribution="HM" mode="comedy" play="6a">
        <line c="1270" h="67" n="10">
            <w x="764">that</w>
            <w x="861">the</w>
            <w x="1023">world</w>
            <w x="1129">can</w>
            <w x="1242">say</w>
            <w x="1438">against</w>
            <w x="1524">it;</w>
            <w x="1648">and</w>
            <w x="1887">therefore</w>
            <w x="2044">never</w>
        </line>
        <div id="3" x="662" y="1296" group="1" width="1394" height="140" type="checkmark"
            sealts="460_1_c506" attribution="HM" mode="comedy" play="6a">
            <line n="11" h="70" c="1331">
                <w x="782">flout</w>
                <w x="850">at</w>
                <w x="938">me</w>
                <w x="1030">for</w>
                <w x="1174">what</w>
                <w x="1226">I</w>
                <w x="1350">have</w>
                <w x="1470">said</w>
                <w x="1670">against</w>
                <w x="1754">it;</w>
                <w x="1848">for</w>
                <w x="1984">man</w>
                <w x="2044">is</w>
            </line>
            <line n="12" h="70" c="1401">
                <div id="4" x="668" y="1366" group="1" width="380" height="58" type="underline"
                    sealts="460_1_c506" attribution="HM" mode="comedy" play="6a">
                    <w x="696">a</w>
                    <w x="864">giddy</w>
                    <w x="1044">thing,</w>
                </div>
                <w x="1172">and</w>
                <w x="1292">this</w>
                <w x="1368">is</w>
                <w x="1478">my</w>
                <w x="1774">conclusion.</w>
                <w x="1934">&#8212;For</w>
                <w x="2048">thy</w>
            </line>
        </div>
        <line c="1455" h="74" n="13">
            <w x="782">part,</w>
            <w x="1002">Claudio,</w>
            <w x="1054">I</w>
            <w x="1152">did</w>
            <w x="1304">think</w>
            <w x="1372">to</w>
            <w x="1505">have</w>
            <w x="1692">beaten</w>
            <w x="1857">thee;</w>
            <w x="1972">but</w>
            <w x="2041">in</w>
        </line>
        <line c="1523" h="70" n="14">
            <w x="762">that</w>
            <w x="901">thou</w>
            <w x="1002">art</w>
            <w x="1121">like</w>
            <w x="1202">to</w>
            <w x="1290">be</w>
            <w x="1400">my</w>
            <w x="1642">kinsman,</w>
            <w x="1750">live</w>
            <w x="2039">unbruised,</w>
        </line>
    </div>
</body>
