<body>
    <div id="2" x="799" y="1561" group="1" width="1367" height="195" type="score" sealts="460_1_c022" attribution="HM"
        mode="comedy" play="1a">
        <line c="1600" h="65" n="15">
            <w x="998">Though</w>
            <w x="1141">thou</w>
            <w x="1294">didst</w>
            <w x="1463">learn,</w>
            <w x="1588">had</w>
            <w x="1721">that</w>
            <w x="1838">
                <choice>
                    <orig>in't</orig>
                    <reg>in it</reg>
                    <reg>in</reg>
                    <reg>it</reg>
                </choice>
            </w>
            <w x="2014">which</w>
            <w x="2158">good</w>
        </line>
        <line c="1658" h="35" n="16">
            <w x="1227">natures</w>
        </line>
        <line c="1721" h="58" n="17">
            <w x="951">Could</w>
            <w x="1050">not</w>
            <w x="1198">abide</w>
            <w x="1267">to</w>
            <w x="1343">be</w>
            <w x="1499">with;</w>
            <w x="1747">therefore</w>
            <w x="1882">wast</w>
            <w x="2008">thou</w>
        </line>
    </div>
</body>
