<body>
    <div id="2" x="812" y="1331" group="1" width="1238" height="271" type="score" sealts="460_6_6.100" attribution="HM"
        mode="tragedy" play="4c">
        <line c="1380" h="61" n="11">
            <w x="960">What</w>
            <w x="1058">our</w>
            <w x="1324">contempts</w>
            <w x="1403">do</w>
            <w x="1546">often</w>
            <w x="1663">hurl</w>
            <w x="1793">from</w>
            <w x="1880">us,</w>
        </line>
        <line c="1441" h="60" n="12">
            <w x="909">We</w>
            <w x="1043">wish</w>
            <w x="1099">it</w>
            <w x="1217">ours</w>
            <w x="1395">again;</w>
            <w x="1505">the</w>
            <w x="1705">present</w>
            <w x="1937">pleasure,</w>
        </line>
        <line c="1502" h="59" n="13">
            <w x="896">By</w>
            <w x="1155">revolution</w>
            <w x="1400">lowering,</w>
            <w x="1528">does</w>
            <w x="1731">become</w>
        </line>
        <line c="1564" h="61" n="14">
            <w x="926">The</w>
            <w x="1144">opposite</w>
            <w x="1217">of</w>
            <w x="1385">itself:</w>
            <w x="1535">
                <choice>
                    <orig>she's</orig>
                    <reg>she is</reg>
                    <reg>she</reg>
                    <reg>is</reg>
                </choice>
            </w>
            <w x="1685">good,</w>
            <w x="1842">being</w>
            <w x="2004">gone;</w>
        </line>
    </div>
    <div id="3" x="812" y="2321" group="2" width="1394" height="260" type="score" erasure="true"
        sealts="460_6_6.100" attribution="HM" mode="tragedy" play="4c">
        <line c="2362" h="65" n="26">
            <w x="1004">Eno.</w>
            <w x="1204">Under</w>
            <w x="1262">a</w>
            <w x="1550">compelling</w>
            <w x="1785">occasion,</w>
            <w x="1870">let</w>
            <w x="2065">women</w>
            <w x="2174">die.</w>
        </line>
        <line c="2425" h="62" n="27">
            <w x="868">It</w>
            <w x="1006">were</w>
            <w x="1122">pity</w>
            <w x="1188">to</w>
            <w x="1316">cast</w>
            <w x="1470">them</w>
            <w x="1630">away</w>
            <w x="1717">for</w>
            <w x="1959">nothing;</w>
            <w x="2175">though,</w>
        </line>
        <line c="2486" h="59" n="28">
            <w x="1032">between</w>
            <w x="1197">them</w>
            <w x="1327">and</w>
            <w x="1396">a</w>
            <w x="1571">great</w>
            <w x="1747">cause,</w>
            <w x="1892">they</w>
            <w x="2076">should</w>
            <w x="2174">be</w>
        </line>
        <line c="2548" h="61" n="29">
            <w x="1050">esteemed</w>
            <w x="1281">nothing.</w>
            <w x="1596">Cleopatra,</w>
            <w x="1825">catching</w>
            <w x="1937">but</w>
            <w x="2043">the</w>
            <w x="2178">least</w>
        </line>
    </div>
</body>
