<body>
    <div id="2" x="747" y="1100" group="1" width="1367" height="384" type="score2" sealts="460_1_c278" attribution="HM"
        mode="comedy" play="4a">
        <line c="1138" h="62" n="6">
            <w x="851">The</w>
            <w x="1086">spinsters</w>
            <w x="1196">and</w>
            <w x="1293">the</w>
            <w x="1504">knitters</w>
            <w x="1571">in</w>
            <w x="1669">the</w>
            <w x="1788">sun,</w>
        </line>
        <line c="1194" h="48" n="7">
            <w x="866">And</w>
            <w x="971">the</w>
            <w x="1129">free</w>
            <w x="1302">maids</w>
            <w x="1442">that</w>
            <w x="1625">weave</w>
            <w x="1773">their</w>
            <w x="1968">thread</w>
            <w x="2110">with</w>
        </line>
        <line c="1261" h="54" n="8">
            <w x="1149">bones,</w>
        </line>
        <line c="1324" h="64" n="9">
            <w x="824">Do</w>
            <w x="923">use</w>
            <w x="992">to</w>
            <w x="1148">chant</w>
            <w x="1229">it;</w>
            <w x="1299">it</w>
            <w x="1356">is</w>
            <w x="1476">silly</w>
            <w x="1656">sooth,</w>
        </line>
        <line c="1384" h="58" n="10">
            <w x="854">And</w>
            <w x="1027">dallies</w>
            <w x="1160">with</w>
            <w x="1258">the</w>
            <w x="1523">innocence</w>
            <w x="1597">of</w>
            <w x="1722">love,</w>
        </line>
        <line c="1448" h="64" n="11">
            <w x="867">Like</w>
            <w x="965">the</w>
            <w x="1059">old</w>
            <w x="1198">age.</w>
        </line>
    </div>
</body>
