<body>
    <div id="2" x="313" y="1708" group="1" width="830" height="77" type="crosschecks2"
        sealts="460_5_5.423" attribution="HM" mode="tragedy" play="1c">
        <line n="32" h="38" c="1727">
            <w x="433">Apem.</w>
            <w x="967">To</w>
            <w x="1035">vex</w>
            <w x="1120">thee.</w>
        </line>
        <line n="33" h="38" c="1765">
            <w x="403">Tim.</w>
            <w x="542">Always</w>
            <w x="569">a</w>
            <w x="697">villain's</w>
            <w x="801">office,</w>
            <w x="842">or</w>
            <w x="872">a</w>
            <w x="970">fool's.</w>
        </line>
    </div>
</body>
