<body>
    <div id="2" x="308" y="637" group="1" width="1134" height="143" type="checkmark"
        sealts="460_6_6.115" attribution="HM" mode="tragedy" play="4c">
        <line n="1" h="71" c="683">
            <w x="445">And</w>
            <w x="606">speak</w>
            <w x="678">as</w>
            <w x="799">loud</w>
            <w x="878">as</w>
            <w x="1054">Mars.</w>
            <w x="1164">By</w>
            <w x="1382">Jupiter,</w>
        </line>
        <line n="2" h="71" c="744">
            <w x="483">Were</w>
            <w x="523">I</w>
            <w x="621">the</w>
            <w x="808">wearer</w>
            <w x="873">of</w>
            <w x="1132">Antonius'</w>
            <w x="1312">beard,</w>
        </line>
    </div>
    <div id="3" x="314" y="963" group="2" width="1209" height="126" type="checkmark"
        sealts="460_6_6.115" attribution="HM" mode="tragedy" play="4c">
        <line n="6" h="63" c="995">
            <w x="521">Eno.</w>
            <w x="1140">Every</w>
            <w x="1283">time</w>
        </line>
        <line n="7" h="63" c="1062">
            <w x="502">Serves</w>
            <w x="585">for</w>
            <w x="682">the</w>
            <w x="867">matter</w>
            <w x="986">that</w>
            <w x="1043">is</w>
            <w x="1174">then</w>
            <w x="1304">born</w>
            <w x="1376">in</w>
            <w x="1446">it.</w>
        </line>
    </div>
    <div id="4" x="316" y="2273" group="3" width="1422" height="195" type="enclosure"
        type2="checkmark" sealts="460_6_6.115" attribution="HM" mode="tragedy" play="4c">
        <line c="2311" h="61" n="23">
            <w x="440">May</w>
            <w x="495">it</w>
            <w x="572">be</w>
            <w x="749">gently</w>
            <w x="932">heard;</w>
            <w x="1098">when</w>
            <w x="1192">We</w>
            <w x="1377">debate</w>
        </line>
        <line c="2371" h="54" n="24">
            <w x="426">Our</w>
            <w x="585">trivial</w>
            <w x="842">difference</w>
            <w x="982">loud,</w>
            <w x="1077">We</w>
            <w x="1157">do</w>
            <w x="1359">commit</w>
        </line>
        <line c="2437" h="63" n="25">
            <w x="511">Murder</w>
            <w x="578">in</w>
            <w x="780">healing</w>
            <w x="1001">wounds.</w>
            <w x="1217">Then,</w>
            <w x="1371">noble</w>
            <w x="1608">partners,</w>
        </line>
    </div>
    <div id="5" x="314" y="2525" group="4" width="1318" height="69" type="checkmark"
        sealts="460_6_6.115" attribution="HM" mode="tragedy" play="4c">
        <line n="27" h="69" c="2560">
            <w x="488">Touch</w>
            <w x="605">you</w>
            <w x="701">the</w>
            <w x="896">sourest</w>
            <w x="1060">points</w>
            <w x="1193">with</w>
            <w x="1429">sweetest</w>
            <w x="1594">terms,</w>
        </line>
    </div>
</body>
