<body>
    <div id="2" x="371" y="2009" group="1" width="1414" height="113" type="checkmark"
        sealts="460_6_6.125" attribution="HM" mode="tragedy" play="4c">
        <line n="18" h="113" c="2065">
            <w x="622">SCENE</w>
            <w x="748">V.</w>
            <w x="1079">Alexandria.</w>
            <w x="1171">A</w>
            <w x="1349">Room</w>
            <w x="1441">in</w>
            <w x="1546">the</w>
            <w x="1760">Palace.</w>
        </line>
    </div>
</body>
