<body>
    <div id="2" x="433" y="2670" group="1" width="1334" height="66" type="checkmark"
        sealts="460_2_2.419" attribution="HM" mode="comedy" play="11a">
        <line n="33" h="66" c="2703">
            <w x="552">dare</w>
            <w x="647">not</w>
            <w x="799">shake</w>
            <w x="914">the</w>
            <w x="1064">snow</w>
            <w x="1198">from</w>
            <w x="1273">off</w>
            <w x="1410">their</w>
            <w x="1674">cassocks,</w>
            <w x="1764">lest</w>
        </line>
    </div>
</body>
