<body>
    <div id="2" x="374" y="1831" group="1" width="1381" height="432" type="score" sealts="460_6_6.249" attribution="HM"
        mode="tragedy" play="5c">
        <line c="1868" h="63" n="19">
            <w x="545">Which</w>
            <w x="677">buys</w>
            <w x="991">admittance;</w>
            <w x="1089">oft</w>
            <w x="1156">it</w>
            <w x="1307">doth;</w>
            <w x="1438">yea,</w>
            <w x="1549">and</w>
            <w x="1733">makes</w>
        </line>
        <line c="1931" h="62" n="20">
            <w x="571">Diana's</w>
            <w x="769">rangers</w>
            <w x="897">false</w>
            <w x="1223">themselves,</w>
            <w x="1363">yield</w>
            <w x="1444">up</w>
        </line>
        <line c="1990" h="60" n="21">
            <w x="524">Their</w>
            <w x="649">deer</w>
            <w x="716">to</w>
            <w x="812">the</w>
            <w x="963">stand</w>
            <w x="1035">of</w>
            <w x="1131">the</w>
            <w x="1337">stealer;</w>
            <w x="1457">and</w>
            <w x="1550">
                <choice>
                    <orig>'tis</orig>
                    <reg>it is</reg>
                    <reg>it</reg>
                    <reg>is</reg>
                </choice>
            </w>
            <w x="1673">gold</w>
        </line>
        <line c="2049" h="56" n="22">
            <w x="544">Which</w>
            <w x="717">makes</w>
            <w x="813">the</w>
            <w x="930">true</w>
            <w x="1054">man</w>
            <w x="1223">killed,</w>
            <w x="1333">and</w>
            <w x="1479">saves</w>
            <w x="1575">the</w>
            <w x="1732">thief;</w>
        </line>
        <line c="2115" h="64" n="23">
            <w x="498">Nay,</w>
            <w x="759">sometime,</w>
            <w x="916">hangs</w>
            <w x="1039">both</w>
            <w x="1170">thief</w>
            <w x="1266">and</w>
            <w x="1383">true</w>
            <w x="1513">man.</w>
            <w x="1705">What</w>
        </line>
        <line c="2173" h="57" n="24">
            <w x="484">Can</w>
            <w x="540">it</w>
            <w x="638">not</w>
            <w x="729">do,</w>
            <w x="839">and</w>
            <w x="1013">undo?</w>
            <w x="1096">I</w>
            <w x="1208">will</w>
            <w x="1366">make</w>
        </line>
        <div id="3" x="377" y="2198" group="1" width="957" height="73" type="underline"
            sealts="460_6_6.249" attribution="HM" mode="tragedy" play="5c">
            <line n="25" h="73" c="2234">
                <w x="491">One</w>
                <w x="561">of</w>
                <w x="657">her</w>
                <w x="852">women</w>
                <w x="1036">lawyer</w>
                <w x="1108">to</w>
                <w x="1236">me;</w>
                <w x="1322">for</w>
            </line>
        </div>
    </div>
</body>
