<body>
    <div id="2" x="233" y="2658" group="1" width="1375" height="424" type="score" sealts="460_1_c051" attribution="HM"
        mode="comedy" play="1a">
        <line c="2698" h="66" n="31">
            <w x="402">Cal.</w>
            <w x="514">Be</w>
            <w x="616">not</w>
            <w x="813">
                <choice>
                    <orig>afeard;</orig>
                    <reg>afraid;</reg>
                </choice>
            </w>
            <w x="923">the</w>
            <w x="1024">isle</w>
            <w x="1084">is</w>
            <w x="1183">full</w>
            <w x="1257">of</w>
            <w x="1432">noises,</w>
        </line>
        <line c="2761" h="75" n="32">
            <w x="429">Sounds,</w>
            <w x="538">and</w>
            <w x="702">sweet</w>
            <w x="815">airs,</w>
            <w x="945">that</w>
            <w x="1050">give</w>
            <w x="1254">delight,</w>
            <w x="1362">and</w>
            <w x="1478">hurt</w>
            <w x="1584">not.</w>
        </line>
        <line c="2823" h="73" n="33">
            <w x="502">Sometimes</w>
            <w x="552">a</w>
            <w x="791">thousand</w>
            <w x="1060">twangling</w>
            <w x="1367">instruments</w>
        </line>
        <line c="2882" h="68" n="34">
            <w x="342">Will</w>
            <w x="465">hum</w>
            <w x="621">about</w>
            <w x="760">mine</w>
            <w x="907">ears;</w>
            <w x="1030">and</w>
            <w x="1305">sometimes</w>
            <w x="1486">voices,</w>
        </line>
    </div>
    <div id="3" group="2" x="237" y="2968" width="1364" height="115" type="score" sealts="460_1_c051" attribution="HM"
        mode="commentary" section="notes" play="1a">
        <line n="1" h="57" c="3010">
            <blank x="315"/>
            <w x="395">The</w>
            <w x="540">picture</w>
            <w x="590">of</w>
            <w x="753">
                <choice>
                    <orig>No-body</orig>
                    <reg>Nobody</reg>
                </choice>
            </w>
            <w x="836">was</w>
            <w x="884">a</w>
            <w x="1058">common</w>
            <w x="1184">sign.</w>
            <w x="1312">There</w>
            <w x="1368">is</w>
            <w x="1456">also</w>
            <w x="1497">a</w>
            <w x="1595">wood</w>
        </line>
        <line n="2" h="57" c="3053">
            <w x="299">cut</w>
            <w x="457">prefixed</w>
            <w x="505">to</w>
            <w x="564">an</w>
            <w x="630">old</w>
            <w x="719">play</w>
            <w x="780">of</w>
            <w x="954">
                <choice>
                    <orig>No-body</orig>
                    <reg>Nobody</reg>
                </choice>
            </w>
            <w x="1042">and</w>
            <w x="1267">
                <choice>
                    <orig>Some-body,</orig>
                    <reg>Somebody,</reg>
                </choice>
            </w>
            <w x="1398">which</w>
            <w x="1590">represents</w>
        </line>
    </div>
</body>
