<body>
    <div id="2" x="724" y="1052" group="1" width="1160" height="142" type="checkmark"
        sealts="460_1_c460" attribution="HM" mode="comedy" play="6a">
        <line n="7" h="71" c="1087">
            <w x="812">To</w>
            <w x="948">stain</w>
            <w x="1042">my</w>
            <w x="1220">cousin</w>
            <w x="1370">with;</w>
            <w x="1488">one</w>
            <w x="1616">doth</w>
            <w x="1718">not</w>
            <w x="1878">know,</w>
        </line>
        <line n="8" h="71" c="1158">
            <w x="858">How</w>
            <w x="1016">much</w>
            <w x="1090">an</w>
            <w x="1158">ill</w>
            <w x="1300">word</w>
            <w x="1420">may</w>
            <w x="1670">empoison</w>
            <w x="1844">liking.</w>
        </line>
    </div>
</body>
