<body>
	<div id="2" x="723" y="2296" group="1" width="1376" height="140" type="checkmark"
		sealts="460_4_4.122" attribution="HM" mode="history" play="4b">
		<line c="2337" h="65" n="26">
			<w x="923">
				<choice>
					<orig>'Gainst</orig>
					<reg>Against</reg>
				</choice>
			</w>
			<w x="1047">him,</w>
			<w x="1219">whose</w>
			<w x="1415">wrongs</w>
			<w x="1534">give</w>
			<w x="1668">edge</w>
			<w x="1797">unto</w>
			<w x="1892">the</w>
			<w x="2091">swords</w>
		</line>
		<line c="2399" h="65" n="27">
			<w x="868">That</w>
			<w x="1018">make</w>
			<w x="1148">such</w>
			<w x="1302">waste</w>
			<w x="1370">in</w>
			<w x="1507">brief</w>
			<w x="1751">mortality.</w>
		</line>
	</div>
</body>
