<body>
    <div id="2" x="410" y="2438" group="1" width="1351" height="490" type="score3" sealts="460_2_2.377" attribution="HM"
        mode="comedy" play="11a">
        <line c="2473" h="62" n="25">
            <w x="579">Laf.</w>
            <w x="754">They</w>
            <w x="858">say,</w>
            <w x="1070">miracles</w>
            <w x="1161">are</w>
            <w x="1306">past;</w>
            <w x="1426">and</w>
            <w x="1516">we</w>
            <w x="1647">have</w>
            <w x="1745">our</w>
        </line>
        <line c="2533" h="63" n="26">
            <w x="719">philosophical</w>
            <w x="944">persons,</w>
            <w x="1022">to</w>
            <w x="1182">make</w>
            <w x="1420">modern</w>
            <w x="1532">and</w>
            <w x="1745">familiar</w>
        </line>
        <line c="2593" h="63" n="27">
            <w x="562">things</w>
            <w x="886">supernatural</w>
            <w x="1005">and</w>
            <w x="1263">causeless.</w>
            <w x="1484">Hence</w>
            <w x="1549">is</w>
            <w x="1627">it,</w>
            <w x="1744">that</w>
        </line>
        <line c="2652" h="62" n="28">
            <w x="487">we</w>
            <w x="644">make</w>
            <w x="799">trifles</w>
            <w x="880">of</w>
            <w x="1089">terrors;</w>
            <w x="1379">ensconcing</w>
            <w x="1622">ourselves</w>
            <w x="1744">into</w>
        </line>
        <line c="2713" h="66" n="29">
            <w x="613">seeming</w>
            <w x="906">knowledge,</w>
            <w x="1060">when</w>
            <w x="1150">we</w>
            <w x="1323">should</w>
            <w x="1511">submit</w>
            <w x="1743">ourselves</w>
        </line>
        <line c="2769" h="43" n="30">
            <w x="463">to</w>
            <w x="540">an</w>
            <w x="754">unknown</w>
            <w x="906">fear</w>
        </line>
        <line c="2833" h="66" n="31">
            <w x="586">Par.</w>
            <w x="759">Why,</w>
            <w x="851">
                <choice>
                    <orig>'tis</orig>
                    <reg>it is</reg>
                    <reg>it</reg>
                    <reg>is</reg>
                </choice>
            </w>
            <w x="946">the</w>
            <w x="1102">rarest</w>
            <w x="1348">argument</w>
            <w x="1418">of</w>
            <w x="1632">wonder,</w>
            <w x="1744">that</w>
        </line>
        <line c="2890" h="44" n="32">
            <w x="524">hath</w>
            <w x="640">shot</w>
            <w x="735">out</w>
            <w x="800">in</w>
            <w x="898">our</w>
            <w x="1043">latter</w>
            <w x="1203">times.</w>
        </line>
    </div>
</body>
