<body>
    <div id="2" x="883" y="1178" group="1" width="1345" height="429" type="score" sealts="460_2_2.362" attribution="HM"
        mode="comedy" play="11a">
        <line c="1210" h="70" n="9">
            <w x="1051">Clo.</w>
            <w x="1215">That</w>
            <w x="1347">man</w>
            <w x="1540">should</w>
            <w x="1636">be</w>
            <w x="1715">at</w>
            <w x="1953">woman's</w>
            <w x="2222">command,</w>
        </line>
        <line c="1277" h="66" n="10">
            <w x="976">and</w>
            <w x="1073">yet</w>
            <w x="1150">no</w>
            <w x="1269">hurt</w>
            <w x="1402">done!&#8212;</w>
            <div id="3" x="1489" y="1241" group="1" width="735" height="72" type="underline"
                sealts="460_2_2.362" attribution="HM" mode="comedy" play="11a">
                <w x="1685">Though</w>
                <w x="1884">honesty</w>
                <w x="1953">be</w>
                <w x="2024">no</w>
                <w x="2221">puritan,</w>
            </div>
        </line>
        <line c="1337" h="64" n="11">
            <w x="967">yet</w>
            <w x="1021">it</w>
            <w x="1128">will</w>
            <w x="1205">do</w>
            <w x="1283">no</w>
            <w x="1428">hurt;</w>
            <w x="1510">it</w>
            <w x="1616">will</w>
            <w x="1749">wear</w>
            <w x="1853">the</w>
            <w x="2061">surplice</w>
            <w x="2131">of</w>
            <w x="2228">
                <choice>
                    <hyph>hu-</hyph>
                    <reg>humility</reg>
                </choice>
            </w>
        </line>
        <line c="1398" h="64" n="12">
            <w x="1029" endhyph="true">mility</w>
            <w x="1160">over</w>
            <w x="1290">the</w>
            <w x="1436">black</w>
            <w x="1597">gown</w>
            <w x="1680">of</w>
            <w x="1745">a</w>
            <w x="1852">big</w>
            <w x="2120">heart.&#8212;</w>
            <w x="2131">I</w>
            <w x="2224">am</w>
        </line>
        <line c="1455" h="59" n="13">
            <w x="1035">going,</w>
            <w x="1289">forsooth;</w>
            <w x="1406">the</w>
            <w x="1645">business</w>
            <w x="1713">is</w>
            <w x="1811">for</w>
            <w x="1990">Helen</w>
            <w x="2068">to</w>
            <w x="2222">come</w>
        </line>
        <line c="1519" h="64" n="14">
            <w x="1042">hither.</w>
            <w x="2027">[Exit</w>
            <w x="2220">Clown.</w>
        </line>
        <line c="1575" h="55" n="15">
            <w x="1110">Count.</w>
            <w x="1281">Well,</w>
            <w x="1414">now.</w>
        </line>
    </div>
</body>
