<body>
    <div id="2" x="386" y="2017" group="1" width="1371" height="200" type="diagonalscore"
        erasure="true" sealts="460_6_6.489" attribution="HM" mode="other" play="2d">
        <line c="2057" h="62" n="23">
            <w x="558">Cle.</w>
            <w x="1280">Thou</w>
            <w x="1368">art</w>
            <w x="1475">like</w>
            <w x="1572">the</w>
            <w x="1744">harpy,</w>
        </line>
        <line c="2119" h="60" n="24">
            <w x="571">Which,</w>
            <w x="640">to</w>
            <w x="827">betray,</w>
            <w x="956">doth</w>
            <w x="1086">with</w>
            <w x="1227">thine</w>
            <w x="1416">angel's</w>
            <w x="1534">face</w>
        </line>
        <line c="2180" h="60" n="25">
            <w x="531">Seize</w>
            <w x="662">with</w>
            <w x="803">thine</w>
            <w x="988">eagle's</w>
            <w x="1183">talons.</w>
        </line>
    </div>
</body>
