<body>
	<div id="2" x="330" y="2857" group="1" width="905" height="134" type="score2" sealts="460_3_3.033" attribution="HM"
		mode="comedy" play="13a">
		<line n="34" h="67" c="2890">
			<w x="444">The</w>
			<w x="628">silence</w>
			<w x="769">often</w>
			<w x="846">of</w>
			<w x="977">pure</w>
			<w x="1235">innocence</w>
		</line>
		<line n="35" h="67" c="2957">
			<w x="601">Persuades,</w>
			<w x="758">when</w>
			<w x="998">speaking</w>
			<w x="1134">fails.</w>
		</line>
	</div>
</body>
