<body>
	<div id="2" x="288" y="1774" group="1" width="1267" height="202" type="diagonalscore"
		sealts="460_3_3.081" attribution="HM" mode="comedy" play="13a">
		<line c="1814" h="65" n="19">
			<w x="467">Where</w>
			<w x="614">
				<choice>
					<orig>you'll</orig>
					<reg>you will</reg>
					<reg>you</reg>
					<reg>will</reg>
				</choice>
			</w>
			<w x="692">be</w>
			<w x="833">loath</w>
			<w x="902">to</w>
			<w x="1003">be:</w>
			<w x="1239">Besides,</w>
			<w x="1350">you</w>
			<w x="1521">know,</w>
		</line>
		<line c="1875" h="63" n="20">
			<w x="585">Prosperity's</w>
			<w x="683">the</w>
			<w x="811">very</w>
			<w x="950">bond</w>
			<w x="1021">of</w>
			<w x="1169">love;</w>
		</line>
		<line c="1939" h="66" n="21">
			<w x="459">Whose</w>
			<w x="599">fresh</w>
			<w x="896">complexion</w>
			<w x="1006">and</w>
			<w x="1178">whose</w>
			<w x="1331">heart</w>
			<w x="1551">together</w>
		</line>
	</div>
</body>
