<body>
    <div id="2" x="679" y="1991" group="1" width="1369" height="128" type="checkmark" erasure="true"
        sealts="460_1_c430" attribution="HM" mode="comedy" play="6a">
        <line n="22" h="64" c="2010">
            <w x="738" endhyph="true">ty</w>
            <w x="808">as</w>
            <w x="900">the</w>
            <w x="1016">first</w>
            <w x="1089">of</w>
            <w x="1210">May</w>
            <w x="1334">doth</w>
            <w x="1434">the</w>
            <w x="1545">last</w>
            <w x="1612">of</w>
            <w x="1890">December.</w>
            <w x="2041">But</w>
        </line>
        <line n="23" h="64" c="2075">
            <w x="711">I</w>
            <w x="846">hope</w>
            <w x="954">you</w>
            <w x="1081">have</w>
            <w x="1156">no</w>
            <w x="1329">intent</w>
            <w x="1396">to</w>
            <w x="1520">turn</w>
            <w x="1766">husband;</w>
            <w x="1909">have</w>
            <w x="2041">you?</w>
        </line>
    </div>
    <div id="3" x="679" y="2294" group="2" width="1367" height="121" type="score" sealts="460_1_c430" attribution="HM"
        mode="comedy" play="6a">
        <line n="27" h="59" c="2332">
            <w x="830">world</w>
            <w x="941">one</w>
            <w x="1094">man,</w>
            <w x="1200">but</w>
            <w x="1280">he</w>
            <w x="1404">will</w>
            <w x="1558">wear</w>
            <w x="1661">his</w>
            <w x="1777">cap</w>
            <w x="1914">with</w>
            <w x="2038">
                <choice>
                    <hyph>sus-</hyph>
                    <reg>suspicion</reg>
                </choice>
            </w>
        </line>
        <line n="28" h="60" c="2384">
            <w x="892" endhyph="true">picion?</w>
            <w x="1081">Shall</w>
            <w x="1127">I</w>
            <w x="1286">never</w>
            <w x="1394">see</w>
            <w x="1458">a</w>
            <w x="1693">bachelor</w>
            <w x="1774">of</w>
            <w x="2038">threescore</w>
        </line>
    </div>
    <div id="4" x="681" y="2426" group="2" width="1367" height="118" type="score2" sealts="460_1_c430" attribution="HM"
        mode="comedy" play="6a">
        <line n="29" h="59" c="2456">
            <w x="854">again?</w>
            <w x="995">Go</w>
            <w x="1073">to,</w>
            <w x="1272">
                <choice>
                    <orig>i'faith;</orig>
                    <reg>in faith;</reg>
                    <reg>in</reg>
                    <reg>faith;</reg>
                </choice>
            </w>
            <w x="1356">an</w>
            <w x="1477">thou</w>
            <w x="1599">wilt</w>
            <w x="1771">needs</w>
            <w x="1933">thrust</w>
            <w x="2035">thy</w>
        </line>
        <line n="30" h="59" c="2515">
            <w x="800">neck</w>
            <w x="914">into</w>
            <w x="968">a</w>
            <w x="1111">yoke,</w>
            <w x="1256">wear</w>
            <w x="1353">the</w>
            <w x="1491">print</w>
            <w x="1566">of</w>
            <w x="1642">it,</w>
            <w x="1758">and</w>
            <w x="1887">sigh</w>
            <w x="2044">away</w>
        </line>
    </div>
    <div id="5" x="676" y="2545" group="1" width="1372" height="169" type="score" sealts="460_1_c430" attribution="HM"
        mode="comedy" play="6a">
        <line n="31" h="84" c="2577">
            <w x="916">Sundays.</w>
            <w x="1127">Look,</w>
            <w x="1226">don</w>
            <w x="1391">Pedro</w>
            <w x="1458">is</w>
            <w x="1685">returned</w>
            <w x="1752">to</w>
            <w x="1876">seek</w>
            <w x="1995">you.</w>
        </line>
        <line n="32" h="84" c="2671">
            <w x="1294">Re-enter</w>
            <w x="1426">DON</w>
            <w x="1628">PEDRO.</w>
        </line>
    </div>
</body>
