<body>
    <div id="2" x="868" y="1507" group="1" width="1325" height="76" type="checkmark"
        sealts="460_7_7.120" attribution="HM" mode="tragedy" play="7c">
        <line n="12" h="76" c="1545">
            <w x="1012">Shall</w>
            <w x="1105">we</w>
            <w x="1203">not</w>
            <w x="1291">see</w>
            <w x="1445">these</w>
            <w x="1709">daughters,</w>
            <w x="1832">and</w>
            <w x="1971">these</w>
            <w x="2178">sisters?</w>
        </line>
    </div>
    <div id="3" x="863" y="1581" group="1" width="1380" height="866" type="score" sealts="460_7_7.120" attribution="HM"
        mode="tragedy" play="7c">
        <line c="1620" h="63" n="13">
            <w x="1074">Lear.</w>
            <w x="1205">No,</w>
            <w x="1300">no,</w>
            <w x="1395">no,</w>
            <w x="1500">no!</w>
            <w x="1702">Come,</w>
            <w x="1824">
                <choice>
                    <orig>let's</orig>
                    <reg>let us</reg>
                    <reg>let</reg>
                    <reg>us</reg>
                </choice>
            </w>
            <w x="1972">away</w>
            <w x="2039">to</w>
            <w x="2227">prison:</w>
        </line>
        <line c="1682" h="62" n="14">
            <w x="965">We</w>
            <w x="1078">two</w>
            <w x="1220">alone</w>
            <w x="1330">will</w>
            <w x="1452">sing</w>
            <w x="1559">like</w>
            <w x="1698">birds</w>
            <w x="1750">
                <choice>
                    <orig>i'</orig>
                    <reg>in</reg>
                </choice>
            </w>
            <w x="1838">the</w>
            <w x="1984">cage.</w>
        </line>
        <line c="1743" h="61" n="15">
            <w x="1027">When</w>
            <w x="1155">thou</w>
            <w x="1276">dost</w>
            <w x="1376">ask</w>
            <w x="1468">me</w>
            <w x="1697">blessing,</w>
            <w x="1788">
                <choice>
                    <orig>I'll</orig>
                    <reg>I will</reg>
                    <reg>I</reg>
                    <reg>will</reg>
                </choice>
            </w>
            <w x="1941">kneel</w>
            <w x="2117">down,</w>
        </line>
        <line c="1804" h="59" n="16">
            <w x="983">And</w>
            <w x="1085">ask</w>
            <w x="1156">of</w>
            <w x="1272">thee</w>
            <w x="1574">forgiveness.</w>
            <w x="1701">So</w>
            <w x="1838">
                <choice>
                    <orig>we'll</orig>
                    <reg>we will</reg>
                    <reg>we</reg>
                    <reg>will</reg>
                </choice>
            </w>
            <w x="1957">live,</w>
        </line>
        <line c="1867" h="62" n="17">
            <w x="983">And</w>
            <w x="1123">pray,</w>
            <w x="1234">and</w>
            <w x="1368">sing,</w>
            <w x="1479">and</w>
            <w x="1576">tell</w>
            <w x="1669">old</w>
            <w x="1814">tales,</w>
            <w x="1925">and</w>
            <w x="2078">laugh</w>
        </line>
        <line c="1928" h="61" n="18">
            <div id="4" x="875" y="1885" group="1" width="519" height="79" type="underline"
                sealts="460_7_7.120" attribution="HM" mode="tragedy" play="7c">
                <line n="18" h="75" c="1924">
                    <w x="958">At</w>
                    <w x="1125">gilded</w>
                    <w x="1390">butterflies,</w>
                </line>
            </div>
            <w x="1498">and</w>
            <w x="1623">hear</w>
            <w x="1748">poor</w>
            <w x="1924">rogues</w>
        </line>
        <line c="1985" h="59" n="19">
            <w x="1005">Talk</w>
            <w x="1078">of</w>
            <w x="1220">court</w>
            <w x="1378">news;</w>
            <w x="1499">and</w>
            <w x="1636">
                <choice>
                    <orig>we'll</orig>
                    <reg>we will</reg>
                    <reg>we</reg>
                    <reg>will</reg>
                </choice>
            </w>
            <w x="1751">talk</w>
            <w x="1880">with</w>
            <w x="2022">them</w>
            <w x="2133">too,</w>
        </line>
        <line c="2049" h="59" n="20">
            <w x="996">Who</w>
            <w x="1143">loses,</w>
            <w x="1253">and</w>
            <w x="1376">who</w>
            <w x="1535">wins;</w>
            <w x="1708">
                <choice>
                    <orig>who's</orig>
                    <reg>who is</reg>
                    <reg>who</reg>
                    <reg>is</reg>
                </choice>
            </w>
            <w x="1789">in,</w>
            <w x="1951">
                <choice>
                    <orig>who's</orig>
                    <reg>who is</reg>
                    <reg>who</reg>
                    <reg>is</reg>
                </choice>
            </w>
            <w x="2141">out;&#8212;</w>
        </line>
        <line c="2112" h="61" n="21">
            <w x="982">And</w>
            <w x="1106">take</w>
            <w x="1244">upon</w>
            <w x="1309">us</w>
            <w x="1405">the</w>
            <w x="1620">mystery</w>
            <w x="1686">of</w>
            <w x="1862">things,</w>
        </line>
        <line c="2173" h="60" n="22">
            <w x="943">As</w>
            <w x="1003">if</w>
            <w x="1086">we</w>
            <w x="1225">were</w>
            <w x="1387">God's</w>
            <w x="1556">spies.</w>
            <w x="1721">And</w>
            <w x="1858">
                <choice>
                    <orig>we'll</orig>
                    <reg>we will</reg>
                    <reg>we</reg>
                    <reg>will</reg>
                </choice>
            </w>
            <w x="1998">wear</w>
            <w x="2109">out,</w>
        </line>
        <line c="2236" h="63" n="23">
            <w x="933">In</w>
            <w x="982">a</w>
            <w x="1159">walled</w>
            <w x="1341">prison,</w>
            <w x="1499">packs</w>
            <w x="1608">and</w>
            <w x="1746">sects</w>
            <w x="1852">of</w>
            <w x="1993">great</w>
            <w x="2134">ones,</w>
        </line>
        <line c="2296" h="61" n="24">
            <w x="1003">That</w>
            <w x="1111">ebb</w>
            <w x="1218">and</w>
            <w x="1343">flow</w>
            <w x="1423">by</w>
            <w x="1519">the</w>
            <w x="1686">moon.</w>
        </line>
        <line c="2360" h="64" n="25">
            <w x="1075">Edm.</w>
            <w x="1884">Take</w>
            <w x="2028">them</w>
            <w x="2188">away.</w>
        </line>
        <line c="2420" h="62" n="26">
            <w x="1073">Lear.</w>
            <w x="1251">Upon</w>
            <w x="1380">such</w>
            <w x="1630">sacrifices,</w>
            <w x="1727">my</w>
            <w x="1967">Cordelia,</w>
        </line>
    </div>
</body>
