<body>
    <div id="2" x="876" y="659" group="1" width="1368" height="203" type="score" type2="checkmark"
        sealts="460_7_7.360" attribution="HM" mode="tragedy" play="9c">
        <line c="699" h="61" n="1">
            <w x="1041">valor;</w>
            <w x="1163">and</w>
            <w x="1231">in</w>
            <w x="1313">the</w>
            <w x="1509">grapple</w>
            <w x="1573">I</w>
            <w x="1790">boarded</w>
            <w x="1930">them.</w>
            <w x="2070">On</w>
            <w x="2155">the</w>
            <w x="2232">
                <choice>
                    <hyph>in-</hyph>
                    <reg>instant</reg>
                </choice>
            </w>
        </line>
        <line c="761" h="61" n="2">
            <w x="1019" endhyph="true">stant,</w>
            <w x="1137">they</w>
            <w x="1224">got</w>
            <w x="1358">clear</w>
            <w x="1433">of</w>
            <w x="1521">our</w>
            <w x="1669">ship;</w>
            <w x="1747">so</w>
            <w x="1790">I</w>
            <w x="1924">alone</w>
            <w x="2106">became</w>
            <w x="2233">their</w>
        </line>
        <line c="823" h="63" n="3">
            <w x="1094">prisoner.</w>
            <w x="1285">They</w>
            <w x="1423">have</w>
            <w x="1576">dealt</w>
            <w x="1712">with</w>
            <w x="1818">me</w>
            <w x="1947">like</w>
            <w x="2144">thieves</w>
            <w x="2230">of</w>
        </line>
    </div>
</body>
