<body>
    <div id="2" x="314" y="1214" group="1" width="1411" height="131" type="checkmark"
        sealts="460_6_6.025" attribution="HM" mode="tragedy" play="3c">
        <line n="9" h="65" c="1247">
            <w x="458">How</w>
            <w x="575">that</w>
            <w x="734">might</w>
            <w x="915">change</w>
            <w x="1007">his</w>
            <w x="1193">nature,</w>
            <w x="1366">
                <choice>
                    <orig>there's</orig>
                    <reg>there is</reg>
                    <reg>there</reg>
                    <reg>is</reg>
                </choice>
            </w>
            <w x="1459">the</w>
            <w x="1696">question.</w>
        </line>
        <line n="10" h="65" c="1312">
            <w x="382">It</w>
            <w x="442">is</w>
            <w x="540">the</w>
            <w x="707">bright</w>
            <w x="810">day</w>
            <w x="930">that</w>
            <w x="1101">brings</w>
            <w x="1234">forth</w>
            <w x="1340">the</w>
            <w x="1514">adder;</w>
        </line>
    </div>
</body>
