<body>
    <div id="2" x="1035" y="3077" group="1" width="661" height="58" type="checkmark"
        type2="questionmark" sealts="460_7_7.374" attribution="HM" mode="commentary" section="notes" play="9c">
        <line n="38" h="58" c="3106">
            <blank x="1071"/>
            <w x="1119">A</w>
            <w x="1205">flaw</w>
            <w x="1250">is</w>
            <w x="1283">a</w>
            <w x="1424">violent</w>
            <w x="1513">gust</w>
            <w x="1566">of</w>
            <w x="1680">wind.</w>
        </line>
    </div>
</body>
