<body>
    <div id="2" x="818" y="706" group="1" width="1205" height="246" type="score" sealts="460_2_2.062" attribution="HM"
        mode="comedy" play="7a">
        <line c="742" h="60" n="1">
            <w x="998">The.</w>
            <w x="1355">I</w>
            <w x="1464">will</w>
            <w x="1585">hear</w>
            <w x="1700">that</w>
            <w x="1843">play;</w>
        </line>
        <line c="809" h="75" n="2">
            <w x="911">For</w>
            <w x="1060">never</w>
            <w x="1166">any</w>
            <w x="1308">thing</w>
            <w x="1408">can</w>
            <w x="1483">be</w>
            <w x="1645">amiss,</w>
        </line>
        <line c="872" h="80" n="3">
            <w x="971">When</w>
            <w x="1242">simpleness</w>
            <w x="1348">and</w>
            <w x="1475">duty</w>
            <w x="1646">tender</w>
            <w x="1711">it.</w>
        </line>
        <line c="922" h="62" n="4">
            <w x="912">Go,</w>
            <w x="1059">bring</w>
            <w x="1191">them</w>
            <w x="1256">in</w>
            <w x="1430">;&#8212;and</w>
            <w x="1551">take</w>
            <w x="1676">your</w>
            <w x="1851">places,</w>
            <w x="2020">ladies.</w>
        </line>
    </div>
    <div id="3" x="821" y="1424" group="2" width="1154" height="964" type="score" sealts="460_2_2.062" attribution="HM"
        mode="comedy" play="7a">
        <line c="1460" h="62" n="13">
            <w x="920">Our</w>
            <w x="1056">sport</w>
            <w x="1181">shall</w>
            <w x="1270">be,</w>
            <w x="1338">to</w>
            <w x="1459">take</w>
            <w x="1599">what</w>
            <w x="1722">they</w>
            <w x="1951">mistake;</w>
        </line>
        <line c="1520" h="57" n="14">
            <w x="926">And</w>
            <w x="1065">what</w>
            <w x="1186">poor</w>
            <w x="1312">duty</w>
            <w x="1489">cannot</w>
            <w x="1577">do,</w>
        </line>
        <line c="1579" h="59" n="15">
            <w x="965">Noble</w>
            <w x="1153">respect</w>
            <w x="1296">takes</w>
            <w x="1352">it</w>
            <w x="1416">in</w>
            <w x="1586">might,</w>
            <w x="1685">not</w>
            <w x="1859">merit.</w>
        </line>
        <line c="1639" h="60" n="16">
            <w x="983">Where</w>
            <w x="1025">I</w>
            <w x="1154">have</w>
            <w x="1311">come,</w>
            <w x="1454">great</w>
            <w x="1610">clerks</w>
            <w x="1737">have</w>
            <w x="1970">purposed</w>
        </line>
        <line c="1700" h="59" n="17">
            <w x="896">To</w>
            <w x="1038">greet</w>
            <w x="1125">me</w>
            <w x="1249">with</w>
            <w x="1578">premeditated</w>
            <w x="1846">welcomes;</w>
        </line>
        <line c="1758" h="57" n="18">
            <w x="983">Where</w>
            <w x="1025">I</w>
            <w x="1154">have</w>
            <w x="1280">seen</w>
            <w x="1419">them</w>
            <w x="1578">shiver</w>
            <w x="1684">and</w>
            <w x="1801">look</w>
            <w x="1933">pale,</w>
        </line>
        <line c="1820" h="59" n="19">
            <w x="958">Make</w>
            <w x="1146">periods</w>
            <w x="1212">in</w>
            <w x="1306">the</w>
            <w x="1457">midst</w>
            <w x="1527">of</w>
            <w x="1782">sentences,</w>
        </line>
        <line c="1879" h="60" n="20">
            <w x="1022">Throttle</w>
            <w x="1153">their</w>
            <w x="1385">
                <choice>
                    <orig>practised</orig>
                    <reg>practiced</reg>
                </choice>
            </w>
            <w x="1558">accent</w>
            <w x="1622">in</w>
            <w x="1752">their</w>
            <w x="1897">fears,</w>
        </line>
        <line c="1939" h="60" n="21">
            <w x="939">And,</w>
            <w x="1007">in</w>
            <w x="1284">conclusion,</w>
            <w x="1484">dumbly</w>
            <w x="1611">have</w>
            <w x="1764">broke</w>
            <w x="1856">off,</w>
        </line>
        <line c="2000" h="58" n="22">
            <w x="915">Not</w>
            <w x="1094">paying</w>
            <w x="1182">me</w>
            <w x="1231">a</w>
            <w x="1483">welcome;</w>
            <w x="1626">trust</w>
            <w x="1735">me,</w>
            <w x="1907">sweet,</w>
        </line>
        <line c="2059" h="59" n="23">
            <w x="918">Out</w>
            <w x="987">of</w>
            <w x="1084">this</w>
            <w x="1288">silence,</w>
            <w x="1387">yet,</w>
            <w x="1430">I</w>
            <w x="1608">picked</w>
            <w x="1656">a</w>
            <w x="1907">welcome;</w>
        </line>
        <line c="2119" h="58" n="24">
            <w x="926">And</w>
            <w x="991">in</w>
            <w x="1084">the</w>
            <w x="1301">modesty</w>
            <w x="1369">of</w>
            <w x="1533">fearful</w>
            <w x="1660">duty</w>
        </line>
        <line c="2178" h="57" n="25">
            <w x="846">I</w>
            <w x="969">read</w>
            <w x="1037">as</w>
            <w x="1198">much,</w>
            <w x="1267">as</w>
            <w x="1395">from</w>
            <w x="1488">the</w>
            <w x="1683">rattling</w>
            <w x="1863">tongue</w>
        </line>
        <line c="2238" h="57" n="26">
            <w x="893">Of</w>
            <w x="1038">saucy</w>
            <w x="1143">and</w>
            <w x="1390">audacious</w>
            <w x="1651">eloquence.</w>
        </line>
        <line c="2297" h="60" n="27">
            <w x="961">Love,</w>
            <w x="1206">therefore,</w>
            <w x="1314">and</w>
            <w x="1603">
                <choice>
                    <orig>tongue-tied</orig>
                    <reg>tongue tied</reg>
                    <reg>tongue</reg>
                    <reg>tied</reg>
                </choice>
            </w>
            <w x="1864">simplicity,</w>
        </line>
        <line c="2358" h="60" n="28">
            <w x="878">In</w>
            <w x="1007">least</w>
            <w x="1161">speak</w>
            <w x="1304">most,</w>
            <w x="1372">to</w>
            <w x="1466">my</w>
            <w x="1692">capacity.</w>
        </line>
    </div>
</body>
