<body>
    <div id="2" x="690" y="867" group="1" width="741" height="255" type="score" sealts="460_5_5.260" attribution="HM"
        mode="other" play="1d">
        <line c="893" h="42" n="10">
            <w x="760">The</w>
            <w x="843">hard</w>
            <w x="913">and</w>
            <w x="991">soft,</w>
            <w x="1084">seem</w>
            <w x="1133">all</w>
            <w x="1267">affined</w>
            <w x="1338">and</w>
            <w x="1421">kin;</w>
        </line>
        <line c="935" h="44" n="11">
            <w x="764">But,</w>
            <w x="808">in</w>
            <w x="871">the</w>
            <w x="962">wind</w>
            <w x="1032">and</w>
            <w x="1170">tempest</w>
            <w x="1215">of</w>
            <w x="1281">her</w>
            <w x="1394">frown,</w>
        </line>
        <line c="973" h="43" n="12">
            <w x="881">Distinction,</w>
            <w x="966">with</w>
            <w x="997">a</w>
            <w x="1096">broad</w>
            <w x="1166">and</w>
            <w x="1316">powerful</w>
            <w x="1386">fan,</w>
        </line>
        <line c="1017" h="45" n="13">
            <w x="812">Puffing</w>
            <w x="855">at</w>
            <w x="912">all,</w>
            <w x="1066">winnows</w>
            <w x="1128">the</w>
            <w x="1214">light</w>
            <w x="1326">away;</w>
        </line>
        <line c="1050" h="41" n="14">
            <w x="765">And</w>
            <w x="858">what</w>
            <w x="939">hath</w>
            <w x="1037">mass,</w>
            <w x="1082">or</w>
            <w x="1207">matter,</w>
            <w x="1260">by</w>
            <w x="1353">itself</w>
        </line>
        <line c="1092" h="40" n="15">
            <w x="769">Lies</w>
            <w x="841">rich</w>
            <w x="884">in</w>
            <w x="996">virtue,</w>
            <w x="1068">and</w>
            <w x="1254">unmingled.</w>
        </line>
    </div>
</body>
