<body>
    <div id="2" x="1008" y="2875" group="1" width="1316" height="210" type="score" sealts="460_2_2.164" attribution="HM"
        mode="comedy" play="8a">
        <line n="34" h="69" c="2924">
            <w x="1127">This</w>
            <w x="1232">side</w>
            <w x="1309">is</w>
            <w x="1493">Hiems,</w>
            <w x="1690">winter;</w>
            <w x="1805">this</w>
            <w x="1933">Ver,</w>
            <w x="2032">the</w>
            <w x="2226">spring;</w>
            <w x="2321">the</w>
        </line>
        <line n="35" h="68" c="2987">
            <w x="1105">one</w>
            <w x="1385">maintained</w>
            <w x="1473">by</w>
            <w x="1565">the</w>
            <w x="1703">owl,</w>
            <w x="1797">the</w>
            <w x="1955">other</w>
            <w x="2035">by</w>
            <w x="2137">the</w>
            <w x="2323">cuckoo.</w>
        </line>
        <line n="36" h="70" c="3050">
            <w x="1127">Ver,</w>
            <w x="1284">begin.</w>
        </line>
    </div>
</body>
