<body>
    <div id="2" x="352" y="2622" group="1" width="1193" height="74" type="score"
        sealts="460_6_6.131" attribution="HM" mode="tragedy" play="4c">
        <line n="33" h="74" c="2659">
            <w x="460">Put</w>
            <w x="545">me</w>
            <w x="620">to</w>
            <w x="762">some</w>
            <w x="1067">impatience.</w>
        </line>
        <div id="3" x="350" y="2620" group="1" width="391" height="67" type="underline"
            sealts="460_6_6.131" attribution="HM" mode="tragedy" play="4c">
            <line n="33" h="74" c="2659">
                <blank x="1131"/>
                <w x="1320">Though</w>
                <w x="1377">I</w>
                <w x="1480">lose</w>
            </line>
            <line n="34" h="76" c="2726">
                <w x="474">The</w>
                <w x="637">praise</w>
                <w x="708">of</w>
                <w x="765">it</w>
                <w x="838">by</w>
                <w x="1022">telling,</w>
            </line>
        </div>
    </div>
</body>
