<body>
	<div id="2" x="309" y="1281" group="1" width="881" height="163" type="diagonalscore"
		sealts="460_5_5.163" attribution="HM" mode="history" play="6b">
		<line c="1307" h="44" n="21">
			<w x="346">A</w>
			<w x="430">little</w>
			<w x="559">happier</w>
			<w x="640">than</w>
			<w x="702">my</w>
			<w x="857">wretched</w>
			<w x="986">father:</w>
		</line>
		<line c="1346" h="46" n="22">
			<w x="377">Yet</w>
			<w x="454">thus</w>
			<w x="509">far</w>
			<w x="567">we</w>
			<w x="628">are</w>
			<w x="697">one</w>
			<w x="741">in</w>
			<w x="850">fortunes</w>
			<w x="1007">&#8212;Both</w>
		</line>
		<line c="1388" h="53" n="23">
			<w x="380">Fell</w>
			<w x="432">by</w>
			<w x="494">our</w>
			<w x="642">servants,</w>
			<w x="697">by</w>
			<w x="789">those</w>
			<w x="870">men</w>
			<w x="929">we</w>
			<w x="1024">loved</w>
			<w x="1130">most;</w>
		</line>
		<line c="1423" h="40" n="24">
			<w x="344">A</w>
			<w x="432">most</w>
			<w x="592">unnatural</w>
			<w x="662">and</w>
			<w x="801">faithless</w>
			<w x="934">service!</w>
		</line>
	</div>
	<div id="3" x="293" y="1476" group="2" width="894" height="305" type="scoresinout"
		sealts="460_5_5.163" attribution="HM" mode="history" play="6b">
		<line c="1505" h="49" n="26">
			<w x="388">This</w>
			<w x="473">from</w>
			<w x="504">a</w>
			<w x="606">dying</w>
			<w x="685">man</w>
			<w x="806">receive</w>
			<w x="852">as</w>
			<w x="991">certain;</w>
		</line>
		<line c="1546" h="51" n="27">
			<w x="420">Where</w>
			<w x="489">you</w>
			<w x="549">are</w>
			<w x="660">liberal</w>
			<w x="707">of</w>
			<w x="784">your</w>
			<w x="883">loves,</w>
			<w x="954">and</w>
			<w x="1106">counsels,</w>
		</line>
		<line c="1586" h="53" n="28">
			<w x="357">Be</w>
			<w x="443">sure,</w>
			<w x="514">you</w>
			<w x="563">be</w>
			<w x="628">not</w>
			<w x="734">loose;</w>
			<w x="791">for</w>
			<w x="883">those</w>
			<w x="953">you</w>
			<w x="1051">make</w>
			<w x="1180">friends,</w>
		</line>
		<line c="1626" h="51" n="29">
			<w x="379">And</w>
			<w x="456">give</w>
			<w x="540">your</w>
			<w x="646">hearts</w>
			<w x="698">to,</w>
			<w x="799">when</w>
			<w x="882">they</w>
			<w x="965">once</w>
			<w x="1107">perceive</w>
		</line>
		<line c="1665" h="52" n="30">
			<w x="376">The</w>
			<w x="462">least</w>
			<w x="526">rub</w>
			<w x="568">in</w>
			<w x="653">your</w>
			<w x="801">fortunes,</w>
			<w x="864">fall</w>
			<w x="961">away</w>
		</line>
		<line c="1704" h="50" n="31">
			<w x="386">Like</w>
			<w x="490">water</w>
			<w x="574">from</w>
			<w x="632">ye,</w>
			<w x="733">never</w>
			<w x="833">found</w>
			<w x="931">again</w>
		</line>
		<line c="1745" h="55" n="32">
			<w x="368">But</w>
			<w x="476">where</w>
			<w x="558">they</w>
			<w x="653">mean</w>
			<w x="697">to</w>
			<w x="775">sink</w>
			<w x="833">ye.</w>
			<w x="921">All</w>
			<w x="1007">good</w>
			<w x="1137">people,</w>
		</line>
	</div>
</body>
