<body>
    <div id="2" x="368" y="2385" group="1" width="1227" height="203" type="score" sealts="460_6_6.321" attribution="HM"
        mode="tragedy" play="5c">
        <line c="2431" h="65" n="29">
            <w x="552">Luc.</w>
            <w x="1086">The</w>
            <w x="1195">boy</w>
            <w x="1406">disdains</w>
            <w x="1499">me;</w>
        </line>
        <line c="2494" h="69" n="30">
            <w x="453">He</w>
            <w x="619">leaves</w>
            <w x="726">me,</w>
            <w x="898">scorns</w>
            <w x="1017">me;</w>
            <w x="1205">briefly</w>
            <w x="1295">die</w>
            <w x="1430">their</w>
            <w x="1559">joys,</w>
        </line>
        <line c="2556" h="70" n="31">
            <w x="500">That</w>
            <w x="643">place</w>
            <w x="784">them</w>
            <w x="865">on</w>
            <w x="962">the</w>
            <w x="1103">truth</w>
            <w x="1175">of</w>
            <w x="1291">girls</w>
            <w x="1396">and</w>
            <w x="1539">boys.</w>
        </line>
    </div>
</body>
