<body>
    <div id="2" x="851" y="962" group="1" width="1213" height="81" type="xmark" sealts="460_6_6.112" attribution="HM"
        mode="tragedy" play="4c">
        <line n="6" h="81" c="1002">
            <w x="1025">Cleo.</w>
            <w x="1125">Be</w>
            <w x="1312">choked</w>
            <w x="1439">with</w>
            <w x="1568">such</w>
            <w x="1768">another</w>
            <w x="2038">emphasis!</w>
        </line>
    </div>
    <div id="3" x="789" y="2752" group="2" width="1393" height="271" type="score" sealts="460_6_6.112" attribution="HM"
        mode="tragedy" play="4c">
        <line c="2790" h="64" n="28">
            <w x="1030">Mene.</w>
            <w x="1541">We,</w>
            <w x="1765">ignorant</w>
            <w x="1835">of</w>
            <w x="2082">ourselves,</w>
        </line>
        <line c="2858" h="73" n="29">
            <w x="926">Beg</w>
            <w x="1068">often</w>
            <w x="1167">our</w>
            <w x="1289">own</w>
            <w x="1467">harms,</w>
            <w x="1635">which</w>
            <w x="1731">the</w>
            <w x="1861">wise</w>
            <w x="2054">powers</w>
        </line>
        <line c="2919" h="71" n="30">
            <w x="964">Deny</w>
            <w x="1035">us</w>
            <w x="1122">for</w>
            <w x="1219">our</w>
            <w x="1380">good;</w>
            <w x="1462">so</w>
            <w x="1573">find</w>
            <w x="1664">we</w>
            <w x="1827">profit,</w>
        </line>
        <line c="2986" h="64" n="31">
            <w x="900">By</w>
            <w x="1064">losing</w>
            <w x="1135">of</w>
            <w x="1231">our</w>
            <w x="1441">prayers.</w>
        </line>
    </div>
</body>
