<body>
    <div id="2" x="778" y="2316" group="1" width="1387" height="142" type="checkmark"
        type2="straymark" sealts="460_1_c338" attribution="HM" mode="comedy" play="5a">
        <line n="26" h="70" c="2352">
            <w x="946">Clo.</w>
            <w x="1064">All</w>
            <w x="1252">houses</w>
            <w x="1318">in</w>
            <w x="1418">the</w>
            <w x="1642">suburbs</w>
            <w x="1722">of</w>
            <w x="1922">Vienna</w>
            <w x="2076">must</w>
            <w x="2160">be</w>
        </line>
        <line n="27" h="71" c="2422">
            <w x="976">plucked</w>
            <w x="1144">down.</w>
        </line>
    </div>
</body>
