<body>
	<div id="2" x="588" y="1720" group="1" width="821" height="79" type="score3" sealts="460_5_5.114" attribution="HM"
		mode="history" play="5b">
		<line n="29" h="39" c="1739">
			<w x="682">True</w>
			<w x="760">hope</w>
			<w x="801">is</w>
			<w x="904">swift,</w>
			<w x="974">and</w>
			<w x="1049">flies</w>
			<w x="1127">with</w>
			<w x="1288">swallow's</w>
			<w x="1407">wings;</w>
		</line>
		<line n="30" h="39" c="1778">
			<w x="690">Kings</w>
			<w x="726">it</w>
			<w x="843">makes</w>
			<w x="928">gods,</w>
			<w x="1002">and</w>
			<w x="1129">meaner</w>
			<w x="1282">creatures</w>
			<w x="1405">kings.</w>
		</line>
	</div>
</body>
