<body>
    <div id="2" x="748" y="2753" group="1" width="1008" height="82" type="checkmark"
        sealts="460_6_6.156" attribution="HM" mode="tragedy" play="4c">
        <line n="24" h="82" c="2794">
            <w x="883">The</w>
            <w x="1149">Antoniad,</w>
            <w x="1258">the</w>
            <w x="1500">Egyptian</w>
            <w x="1720">admiral,</w>
        </line>
    </div>
    <div id="3" x="812" y="3081" group="2" width="1216" height="62" type="checkmark"
        sealts="460_6_6.156" attribution="HM" mode="commentary" section="notes" play="4c">
        <line n="28" h="62" c="3112">
            <w x="940">The</w>
            <w x="1126">Antoniad,</w>
            <w x="1292">Plutarch</w>
            <w x="1397">says,</w>
            <w x="1479">was</w>
            <w x="1552">the</w>
            <w x="1661">name</w>
            <w x="1704">of</w>
            <w x="1924">Cleopatra's</w>
            <w x="2019">ship.</w>
        </line>
    </div>
</body>
