<body>
    <div id="2" x="338" y="907" group="1" width="1420" height="320" type="brokenscore" sealts="460_7_7.297" attribution="HM"
        mode="tragedy" play="9c">
        <line c="694" h="46" n="1">
            <w x="546">Ros.</w>
            <w x="722">Then</w>
            <w x="781">is</w>
            <w x="878">the</w>
            <w x="1037">world</w>
            <w x="1159">one.</w>
        </line>
        <line c="763" h="62" n="2">
            <w x="576">Ham.</w>
            <w x="672">A</w>
            <w x="862">goodly</w>
            <w x="1003">one;</w>
            <w x="1095">in</w>
            <w x="1275">which</w>
            <w x="1438">there</w>
            <w x="1552">are</w>
            <w x="1729">many</w>
        </line>
        <line c="825" h="61" n="3">
            <w x="587">confines,</w>
            <w x="775">wards,</w>
            <w x="896">and</w>
            <w x="1185">dungeons;</w>
            <w x="1450">Denmark</w>
            <w x="1612">being</w>
            <w x="1728">one</w>
        </line>
        <line c="878" h="44" n="4">
            <w x="431">of</w>
            <w x="530">the</w>
            <w x="698">worst.</w>
        </line>
        <div id="3" x="367" y="912" group="1" width="1372" height="185" type="unidentifiedmark"
            sealts="460_7_7.297" attribution="HM" mode="tragedy" play="9c">
            <div id="5" x="434" y="904" group="1" width="815" height="77" type="score"
                sealts="460_7_7.297" attribution="HM" mode="tragedy" play="9c">
                <line n="5" h="77" c="943">
                    <w x="571">Ros.</w>
                    <w x="685">We</w>
                    <w x="835">think</w>
                    <w x="937">not</w>
                    <w x="1022">so,</w>
                    <w x="1119">my</w>
                    <w x="1241">lord.</w>
                </line>
            </div>
            <div id="4" x="365" y="967" group="1" width="1380" height="197" type="score"
                sealts="460_7_7.297" attribution="HM" mode="tragedy" play="9c">
                <line c="1011" h="66" n="6">
                    <w x="575">Ham.</w>
                    <w x="755">Why,</w>
                    <w x="896">then</w>
                    <w x="999">
                        <choice>
                            <orig>'tis</orig>
                            <reg>it is</reg>
                            <reg>it</reg>
                            <reg>is</reg>
                        </choice>
                    </w>
                    <w x="1155">none</w>
                    <w x="1244">to</w>
                    <w x="1398">you;</w>
                    <w x="1506">for</w>
                    <w x="1659">there</w>
                    <w x="1727">is</w>
                </line>
                <line c="1072" h="62" n="7">
                    <w x="564">nothing</w>
                    <w x="723">either</w>
                    <w x="858">good</w>
                    <w x="927">or</w>
                    <w x="1048">bad,</w>
                    <w x="1152">but</w>
                    <w x="1377">thinking</w>
                    <w x="1556">makes</w>
                    <w x="1621">it</w>
                    <w x="1725">so;</w>
                </line>
                <line c="1132" h="60" n="8">
                    <w x="426">to</w>
                    <w x="517">me</w>
                    <w x="575">it</w>
                    <w x="632">is</w>
                    <w x="680">a</w>
                    <w x="861">prison.</w>
                </line>
            </div>
            <line c="1194" h="62" n="9">
                <w x="546">Ros.</w>
                <w x="723">Why,</w>
                <w x="852">then</w>
                <w x="993">your</w>
                <w x="1233">ambition</w>
                <w x="1416">makes</w>
                <w x="1483">it</w>
                <w x="1623">one;</w>
                <w x="1728">
                    <choice>
                        <orig>'tis</orig>
                        <reg>it</reg>
                        <reg>is</reg>
                    </choice>
                </w>
            </line>
        </div>
        <line c="1256" h="60" n="10">
            <w x="451">too</w>
            <w x="642">narrow</w>
            <w x="728">for</w>
            <w x="855">your</w>
            <w x="1010">mind.</w>
        </line>
        <line c="1314" h="57" n="11">
            <w x="573">Ham.</w>
            <w x="662">O</w>
            <w x="807">God!</w>
            <w x="863">I</w>
            <w x="1007">could</w>
            <w x="1079">be</w>
            <w x="1299">bounded</w>
            <w x="1361">in</w>
            <w x="1404">a</w>
            <w x="1622">nutshell,</w>
            <w x="1728">and</w>
        </line>
        <line c="1379" h="60" n="12">
            <w x="512">count</w>
            <w x="694">myself</w>
            <w x="746">a</w>
            <w x="874">king</w>
            <w x="945">of</w>
            <w x="1137">infinite</w>
            <w x="1315">space,</w>
            <w x="1455">were</w>
            <w x="1513">it</w>
            <w x="1611">not</w>
            <w x="1727">that</w>
        </line>
        <line c="1432" h="46" n="13">
            <w x="398">I</w>
            <w x="531">have</w>
            <w x="640">bad</w>
            <w x="848">dreams.</w>
        </line>
        <line c="1499" h="56" n="14">
            <w x="564">Guil.</w>
            <w x="769">Which</w>
            <w x="976">dreams,</w>
            <w x="1176">indeed,</w>
            <w x="1273">are</w>
            <w x="1532">ambition;</w>
            <w x="1631">for</w>
            <w x="1727">the</w>
        </line>
        <line c="1564" h="60" n="15">
            <w x="481">very</w>
            <w x="736">substance</w>
            <w x="808">of</w>
            <w x="908">the</w>
            <w x="1162">ambitious</w>
            <w x="1221">is</w>
            <w x="1417">merely</w>
            <w x="1513">the</w>
            <w x="1726">shadow</w>
        </line>
        <line c="1623" h="59" n="16">
            <w x="429">of</w>
            <w x="481">a</w>
            <w x="666">dream.</w>
        </line>
        <line c="1680" h="51" n="17">
            <w x="573">Ham.</w>
            <w x="660">A</w>
            <w x="830">dream</w>
            <w x="973">itself</w>
            <w x="1034">is</w>
            <w x="1136">but</w>
            <w x="1183">a</w>
            <w x="1397">shadow.</w>
        </line>
        <line c="1748" h="62" n="18">
            <w x="544">Ros.</w>
            <w x="756">Truly;</w>
            <w x="878">and</w>
            <w x="920">I</w>
            <w x="1040">hold</w>
            <w x="1265">ambition</w>
            <w x="1333">of</w>
            <w x="1396">so</w>
            <w x="1505">airy</w>
            <w x="1604">and</w>
            <w x="1728">light</w>
        </line>
        <line c="1807" h="63" n="19">
            <w x="403">a</w>
            <w x="603">quality,</w>
            <w x="723">that</w>
            <w x="778">it</w>
            <w x="835">is</w>
            <w x="937">but</w>
            <w x="984">a</w>
            <w x="1221">shadow's</w>
            <w x="1438">shadow.</w>
        </line>
        <line c="1870" h="60" n="20">
            <w x="570">Ham.</w>
            <w x="748">Then</w>
            <w x="842">are</w>
            <w x="941">our</w>
            <w x="1162">beggars,</w>
            <w x="1363">bodies;</w>
            <w x="1485">and</w>
            <w x="1583">our</w>
            <w x="1727">
                <choice>
                    <hyph>mon-</hyph>
                    <reg>monarchs,</reg>
                </choice>
            </w>
        </line>
        <line c="1932" h="60" n="21">
            <w x="512" endhyph="true">archs,</w>
            <w x="623">and</w>
            <w x="951">outstretched</w>
            <w x="1150">heroes,</w>
            <w x="1247">the</w>
            <w x="1470">beggars'</w>
            <w x="1726">shadows.</w>
        </line>
        <line c="1993" h="60" n="22">
            <w x="497">Shall</w>
            <w x="589">we</w>
            <w x="658">to</w>
            <w x="754">the</w>
            <w x="932">court?</w>
            <w x="1041">for,</w>
            <w x="1116">by</w>
            <w x="1204">my</w>
            <w x="1355">fay,</w>
            <w x="1450">I</w>
            <w x="1541">cannot</w>
            <w x="1725">reason.</w>
        </line>
        <line c="2055" h="60" n="23">
            <w x="540">Ros.</w>
            <w x="691">Guil.</w>
            <w x="866">
                <choice>
                    <orig>We'll</orig>
                    <reg>We will</reg>
                    <reg>We</reg>
                    <reg>will</reg>
                </choice>
            </w>
            <w x="990">wait</w>
            <w x="1129">upon</w>
            <w x="1252">you.</w>
        </line>
    </div>
    <div id="6" x="1749" y="624" group="2" width="437" height="965" type="annotation"
        sealts="460_7_7.297" attribution="HM" mode="tragedy" play="9c">
        <line n="1" h="119" c="709">
            <w x="2072">Here</w>
            <w x="2162">is</w>
        </line>
        <line n="2" h="120" c="804">
            <w x="2141">forcibly</w>
        </line>
        <line n="3" h="120" c="924">
            <w x="2154">shown</w>
        </line>
        <line n="4" h="120" c="1075">
            <w x="2145">the</w>
        </line>
        <line n="5" h="120" c="1164">
            <w x="2129">great</w>
        </line>
        <line n="6" h="120" c="1284">
            <w x="2166">Montaignism</w>
        </line>
        <line n="7" h="120" c="1404">
            <w x="2113">of</w>
        </line>
        <line n="8" h="120" c="1524">
            <w x="2145">Hamlet</w>
        </line>
    </div>
</body>
