<body>
    <div id="2" x="738" y="695" group="1" width="1401" height="2461" type="score"
        sealts="460_1_c282" attribution="HM" mode="comedy" play="4a">
        <line c="735" h="65" n="2">
            <w x="912">Sir</w>
            <w x="1019">To.</w>
            <w x="1224">Peace,</w>
            <w x="1269">I</w>
            <w x="1383">say.</w>
        </line>
        <line c="796" h="63" n="3">
            <w x="946">Mal.</w>
            <w x="1064">To</w>
            <w x="1140">be</w>
            <w x="1315">Count</w>
            <w x="1542">Malvolio;&#8212;</w>
        </line>
        <line c="859" h="65" n="4">
            <w x="912">Sir</w>
            <w x="1018">To.</w>
            <w x="1148">Ah,</w>
            <w x="1330">rogue!</w>
        </line>
        <line c="922" h="65" n="5">
            <w x="910">Sir</w>
            <w x="1048">And.</w>
            <w x="1230">Pistol</w>
            <w x="1356">him,</w>
            <w x="1508">pistol</w>
            <w x="1634">him.</w>
        </line>
        <line c="984" h="65" n="6">
            <w x="910">Sir</w>
            <w x="1016">To.</w>
            <w x="1220">Peace,</w>
            <w x="1406">peace!</w>
        </line>
        <line c="1051" h="74" n="7">
            <w x="943">Mal.</w>
            <w x="1137">There</w>
            <w x="1216">is</w>
            <w x="1470">example</w>
            <w x="1649">
                <choice>
                    <orig>for't;</orig>
                    <reg>for it;</reg>
                    <reg>for</reg>
                    <reg>it;</reg>
                </choice>
            </w>
            <w x="1784">the</w>
            <w x="1929">lady</w>
            <w x="2016">of</w>
            <w x="2127">the</w>
        </line>
        <line c="1109" h="66" n="8">
            <w x="985">Strachy</w>
            <w x="1193">married</w>
            <w x="1288">the</w>
            <w x="1499">yeoman</w>
            <w x="1572">of</w>
            <w x="1661">the</w>
            <w x="1923">wardrobe.</w>
        </line>
        <line c="1169" h="60" n="9">
            <w x="908">Sir</w>
            <w x="1046">And.</w>
            <w x="1170">Fie</w>
            <w x="1250">on</w>
            <w x="1376">him,</w>
            <w x="1607">Jezebel!</w>
        </line>
        <line c="1235" h="71" n="10">
            <w x="943">Fab.</w>
            <w x="1048">O,</w>
            <w x="1247">peace!</w>
            <w x="1402">now</w>
            <w x="1531">he's</w>
            <w x="1732">deeply</w>
            <w x="1839">in;</w>
            <w x="1989">look</w>
            <w x="2127">how</w>
        </line>
        <line c="1293" h="62" n="11">
            <w x="1054">imagination</w>
            <w x="1214">blows</w>
            <w x="1368">him.</w>
        </line>
        <line c="1360" h="71" n="12">
            <w x="941">Mal.</w>
            <w x="1167">Having</w>
            <w x="1317">been</w>
            <w x="1477">three</w>
            <w x="1689">months</w>
            <w x="1915">married</w>
            <w x="1998">to</w>
            <w x="2124">her,</w>
        </line>
        <line c="1418" h="65" n="13">
            <w x="922">sitting</w>
            <w x="988">in</w>
            <w x="1086">my</w>
            <w x="1300">state,&#8212;</w>
        </line>
        <line c="1486" h="77" n="14">
            <w x="907">Sir</w>
            <w x="1014">To.</w>
            <w x="1118">O,</w>
            <w x="1207">for</w>
            <w x="1255">a</w>
            <w x="1401">stone</w>
            <w x="1539">bow,</w>
            <w x="1609">to</w>
            <w x="1695">hit</w>
            <w x="1805">him</w>
            <w x="1873">in</w>
            <w x="1969">the</w>
            <w x="2102">eye!</w>
        </line>
        <line c="1548" h="74" n="15">
            <w x="940">Mal.</w>
            <w x="1163">Calling</w>
            <w x="1259">my</w>
            <w x="1447">officers</w>
            <w x="1603">about</w>
            <w x="1708">me,</w>
            <w x="1775">in</w>
            <w x="1874">my</w>
            <w x="2125">branched</w>
        </line>
        <line c="1608" h="73" n="16">
            <w x="911">velvet</w>
            <w x="1103">gown;</w>
            <w x="1298">having</w>
            <w x="1456">come</w>
            <w x="1604">from</w>
            <w x="1660">a</w>
            <w x="1778">day</w>
            <w x="1899">bed,</w>
            <w x="2070">where</w>
            <w x="2123">I</w>
        </line>
        <line c="1668" h="68" n="17">
            <w x="846">left</w>
            <w x="1014">Olivia</w>
            <w x="1245">sleeping.</w>
        </line>
        <line c="1725" h="55" n="18">
            <w x="902">Sir</w>
            <w x="1010">To.</w>
            <w x="1155">Fire</w>
            <w x="1266">and</w>
            <w x="1551">brimstone!</w>
        </line>
        <line c="1794" h="67" n="19">
            <w x="939">Fab.</w>
            <w x="1042">O,</w>
            <w x="1216">peace,</w>
            <w x="1402">peace!</w>
        </line>
        <line c="1853" h="61" n="20">
            <w x="937">Mal.</w>
            <w x="1085">And</w>
            <w x="1229">then</w>
            <w x="1312">to</w>
            <w x="1454">have</w>
            <w x="1561">the</w>
            <w x="1748">humor</w>
            <w x="1831">of</w>
            <w x="2000">state:</w>
            <w x="2121">and</w>
        </line>
        <line c="1921" h="73" n="21">
            <w x="876">after</w>
            <w x="923">a</w>
            <w x="1122">demure</w>
            <w x="1281">travel</w>
            <w x="1354">of</w>
            <w x="1600">regard,&#8212;</w>
            <w x="1771">telling</w>
            <w x="1912">them</w>
            <w x="1954">I</w>
            <w x="2120">know</w>
        </line>
        <line c="1983" h="67" n="22">
            <w x="840">my</w>
            <w x="998">place,</w>
            <w x="1070">as</w>
            <w x="1113">I</w>
            <w x="1283">would</w>
            <w x="1412">they</w>
            <w x="1585">should</w>
            <w x="1664">do</w>
            <w x="1870">theirs&#8212;</w>
            <w x="1921">to</w>
            <w x="2033">ask</w>
            <w x="2119">for</w>
        </line>
        <line c="2045" h="64" n="23">
            <w x="839">my</w>
            <w x="1063">kinsman</w>
            <w x="1308">Toby:&#8212;</w>
        </line>
        <line c="2104" h="62" n="24">
            <w x="901">Sir</w>
            <w x="1007">To.</w>
            <w x="1177">Bolts</w>
            <w x="1287">and</w>
            <w x="1533">shackles!</w>
        </line>
        <line c="2169" h="68" n="25">
            <w x="935">Fab.</w>
            <w x="1038">O,</w>
            <w x="1212">peace,</w>
            <w x="1385">peace,</w>
            <w x="1569">peace!</w>
            <w x="1720">now,</w>
            <w x="1860">now.</w>
        </line>
        <div id="3" x="762" y="2189" group="1" width="1358" height="255" type="score"
            sealts="460_1_c282" attribution="HM" mode="comedy" play="4a">
            <line c="2233" h="70" n="26">
                <w x="933">Mal.</w>
                <w x="1125">Seven</w>
                <w x="1205">of</w>
                <w x="1308">my</w>
                <w x="1497">people,</w>
                <w x="1629">with</w>
                <w x="1718">an</w>
                <w x="1962">obedient</w>
                <w x="2114">start,</w>
            </line>
            <line c="2296" h="73" n="27">
                <w x="890">make</w>
                <w x="990">out</w>
                <w x="1075">for</w>
                <w x="1212">him:</w>
                <w x="1267">I</w>
                <w x="1430">frown</w>
                <w x="1526">the</w>
                <w x="1702">while;</w>
                <w x="1837">and,</w>
                <w x="2114">perchance,</w>
            </line>
            <line c="2358" h="73" n="28">
                <w x="881">wind</w>
                <w x="962">up</w>
                <w x="1059">my</w>
                <w x="1239">watch,</w>
                <w x="1310">or</w>
                <w x="1443">play</w>
                <w x="1572">with</w>
                <w x="1675">my</w>
                <w x="1831">some</w>
                <w x="1940">rich</w>
                <w x="2113">jewel.</w>
            </line>
            <line c="2414" h="65" n="29">
                <w x="893">Toby</w>
                <w x="1205">approaches;</w>
                <w x="1463">
                    <choice>
                        <orig>court'sies</orig>
                        <reg>curtsies</reg>
                    </choice>
                </w>
                <w x="1607">there</w>
                <w x="1676">to</w>
                <w x="1869">me:&#8212;</w>
            </line>
        </div>
        <line c="2474" h="54" n="30">
            <w x="896">Sir</w>
            <w x="1003">To.</w>
            <w x="1171">Shall</w>
            <w x="1279">this</w>
            <w x="1447">fellow</w>
            <w x="1587">live?</w>
        </line>
        <line c="2552" h="86" n="31">
            <w x="930">Fab.</w>
            <w x="1168">Though</w>
            <w x="1278">our</w>
            <w x="1473">silence</w>
            <w x="1564">be</w>
            <w x="1752">drawn</w>
            <w x="1894">from</w>
            <w x="1979">us</w>
            <w x="2114">with</w>
        </line>
        <line c="2603" h="62" n="32">
            <w x="886">cars,</w>
            <w x="984">yet</w>
            <w x="1154">peace.</w>
        </line>
        <div id="4" x="752" y="2626" group="1" width="1377" height="142" type="score2"
            sealts="460_1_c282" attribution="HM" mode="comedy" play="4a">
            <line c="2671" h="75" n="33">
                <w x="931">Mal.</w>
                <w x="1000">I</w>
                <w x="1182">extend</w>
                <w x="1279">my</w>
                <w x="1416">hand</w>
                <w x="1484">to</w>
                <w x="1596">him</w>
                <w x="1736">thus,</w>
                <w x="2011">quenching</w>
                <w x="2115">my</w>
            </line>
            <line c="2731" h="70" n="34">
                <w x="941">familiar</w>
                <w x="1085">smile</w>
                <w x="1215">with</w>
                <w x="1294">an</w>
                <w x="1488">austere</w>
                <w x="1665">regard</w>
                <w x="1738">of</w>
                <w x="2010">control:&#8212;</w>
            </line>
        </div>
    </div>
    <div id="4" x="738" y="950" group="2" width="1401" height="2461" type="score"
        sealts="460_1_c282" attribution="HM" mode="commentary" play="4a">
        <line n="35" h="58" c="2853">
            <w x="906">Mr.</w>
            <w x="1020">R.P.</w>
            <w x="1162">Knight</w>
            <w x="1384">conjectures</w>
            <w x="1470">that</w>
            <w x="1552">this</w>
            <w x="1604">is</w>
            <w x="1648">a</w>
            <w x="1856">corruption</w>
            <w x="1920">of</w>
            <w x="2078">Stratici,</w>
            <w x="2120">a</w>
        </line>
        <line c="2901" h="58" n="36">
            <w x="828">title</w>
            <w x="1013">anciently</w>
            <w x="1128">given</w>
            <w x="1175">to</w>
            <w x="1253">the</w>
            <w x="1454">Governors</w>
            <w x="1517">of</w>
            <w x="1694">Messina,</w>
            <w x="1776">and</w>
            <w x="1914">Illyria</w>
            <w x="1966">is</w>
            <w x="2061">not</w>
            <w x="2082">far</w>
        </line>
        <line c="2943" h="55" n="37">
            <w x="838">from</w>
            <w x="1008">Messina.</w>
            <w x="1091">If</w>
            <w x="1146">so,</w>
            <w x="1189">it</w>
            <w x="1267">will</w>
            <w x="1374">mean</w>
            <w x="1441">the</w>
            <w x="1648">Governor's</w>
            <w x="1745">lady.</w>
            <w x="1866">The</w>
            <w x="1967">word</w>
            <w x="2077">Strachy</w>
        </line>
        <line c="2982" h="52" n="38">
            <w x="785">is</w>
            <w x="928">printed</w>
            <w x="1023">with</w>
            <w x="1059">a</w>
            <w x="1194">capital</w>
            <w x="1274">and</w>
            <w x="1324">in</w>
            <w x="1453">Italics</w>
            <w x="1504">in</w>
            <w x="1574">the</w>
            <w x="1661">first</w>
            <w x="1764">folio.</w>
        </line>
        <line c="3028" h="46" n="39">
            <w x="927">Puffs</w>
            <w x="1012">him</w>
            <w x="1079">up.</w>
        </line>
        <line n="40" h="50" c="3066">
            <w x="936">Thus</w>
            <w x="986">in</w>
            <w x="1054">the</w>
            <w x="1152">Two</w>
            <w x="1364">Gentlemen</w>
            <w x="1426">of</w>
            <w x="1580">Verona,</w>
            <w x="1656">the</w>
            <w x="1780">clown</w>
            <w x="1916">says&#8212;</w>
            <w x="2034">"Who</w>
            <w x="2124">that</w>
        </line>
        <line n="41" h="50" c="3118">
            <w x="800">is,</w>
            <w x="836">a</w>
            <w x="930">team</w>
            <w x="990">of</w>
            <w x="1098">horses</w>
            <w x="1198">shall</w>
            <w x="1274">not</w>
            <w x="1382">pluck</w>
            <w x="1480">from</w>
            <w x="1578">me."</w>
        </line>
    </div>
</body>
