<body>
    <div id="2" x="186" y="788" group="1" width="1384" height="1009" type="score" sealts="460_1_c113" attribution="HM"
        mode="comedy" play="2a">
        <line c="822" h="59" n="3">
            <w x="322">Lest</w>
            <w x="378">it</w>
            <w x="553">should</w>
            <w x="686">burn</w>
            <w x="844">above</w>
            <w x="941">the</w>
            <w x="1133">bounds</w>
            <w x="1210">of</w>
            <w x="1393">reason.</w>
        </line>
        <line c="893" h="72" n="4">
            <w x="362">Jul.</w>
            <w x="509">The</w>
            <w x="652">more</w>
            <w x="781">thou</w>
            <w x="961">
                <choice>
                    <orig>dam'st</orig>
                    <reg>dam</reg>
                </choice>
            </w>
            <w x="1016">it</w>
            <w x="1105">up,</w>
            <w x="1199">the</w>
            <w x="1336">more</w>
            <w x="1389">it</w>
            <w x="1565">burns;</w>
        </line>
        <line c="954" h="72" n="5">
            <w x="307">The</w>
            <w x="519">current,</w>
            <w x="641">that</w>
            <w x="770">with</w>
            <w x="939">gentle</w>
            <w x="1154">murmur</w>
            <w x="1329">glides,</w>
        </line>
        <line c="1018" h="77" n="6">
            <w x="338">Thou</w>
            <w x="566">
                <choice>
                    <orig>know'st,</orig>
                    <reg>know,</reg>
                </choice>
            </w>
            <w x="725">being</w>
            <w x="945">stopped,</w>
            <w x="1245">impatiently</w>
            <w x="1373">doth</w>
            <w x="1525">rage;</w>
        </line>
        <line c="1075" h="69" n="7">
            <w x="309">But,</w>
            <w x="466">when</w>
            <w x="555">his</w>
            <w x="658">fair</w>
            <w x="830">course</w>
            <w x="889">is</w>
            <w x="988">not</w>
            <w x="1234">hindered,</w>
        </line>
        <line c="1139" h="73" n="8">
            <w x="277">He</w>
            <w x="454">makes</w>
            <w x="619">sweet</w>
            <w x="779">music</w>
            <w x="908">with</w>
            <w x="993">
                <choice>
                    <orig>th'</orig>
                    <reg>the</reg>
                </choice>
            </w>
            <w x="1247">enameled</w>
            <w x="1432">stones,</w>
        </line>
        <line c="1202" h="71" n="9">
            <w x="369">Giving</w>
            <w x="418">a</w>
            <w x="588">gentle</w>
            <w x="702">kiss</w>
            <w x="770">to</w>
            <w x="923">every</w>
            <w x="1078">sedge</w>
        </line>
        <line c="1263" h="71" n="10">
            <w x="276">He</w>
            <w x="557">
                <choice>
                    <orig>overtaketh</orig>
                    <reg>overtakes</reg>
                </choice>
            </w>
            <w x="624">in</w>
            <w x="713">his</w>
            <w x="1017">pilgrimage;</w>
        </line>
        <line c="1328" h="73" n="11">
            <w x="304">And</w>
            <w x="375">so</w>
            <w x="458">by</w>
            <w x="614">many</w>
            <w x="834">winding</w>
            <w x="992">nooks</w>
            <w x="1069">he</w>
            <w x="1248">strays,</w>
        </line>
        <line c="1385" h="66" n="12">
            <w x="324">With</w>
            <w x="514">willing</w>
            <w x="656">sport</w>
            <w x="723">to</w>
            <w x="819">the</w>
            <w x="945">wild</w>
            <w x="1118">ocean.</w>
        </line>
        <line c="1451" h="72" n="13">
            <w x="333">Then</w>
            <w x="417">let</w>
            <w x="509">me</w>
            <w x="603">go,</w>
            <w x="715">and</w>
            <w x="891">hinder</w>
            <w x="990">not</w>
            <w x="1086">my</w>
            <w x="1286">course:</w>
        </line>
        <line c="1511" h="68" n="14">
            <w x="266">
                <choice>
                    <orig>I'll</orig>
                    <reg>I will</reg>
                    <reg>I</reg>
                    <reg>will</reg>
                </choice>
            </w>
            <w x="344">be</w>
            <w x="416">as</w>
            <w x="611">patient</w>
            <w x="680">as</w>
            <w x="729">a</w>
            <w x="898">gentle</w>
            <w x="1095">stream,</w>
        </line>
        <line c="1577" h="74" n="15">
            <w x="302">And</w>
            <w x="454">make</w>
            <w x="504">a</w>
            <w x="711">pastime</w>
            <w x="785">of</w>
            <w x="909">each</w>
            <w x="1080">weary</w>
            <w x="1212">step,</w>
        </line>
        <line c="1638" h="73" n="16">
            <w x="288">Till</w>
            <w x="385">the</w>
            <w x="493">last</w>
            <w x="613">step</w>
            <w x="744">have</w>
            <w x="955">brought</w>
            <w x="1047">me</w>
            <w x="1116">to</w>
            <w x="1214">my</w>
            <w x="1357">love;</w>
        </line>
        <div id="3" x="198" y="1661" group="1" width="1055" height="74" type="checkmark"
            sealts="460_1_c113" attribution="HM" mode="comedy" play="2a">
            <line c="1698" h="69" n="17">
                <w x="301">And</w>
                <w x="447">there</w>
                <w x="537">
                    <choice>
                        <orig>I'll</orig>
                        <reg>I will</reg>
                        <reg>I</reg>
                        <reg>will</reg>
                    </choice>
                </w>
                <w x="663">rest,</w>
                <w x="749">as,</w>
                <w x="885">after</w>
                <w x="1037">much</w>
                <w x="1245">turmoil,</w>
            </line>
            <line c="1760" h="66" n="18">
                <w x="238">A</w>
                <w x="435">blessed</w>
                <w x="552">soul</w>
                <w x="679">doth</w>
                <w x="747">in</w>
                <w x="985">Elysium.</w>
            </line>
        </div>
    </div>
</body>
