<body>
    <div id="2" x="319" y="2962" group="1" width="1411" height="97" type="score" type2="checkmark"
        sealts="460_6_6.105" attribution="HM" mode="commentary" section="notes" play="4c">
        <line n="37" h="48" c="2986">
            <blank x="419"/>
            <w x="587">Alluding</w>
            <w x="634">to</w>
            <w x="703">the</w>
            <w x="952">lachrymatory</w>
            <w x="1043">vials</w>
            <w x="1153">filled</w>
            <w x="1234">with</w>
            <w x="1349">tears,</w>
            <w x="1467">which</w>
            <w x="1544">the</w>
            <w x="1718">Romans</w>
        </line>
        <line n="38" h="48" c="3034">
            <w x="470">placed</w>
            <w x="514">in</w>
            <w x="585">the</w>
            <w x="691">tomb</w>
            <w x="739">of</w>
            <w x="770">a</w>
            <w x="944">departed</w>
            <w x="1102">friend.</w>
        </line>
    </div>
</body>
