<body>
    <div id="2" x="486" y="1657" group="1" width="1293" height="73" type="checkmark"
        sealts="460_1_c393" attribution="HM" mode="comedy" play="5a">
        <line n="17" h="73" c="1693">
            <w x="644">Prov.</w>
            <div id="3" x="659" y="1664" group="1" width="295" height="55" type="underline"
                sealts="460_1_c393" attribution="HM" mode="comedy" play="5a">
                <w x="768">His</w>
                <w x="948">friends</w>
            </div>
            <w x="1074">still</w>
            <w x="1302">wrought</w>
            <w x="1548">reprieves</w>
            <w x="1646">for</w>
            <w x="1772">him;</w>
        </line>
    </div>
    <div id="4" x="424" y="2030" group="2" width="1358" height="260" type="score" sealts="460_1_c393" attribution="HM"
        mode="comedy" play="5a">
        <line c="2068" h="63" n="23">
            <w x="546">How</w>
            <w x="715">seems</w>
            <w x="785">he</w>
            <w x="853">to</w>
            <w x="931">be</w>
            <w x="1175">touched?</w>
        </line>
        <line c="2129" h="64" n="24">
            <w x="618">Prov.</w>
            <w x="712">A</w>
            <w x="827">man</w>
            <w x="945">that</w>
            <w x="1240">apprehends</w>
            <w x="1394">death</w>
            <w x="1472">no</w>
            <w x="1605">more</w>
            <w x="1776">
                <choice>
                    <hyph>dread-</hyph>
                    <reg>dreadfully</reg>
                </choice>
            </w>
        </line>
        <line c="2190" h="65" n="25">
            <w x="546" endhyph="true">fully,</w>
            <w x="656">but</w>
            <w x="734">as</w>
            <w x="793">a</w>
            <w x="1037">drunken</w>
            <w x="1203">sleep</w>
            <w x="1438">careless,</w>
            <w x="1665">reckless,</w>
            <w x="1775">and</w>
        </line>
        <line c="2251" h="72" n="26">
            <w x="603">fearless</w>
            <w x="675">of</w>
            <w x="857">
                <choice>
                    <orig>what's</orig>
                    <reg>what is</reg>
                    <reg>what</reg>
                    <reg>is</reg>
                </choice>
            </w>
            <w x="991">past,</w>
            <w x="1203">present,</w>
            <w x="1269">or</w>
            <w x="1335">to</w>
            <w x="1508">come;</w>
            <w x="1775">insensible</w>
        </line>
    </div>
</body>
