<body>
    <div id="2" x="379" y="2205" group="1" width="1343" height="141" type="checkmark"
        sealts="460_6_6.143" attribution="HM" mode="tragedy" play="4c">
        <line n="25" h="70" c="2240">
            <w x="580">Ant.</w>
            <w x="715">The</w>
            <w x="899">
                <choice>
                    <orig>April's</orig>
                    <reg>April is</reg>
                    <reg>April</reg>
                    <reg>is</reg>
                </choice>
            </w>
            <w x="972">in</w>
            <w x="1070">her</w>
            <w x="1226">eyes;</w>
            <w x="1285">it</w>
            <w x="1353">is</w>
            <w x="1515">love's</w>
            <w x="1700">spring,</w>
        </line>
        <line n="26" h="70" c="2310">
            <w x="514">And</w>
            <w x="651">these</w>
            <w x="753">the</w>
            <w x="974">showers</w>
            <w x="1038">to</w>
            <w x="1186">bring</w>
            <w x="1244">it</w>
            <w x="1395">on.&#8212;</w>
            <w x="1467">Be</w>
            <w x="1710">cheerful.</w>
        </line>
    </div>
</body>
