<body>
    <div id="2" x="1032" y="1545" group="1" width="1352" height="134" type="score" sealts="460_2_2.302" attribution="HM"
        mode="comedy" play="10a">
        <line n="15" h="67" c="1578">
            <w x="1220">Orl.</w>
            <w x="1276">I</w>
            <w x="1384">will</w>
            <w x="1530">chide</w>
            <w x="1604">no</w>
            <w x="1827">breather</w>
            <w x="1889">in</w>
            <w x="1989">the</w>
            <w x="2162">world,</w>
            <w x="2262">but</w>
            <w x="2384">
                <choice>
                    <hyph>my-</hyph>
                    <reg>myself</reg>
                </choice>
            </w>
        </line>
        <line n="16" h="67" c="1645">
            <w x="1161" endhyph="true">self;</w>
            <w x="1360">against</w>
            <w x="1520">whom</w>
            <w x="1574">I</w>
            <w x="1725">know</w>
            <w x="1853">most</w>
            <w x="2032">faults.</w>
        </line>
    </div>
</body>
