<body>
    <div id="2" x="749" y="836" group="1" width="1387" height="137" type="checkmark" erasure="true"
        sealts="460_6_6.218" attribution="HM" mode="tragedy" play="5c">
        <line n="4" h="68" c="877">
            <w x="873">1</w>
            <w x="1031">Gent.</w>
            <w x="1137">He</w>
            <w x="1259">that</w>
            <w x="1383">hath</w>
            <w x="1569">missed</w>
            <w x="1656">the</w>
            <w x="1886">princess,</w>
            <w x="1941">is</w>
            <w x="1985">a</w>
            <w x="2122">thing</w>
        </line>
        <line n="5" h="68" c="938">
            <w x="884">Too</w>
            <w x="987">bad</w>
            <w x="1077">for</w>
            <w x="1178">bad</w>
            <w x="1376">report;</w>
            <w x="1486">and</w>
            <w x="1564">he</w>
            <w x="1681">that</w>
            <w x="1808">hath</w>
            <w x="1918">her,</w>
        </line>
    </div>
</body>
