<body>
    <div id="2" x="371" y="2561" group="1" width="1360" height="145" type="checkmark"
        sealts="460_6_6.137" attribution="HM" mode="tragedy" play="4c">
        <line n="32" h="72" c="2597">
            <w x="587">Pom.</w>
            <w x="943">Ah,</w>
            <w x="1053">this</w>
            <w x="1186">thou</w>
            <w x="1402">
                <choice>
                    <orig>shouldst</orig>
                    <reg>should</reg>
                </choice>
            </w>
            <w x="1528">have</w>
            <w x="1692">done,</w>
        </line>
        <line n="33" h="72" c="2669">
            <w x="487">And</w>
            <w x="591">not</w>
            <w x="726">have</w>
            <w x="873">spoke</w>
            <w x="1028">
                <choice>
                    <orig>on't!</orig>
                    <reg>on it!</reg>
                    <reg>on</reg>
                    <reg>it!</reg>
                </choice>
            </w>
            <w x="1140">In</w>
            <w x="1246">me,</w>
            <w x="1340">
                <choice>
                    <orig>'tis</orig>
                    <reg>it is</reg>
                    <reg>it</reg>
                    <reg>is</reg>
                </choice>
            </w>
            <w x="1553">
                <choice>
                    <orig>villany;</orig>
                    <reg>villainy;</reg>
                </choice>
            </w>
        </line>
    </div>
</body>
