<body>
    <div id="2" x="309" y="1017" group="1" width="1406" height="258" type="score" sealts="460_6_6.121" attribution="HM"
        mode="tragedy" play="4c">
        <line c="1052" h="64" n="7">
            <w x="504">Eno.</w>
            <w x="634">.Ay,</w>
            <w x="738">sir;</w>
            <w x="843">We</w>
            <w x="940">did</w>
            <w x="1079">sleep</w>
            <w x="1187">day</w>
            <w x="1280">out</w>
            <w x="1351">of</w>
            <w x="1686">countenance,</w>
        </line>
        <line c="1113" h="63" n="8">
            <w x="413">and</w>
            <w x="560">made</w>
            <w x="659">the</w>
            <w x="808">night</w>
            <w x="940">light</w>
            <w x="1070">with</w>
            <w x="1312">drinking.</w>
        </line>
        <line c="1177" h="62" n="9">
            <w x="499">Mec.</w>
            <w x="684">Eight</w>
            <w x="954">
                <choice>
                    <orig>Wild-boars</orig>
                    <reg>Wild boars</reg>
                    <reg>boars</reg>
                </choice>
            </w>
            <w x="1150">roasted</w>
            <w x="1309">whole</w>
            <w x="1380">at</w>
            <w x="1427">a</w>
            <w x="1686">breakfast,</w>
        </line>
        <line c="1238" h="63" n="10">
            <w x="412">and</w>
            <w x="514">but</w>
            <w x="694">twelve</w>
            <w x="897">persons</w>
            <w x="1059">there.</w>
            <w x="1169">Is</w>
            <w x="1278">this</w>
            <w x="1432">true?</w>
            <w x="1748">.%</w>
        </line>
    </div>
</body>
