<body>
    <div id="2" x="792" y="2798" group="1" width="1385" height="150" type="checkmark"
        sealts="460_6_6.144" attribution="HM" mode="commentary" section="notes" play="4c">
        <line c="2830" h="44" n="30">
            <blank x="864"/>
            <w x="919">A</w>
            <w x="1030">horse</w>
            <w x="1072">is</w>
            <w x="1155">said</w>
            <w x="1204">to</w>
            <w x="1301">have</w>
            <w x="1338">a</w>
            <w x="1445">cloud</w>
            <w x="1489">in</w>
            <w x="1552">his</w>
            <w x="1646">face,</w>
            <w x="1753">when</w>
            <w x="1809">he</w>
            <w x="1881">has</w>
            <w x="1917">a</w>
            <w x="2154">
                <choice>
                    <orig>dark-colored</orig>
                    <reg>dark colored</reg>
                    <reg>dark</reg>
                    <reg>colored</reg>
                </choice>
            </w>
        </line>
        <line c="2878" h="52" n="31">
            <w x="881">spot</w>
            <w x="930">in</w>
            <w x="996">his</w>
            <w x="1166">forehead</w>
            <w x="1330">between</w>
            <w x="1397">his</w>
            <w x="1502">eyes.</w>
            <w x="1640">This,</w>
            <w x="1758">being</w>
            <w x="1946">supposed</w>
            <w x="1993">to</w>
            <w x="2154">indicate</w>
        </line>
        <line c="2921" h="51" n="32">
            <w x="850">an</w>
            <w x="902">ill</w>
            <w x="1051">temper,</w>
            <w x="1094">is</w>
            <w x="1148">of</w>
            <w x="1273">course</w>
            <w x="1408">looked</w>
            <w x="1510">upon</w>
            <w x="1562">as</w>
            <w x="1597">a</w>
            <w x="1706">great</w>
            <w x="1870">blemish.</w>
        </line>
    </div>
</body>
