<body>
    <div id="2" x="366" y="2332" group="1" width="1364" height="490" type="score" sealts="460_1_c431" attribution="HM"
        mode="comedy" play="6a">
        <line c="2357" h="44" n="28">
            <w x="452">the</w>
            <w x="590">force</w>
            <w x="660">of</w>
            <w x="741">his</w>
            <w x="882">will.</w>
        </line>
        <line c="2423" h="57" n="29">
            <w x="575">Bene.</w>
            <w x="740">That</w>
            <w x="786">a</w>
            <w x="978">woman</w>
            <w x="1232">conceived</w>
            <w x="1350">me,</w>
            <w x="1406">I</w>
            <w x="1579">thank</w>
            <w x="1712">her;</w>
        </line>
        <line c="2486" h="60" n="30">
            <w x="474">that</w>
            <w x="570">she</w>
            <w x="777">brought</w>
            <w x="866">me</w>
            <w x="960">up,</w>
            <w x="1004">I</w>
            <w x="1220">likewise</w>
            <w x="1340">give</w>
            <w x="1439">her</w>
            <w x="1571">most</w>
            <w x="1715">
                <choice>
                    <hyph>hum-</hyph>
                    <reg>humble</reg>
                </choice>
            </w>
        </line>
        <line c="2543" h="55" n="31">
            <w x="447" endhyph="true">ble</w>
            <w x="655">thanks;</w>
            <w x="767">but</w>
            <w x="882">that</w>
            <w x="921">I</w>
            <w x="1032">will</w>
            <w x="1161">have</w>
            <w x="1220">a</w>
            <w x="1453">recheat</w>
            <w x="1647">winded</w>
            <w x="1714">in</w>
        </line>
        <line c="2608" h="61" n="32">
            <w x="453">my</w>
            <w x="690">forehead,</w>
            <w x="759">or</w>
            <w x="897">hang</w>
            <w x="991">my</w>
            <w x="1139">bugle</w>
            <w x="1206">in</w>
            <w x="1278">an</w>
            <w x="1489">invisible</w>
            <w x="1712">baldrick,</w>
        </line>
        <line c="2667" h="59" n="33">
            <w x="433">all</w>
            <w x="621">women</w>
            <w x="749">shall</w>
            <w x="929">pardon</w>
            <w x="1042">me:</w>
            <w x="1259">because</w>
            <w x="1294">I</w>
            <w x="1397">will</w>
            <w x="1496">not</w>
            <w x="1572">do</w>
            <w x="1714">them</w>
        </line>
        <line c="2729" h="61" n="34">
            <w x="451">the</w>
            <w x="624">wrong</w>
            <w x="691">to</w>
            <w x="904">mistrust</w>
            <w x="1029">any,</w>
            <w x="1073">I</w>
            <w x="1183">will</w>
            <w x="1272">do</w>
            <w x="1465">myself</w>
            <w x="1565">the</w>
            <w x="1715">right</w>
        </line>
        <line c="2792" h="64" n="35">
            <w x="422">to</w>
            <w x="554">trust</w>
            <w x="714">none;</w>
            <w x="835">and</w>
            <w x="929">the</w>
            <w x="1070">fine</w>
            <w x="1141">is,</w>
            <w x="1252">(for</w>
            <w x="1359">the</w>
            <w x="1524">which</w>
            <w x="1578">I</w>
            <w x="1714">may</w>
        </line>
    </div>
</body>
