<body>
	<div id="2" x="333" y="961" group="1" width="796" height="248" type="score" sealts="460_5_5.171" attribution="HM"
		mode="history" play="6b">
		<line c="992" h="42" n="13">
			<w x="419">
				<choice>
					<orig>She's</orig>
					<reg>She is</reg>
					<reg>She</reg>
					<reg>is</reg>
				</choice>
			</w>
			<w x="451">a</w>
			<w x="590">stranger</w>
			<w x="668">now</w>
			<w x="774">again.</w>
		</line>
		<line c="1030" h="35" n="14">
			<w x="466">Anne.</w>
			<w x="860">So</w>
			<w x="955">much</w>
			<w x="1016">the</w>
			<w x="1105">more</w>
		</line>
		<line c="1070" h="45" n="15">
			<w x="415">Must</w>
			<w x="489">pity</w>
			<w x="569">drop</w>
			<w x="658">upon</w>
			<w x="729">her.</w>
			<w x="875">Verily,</w>
		</line>
		<line c="1109" h="44" n="16">
			<w x="350">I</w>
			<w x="461">swear,</w>
			<w x="521">
				<choice>
					<orig>'tis</orig>
					<reg>it is</reg>
					<reg>it</reg>
					<reg>is</reg>
				</choice>
			</w>
			<w x="626">better</w>
			<w x="668">to</w>
			<w x="717">be</w>
			<w x="814">lowly</w>
			<w x="904">born,</w>
		</line>
		<line c="1148" h="42" n="17">
			<w x="401">And</w>
			<w x="499">range</w>
			<w x="582">with</w>
			<w x="707">humble</w>
			<w x="802">livers</w>
			<w x="844">in</w>
			<w x="982">content,</w>
		</line>
		<line c="1188" h="46" n="18">
			<w x="420">Than</w>
			<w x="462">to</w>
			<w x="510">be</w>
			<w x="629">perked</w>
			<w x="680">up</w>
			<w x="723">in</w>
			<w x="754">a</w>
			<w x="910">glistering</w>
			<w x="1002">grief,</w>
		</line>
	</div>
	<div id="3" x="304" y="1388" group="2" width="863" height="410" type="score" sealts="460_5_5.171" attribution="HM"
		mode="history" play="6b">
		<line c="1422" h="44" n="24">
			<w x="431">Old</w>
			<w x="479">L.</w>
			<w x="889">Beshrew</w>
			<w x="956">me,</w>
			<w x="984">I</w>
			<w x="1099">would,</w>
		</line>
		<line c="1460" h="51" n="25">
			<w x="397">And</w>
			<w x="525">venture</w>
			<w x="721">maidenhead</w>
			<w x="815">
				<choice>
					<orig>for't;</orig>
					<reg>for it;</reg>
					<reg>for</reg>
					<reg>it;</reg>
				</choice>
			</w>
			<w x="891">and</w>
			<w x="935">so</w>
			<w x="1119">would</w>
			<w x="1259">you,</w>
		</line>
		<line c="1499" h="45" n="26">
			<w x="386">For</w>
			<w x="434">all</w>
			<w x="502">this</w>
			<w x="590">spice</w>
			<w x="637">of</w>
			<w x="720">your</w>
			<w x="887">hypocrisy.</w>
		</line>
		<div id="4" x="327" y="1512" group="2" width="813" height="201" type="score"
			sealts="460_5_5.171" attribution="HM" mode="history" play="6b">
			<line c="1539" h="47" n="27">
				<w x="402">You,</w>
				<w x="478">that</w>
				<w x="560">have</w>
				<w x="605">so</w>
				<w x="669">fair</w>
				<w x="757">parts</w>
				<w x="802">of</w>
				<w x="928">woman</w>
				<w x="978">on</w>
				<w x="1055">you,</w>
			</line>
			<line c="1578" h="47" n="28">
				<w x="411">Have</w>
				<w x="472">too</w>
				<w x="502">a</w>
				<w x="650">woman's</w>
				<w x="758">heart;</w>
				<w x="871">which</w>
				<w x="949">ever</w>
				<w x="1011">yet</w>
			</line>
			<line c="1617" h="45" n="29">
				<w x="457">Affected</w>
				<w x="625">eminence,</w>
				<w x="751">wealth,</w>
				<w x="957">sovereignty;</w>
			</line>
			<line c="1657" h="49" n="30">
				<w x="438">Which,</w>
				<w x="483">to</w>
				<w x="546">say</w>
				<w x="647">sooth,</w>
				<w x="708">are</w>
				<w x="875">blessings;</w>
				<w x="952">and</w>
				<w x="1057">which</w>
				<w x="1137">gifts</w>
			</line>
			<line c="1706" h="67" n="31">
				<w x="449">(Saving</w>
				<w x="530">your</w>
				<w x="679">mincing)</w>
				<w x="741">the</w>
				<w x="883">capacity</w>
			</line>
		</div>
		<line c="1734" h="43" n="32">
			<w x="372">Of</w>
			<w x="456">your</w>
			<w x="531">soft,</w>
			<w x="664">cheveril</w>
			<w x="859">conscience</w>
			<w x="965">would</w>
			<w x="1095">receive,</w>
		</line>
		<line c="1770" h="39" n="33">
			<w x="358">If</w>
			<w x="427">you</w>
			<w x="530">might</w>
			<w x="636">please</w>
			<w x="679">to</w>
			<w x="795">stretch</w>
			<w x="839">it.</w>
		</line>
	</div>
</body>
