<body>
    <div id="2" x="763" y="2567" group="1" width="1249" height="138" type="checkmark"
        sealts="460_6_6.166" attribution="HM" mode="tragedy" play="4c">
        <line n="28" h="69" c="2602">
            <w x="989">Eno.</w>
            <w x="1117">
                <choice>
                    <orig>'Tis</orig>
                    <reg>It is</reg>
                    <reg>It</reg>
                    <reg>is</reg>
                </choice>
            </w>
            <w x="1276">better</w>
            <w x="1474">playing</w>
            <w x="1605">with</w>
            <w x="1658">a</w>
            <w x="1811">lion's</w>
            <w x="1984">whelp,</w>
        </line>
        <line n="29" h="69" c="2671">
            <w x="928">Than</w>
            <w x="1059">with</w>
            <w x="1137">an</w>
            <w x="1231">old</w>
            <w x="1334">one</w>
            <w x="1518">dying.</w>
        </line>
    </div>
</body>
