<body>
    <div id="2" x="326" y="2088" group="1" width="1315" height="328" type="score" sealts="460_6_6.193" attribution="HM"
        mode="tragedy" play="4c">
        <line c="2131" h="66" n="24">
            <w x="456">The</w>
            <w x="627">crown</w>
            <w x="693">
                <choice>
                    <orig>o'</orig>
                    <reg>of</reg>
                </choice>
            </w>
            <w x="783">the</w>
            <w x="930">earth</w>
            <w x="1057">doth</w>
            <w x="1295">melt.&#8212;</w>
            <w x="1353">My</w>
            <w x="1559">lord!&#8212;</w>
        </line>
        <line c="2191" h="63" n="25">
            <w x="412">O,</w>
            <w x="650">withered</w>
            <w x="709">is</w>
            <w x="805">the</w>
            <w x="1010">garland</w>
            <w x="1084">of</w>
            <w x="1176">the</w>
            <w x="1305">war,</w>
        </line>
        <line c="2256" h="68" n="26">
            <w x="453">The</w>
            <w x="671">soldier's</w>
            <w x="792">pole</w>
            <w x="852">is</w>
            <w x="1034">fallen;</w>
            <w x="1249">young</w>
            <w x="1379">boys</w>
            <w x="1489">and</w>
            <w x="1615">girls</w>
        </line>
        <line c="2318" h="66" n="27">
            <w x="440">Are</w>
            <w x="575">level</w>
            <w x="700">now</w>
            <w x="830">with</w>
            <w x="983">men;</w>
            <w x="1092">the</w>
            <w x="1225">odds</w>
            <w x="1284">is</w>
            <w x="1435">gone,</w>
        </line>
        <line c="2378" h="63" n="28">
            <w x="455">And</w>
            <w x="601">there</w>
            <w x="661">is</w>
            <w x="868">nothing</w>
            <w x="969">left</w>
            <w x="1262">remarkable</w>
        </line>
    </div>
</body>
