<body>
    <div id="2" x="698" y="718" group="1" width="852" height="76" type="underline" sealts="460_6_6.297" attribution="HM"
        mode="tragedy" play="5c">
        <line n="2" h="70" c="753">
            <w x="849">Thou</w>
            <w x="962">hast</w>
            <w x="1166">finished</w>
            <w x="1268">joy</w>
            <w x="1379">and</w>
            <w x="1534">moan.</w>
        </line>
    </div>
    <div id="3" x="697" y="967" group="2" width="652" height="69" type="underline" sealts="460_6_6.297" attribution="HM"
        mode="tragedy" play="5c">
        <line n="5" h="69" c="1002">
            <w x="790">No</w>
            <w x="1045">exorciser</w>
            <w x="1191">harm</w>
            <w x="1336">thee!</w>
        </line>
    </div>
    <div id="4" x="716" y="1216" group="3" width="682" height="71" type="underline" sealts="460_6_6.297" attribution="HM"
        mode="tragedy" play="5c">
        <line n="9" h="68" c="1250">
            <w x="881">Quiet</w>
            <w x="1234">consummation</w>
            <w x="1391">have;</w>
        </line>
    </div>
</body>
