<body>
	<div id="2" x="772" y="1450" group="1" width="1194" height="250" type="score" sealts="460_4_4.142" attribution="HM"
		mode="history" play="4b">
		<line c="1488" h="60" n="14">
			<w x="884">And</w>
			<w x="1005">thus</w>
			<w x="1107">thy</w>
			<w x="1200">fall</w>
			<w x="1327">hath</w>
			<w x="1426">left</w>
			<w x="1472">a</w>
			<w x="1599">kind</w>
			<w x="1671">of</w>
			<w x="1789">blot,</w>
		</line>
		<line c="1549" h="63" n="15">
			<w x="853">To</w>
			<w x="998">mark</w>
			<w x="1091">the</w>
			<w x="1384">
				<choice>
					<orig>full-fraught</orig>
					<reg>full fraught</reg>
					<reg>full</reg>
					<reg>fraught</reg>
				</choice>
			</w>
			<w x="1521">man,</w>
			<w x="1631">and</w>
			<w x="1750">best</w>
			<w x="1959">endued,</w>
		</line>
		<line c="1610" h="63" n="16">
			<w x="904">With</w>
			<w x="1044">some</w>
			<w x="1296">suspicion.</w>
			<w x="1383">I</w>
			<w x="1493">will</w>
			<w x="1642">weep</w>
			<w x="1727">for</w>
			<w x="1893">thee;</w>
		</line>
		<line c="1669" h="57" n="17">
			<w x="867">For</w>
			<w x="972">this</w>
			<w x="1130">revolt</w>
			<w x="1200">of</w>
			<w x="1351">thine,</w>
			<w x="1609">methinks,</w>
			<w x="1668">is</w>
			<w x="1776">like</w>
		</line>
	</div>
	<div id="3" x="772" y="1700" group="1" width="500" height="62" type="underline" sealts="460_4_4.142" attribution="HM"
		mode="history" play="4b">
		<line c="1734" h="62" n="18">
			<w x="972">Another</w>
			<w x="1069">fall</w>
			<w x="1140">of</w>
			<w x="1270">man.</w>
		</line>
	</div>
</body>
