<body>
	<div id="2" x="794" y="1649" group="1" width="1265" height="375" type="score" sealts="460_3_3.078" attribution="HM"
		mode="comedy" play="13a">
		<line c="1619" h="59" n="16">
			<w x="965">Flo.</w>
			<w x="1495">It</w>
			<w x="1678">cannot</w>
			<w x="1786">fail,</w>
			<w x="1890">but</w>
			<w x="1969">by</w>
		</line>
		<line c="1685" h="61" n="17">
			<w x="900">The</w>
			<w x="1126">violation</w>
			<w x="1198">of</w>
			<w x="1288">my</w>
			<w x="1443">faith;</w>
			<w x="1564">and</w>
			<w x="1693">then</w>
		</line>
		<line c="1743" h="60" n="18">
			<w x="890">Let</w>
			<w x="1063">nature</w>
			<w x="1214">crush</w>
			<w x="1309">the</w>
			<w x="1447">sides</w>
			<w x="1510">
				<orig>o'</orig>
				<reg>of</reg>
			</w>
			<w x="1598">the</w>
			<w x="1744">earth</w>
			<w x="1979">together,</w>
		</line>
		<line c="1805" h="61" n="19">
			<w x="903">And</w>
			<w x="1016">mar</w>
			<w x="1112">the</w>
			<w x="1263">seeds</w>
			<w x="1536">within!&#8212;</w>
			<w x="1638">Lift</w>
			<w x="1722">up</w>
			<w x="1821">thy</w>
			<w x="2057">looks;&#8212;</w>
		</line>
		<line c="1870" h="69" n="20">
			<w x="932">From</w>
			<w x="1028">my</w>
			<w x="1303">succession</w>
			<w x="1433">wipe</w>
			<w x="1541">me,</w>
			<w x="1731">father!</w>
			<w x="1818">I</w>
		</line>
		<line c="1934" h="61" n="21">
			<w x="889">Am</w>
			<w x="1002">heir</w>
			<w x="1069">to</w>
			<w x="1165">my</w>
			<w x="1404">affection.</w>
		</line>
		<line c="1988" h="54" n="22">
			<w x="991">Cam.</w>
			<w x="1554">Be</w>
			<w x="1768">advised.</w>
		</line>
	</div>
	<div id="3" x="796" y="2390" group="2" width="1249" height="640" type="score" sealts="460_3_3.078" attribution="HM"
		mode="comedy" play="13a">
		<line c="2426" h="62" n="29">
			<w x="827">I</w>
			<w x="986">needs</w>
			<w x="1125">must</w>
			<w x="1272">think</w>
			<w x="1327">it</w>
			<w x="1547">honesty.</w>
			<w x="1814">Camillo,</w>
		</line>
		<line c="2489" h="60" n="30">
			<w x="899">Not</w>
			<w x="983">for</w>
			<w x="1231">Bohemia,</w>
			<w x="1333">nor</w>
			<w x="1428">the</w>
			<w x="1582">pomp</w>
			<w x="1700">that</w>
			<w x="1823">may</w>
		</line>
		<line c="2553" h="63" n="31">
			<w x="874">Be</w>
			<w x="1067">thereat</w>
			<w x="1298">gleaned;</w>
			<w x="1396">for</w>
			<w x="1472">all</w>
			<w x="1563">the</w>
			<w x="1669">sun</w>
			<w x="1801">sees,</w>
			<w x="1871">or</w>
		</line>
		<line c="2611" h="81" n="32">
			<w x="908">The</w>
			<w x="1046">close</w>
			<w x="1190">earth</w>
			<w x="1393">wombs,</w>
			<w x="1463">or</w>
			<w x="1558">the</w>
			<w x="1794">profound</w>
			<w x="1916">seas</w>
			<w x="2031">hide</w>
		</line>
		<line c="2683" h="81" n="33">
			<w x="862">In</w>
			<w x="1109">unknown</w>
			<w x="1333">fathoms,</w>
			<w x="1443">will</w>
			<w x="1485">I</w>
			<w x="1644">break</w>
			<w x="1739">my</w>
			<w x="1862">oath</w>
		</line>
		<line c="2738" h="68" n="34">
			<w x="881">To</w>
			<w x="989">this</w>
			<w x="1086">my</w>
			<w x="1185">fair</w>
			<w x="1255">be</w>
			<w x="1396">beloved.</w>
			<w x="1716">Therefore,</w>
			<w x="1760">I</w>
			<w x="1890">pray</w>
			<w x="2011">you,</w>
		</line>
		<line c="2801" h="70" n="35">
			<w x="873">As</w>
			<w x="981">you</w>
			<w x="1111">have</w>
			<w x="1222">
				<orig>e'er</orig>
				<reg>ever</reg>
			</w>
			<w x="1358">been</w>
			<w x="1461">my</w>
			<w x="1652">father's</w>
			<w x="1867">honored</w>
			<w x="2045">friend,</w>
		</line>
		<line c="2865" h="72" n="36">
			<w x="957">When</w>
			<w x="1034">he</w>
			<w x="1163">shall</w>
			<w x="1290">miss</w>
			<w x="1406">me,</w>
			<w x="1507">(as,</w>
			<w x="1577">in</w>
			<w x="1720">faith,</w>
			<w x="1765">I</w>
			<w x="1918">mean</w>
			<w x="2019">not</w>
		</line>
		<line c="2923" h="66" n="37">
			<w x="884">To</w>
			<w x="978">see</w>
			<w x="1090">him</w>
			<w x="1198">any</w>
			<w x="1375">more,)</w>
			<w x="1493">cast</w>
			<w x="1619">your</w>
			<w x="1754">good</w>
			<w x="1976">counsels</w>
		</line>
		<line c="2982" h="81" n="38">
			<w x="947">Upon</w>
			<w x="1035">his</w>
			<w x="1243">passion.</w>
			<w x="1399">Let</w>
			<w x="1582">myself</w>
			<w x="1685">and</w>
			<w x="1878">fortune</w>
		</line>
	</div>
</body>
