<body>
    <div id="2" x="358" y="2276" group="1" width="1378" height="200" type="diagonalscore"
        sealts="460_7_7.119" attribution="HM" mode="tragedy" play="7c">
        <line c="2325" h="82" n="20">
            <w x="553">Edg.</w>
            <w x="747">What,</w>
            <w x="816">in</w>
            <w x="882">ill</w>
            <w x="1121">thoughts</w>
            <w x="1307">again?</w>
            <w x="1480">Men</w>
            <w x="1631">must</w>
            <w x="1728">
                <choice>
                    <hyph>en-</hyph>
                    <reg>endure</reg>
                </choice>
            </w>
        </line>
        <line c="2376" h="44" n="21">
            <w x="726" endhyph="true">dure</w>
        </line>
        <line c="2450" h="62" n="22">
            <w x="511">Their</w>
            <w x="666">going</w>
            <w x="842">hence,</w>
            <w x="978">even</w>
            <w x="1048">as</w>
            <w x="1182">their</w>
            <w x="1378">coming</w>
            <w x="1568">hither</w>
        </line>
    </div>
</body>
