<body>
    <div id="2" x="789" y="3046" group="1" width="1322" height="93" type="checkmark"
        sealts="460_2_2.038" attribution="HM" mode="commentary" section="notes" play="7a">
        <line n="40" h="46" c="3069">
            <w x="1033">Alluding</w>
            <w x="1080">to</w>
            <w x="1152">the</w>
            <w x="1294">ancient</w>
            <w x="1510">supposition,</w>
            <w x="1599">that</w>
            <w x="1710">every</w>
            <w x="1798">sigh</w>
            <w x="1884">was</w>
            <w x="2057">indulged</w>
            <w x="2109">at</w>
        </line>
        <line n="41" h="46" c="3115">
            <w x="852">the</w>
            <w x="1006">expense</w>
            <w x="1056">of</w>
            <w x="1086">a</w>
            <w x="1185">drop</w>
            <w x="1230">of</w>
            <w x="1343">blood.</w>
        </line>
    </div>
</body>
