<body>
    <div id="2" x="261" y="1189" group="1" width="1347" height="313" type="arcedscore"
        sealts="460_2_2.079" attribution="HM" mode="comedy" play="8a">
        <line c="1221" h="62" n="9">
            <w x="368">And</w>
            <w x="500">train</w>
            <w x="597">our</w>
            <w x="829">intellects</w>
            <w x="896">to</w>
            <w x="1014">vain</w>
            <w x="1213">delight.</w>
        </line>
        <line c="1285" h="62" n="10">
            <w x="480">Biron.</w>
            <w x="653">Why,</w>
            <w x="740">all</w>
            <w x="956">delights</w>
            <w x="1058">are</w>
            <w x="1210">vain;</w>
            <w x="1333">but</w>
            <w x="1458">that</w>
            <w x="1603">most</w>
        </line>
        <line c="1352" h="37" n="11">
            <w x="621">vain,</w>
        </line>
        <line c="1406" h="62" n="12">
            <w x="438">Which,</w>
            <w x="568">with</w>
            <w x="690">pain</w>
            <w x="963">purchased,</w>
            <w x="1091">doth</w>
            <w x="1269">inherit</w>
            <w x="1404">pain.</w>
        </line>
        <line c="1467" h="61" n="13">
            <w x="345">As,</w>
            <w x="576">painfully</w>
            <w x="641">to</w>
            <w x="763">pore</w>
            <w x="900">upon</w>
            <w x="948">a</w>
            <w x="1095">book,</w>
        </line>
    </div>
    <div id="3" x="266" y="2041" group="2" width="1303" height="618" type="score" sealts="460_2_2.079" attribution="HM"
        mode="comedy" play="8a"><line c="2074" h="59" n="23">
            <w x="415">Study</w>
            <w x="471">is</w>
            <w x="578">like</w>
            <w x="673">the</w>
            <w x="897">heaven's</w>
            <w x="1102">glorious</w>
            <w x="1220">sun,</w>
        </line>
        <line c="2134" h="60" n="24">
            <w x="453">That</w>
            <w x="560">will</w>
            <w x="658">not</w>
            <w x="732">be</w>
            <w x="1094">
                <choice>
                    <orig>deep-searched</orig>
                    <reg>deep searched</reg>
                    <reg>deep</reg>
                    <reg>searched</reg>
                </choice>
            </w>
            <w x="1223">with</w>
            <w x="1377">saucy</w>
            <w x="1531">looks.</w>
        </line>
        <line c="2196" h="58" n="25">
            <w x="406">Small</w>
            <w x="535">have</w>
            <w x="774">continual</w>
            <w x="987">plodders</w>
            <w x="1105">ever</w>
            <w x="1241">won,</w>
        </line>
        <line c="2257" h="58" n="26">
            <w x="445">Save</w>
            <w x="569">base</w>
            <w x="806">authority</w>
            <w x="935">from</w>
            <w x="1114">others'</w>
            <w x="1286">books.</w>
        </line>
        <line c="2318" h="60" n="27">
            <w x="419">These</w>
            <w x="605">earthly</w>
            <w x="872">godfathers</w>
            <w x="944">of</w>
            <w x="1162">heaven's</w>
            <w x="1327">lights,</w>
        </line>
        <line c="2379" h="59" n="28">
            <w x="453">That</w>
            <w x="570">give</w>
            <w x="619">a</w>
            <w x="767">name</w>
            <w x="835">to</w>
            <w x="985">every</w>
            <w x="1120">fixed</w>
            <w x="1242">star,</w>
        </line>
        <line c="2440" h="66" n="29">
            <w x="397">Have</w>
            <w x="476">no</w>
            <w x="613">more</w>
            <w x="761">profit</w>
            <w x="831">of</w>
            <w x="966">their</w>
            <w x="1161">shining</w>
            <w x="1340">nights,</w>
        </line>
        <line c="2499" h="57" n="30">
            <w x="464">Than</w>
            <w x="607">those</w>
            <w x="723">that</w>
            <w x="873">walk,</w>
            <w x="983">and</w>
            <w x="1095">wot</w>
            <w x="1192">not</w>
            <w x="1332">what</w>
            <w x="1458">they</w>
            <w x="1564">are.</w>
        </line>
        <div id="4" x="269" y="2526" group="2" width="1224" height="66" type="underline"
            sealts="460_2_2.079" attribution="HM" mode="comedy" play="8a">
            <line n="31" h="66" c="2559">
                <w x="378">Too</w>
                <w x="527">much</w>
                <w x="600">to</w>
                <w x="756">know,</w>
                <w x="833">is,</w>
                <w x="902">to</w>
                <w x="1065">know</w>
                <w x="1241">
                    <choice>
                        <orig>nought</orig>
                        <reg>naught</reg>
                    </choice>
                </w>
                <w x="1339">but</w>
                <w x="1491">fame;</w>
            </line>
        </div>
        <line c="2621" h="63" n="32">
            <w x="523">And</w>
            <w x="527">every</w>
            <w x="767">godfather</w>
            <w x="870">can</w>
            <w x="988">give</w>
            <w x="1038">a</w>
            <w x="1226">name.</w>
        </line></div>
    <div id="5" x="331" y="2648" group="2" width="1281" height="130" type="checkmark"
        sealts="460_2_2.079" attribution="HM" mode="comedy" play="8a">
        <line n="33" h="65" c="2681">
            <w x="481">King.</w>
            <w x="642">How</w>
            <w x="790">well</w>
            <w x="927">
                <choice>
                    <orig>he's</orig>
                    <reg>he is</reg>
                    <reg>he</reg>
                    <reg>is</reg>
                </choice>
            </w>
            <w x="1093">read,</w>
            <w x="1195">to</w>
            <w x="1398">reason</w>
            <w x="1612">against</w>
        </line>
        <line n="34" h="65" c="2746">
            <w x="731">reading!</w>
        </line>
    </div>
</body>
