<body>
    <div id="2" x="844" y="1760" group="1" width="1397" height="197" type="score" sealts="460_7_7.372" attribution="HM"
        mode="tragedy" play="9c">
        <line c="1806" h="63" n="19">
            <w x="934">it;</w>
            <w x="1043">the</w>
            <w x="1157">age</w>
            <w x="1227">is</w>
            <w x="1410">grown</w>
            <w x="1492">so</w>
            <w x="1714">picked,</w>
            <w x="1833">that</w>
            <w x="1938">the</w>
            <w x="2042">toe</w>
            <w x="2126">of</w>
            <w x="2224">the</w>
        </line>
        <line c="1871" h="62" n="20">
            <w x="1056">peasant</w>
            <w x="1224">comes</w>
            <w x="1294">so</w>
            <w x="1422">near</w>
            <w x="1516">the</w>
            <w x="1637">heel</w>
            <w x="1710">of</w>
            <w x="1799">the</w>
            <w x="2020">courtier,</w>
            <w x="2094">he</w>
            <w x="2223">galls</w>
        </line>
        <line c="1930" h="63" n="21">
            <w x="938">his</w>
            <w x="1056">kibe.</w>
            <w x="1264">&#8212;How</w>
            <w x="1390">long</w>
            <w x="1510">hast</w>
            <w x="1637">thou</w>
            <w x="1773">been</w>
            <w x="1821">a</w>
            <w x="2181">
                <choice>
                    <orig>grave-maker?</orig>
                    <reg>grave maker?</reg>
                    <reg>grave</reg>
                    <reg>maker?</reg>
                </choice>
            </w>
        </line>
    </div>
</body>
