<body>
    <div id="2" x="885" y="1072" group="1" width="992" height="133" type="score" sealts="460_7_7.378" attribution="HM"
        mode="tragedy" play="9c">
        <line n="8" h="66" c="1105">
            <w x="1094">
                <choice>
                    <orig>There's</orig>
                    <reg>There is</reg>
                    <reg>There</reg>
                    <reg>is</reg>
                </choice>
            </w>
            <w x="1143">a</w>
            <w x="1355">divinity</w>
            <w x="1477">that</w>
            <w x="1642">shapes</w>
            <w x="1731">our</w>
            <w x="1870">ends,</w>
        </line>
        <line n="9" h="66" c="1171">
            <w x="1193">
                <choice>
                    <orig>Rough-hew</orig>
                    <reg>Rough hew</reg>
                    <reg>Rough</reg>
                    <reg>hew</reg>
                </choice>
            </w>
            <w x="1328">them</w>
            <w x="1447">how</w>
            <w x="1553">we</w>
            <w x="1662">will.</w>
        </line>
    </div>
</body>
