<body>
    <div id="2" x="392" y="977" group="1" width="1385" height="199" type="score" sealts="460_6_6.221" attribution="HM"
        mode="tragedy" play="5c">
        <line c="1024" h="62" n="5">
            <w x="1761">[Aside</w>
        </line>
        <line c="1083" h="66" n="6">
            <w x="472">To</w>
            <w x="611">walk</w>
            <w x="717">this</w>
            <w x="854">way.</w>
            <w x="943">I</w>
            <w x="1100">never</w>
            <w x="1178">do</w>
            <w x="1290">him</w>
            <w x="1481">wrong,</w>
        </line>
        <line c="1143" h="62" n="7">
            <w x="492">But</w>
            <w x="569">he</w>
            <w x="697">does</w>
            <w x="810">buy</w>
            <w x="907">my</w>
            <w x="1119">injuries,</w>
            <w x="1190">to</w>
            <w x="1267">be</w>
            <w x="1481">friends;</w>
        </line>
    </div>
    <div id="3" x="375" y="2225" group="2" width="1146" height="261" type="score" sealts="460_6_6.221" attribution="HM"
        mode="tragedy" play="5c">
        <line c="2265" h="60" n="25">
            <w x="460">To</w>
            <w x="590">your</w>
            <w x="660">so</w>
            <w x="851">infinite</w>
            <w x="987">loss;</w>
            <w x="1084">so,</w>
            <w x="1154">in</w>
            <w x="1255">our</w>
            <w x="1413">trifles</w>
        </line>
        <line c="2328" h="62" n="26">
            <w x="407">I</w>
            <w x="518">still</w>
            <w x="630">win</w>
            <w x="703">of</w>
            <w x="829">you.</w>
            <w x="983">For</w>
            <w x="1080">my</w>
            <w x="1223">sake,</w>
            <w x="1368">wear</w>
            <w x="1505">this;</w>
        </line>
        <line c="2390" h="62" n="27">
            <w x="429">It</w>
            <w x="487">is</w>
            <w x="536">a</w>
            <w x="755">manacle</w>
            <w x="828">of</w>
            <w x="976">love;</w>
            <w x="1080">
                <choice>
                    <orig>I'll</orig>
                    <reg>I will</reg>
                    <reg>I</reg>
                    <reg>will</reg>
                </choice>
            </w>
            <w x="1225">place</w>
            <w x="1284">it</w>
        </line>
        <line c="2452" h="62" n="28">
            <w x="521">Upon</w>
            <w x="631">this</w>
            <w x="804">fairest</w>
            <w x="1033">prisoner.</w>
        </line>
    </div>
    <div id="4" x="376" y="2885" group="3" width="1402" height="100" type="line" erasure="true"
        sealts="460_6_6.221" attribution="HM" mode="commentary" section="notes" play="5c">
        <line n="35" h="50" c="2910">
            <w x="684">
                <choice>
                    <orig>Shakspeare</orig>
                    <reg>Shakespeare</reg>
                </choice>
            </w>
            <w x="878">poetically</w>
            <w x="988">calls</w>
            <w x="1076">the</w>
            <w x="1294">
                <choice>
                    <orig>cere-cloths,</orig>
                    <reg>cerecloths,</reg>
                </choice>
            </w>
            <w x="1351">in</w>
            <w x="1483">which</w>
            <w x="1565">the</w>
            <w x="1675">dead</w>
            <w x="1763">are</w>
        </line>
        <line n="36" h="50" c="2960">
            <w x="556">wrapped,</w>
            <w x="628">the</w>
            <w x="749">bonds</w>
            <w x="815">of</w>
            <w x="945">death.</w>
            <w x="1092">There</w>
            <w x="1182">was</w>
            <w x="1247">no</w>
            <w x="1465">distinction</w>
            <w x="1529">in</w>
            <w x="1688">ancient</w>
            <w x="1765">
                <choice>
                    <hyph>or-</hyph>
                    <reg>orthography</reg>
                </choice>
            </w>
        </line>
    </div>
</body>
