<body>
    <div id="2" x="374" y="681" group="1" width="1131" height="127" type="checkmark"
        sealts="460_1_c461" attribution="HM" mode="comedy" play="6a">
        <line n="1" h="63" c="712">
            <w x="490">And,</w>
            <w x="758">Benedick,</w>
            <w x="872">love</w>
            <w x="974">on;</w>
            <w x="1042">I</w>
            <w x="1142">will</w>
            <w x="1328">requite</w>
            <w x="1476">thee;</w>
        </line>
        <line n="2" h="63" c="775">
            <w x="624">Taming</w>
            <w x="722">my</w>
            <w x="850">wild</w>
            <w x="992">heart</w>
            <w x="1058">to</w>
            <w x="1154">thy</w>
            <w x="1318">loving</w>
            <w x="1482">hand;</w>
        </line>
    </div>
</body>
