<body>
	<div id="2" x="340" y="535" group="1" width="873" height="512" type="score" sealts="460_5_5.225" attribution="HM"
		mode="history" play="6b">
		<line n="2" h="39" c="561">
			<w x="431">And,</w>
			<w x="498">not</w>
			<w x="656">reformed,</w>
			<w x="736">may</w>
			<w x="829">prove</w>
			<w x="1010">pernicious.</w>
		</line>
		<line n="3" h="38" c="597">
			<w x="471">Gar.</w>
			<w x="595">Which</w>
			<w x="787">reformation</w>
			<w x="874">must</w>
			<w x="921">be</w>
			<w x="1047">sudden</w>
			<w x="1107">too,</w>
		</line>
		<line n="4" h="39" c="636">
			<w x="410">My</w>
			<w x="507">noble</w>
			<w x="614">lords;</w>
			<w x="672">for</w>
			<w x="766">those</w>
			<w x="840">that</w>
			<w x="928">tame</w>
			<w x="1004">wild</w>
			<w x="1124">horses,</w>
		</line>
		<line n="5" h="38" c="680">
			<w x="429">Pace</w>
			<w x="523">them</w>
			<w x="583">not</w>
			<w x="630">in</w>
			<w x="714">their</w>
			<w x="810">hands</w>
			<w x="856">to</w>
			<w x="950">make</w>
			<w x="1043">them</w>
			<w x="1169">gentle;</w>
		</line>
		<line n="6" h="39" c="718">
			<w x="414">But</w>
			<w x="482">stop</w>
			<w x="567">their</w>
			<w x="686">mouths</w>
			<w x="765">with</w>
			<w x="906">stubborn</w>
			<w x="976">bits,</w>
			<w x="1047">and</w>
			<w x="1118">spur</w>
			<w x="1207">them,</w>
		</line>
		<line n="7" h="38" c="749">
			<w x="415">Till</w>
			<w x="491">they</w>
			<w x="578">obey</w>
			<w x="642">the</w>
			<w x="789">manage.</w>
			<w x="853">If</w>
			<w x="906">we</w>
			<w x="999">suffer</w>
		</line>
		<line n="8" h="39" c="791">
			<w x="435">(Out</w>
			<w x="473">of</w>
			<w x="536">our</w>
			<w x="679">easiness,</w>
			<w x="748">and</w>
			<w x="882">childish</w>
			<w x="951">pity</w>
		</line>
		<line n="9" h="39" c="827">
			<w x="398">To</w>
			<w x="472">one</w>
			<w x="574">man's</w>
			<w x="685">honor)</w>
			<w x="753">this</w>
			<w x="924">contagious</w>
			<w x="1071">sickness,</w>
		</line>
		<line n="10" h="39" c="868">
			<w x="500">Farewell,</w>
			<w x="546">all</w>
			<w x="680">physic;</w>
			<w x="753">and</w>
			<w x="845">what</w>
			<w x="965">follows</w>
			<w x="1068">then?</w>
		</line>
		<line n="11" h="38" c="909">
			<w x="555">Commotions,</w>
			<w x="697">uproars,</w>
			<w x="780">with</w>
			<w x="808">a</w>
			<w x="933">general</w>
			<w x="1025">taint</w>
		</line>
		<line n="12" h="38" c="947">
			<w x="392">Of</w>
			<w x="454">the</w>
			<w x="559">whole</w>
			<w x="667">state;</w>
			<w x="717">as</w>
			<w x="760">of</w>
			<w x="825">late</w>
			<w x="912">days,</w>
			<w x="986">our</w>
			<w x="1151">neighbors,</w>
		</line>
		<line n="13" h="38" c="986">
			<w x="414">The</w>
			<w x="513">upper</w>
			<w x="688">Germany,</w>
			<w x="759">can</w>
			<w x="868">dearly</w>
			<w x="1000">witness,</w>
		</line>
		<line n="14" h="39" c="1027">
			<w x="408">Yet</w>
			<w x="519">freshly</w>
			<w x="621">pitied</w>
			<w x="662">in</w>
			<w x="723">our</w>
			<w x="894">memories.</w>
		</line>
	</div>
</body>
