<body>
    <div id="2" x="462" y="1255" group="1" width="1058" height="829" type="score" sealts="460_2_2.039" attribution="HM"
        mode="comedy" play="7a">
        <line c="1279" h="45" n="9">
            <w x="995">Re-enter</w>
            <w x="1158">PUCK.</w>
        </line>
        <line c="1378" h="60" n="10">
            <w x="663">Puck.</w>
            <w x="896">Captain</w>
            <w x="968">of</w>
            <w x="1058">our</w>
            <w x="1186">fairy</w>
            <w x="1336">band,</w>
        </line>
        <line c="1436" h="53" n="11">
            <w x="637">Helena</w>
            <w x="693">is</w>
            <w x="815">here</w>
            <w x="884">at</w>
            <w x="1046">hand;</w>
        </line>
        <line c="1501" h="58" n="12">
            <w x="565">And</w>
            <w x="659">the</w>
            <w x="815">youth</w>
            <w x="1022">mistook</w>
            <w x="1101">by</w>
            <w x="1205">me,</w>
        </line>
        <line c="1562" h="60" n="13">
            <w x="672">Pleading</w>
            <w x="756">for</w>
            <w x="803">a</w>
            <w x="974">lover's</w>
            <w x="1078">fee.</w>
        </line>
        <div id="3" x="461" y="1585" group="1" width="853" height="126" type="checkmark"
            sealts="460_2_2.039" attribution="HM" mode="comedy" play="7a">
            <line c="1622" h="59" n="14">
                <w x="584">Shall</w>
                <w x="674">we</w>
                <w x="806">their</w>
                <w x="931">fond</w>
                <w x="1143">pageant</w>
                <w x="1271">see?</w>
            </line>
            <line c="1681" h="53" n="15">
                <w x="597">Lord,</w>
                <w x="740">what</w>
                <w x="866">fools</w>
                <w x="1009">these</w>
                <w x="1206">mortals</w>
                <w x="1312">be!</w>
            </line>
        </div>
        <line c="1744" h="59" n="16">
            <w x="630">Obe.</w>
            <w x="816">Stand</w>
            <w x="982">aside;</w>
            <w x="1089">the</w>
            <w x="1231">noise</w>
            <w x="1358">they</w>
            <w x="1520">make,</w>
        </line>
        <line c="1798" h="44" n="17">
            <w x="568">Will</w>
            <w x="717">cause</w>
            <w x="990">Demetrius</w>
            <w x="1056">to</w>
            <w x="1249">awake.</w>
        </line>
        <line c="1864" h="55" n="18">
            <w x="665">Puck.</w>
            <w x="840">Then</w>
            <w x="949">will</w>
            <w x="1060">two</w>
            <w x="1127">at</w>
            <w x="1254">once</w>
            <w x="1373">woo</w>
            <w x="1503">one;</w>
        </line>
        <line c="1926" h="59" n="19">
            <w x="587">That</w>
            <w x="722">must</w>
            <w x="877">needs</w>
            <w x="952">be</w>
            <w x="1093">sport</w>
            <w x="1263">alone;</w>
        </line>
        <div id="4" x="463" y="1954" group="1" width="885" height="131" type="enclosure"
            sealts="460_2_2.039" attribution="HM" mode="comedy" play="7a">
            <line c="1988" h="59" n="20">
                <w x="569">And</w>
                <w x="713">those</w>
                <w x="878">things</w>
                <w x="955">do</w>
                <w x="1073">best</w>
                <w x="1237">please</w>
                <w x="1344">me,</w>
            </line>
            <line c="2049" h="60" n="21">
                <w x="586">That</w>
                <w x="735">befall</w>
                <w x="1111">preposterously.</w>
            </line>
        </div>
    </div>
</body>
