<body>
    <div id="2" x="877" y="1206" group="1" width="1317" height="173" type="score" erasure="true"
        sealts="460_2_2.108" attribution="HM" mode="comedy" play="8a">
        <line c="1240" h="58" n="9">
            <w x="1089">Boyet.</w>
            <w x="1204">Do</w>
            <w x="1300">not</w>
            <w x="1434">
                <choice>
                    <orig>curst</orig>
                    <reg>cursed</reg>
                </choice>
            </w>
            <w x="1579">wives</w>
            <w x="1698">hold</w>
            <w x="1812">that</w>
            <w x="2192">
                <choice>
                    <orig>self-sovereignty</orig>
                    <reg>self sovereignty</reg>
                    <reg>self</reg>
                    <reg>sovereignty</reg>
                </choice>
            </w>
        </line>
        <line c="1300" h="59" n="10">
            <w x="1002">Only</w>
            <w x="1084">for</w>
            <w x="1255">
                <choice>
                    <orig>praise'</orig>
                    <reg>praise's</reg>
                </choice>
            </w>
            <w x="1394">sake,</w>
            <w x="1544">when</w>
            <w x="1669">they</w>
            <w x="1813">strive</w>
            <w x="1879">to</w>
            <w x="1954">be</w>
        </line>
        <line c="1352" h="45" n="11">
            <w x="1021">Lords</w>
            <w x="1130">
                <choice>
                    <orig>o'er</orig>
                    <reg>over</reg>
                </choice>
            </w>
            <w x="1259">their</w>
            <w x="1422">lords?</w>
        </line>
    </div>
</body>
