<body>
    <div id="2" x="318" y="634" group="1" width="1430" height="923" type="diagonalscore"
        sealts="460_6_6.159" attribution="HM" mode="tragedy" play="4c">
        <line c="694" h="59" n="1">
            <w x="392">I</w>
            <w x="620">followed</w>
            <w x="738">that</w>
            <w x="779">I</w>
            <w x="929">blush</w>
            <w x="997">to</w>
            <w x="1121">look</w>
            <w x="1276">upon.</w>
        </line>
        <line c="759" h="65" n="2">
            <w x="455">My</w>
            <w x="580">very</w>
            <w x="713">hairs</w>
            <w x="791">do</w>
            <w x="1013">mutiny;</w>
            <w x="1112">for</w>
            <w x="1208">the</w>
            <w x="1366">white</w>
        </line>
        <line c="822" h="66" n="3">
            <w x="573">Reprove</w>
            <w x="669">the</w>
            <w x="844">brown</w>
            <w x="931">for</w>
            <w x="1169">rashness,</w>
            <w x="1280">and</w>
            <w x="1409">they</w>
            <w x="1553">them</w>
        </line>
        <line c="881" h="62" n="4">
            <w x="458">For</w>
            <w x="570">fear</w>
            <w x="677">and</w>
            <w x="931">doting.&#8212;</w>
            <w x="1129">Friends,</w>
            <w x="1209">be</w>
            <w x="1377">gone;</w>
            <w x="1497">you</w>
            <w x="1629">shall</w>
        </line>
        <line c="940" h="55" n="5">
            <w x="501">Have</w>
            <w x="670">letters</w>
            <w x="801">from</w>
            <w x="894">me</w>
            <w x="963">to</w>
            <w x="1114">some</w>
            <w x="1313">friends,</w>
            <w x="1433">that</w>
            <w x="1543">will</w>
        </line>
        <line c="1006" h="63" n="6">
            <w x="536">Sweep</w>
            <w x="663">your</w>
            <w x="785">way</w>
            <w x="871">for</w>
            <w x="991">you.</w>
            <w x="1173">Pray</w>
            <w x="1293">you,</w>
            <w x="1419">look</w>
            <w x="1518">not</w>
            <w x="1633">sad,</w>
        </line>
        <line c="1067" h="61" n="7">
            <w x="464">Nor</w>
            <w x="611">make</w>
            <w x="790">replies</w>
            <w x="863">of</w>
            <w x="1124">loathness.</w>
            <w x="1318">Take</w>
            <w x="1416">the</w>
            <w x="1535">hint</w>
        </line>
        <line c="1130" h="61" n="8">
            <w x="529">Which</w>
            <w x="625">my</w>
            <w x="818">despair</w>
            <w x="1093">proclaims;</w>
            <w x="1190">let</w>
            <w x="1307">that</w>
            <w x="1382">be</w>
            <w x="1485">left</w>
        </line>
        <line c="1191" h="61" n="9">
            <w x="529">Which</w>
            <w x="694">leaves</w>
            <w x="845">itself.</w>
            <w x="984">To</w>
            <w x="1080">the</w>
            <w x="1272">seaside</w>
            <w x="1612">straightway;</w>
        </line>
        <line c="1255" h="62" n="10">
            <w x="391">I</w>
            <w x="502">will</w>
            <w x="696">possess</w>
            <w x="803">you</w>
            <w x="876">of</w>
            <w x="997">that</w>
            <w x="1115">ship</w>
            <w x="1224">and</w>
            <w x="1453">treasure.</w>
        </line>
        <line c="1316" h="60" n="11">
            <w x="519">Leave</w>
            <w x="628">me,</w>
            <w x="673">I</w>
            <w x="817">pray,</w>
            <w x="868">a</w>
            <w x="1027">little;</w>
            <w x="1184">
                <choice>
                    <orig>'pray</orig>
                    <reg>I pray</reg>
                    <reg>I</reg>
                    <reg>pray</reg>
                </choice>
            </w>
            <w x="1292">you</w>
            <w x="1443">now;</w>
        </line>
        <line c="1378" h="63" n="12">
            <w x="484">Nay,</w>
            <w x="559">do</w>
            <w x="656">so;</w>
            <w x="768">for,</w>
            <w x="969">indeed,</w>
            <w x="1013">I</w>
            <w x="1146">have</w>
            <w x="1254">lost</w>
            <w x="1540">command,</w>
        </line>
        <line c="1440" h="61" n="13">
            <w x="608">Therefore</w>
            <w x="651">I</w>
            <w x="784">pray</w>
            <w x="890">you</w>
            <w x="1050">
                <choice>
                    <orig>;&#8212;I'll</orig>
                    <reg>;&#8212;I will</reg>
                    <reg>;&#8212;I</reg>
                    <reg>will</reg>
                </choice>
            </w>
            <w x="1146">see</w>
            <w x="1255">you</w>
            <w x="1539">
                <choice>
                    <orig>by-and-by.</orig>
                    <reg>by and by.</reg>
                </choice>
            </w>
        </line>
        <line c="1501" h="62" n="14">
            <w x="1562">[Sits</w>
            <w x="1725">down.</w>
        </line>
    </div>
</body>
