<body>
    <div id="2" x="374" y="1710" group="1" width="1264" height="432" type="score" sealts="460_6_6.331" attribution="HM"
        mode="tragedy" play="5c">
        <line c="1745" h="60" n="18">
            <w x="655">Posthumus</w>
            <w x="859">anchors</w>
            <w x="998">upon</w>
            <w x="1232">Imogen;</w>
        </line>
        <line c="1807" h="60" n="19">
            <w x="492">And</w>
            <w x="607">she,</w>
            <w x="718">like</w>
            <w x="950">harmless</w>
            <w x="1204">lightning,</w>
            <w x="1390">throws</w>
            <w x="1491">her</w>
            <w x="1594">eye</w>
        </line>
        <line c="1868" h="60" n="20">
            <w x="465">On</w>
            <w x="592">him,</w>
            <w x="694">her</w>
            <w x="925">brothers,</w>
            <w x="1035">me,</w>
            <w x="1136">her</w>
            <w x="1347">master;</w>
            <w x="1543">hitting</w>
        </line>
        <line c="1930" h="61" n="21">
            <w x="516">Each</w>
            <w x="682">object</w>
            <w x="812">with</w>
            <w x="860">a</w>
            <w x="978">joy;</w>
            <w x="1087">the</w>
            <w x="1463">counterchange</w>
        </line>
        <line c="1992" h="61" n="22">
            <w x="434">Is</w>
            <w x="667">severally</w>
            <w x="732">in</w>
            <w x="824">all.</w>
            <w x="1018">
                <choice>
                    <orig>Let's</orig>
                    <reg>Let us</reg>
                    <reg>Let</reg>
                    <reg>us</reg>
                </choice>
            </w>
            <w x="1133">quit</w>
            <w x="1240">this</w>
            <w x="1444">ground,</w>
        </line>
        <line c="2053" h="60" n="23">
            <w x="491">And</w>
            <w x="665">smoke</w>
            <w x="763">the</w>
            <w x="948">temple</w>
            <w x="1083">with</w>
            <w x="1182">our</w>
            <w x="1498">sacrifices.&#8212;</w>
        </line>
        <line c="2115" h="61" n="24">
            <w x="520">Thou</w>
            <w x="608">art</w>
            <w x="704">my</w>
            <w x="926">brother;</w>
            <w x="1009">so</w>
            <w x="1148">
                <choice>
                    <orig>we'll</orig>
                    <reg>we will</reg>
                    <reg>we</reg>
                    <reg>will</reg>
                </choice>
            </w>
            <w x="1272">hold</w>
            <w x="1395">thee</w>
            <w x="1534">ever.</w>
        </line>
    </div>
</body>
