<body>
    <div id="2" x="742" y="2457" group="1" width="1392" height="194" type="checkmark"
        sealts="460_7_7.024" attribution="HM" mode="tragedy" play="7c">
        <line c="2502" h="60" n="28">
            <w x="845">and</w>
            <w x="942">pat</w>
            <w x="1018">he</w>
            <w x="1201">comes,</w>
            <w x="1312">like</w>
            <w x="1408">the</w>
            <w x="1703">catastrophe</w>
            <w x="1776">of</w>
            <w x="1876">the</w>
            <w x="1969">old</w>
            <w x="2107">
                <choice>
                    <hyph>com-</hyph>
                    <reg>comedy</reg>
                </choice>
            </w>
        </line>
        <line c="2563" h="61" n="29">
            <w x="856" endhyph="true">edy.</w>
            <w x="1003">My</w>
            <w x="1104">cue</w>
            <w x="1163">is</w>
            <w x="1393">
                <choice>
                    <orig>villanous</orig>
                    <reg>villainous</reg>
                </choice>
            </w>
            <w x="1700">melancholy,</w>
            <w x="1832">with</w>
            <w x="1880">a</w>
            <w x="1997">sigh</w>
            <w x="2106">like</w>
        </line>
        <line c="2625" h="62" n="30">
            <w x="874">Tom</w>
            <w x="1283">
                <choice>
                    <orig>o'Bedlam.</orig>
                    <reg>of Bedlam</reg>
                    <reg>of</reg>
                    <reg>Bedlam</reg>
                </choice>
            </w>
            <w x="1360">&#8212;O,</w>
            <w x="1441">these</w>
            <w x="1647">eclipses</w>
            <w x="1725">do</w>
            <w x="1953">portend</w>
            <w x="2105">these</w>
        </line>
    </div>
</body>
