<body>
    <div id="2" x="366" y="1334" group="1" width="1433" height="552" type="brace" type2="annotated"
        sealts="460_6_6.335" attribution="HM" mode="commentary" section="after" play="5c">
        <line n="1" h="77" c="1392">
            <w x="573">This</w>
            <w x="661">play</w>
            <w x="741">has</w>
            <w x="852">many</w>
            <w x="933">just</w>
            <w x="1147">sentiments,</w>
            <w x="1261">some</w>
            <w x="1395">natural</w>
            <w x="1591">dialogues,</w>
            <w x="1676">and</w>
            <w x="1780">some</w>
        </line>
        <line n="2" h="78" c="1460">
            <w x="564">pleasing</w>
            <w x="714">scenes;</w>
            <w x="786">but</w>
            <w x="869">they</w>
            <w x="944">are</w>
            <w x="1112">obtained</w>
            <w x="1159">at</w>
            <w x="1221">the</w>
            <w x="1380">expense</w>
            <w x="1433">of</w>
            <w x="1541">much</w>
            <w x="1785">incongruity.</w>
        </line>
        <line n="3" h="78" c="1540">
            <w x="470">To</w>
            <w x="612">remark</w>
            <w x="676">the</w>
            <w x="771">folly</w>
            <w x="834">of</w>
            <w x="912">the</w>
            <w x="1048">fiction,</w>
            <w x="1117">the</w>
            <w x="1306">absurdity</w>
            <w x="1355">of</w>
            <w x="1425">the</w>
            <w x="1609">conduct,</w>
            <w x="1689">the</w>
            <w x="1792">
                <choice>
                    <hyph>con-</hyph>
                    <reg>confusion</reg>
                </choice>
            </w>
        </line>
        <line n="4" h="78" c="1607">
            <w x="526" endhyph="true">fusion</w>
            <w x="577">of</w>
            <w x="652">the</w>
            <w x="780">names</w>
            <w x="867">and</w>
            <w x="1031">manners</w>
            <w x="1090">of</w>
            <w x="1254">different</w>
            <w x="1380">times,</w>
            <w x="1458">and</w>
            <w x="1531">the</w>
            <w x="1782">impossibility</w>
        </line>
        <line n="5" h="78" c="1685">
            <w x="455">of</w>
            <w x="530">the</w>
            <w x="663">events</w>
            <w x="730">in</w>
            <w x="807">any</w>
            <w x="952">system</w>
            <w x="1012">of</w>
            <w x="1103">life,</w>
            <w x="1212">were</w>
            <w x="1260">to</w>
            <w x="1379">waste</w>
            <w x="1558">criticism</w>
            <w x="1664">upon</w>
            <w x="1786">
                <choice>
                    <hyph>unre-</hyph>
                    <reg>unresisting</reg>
                </choice>
            </w>
        </line>
        <line n="6" h="78" c="1763">
            <w x="535" endhyph="true">sisting</w>
            <w x="730">imbecility</w>
            <w x="845">upon</w>
            <w x="958">faults</w>
            <w x="1037">too</w>
            <w x="1180">evident</w>
            <w x="1260">for</w>
            <w x="1454">detection,</w>
            <w x="1537">and</w>
            <w x="1609">too</w>
            <w x="1711">gross</w>
            <w x="1779">for</w>
        </line>
        <line n="7" h="78" c="1841">
            <w x="636">aggravation.</w>
            <w x="1705">Johnson.</w>
        </line>
    </div>
    <div id="3" x="1827" y="1523" group="2" width="319" height="144" type="annotation"
        sealts="460_6_6.335" attribution="HM" mode="commentary" section="after" play="5c">
        <line n="1" h="144" c="1595">
            <w x="1940">Ye</w>
            <w x="2122">gods!</w>
        </line>
    </div>
</body>
