<body>
    <div id="2" x="825" y="1542" group="1" width="1320" height="306" type="checkmark"
        sealts="460_2_2.064" attribution="unattributed" mode="comedy" play="7a">
        <line c="1576" h="57" n="15">
            <w x="998">The.</w>
            <w x="1061">I</w>
            <w x="1258">wonder</w>
            <w x="1316">if</w>
            <w x="1413">the</w>
            <w x="1519">lion</w>
            <w x="1594">be</w>
            <w x="1661">to</w>
            <w x="1827">speak.</w>
        </line>
        <line c="1635" h="61" n="16">
            <w x="1013">Dem.</w>
            <w x="1127">No</w>
            <w x="1344">wonder,</w>
            <w x="1444">my</w>
            <w x="1566">lord.</w>
            <w x="1729">One</w>
            <w x="1845">lion</w>
            <w x="1989">may,</w>
            <w x="2141">when</w>
        </line>
        <line c="1700" h="58" n="17">
            <w x="960">many</w>
            <w x="1094">asses</w>
            <w x="1184">do.</w>
        </line>
        <line c="1752" h="54" n="18">
            <w x="1016">Wall.</w>
            <w x="1154">"In</w>
            <w x="1258">this</w>
            <w x="1396">same</w>
            <w x="1639">interlude,</w>
            <w x="1696">it</w>
            <w x="1819">doth</w>
            <w x="1981">befall,</w>
        </line>
        <line c="1816" h="60" n="19">
            <w x="991">"That</w>
            <w x="1046">I,</w>
            <w x="1149">one</w>
            <w x="1312">Snout</w>
            <w x="1389">by</w>
            <w x="1549">name,</w>
            <w x="1744">present</w>
            <w x="1791">a</w>
            <w x="1933">wall:</w>
        </line>
    </div>
</body>
