<body>
	<div id="2" x="306" y="658" group="1" width="1379" height="576" type="score" sealts="460_3_3.027" attribution="HM"
		mode="comedy" play="13a">
		<line c="695" h="67" n="1">
			<w x="469">Alack,</w>
			<w x="557">for</w>
			<w x="713">lesser</w>
			<w x="1027">knowledge!</w>
			<w x="1246">How</w>
			<w x="1493">accursed,</w>
		</line>
		<line c="760" h="65" n="2">
			<w x="368">In</w>
			<w x="523">being</w>
			<w x="593">so</w>
			<w x="863">
				<choice>
					<orig>blest!&#8212;</orig>
					<reg>blessed!&#8212;</reg>
				</choice>
			</w>
			<w x="972">There</w>
			<w x="1173">maybe</w>
			<w x="1242">in</w>
			<w x="1341">the</w>
			<w x="1450">cup</w>
		</line>
		<line c="823" h="68" n="3">
			<w x="355">A</w>
			<w x="521">spider</w>
			<w x="806">steeped,</w>
			<w x="889">and</w>
			<w x="994">one</w>
			<w x="1121">may</w>
			<w x="1298">drink;</w>
			<w x="1503">depart,</w>
		</line>
		<line c="887" h="68" n="4">
			<w x="415">And</w>
			<w x="514">yet</w>
			<w x="717">partake</w>
			<w x="799">no</w>
			<w x="1005">venom;</w>
			<w x="1106">for</w>
			<w x="1194">his</w>
		</line>
		<line c="950" h="60" n="5">
			<w x="359">Is</w>
			<w x="458">not</w>
			<w x="700">infected:</w>
			<w x="816">but</w>
			<w x="876">if</w>
			<w x="976">one</w>
			<w x="1180">present</w>
		</line>
		<line c="1011" h="65" n="6">
			<w x="414">The</w>
			<w x="649">abhorred</w>
			<w x="922">ingredient</w>
			<w x="989">to</w>
			<w x="1088">his</w>
			<w x="1220">eye;</w>
			<w x="1385">make</w>
			<w x="1591">known,</w>
		</line>
		<line c="1072" h="64" n="7">
			<w x="433">How</w>
			<w x="510">he</w>
			<w x="640">hath</w>
			<w x="821">drunk,</w>
			<w x="900">he</w>
			<w x="1071">cracks</w>
			<w x="1160">his</w>
			<w x="1331">gorge,</w>
			<w x="1423">his</w>
			<w x="1564">sides</w>
		</line>
		<line c="1131" h="57" n="8">
			<w x="450">With.</w>
			<w x="645">violent</w>
			<w x="889">hefts.&#8212;</w>
			<w x="922">I</w>
			<w x="1075">have</w>
			<w x="1277">drunk,</w>
			<w x="1411">and</w>
			<w x="1563">seen</w>
			<w x="1682">the</w>
		</line>
		<line c="1202" h="61" n="9">
			<w x="730">spider,</w>
		</line>
	</div>
</body>
