<body>
    <div id="2" x="305" y="2330" group="1" width="1338" height="71" type="checkmark"
        sealts="460_6_6.103" attribution="HM" mode="tragedy" play="4c">
        <line n="26" h="71" c="2366">
            <w x="536">Though</w>
            <w x="640">you</w>
            <w x="715">in</w>
            <w x="948">swearing</w>
            <w x="1111">shake</w>
            <w x="1203">the</w>
            <w x="1416">throned</w>
            <w x="1589">gods,</w>
        </line>
    </div>
</body>
