<body>
    <line n="23" h="70" c="2335">
        <w x="613">Clo.</w>
        <w x="677">I</w>
        <w x="788">will</w>
        <w x="930">show</w>
        <w x="1105">myself</w>
        <div id="2" x="1113" y="2300" group="1" width="667" height="70" type="underline"
            sealts="460_2_2.375" attribution="HM" mode="comedy" play="11a">
            <w x="1278">highly</w>
            <w x="1369">fed</w>
            <w x="1462">and</w>
            <w x="1607">lowly</w>
            <w x="1778">taught.</w>
        </div>
    </line>
</body>
