<body>
    <div id="2" x="980" y="1184" group="1" width="1342" height="185" type="score" sealts="460_2_2.208" attribution="HM"
        mode="comedy" play="9a">
        <line c="1219" h="60" n="8">
            <w x="1201">Salan.</w>
            <w x="1348">And</w>
            <w x="1587">Shylock,</w>
            <w x="1674">for</w>
            <w x="1771">his</w>
            <w x="1908">own</w>
            <w x="2049">part,</w>
            <w x="2214">knew</w>
            <w x="2316">the</w>
        </line>
        <line c="1280" h="61" n="9">
            <w x="1084">bird</w>
            <w x="1196">was</w>
            <w x="1426">fledged;</w>
            <w x="1547">and</w>
            <w x="1687">then</w>
            <w x="1756">it</w>
            <w x="1823">is</w>
            <w x="1931">the</w>
            <w x="2232">complexion</w>
            <w x="2312">of</w>
        </line>
        <line c="1336" h="46" n="10">
            <w x="1110">them</w>
            <w x="1184">all</w>
            <w x="1251">to</w>
            <w x="1391">leave</w>
            <w x="1487">the</w>
            <w x="1623">dam.</w>
        </line>
    </div>
</body>
