<body>
    <div id="2" x="750" y="1407" group="1" width="1374" height="255" type="score" sealts="460_1_c304" attribution="HM"
        mode="comedy" play="4a">
        <line c="1438" h="75" n="12">
            <w x="895">Sir</w>
            <w x="1033">And.</w>
            <w x="1245">Plague</w>
            <w x="1396">
                <choice>
                    <orig>on't:</orig>
                    <reg>on it:</reg>
                    <reg>on</reg>
                    <reg>it:</reg>
                </choice>
            </w>
            <w x="1488">an</w>
            <w x="1680">I</w>
            <w x="1767">thought</w>
            <w x="1849">he</w>
            <w x="1991">had</w>
            <w x="2212">been</w>
        </line>
        <line c="1497" h="77" n="13">
            <w x="922">valiant</w>
            <w x="1042">and</w>
            <w x="1124">so</w>
            <w x="1353">cunning</w>
            <w x="1432">in</w>
            <w x="1609">fence,</w>
            <w x="1681">
                <choice>
                    <orig>I'd</orig>
                    <reg>I would</reg>
                    <reg>I</reg>
                    <reg>would</reg>
                </choice>
            </w>
            <w x="1849">have</w>
            <w x="1991">seen</w>
            <w x="2157">him</w>
        </line>
        <line c="1562" h="73" n="14">
            <w x="950">damned</w>
            <w x="1044">ere</w>
            <w x="1135">
                <choice>
                    <orig>I'd</orig>
                    <reg>I would</reg>
                    <reg>I</reg>
                    <reg>would</reg>
                </choice>
            </w>
            <w x="1266">have</w>
            <w x="1547">challenged</w>
            <w x="1673">him.</w>
            <w x="1829">Let</w>
            <w x="1939">him</w>
            <w x="2019">let</w>
            <w x="2113">the</w>
        </line>
        <line c="1629" h="68" n="15">
            <w x="918">matter</w>
            <w x="1035">slip,</w>
            <w x="1147">and</w>
            <w x="1236">
                <choice>
                    <orig>I'll</orig>
                    <reg>I will</reg>
                    <reg>I</reg>
                    <reg>will</reg>
                </choice>
            </w>
            <w x="1355">give</w>
            <w x="1469">him</w>
            <w x="1550">my</w>
            <w x="1770">horse,</w>
            <w x="1858">gray</w>
            <w x="2070">Capilet.</w>
        </line>
    </div>
</body>
