<body>
    <div id="2" x="756" y="838" group="1" width="1244" height="312" type="score" sealts="460_1_c418" attribution="HM"
        mode="comedy" play="5a">
        <line c="872" h="62" n="4">
            <w x="919">Sweet</w>
            <w x="1099">Isabel,</w>
            <w x="1181">do</w>
            <w x="1280">yet</w>
            <w x="1381">but</w>
            <w x="1535">kneel</w>
            <w x="1618">by</w>
            <w x="1738">me;</w>
        </line>
        <line c="931" h="82" n="5">
            <w x="885">Hold</w>
            <w x="966">up</w>
            <w x="1096">your</w>
            <w x="1285">hands;</w>
            <w x="1400">say</w>
            <w x="1635">nothing;</w>
            <w x="1751">
                <choice>
                    <orig>I'll</orig>
                    <reg>I will</reg>
                    <reg>I</reg>
                    <reg>will</reg>
                </choice>
            </w>
            <w x="1899">speak</w>
            <w x="1991">all.</w>
        </line>
        <line c="998" h="62" n="6">
            <w x="897">They</w>
            <w x="1010">say,</w>
            <w x="1135">best</w>
            <w x="1259">men</w>
            <w x="1355">are</w>
            <w x="1585">
                <choice>
                    <orig>moulded</orig>
                    <reg>molded</reg>
                </choice>
            </w>
            <w x="1685">out</w>
            <w x="1756">of</w>
            <w x="1928">faults;</w>
        </line>
        <line c="1057" h="58" n="7">
            <w x="880">And,</w>
            <w x="970">for</w>
            <w x="1067">the</w>
            <w x="1218">most,</w>
            <w x="1426">become</w>
            <w x="1582">much</w>
            <w x="1723">more</w>
            <w x="1821">the</w>
            <w x="1988">better</w>
        </line>
        <line c="1123" h="62" n="8">
            <w x="849">For</w>
            <w x="1005">being</w>
            <w x="1054">a</w>
            <w x="1187">little</w>
            <w x="1323">bad:</w>
            <w x="1407">so</w>
            <w x="1533">may</w>
            <w x="1630">my</w>
            <w x="1866">husband.</w>
        </line>
    </div>
    <div id="3" x="750" y="1654" group="2" width="1352" height="442" type="score" sealts="460_1_c418" attribution="HM"
        mode="comedy" play="5a">
        <line c="1700" h="83" n="17">
            <w x="852">Let</w>
            <w x="965">him</w>
            <w x="1066">not</w>
            <w x="1186">die:</w>
            <w x="1337">My</w>
            <w x="1535">brother</w>
            <w x="1644">had</w>
            <w x="1747">but</w>
            <w x="1938">justice,</w>
        </line>
        <line c="1756" h="68" n="18">
            <w x="813">In</w>
            <w x="934">that</w>
            <w x="1010">he</w>
            <w x="1109">did</w>
            <w x="1207">the</w>
            <w x="1358">thing</w>
            <w x="1445">for</w>
            <w x="1614">which</w>
            <w x="1692">he</w>
            <w x="1844">died:</w>
        </line>
        <line c="1818" h="63" n="19">
            <w x="847">For</w>
            <w x="1057">Angelo,</w>
        </line>
        <line c="1879" h="58" n="20">
            <w x="846">His</w>
            <w x="942">act</w>
            <w x="1039">did</w>
            <w x="1141">not</w>
            <w x="1357">
                <choice>
                    <orig>o'ertake</orig>
                    <reg>overtake</reg>
                </choice>
            </w>
            <w x="1447">his</w>
            <w x="1556">bad</w>
            <w x="1754">intent;</w>
        </line>
        <line c="1937" h="55" n="21">
            <w x="864">And</w>
            <w x="1006">must</w>
            <w x="1083">be</w>
            <w x="1261">buried</w>
            <w x="1363">but</w>
            <w x="1433">as</w>
            <w x="1514">an</w>
            <w x="1684">intent</w>
        </line>
        <line c="2005" h="63" n="22">
            <w x="883">That</w>
            <w x="1108">perished</w>
            <w x="1191">by</w>
            <w x="1287">the</w>
            <w x="1439">way:</w>
            <w x="1684">thoughts</w>
            <w x="1778">are</w>
            <w x="1859">no</w>
            <w x="2099">subjects;</w>
        </line>
        <line c="2060" h="65" n="23">
            <w x="933">Intents</w>
            <w x="1036">but</w>
            <w x="1224">merely</w>
            <w x="1469">thoughts.</w>
        </line>
    </div>
</body>
