<body>
    <div id="2" x="345" y="1089" group="1" width="1172" height="82" type="checkmark"
        sealts="460_7_7.323" attribution="HM" mode="tragedy" play="9c">
        <line n="8" h="82" c="1130">
            <w x="469">The</w>
            <w x="597">poor</w>
            <w x="841">advanced</w>
            <w x="1018">makes</w>
            <w x="1198">friends</w>
            <w x="1269">of</w>
            <w x="1495">enemies.</w>
        </line>
    </div>
    <div id="3" x="353" y="1213" group="2" width="1142" height="82" type="checkmark"
        sealts="460_7_7.323" attribution="HM" mode="tragedy" play="9c">
        <line n="10" h="82" c="1254">
            <w x="462">For</w>
            <w x="593">who</w>
            <w x="683">not</w>
            <w x="856">needs,</w>
            <w x="984">shall</w>
            <w x="1138">never</w>
            <w x="1251">lack</w>
            <w x="1303">a</w>
            <w x="1487">friend;</w>
        </line>
    </div>
    <div id="4" x="351" y="1283" group="2" width="1095" height="127" type="arcedscore"
        sealts="460_7_7.323" attribution="HM" mode="tragedy" play="9c">
        <line n="11" h="63" c="1314">
            <w x="472">And</w>
            <w x="594">who</w>
            <w x="663">in</w>
            <w x="815">want</w>
            <w x="854">a</w>
            <w x="1036">hollow</w>
            <w x="1191">friend</w>
            <w x="1319">doth</w>
            <w x="1432">try,</w>
        </line>
        <line n="12" h="63" c="1377">
            <w x="569">Directly</w>
            <w x="774">seasons</w>
            <w x="884">him</w>
            <w x="976">his</w>
            <w x="1183">enemy.</w>
        </line>
    </div>
    <div id="5" x="351" y="1410" group="2" width="1290" height="365" type="score" erasure="true"
        sealts="460_7_7.323" attribution="HM" mode="tragedy" play="9c">
        <line c="1444" h="65" n="13">
            <w x="467">But,</w>
            <w x="661">orderly</w>
            <w x="727">to</w>
            <w x="836">end</w>
            <w x="1004">where</w>
            <w x="1048">I</w>
            <w x="1430">begun,&#8212;</w>
        </line>
        <line c="1506" h="65" n="14">
            <w x="458">Our</w>
            <w x="591">wills</w>
            <w x="700">and</w>
            <w x="834">fates</w>
            <w x="913">do</w>
            <w x="983">so</w>
            <w x="1204">contrary</w>
            <w x="1320">run,</w>
        </line>
        <line c="1564" h="65" n="15">
            <w x="485">That</w>
            <w x="583">our</w>
            <w x="777">devices</w>
            <w x="885">still</w>
            <w x="979">are</w>
            <w x="1303">overthrown;</w>
        </line>
        <line c="1629" h="65" n="16">
            <w x="459">Our</w>
            <w x="687">thoughts</w>
            <w x="781">are</w>
            <w x="917">ours,</w>
            <w x="1053">their</w>
            <w x="1183">ends</w>
            <w x="1319">none</w>
            <w x="1392">of</w>
            <w x="1483">our</w>
            <w x="1620">own.</w>
        </line>
        <line c="1686" h="65" n="17">
            <w x="427">So</w>
            <w x="576">think</w>
            <w x="702">thou</w>
            <w x="818">wilt</w>
            <w x="896">no</w>
            <w x="1080">second</w>
            <w x="1300">husband</w>
            <w x="1449">wed;</w>
        </line>
        <line c="1751" h="65" n="18">
            <w x="457">But</w>
            <w x="549">die</w>
            <w x="651">thy</w>
            <w x="892">thoughts,</w>
            <w x="1046">when</w>
            <w x="1149">thy</w>
            <w x="1261">first</w>
            <w x="1374">lord</w>
            <w x="1431">is</w>
            <w x="1580">dead.</w>
        </line>
    </div>
</body>
