<body>
    <div id="2" x="309" y="1419" group="1" width="1099" height="83" type="underline"
        type2="checkmark" sealts="460_6_6.439" attribution="HM" mode="other" play="2d">
        <line n="13" h="83" c="1461">
            <w x="424">
                <choice>
                    <orig>'Tis</orig>
                    <reg>It is</reg>
                    <reg>It</reg>
                    <reg>is</reg>
                </choice>
            </w>
            <w x="550">time</w>
            <w x="613">to</w>
            <w x="728">fear</w>
            <w x="872">when</w>
            <w x="1066">tyrants</w>
            <w x="1204">seem</w>
            <w x="1272">to</w>
            <w x="1402">kiss.</w>
        </line>
    </div>
    <div id="3" x="306" y="1731" group="2" width="1173" height="133" type="diagonalscore"
        sealts="460_6_6.439" attribution="HM" mode="other" play="2d">
        <line n="18" h="66" c="1764">
            <w x="350">I</w>
            <w x="503">knew</w>
            <w x="618">him</w>
            <w x="905">tyrannous;</w>
            <w x="1021">and</w>
            <w x="1222">tyrants'</w>
            <w x="1365">fears</w>
        </line>
        <line n="19" h="66" c="1830">
            <w x="544">Decrease</w>
            <w x="665">not,</w>
            <w x="761">but</w>
            <w x="905">grow</w>
            <w x="1054">faster</w>
            <w x="1183">than</w>
            <w x="1316">their</w>
            <w x="1472">years.</w>
        </line>
    </div>
    <div id="4" x="301" y="2156" group="3" width="1302" height="79" type="checkmark"
        sealts="460_6_6.439" attribution="HM" mode="other" play="2d">
        <line n="25" h="79" c="2195">
            <w x="428">And</w>
            <w x="573">make</w>
            <w x="800">
                <choice>
                    <orig>pretence</orig>
                    <reg>pretense</reg>
                </choice>
            </w>
            <w x="872">of</w>
            <w x="1042">wrong</w>
            <w x="1167">that</w>
            <w x="1204">I</w>
            <w x="1333">have</w>
            <w x="1472">done</w>
            <w x="1595">him.</w>
        </line>
    </div>
</body>
