<body>
    <div id="2" x="434" y="846" group="1" width="1289" height="132" type="checkmark"
        sealts="460_2_2.479" attribution="HM" mode="comedy" play="12a">
        <line n="3" h="66" c="879">
            <w x="589">When</w>
            <w x="693">did</w>
            <w x="789">she</w>
            <w x="922">cross</w>
            <w x="1038">thee</w>
            <w x="1162">with</w>
            <w x="1209">a</w>
            <w x="1358">bitter</w>
            <w x="1537">word?</w>
        </line>
        <line n="4" h="66" c="945">
            <w x="641">Kath.</w>
            <w x="779">Her</w>
            <w x="955">silence</w>
            <w x="1103">flouts</w>
            <w x="1215">me,</w>
            <w x="1316">and</w>
            <w x="1413">
                <choice>
                    <orig>I'll</orig>
                    <reg>I will</reg>
                    <reg>I</reg>
                    <reg>will</reg>
                </choice>
            </w>
            <w x="1482">be</w>
            <w x="1722">revenged.</w>
        </line>
    </div>
</body>
