<body>
    <div id="2" x="720" y="752" group="1" width="1296" height="318" type="score" sealts="460_1_c414" attribution="HM"
        mode="comedy" play="5a">
        <line c="794" h="64" n="3">
            <w x="892">Where</w>
            <w x="936">I</w>
            <w x="1070">have</w>
            <w x="1200">seen</w>
            <w x="1471">corruption</w>
            <w x="1581">boil</w>
            <w x="1691">and</w>
            <w x="1888">bubble,</w>
        </line>
        <line c="855" h="60" n="4">
            <w x="820">Till</w>
            <w x="877">it</w>
            <w x="1070">
                <choice>
                    <orig>o'errun</orig>
                    <reg>overrun</reg>
                </choice>
            </w>
            <w x="1167">the</w>
            <w x="1330">stew;</w>
            <w x="1488">laws,</w>
            <w x="1577">for</w>
            <w x="1654">all</w>
            <w x="1830">faults;</w>
        </line>
        <line c="920" h="64" n="5">
            <w x="821">But</w>
            <w x="972">faults</w>
            <w x="1043">so</w>
            <w x="1416">countenanced,</w>
            <w x="1537">that</w>
            <w x="1633">the</w>
            <w x="1805">strong</w>
            <w x="2012">statutes</w>
        </line>
        <line c="982" h="61" n="6">
            <w x="873">Stand</w>
            <w x="983">like</w>
            <w x="1081">the</w>
            <w x="1271">forfeits</w>
            <w x="1338">in</w>
            <w x="1389">a</w>
            <w x="1603">barber's</w>
            <w x="1748">shop,</w>
        </line>
        <line c="1038" h="46" n="7">
            <w x="791">As</w>
            <w x="947">much</w>
            <w x="1014">in</w>
            <w x="1168">mock</w>
            <w x="1237">as</w>
            <w x="1418">mark.</w>
        </line>
    </div>
</body>
