<body>
    <div id="1" group="1" x="1" y="1" width="1" height="1" type="notation" sealts="460_7_c09" attribution="HM">
        <line n="1" h="1" c="1">
            <w x="365">Goethe's</w>
        </line>
    </div>
    <div id="2" group="1" x="1" y="1" width="1" height="1" type="notation" sealts="460_7_c09" attribution="HM">
        <line n="1" h="1" c="1">
            <w x="434">Autobiography</w>
        </line>
    </div>
    <div id="3" group="2" x="1" y="1" width="1" height="1" type="notation" sealts="460_7_c09" attribution="HM">
        <line n="1" h="1" c="1">
            <w x="656">Eschylus</w>
        </line>
    </div>
    <div id="4" group="2" x="1" y="1" width="1" height="1" type="notation" sealts="460_7_c09" attribution="HM">
        <line n="1" h="1" c="1">
            <w x="765">Tragedies</w>
        </line>
    </div>
</body>
