<body>
    <div id="2" x="368" y="2107" group="1" width="1280" height="74" type="checkmark"
        sealts="460_2_2.131" attribution="HM" mode="comedy" play="8a">
        <line n="20" h="74" c="2144">
            <w x="494">Hol.</w>
            <w x="605">He</w>
            <w x="833">
                <choice>
                    <orig>draweth</orig>
                    <reg>draws</reg>
                </choice>
            </w>
            <w x="951">out</w>
            <w x="1045">the</w>
            <w x="1233">thread</w>
            <w x="1310">of</w>
            <w x="1409">his</w>
            <w x="1646">verbosity</w>
        </line>
    </div>
</body>
