<body>
    <div id="2" x="686" y="1275" group="1" width="1469" height="338" type="score" sealts="460_6_6.032" attribution="HM"
        mode="tragedy" play="3c">
        <line c="1318" h="64" n="11">
            <w x="869">Boy!</w>
            <w x="1085">Lucius!&#8212;</w>
            <w x="1263">Fast</w>
            <w x="1445">asleep?&#8212;</w>
            <w x="1566">It</w>
            <w x="1621">is</w>
            <w x="1700">no</w>
            <w x="1906">matter;</w>
        </line>
        <line c="1379" h="62" n="12">
            <w x="890">Enjoy</w>
            <w x="983">the</w>
            <w x="1306">
                <choice>
                    <orig>honey-heavy</orig>
                    <reg>honey heavy</reg>
                    <reg>honey</reg>
                    <reg>heavy</reg>
                </choice>
            </w>
            <w x="1425">dew</w>
            <w x="1495">of</w>
            <w x="1710">slumber.</w>
        </line>
        <line c="1439" h="62" n="13">
            <w x="875">Thou</w>
            <w x="992">hast</w>
            <w x="1068">no</w>
            <w x="1278">figures</w>
            <w x="1375">nor</w>
            <w x="1453">no</w>
            <w x="1697">fantasies,</w>
        </line>
        <line c="1498" h="65" n="14">
            <w x="903">Which</w>
            <w x="1035">busy</w>
            <w x="1151">care</w>
            <w x="1313">draws</w>
            <w x="1379">in</w>
            <w x="1474">the</w>
            <w x="1639">brains</w>
            <w x="1709">of</w>
            <w x="1852">men;</w>
        </line>
        <line c="1561" h="62" n="15">
            <w x="984">Therefore</w>
            <w x="1110">thou</w>
            <w x="1307">
                <choice>
                    <orig>sleep'st</orig>
                    <reg>sleep</reg>
                </choice>
            </w>
            <w x="1375">so</w>
            <w x="1547">sound.</w>
        </line>
    </div>
</body>
