<body>
    <div id="2" x="536" y="1177" group="1" width="903" height="323" type="score" sealts="460_5_5.536" attribution="HM"
        mode="tragedy" play="2c">
        <line c="1199" h="33" n="19">
            <w x="604">3</w>
            <w x="695">Serv.</w>
            <w x="829">Where</w>
            <w x="975">
                <choice>
                    <orig>dwellest</orig>
                    <reg>dwell</reg>
                </choice>
            </w>
            <w x="1080">thou?</w>
        </line>
        <line c="1244" h="37" n="20">
            <w x="653">Cor.</w>
            <w x="784">Under</w>
            <w x="846">the</w>
            <w x="981">canopy.</w>
        </line>
        <line c="1284" h="40" n="21">
            <w x="605">3</w>
            <w x="695">Serv.</w>
            <w x="826">Under</w>
            <w x="888">the</w>
            <w x="1036">canopy?</w>
        </line>
        <line c="1326" h="39" n="22">
            <w x="654">Cor.</w>
            <w x="738">Ay.</w>
        </line>
        <line c="1361" h="32" n="23">
            <w x="604">3</w>
            <w x="695">Serv.</w>
            <w x="855">
                <choice>
                    <orig>Where's</orig>
                    <reg>Where is</reg>
                    <reg>Where</reg>
                    <reg>is</reg>
                </choice>
            </w>
            <w x="950">that?</w>
        </line>
        <line c="1405" h="40" n="24">
            <w x="654">Cor.</w>
            <w x="701">
                <choice>
                    <orig>I'</orig>
                    <reg>In</reg>
                </choice>
            </w>
            <w x="759">the</w>
            <w x="833">city</w>
            <w x="880">of</w>
            <w x="964">kites</w>
            <w x="1035">and</w>
            <w x="1149">crows.</w>
        </line>
        <line c="1444" h="44" n="25">
            <w x="605">3</w>
            <w x="692">Serv.</w>
            <w x="731">
                <choice>
                    <orig>I'</orig>
                    <reg>In</reg>
                </choice>
            </w>
            <w x="790">the</w>
            <w x="864">city</w>
            <w x="910">of</w>
            <w x="1000">kites</w>
            <w x="1071">and</w>
            <w x="1171">crows?</w>
            <w x="1324">&#8212;What</w>
            <w x="1369">an</w>
            <w x="1424">ass</w>
        </line>
        <line c="1479" h="35" n="26">
            <w x="569">it</w>
            <w x="605">is!</w>
            <w x="752">&#8212;Then</w>
            <w x="836">thou</w>
            <w x="982">
                <choice>
                    <orig>dwellest</orig>
                    <reg>dwell</reg>
                </choice>
            </w>
            <w x="1066">with</w>
            <w x="1160">daws</w>
            <w x="1244">too?</w>
        </line>
    </div>
</body>
