<body>
    <div id="2" x="708" y="1392" group="1" width="1210" height="254" type="score" sealts="460_6_6.332" attribution="HM"
        mode="tragedy" play="5c">
        <line c="1430" h="58" n="13">
            <w x="904">Post.</w>
            <w x="1586">Kneel</w>
            <w x="1686">not</w>
            <w x="1752">to</w>
            <w x="1844">me:</w>
        </line>
        <line c="1496" h="61" n="14">
            <w x="821">The</w>
            <w x="993">power</w>
            <w x="1110">that</w>
            <w x="1151">I</w>
            <w x="1284">have</w>
            <w x="1364">on</w>
            <w x="1486">you,</w>
            <w x="1547">is</w>
            <w x="1616">to</w>
            <w x="1762">spare</w>
            <w x="1897">you;</w>
        </line>
        <line c="1558" h="61" n="15">
            <w x="823">The</w>
            <w x="1001">malice</w>
            <w x="1213">towards</w>
            <w x="1339">you,</w>
            <w x="1408">to</w>
            <w x="1593">forgive</w>
            <w x="1716">you.</w>
            <w x="1908">Live,</w>
        </line>
        <line c="1612" h="47" n="16">
            <w x="822">And</w>
            <w x="943">deal</w>
            <w x="1074">with</w>
            <w x="1244">others</w>
            <w x="1423">better.</w>
        </line>
    </div>
</body>
