<body>
    <div id="2" x="361" y="1645" group="1" width="1134" height="150" type="score2" sealts="460_7_7.349" attribution="HM"
        mode="tragedy" play="9c">
        <line n="17" h="75" c="1710">
            <w x="509">Even</w>
            <w x="610">for</w>
            <w x="671">an</w>
            <w x="949">
                <choice>
                    <orig>egg-shell.</orig>
                    <reg>egg shell</reg>
                    <reg>egg</reg>
                    <reg>shell.</reg>
                </choice>
            </w>
            <w x="1176">Rightly</w>
            <w x="1236">to</w>
            <w x="1329">be</w>
            <w x="1487">great,</w>
        </line>
        <line n="18" h="75" c="1757">
            <w x="448">Is,</w>
            <w x="545">not</w>
            <w x="610">to</w>
            <w x="719">stir</w>
            <w x="921">without</w>
            <w x="1063">great</w>
            <w x="1346">argument;</w>
        </line>
    </div>
</body>
