<body>
	<div id="2" x="472" y="863" group="1" width="1376" height="259" type="diagonalscore"
		sealts="460_3_3.011" attribution="HM" mode="comedy" play="13a">
		<line c="902" h="67" n="4">
			<w x="644">Pol.</w>
			<w x="1402">We</w>
			<w x="1559">were,</w>
			<w x="1664">fair</w>
			<w x="1843">queen,</w>
		</line>
		<line c="963" h="64" n="5">
			<w x="596">Two</w>
			<w x="711">lads</w>
			<w x="829">that</w>
			<w x="1038">thought</w>
			<w x="1181">there</w>
			<w x="1297">was</w>
			<w x="1378">no</w>
			<w x="1519">more</w>
			<w x="1721">behind,</w>
		</line>
		<line c="1026" h="67" n="6">
			<w x="570">But</w>
			<w x="699">such</w>
			<w x="747">a</w>
			<w x="857">day</w>
			<w x="1133">
				<choice>
					<orig>to-morrow</orig>
					<reg>tomorrow</reg>
				</choice>
			</w>
			<w x="1202">as</w>
			<w x="1394">
				<orig>to-day,</orig>
				<reg>today</reg>
			</w>
		</line>
		<line c="1087" h="62" n="7">
			<w x="580">And</w>
			<w x="648">to</w>
			<w x="725">be</w>
			<w x="844">boy</w>
			<w x="1038">eternal.</w>
		</line>
	</div>
	<div id="3" x="468" y="1924" group="2" width="1264" height="264" type="diagonalscore2"
		sealts="460_3_3.011" attribution="HM" mode="comedy" play="13a">
		<line c="1965" h="68" n="21">
			<w x="638">Pol.</w>
			<w x="1181">O,</w>
			<w x="1282">my</w>
			<w x="1418">most</w>
			<w x="1592">sacred</w>
			<w x="1730">lady,</w>
		</line>
		<line c="2024" h="64" n="22">
			<w x="782">Temptations</w>
			<w x="914">have</w>
			<w x="1058">since</w>
			<w x="1188">then</w>
			<w x="1326">been</w>
			<w x="1456">born</w>
			<w x="1525">to</w>
			<w x="1625">us;</w>
			<w x="1725">for</w>
		</line>
		<line c="2087" h="67" n="23">
			<w x="525">In</w>
			<w x="670">those</w>
			<w x="933">unfledged</w>
			<w x="1064">days</w>
			<w x="1180">was</w>
			<w x="1283">my</w>
			<w x="1407">wife</w>
			<w x="1458">a</w>
			<w x="1587">girl;</w>
		</line>
	</div>
</body>
