<body>
    <div id="2" x="804" y="1588" group="1" width="1205" height="203" type="score" sealts="460_7_7.228" attribution="HM"
        mode="tragedy" play="8c">
        <line c="1634" h="60" n="16">
            <w x="942">
                <choice>
                    <orig>She's</orig>
                    <reg>She is</reg>
                    <reg>She</reg>
                    <reg>is</reg>
                </choice>
            </w>
            <w x="1041">not</w>
            <w x="1162">well</w>
            <w x="1382">married,</w>
            <w x="1502">that</w>
            <w x="1629">lives</w>
            <w x="1835">married</w>
            <w x="1986">long;</w>
        </line>
        <line c="1695" h="59" n="17">
            <w x="904">But</w>
            <w x="1039">
                <choice>
                    <orig>she's</orig>
                    <reg>she is</reg>
                    <reg>she</reg>
                    <reg>is</reg>
                </choice>
            </w>
            <w x="1159">best</w>
            <w x="1379">married,</w>
            <w x="1499">that</w>
            <w x="1613">dies</w>
            <w x="1819">married</w>
            <w x="2002">young.</w>
        </line>
        <line c="1759" h="62" n="18">
            <w x="909">Dry</w>
            <w x="989">up</w>
            <w x="1117">your</w>
            <w x="1270">tears,</w>
            <w x="1379">and</w>
            <w x="1516">stick</w>
            <w x="1645">your</w>
            <w x="1887">rosemary</w>
        </line>
    </div>
    <div id="3" x="796" y="1897" group="1" width="1176" height="198" type="score" sealts="460_7_7.228" attribution="HM"
        mode="tragedy" play="8c">
        <line c="1943" h="60" n="21">
            <w x="897">For</w>
            <w x="1083">though</w>
            <w x="1208">fond</w>
            <w x="1383">nature</w>
            <w x="1501">bids</w>
            <w x="1574">us</w>
            <w x="1651">all</w>
            <w x="1852">lament,</w>
        </line>
        <line c="1996" h="46" n="22">
            <w x="781">Yet</w>
            <w x="1111">nature's</w>
            <w x="1247">tears</w>
            <w x="1340">are</w>
            <w x="1553">reason's</w>
            <w x="1838">merriment.</w>
        </line>
        <line c="2065" h="62" n="23">
            <w x="984">Cap.</w>
            <w x="1099">All</w>
            <w x="1281">things,</w>
            <w x="1400">that</w>
            <w x="1490">we</w>
            <w x="1720">ordained</w>
            <w x="1942">festival,</w>
        </line>
    </div>
</body>
