<body>
    <div id="2" x="833" y="664" group="1" width="1316" height="203" type="checkmark"
        sealts="460_7_7.094" attribution="HM" mode="tragedy" play="7c">
        <line c="715" h="56" n="1">
            <w x="1022">Gon.</w>
            <w x="1138">No</w>
            <w x="1300">more;</w>
            <w x="1408">the</w>
            <w x="1527">text</w>
            <w x="1584">is</w>
            <w x="1769">foolish.</w>
        </line>
        <line c="779" h="60" n="2">
            <w x="1004">Alb.</w>
            <w x="1244">Wisdom</w>
            <w x="1351">and</w>
            <w x="1587">goodness</w>
            <w x="1654">to</w>
            <w x="1748">the</w>
            <w x="1851">vile</w>
            <w x="1994">seem</w>
            <w x="2122">vile;</w>
        </line>
        <line c="839" h="61" n="3">
            <w x="985">Filths</w>
            <w x="1131">savor</w>
            <w x="1230">but</w>
            <w x="1525">themselves.</w>
            <w x="1726">What</w>
            <w x="1853">have</w>
            <w x="1960">you</w>
            <w x="2126">done?</w>
        </line>
    </div>
    <div id="3" x="837" y="1534" group="2" width="1288" height="130" type="checkmark"
        sealts="460_7_7.094" attribution="HM" mode="tragedy" play="7c">
        <line n="15" h="65" c="1566">
            <w x="1047">Gon.</w>
            <w x="1882">
                <choice>
                    <orig>Milk-livered</orig>
                    <reg>Milk livered</reg>
                    <reg>Milk</reg>
                    <reg>livered</reg>
                </choice>
            </w>
            <w x="2039">man!</w>
        </line>
        <line n="16" h="65" c="1631">
            <w x="978">That</w>
            <w x="1150">
                <choice>
                    <orig>bear'st</orig>
                    <reg>bears</reg>
                </choice>
            </w>
            <w x="1199">a</w>
            <w x="1356">cheek</w>
            <w x="1443">for</w>
            <w x="1621">blows,</w>
            <w x="1664">a</w>
            <w x="1799">head</w>
            <w x="1889">for</w>
            <w x="2107">wrongs;</w>
        </line>
    </div>
</body>
