<body>
	<div id="2" x="320" y="1548" group="1" width="891" height="134" type="score"
		sealts="460_5_5.191" attribution="HM" mode="history" play="6b">
		<line c="1577" h="40" n="28">
			<w x="403">And</w>
			<w x="520">widow</w>
			<w x="563">to</w>
			<w x="670">prince</w>
			<w x="797">Arthur.</w>
		</line>
		<line c="1617" h="42" n="29">
			<w x="446">Nor.</w>
			<w x="912">This</w>
			<w x="1003">same</w>
		</line>
		<div id="3" x="320" y="1582" group="1" width="178" height="59" type="underline"
			sealts="460_5_5.191" attribution="HM" mode="history" play="6b">
			<line c="1617" h="42" n="29">
				<blank x="1020"/>
				<w x="1181">Cranmer's</w>
			</line>
			<line c="1657" h="43" n="30">
				<w x="371">A</w>
				<w x="494">worthy</w>
				<w x="600">fellow,</w>
				<w x="670">and</w>
				<w x="751">hath</w>
				<w x="840">
					<choice>
						<orig>ta'en</orig>
						<reg>taken</reg>
					</choice>
				</w>
				<w x="937">much</w>
				<w x="1023">pain</w>
			</line>
		</div>
	</div>
	<div id="4" x="328" y="1703" group="2" width="284" height="58" type="underline"
		sealts="460_5_5.191" attribution="HM" mode="history" play="6b">
		<line n="32" h="58" c="1732">
			<blank x="932"/>
			<w x="982">we</w>
			<w x="1062">shall</w>
			<w x="1117">see</w>
			<w x="1201">him,</w>
		</line>
		<line n="33" h="59" c="1766">
			<w x="395">For</w>
			<w x="438">it,</w>
			<w x="494">an</w>
			<w x="680">archbishop.</w>
		</line>
	</div>
</body>
