<body>
    <div id="2" x="384" y="937" group="1" width="1190" height="255" type="enclosure"
        sealts="460_1_c383" attribution="HM" mode="comedy" play="5a">
        <line c="972" h="63" n="5">
            <w x="598">Duke.</w>
            <w x="717">No</w>
            <w x="879">might</w>
            <w x="977">nor</w>
            <w x="1222">greatness</w>
            <w x="1288">in</w>
            <w x="1529">mortality</w>
        </line>
        <line c="1033" h="63" n="6">
            <w x="488">Can</w>
            <w x="691">censure</w>
            <w x="886">
                <choice>
                    <orig>'scape:</orig>
                    <reg>escape:</reg>
                </choice>
            </w>
            <w x="1291">
                <choice>
                    <orig>back-wounding</orig>
                    <reg>back wounding</reg>
                    <reg>back</reg>
                    <reg>wounding</reg>
                </choice>
            </w>
            <w x="1515">calumny</w>
        </line>
        <line c="1096" h="64" n="7">
            <w x="486">The</w>
            <w x="688">whitest</w>
            <w x="845">virtue</w>
            <w x="1044">strikes:</w>
            <w x="1199">what</w>
            <w x="1326">king</w>
            <w x="1395">so</w>
            <w x="1568">strong</w>
        </line>
        <line c="1157" h="64" n="8">
            <w x="487">Can</w>
            <w x="569">tie</w>
            <w x="666">the</w>
            <w x="775">gall</w>
            <w x="856">up</w>
            <w x="922">in</w>
            <w x="1018">the</w>
            <w x="1291">slanderous</w>
            <w x="1511">tongue?</w>
        </line>
    </div>
</body>
