<body>
    <div id="2" x="357" y="1006" group="1" width="1335" height="87" type="xmark" sealts="460_7_7.111" attribution="HM"
        mode="tragedy" play="7c">
        <line n="7" h="87" c="1050">
            <w x="454">To</w>
            <w x="608">know</w>
            <w x="707">our</w>
            <w x="943">enemies'</w>
            <w x="1122">minds,</w>
            <w x="1252">
                <choice>
                    <orig>we'd</orig>
                    <reg>we would</reg>
                    <reg>we</reg>
                    <reg>would</reg>
                </choice>
            </w>
            <w x="1340">rip</w>
            <w x="1471">their</w>
            <w x="1668">hearts;</w>
        </line>
    </div>
    <div id="3" x="352" y="1811" group="2" width="1146" height="90" type="checkmark" erasure="true"
        sealts="460_7_7.111" attribution="HM" mode="tragedy" play="7c">
        <line n="19" h="90" c="1866">
            <w x="418">O</w>
            <w x="818">undistinguished</w>
            <w x="967">space</w>
            <w x="1040">of</w>
            <w x="1274">woman's</w>
            <w x="1493">will!&#8212;</w>
        </line>
    </div>
</body>
