<body>
    <div id="2" x="747" y="2751" group="1" width="1384" height="250" type="score" sealts="460_6_6.016" attribution="HM"
        mode="tragedy" play="3c">
        <line c="2782" h="63" n="35">
            <w x="828">he</w>
            <w x="1011">offered</w>
            <w x="1067">it</w>
            <w x="1160">the</w>
            <w x="1294">third</w>
            <w x="1457">time;</w>
            <w x="1555">he</w>
            <w x="1657">put</w>
            <w x="1721">it</w>
            <w x="1825">the</w>
            <w x="1972">third</w>
            <w x="2110">time</w>
        </line>
        <line c="2850" h="74" n="36">
            <w x="861">by;</w>
            <w x="980">.and</w>
            <w x="1100">still,</w>
            <w x="1170">as</w>
            <w x="1245">he</w>
            <w x="1439">refused</w>
            <w x="1507">it,</w>
            <w x="1604">the</w>
            <w x="1906">rabblement</w>
            <w x="2110">hooted,</w>
        </line>
        <line c="2910" h="72" n="37">
            <w x="861">and</w>
            <w x="1063">clapped</w>
            <w x="1195">their</w>
            <w x="1412">chapped</w>
            <w x="1597">hands,</w>
            <w x="1707">and</w>
            <w x="1878">threw</w>
            <w x="1970">up</w>
            <w x="2113">their</w>
        </line>
        <line c="2972" h="73" n="38">
            <w x="944">sweaty</w>
            <w x="1225">
                <choice>
                    <orig>night-caps,</orig>
                    <reg>night caps,</reg>
                    <reg>night</reg>
                    <reg>caps,</reg>
                </choice>
            </w>
            <w x="1335">and</w>
            <w x="1528">uttered</w>
            <w x="1657">such</w>
            <w x="1704">a</w>
            <w x="1822">deal</w>
            <w x="1893">of</w>
            <w x="2116">stinking</w>
        </line>
    </div>
</body>
