<body>
    <div id="2" x="886" y="1302" group="1" width="1366" height="438" type="score" sealts="460_7_7.278" attribution="HM"
        mode="tragedy" play="9c">
        <line c="1344" h="61" n="11">
            <w x="984">Are</w>
            <w x="1172">burned</w>
            <w x="1281">and</w>
            <w x="1467">purged</w>
            <w x="1629">away.</w>
            <w x="1783">But</w>
            <w x="1897">that</w>
            <w x="1940">I</w>
            <w x="2033">am</w>
            <w x="2193">forbid</w>
        </line>
        <line c="1406" h="61" n="12">
            <w x="968">To</w>
            <w x="1063">tell</w>
            <w x="1159">the</w>
            <w x="1343">secrets</w>
            <w x="1414">of</w>
            <w x="1513">my</w>
            <w x="1849">
                <choice>
                    <orig>prison-house,</orig>
                    <reg>prison house</reg>
                    <reg>prison</reg>
                    <reg>house,</reg>
                </choice>
            </w>
        </line>
        <line c="1468" h="60" n="13">
            <w x="916">I</w>
            <w x="1064">could</w>
            <w x="1113">a</w>
            <w x="1219">tale</w>
            <w x="1404">unfold,</w>
            <w x="1577">whose</w>
            <w x="1776">lightest</w>
            <w x="1917">word</w>
        </line>
        <line c="1529" h="62" n="14">
            <w x="1054">Would</w>
            <w x="1243">harrow</w>
            <w x="1324">up</w>
            <w x="1423">thy</w>
            <w x="1561">soul;</w>
            <w x="1739">freeze</w>
            <w x="1838">thy</w>
            <w x="2006">young</w>
            <w x="2180">blood;</w>
        </line>
        <line c="1591" h="63" n="15">
            <w x="1033">Make</w>
            <w x="1133">thy</w>
            <w x="1239">two</w>
            <w x="1379">eyes,</w>
            <w x="1484">like</w>
            <w x="1629">stars,</w>
            <w x="1755">start</w>
            <w x="1885">from</w>
            <w x="2016">their</w>
            <w x="2233">spheres;</w>
        </line>
        <line c="1654" h="62" n="16">
            <w x="999">Thy</w>
            <w x="1203">knotted</w>
            <w x="1311">and</w>
            <w x="1563">combined</w>
            <w x="1704">locks</w>
            <w x="1771">to</w>
            <w x="1901">part,</w>
        </line>
        <line c="1715" h="62" n="17">
            <w x="997">And</w>
            <w x="1128">each</w>
            <w x="1378">particular</w>
            <w x="1490">hair</w>
            <w x="1557">to</w>
            <w x="1706">stand</w>
            <w x="1785">on</w>
            <w x="1908">end,</w>
        </line>
    </div>
</body>
