<body>
    <div id="2" x="789" y="855" group="1" width="1375" height="261" type="score2" sealts="460_6_6.108" attribution="HM"
        mode="tragedy" play="4c">
        <line c="898" h="60" n="4">
            <w x="848">It</w>
            <w x="974">hath</w>
            <w x="1107">been</w>
            <w x="1285">taught</w>
            <w x="1356">us</w>
            <w x="1485">from</w>
            <w x="1581">the</w>
            <w x="1754">primal</w>
            <w x="1902">state,</w>
        </line>
        <line c="956" h="57" n="9">
            <w x="928">That</w>
            <w x="1016">he,</w>
            <w x="1184">which</w>
            <w x="1255">is,</w>
            <w x="1369">was</w>
            <w x="1558">wished</w>
            <w x="1690">until</w>
            <w x="1764">he</w>
            <w x="1932">were;</w>
        </line>
        <line c="1014" h="57" n="8">
            <w x="909">And</w>
            <w x="1004">the</w>
            <w x="1169">ebbed</w>
            <w x="1306">man,</w>
            <w x="1449">
                <choice>
                    <orig>ne'er</orig>
                    <reg>never</reg>
                </choice>
            </w>
            <w x="1594">loved</w>
            <w x="1678">till</w>
            <w x="1818">
                <choice>
                    <orig>ne'er</orig>
                    <reg>never</reg>
                </choice>
            </w>
            <w x="1979">Worth</w>
            <w x="2110">love,</w>
        </line>
        <line c="1080" h="61" n="7">
            <w x="971">Comes</w>
            <w x="1167">deared,</w>
            <w x="1248">by</w>
            <w x="1401">being</w>
            <w x="1610">lacked."</w>
        </line>
    </div>
</body>
