<body>
	<div id="2" x="301" y="1086" group="1" width="819" height="453" type="score" sealts="460_5_5.147" attribution="HM"
		mode="history" play="6b">
		<line c="1118" h="43" n="16">
			<w x="396">That</w>
			<w x="496">virtue</w>
			<w x="585">must</w>
			<w x="636">go</w>
			<w x="778">through.</w>
			<w x="873">We</w>
			<w x="963">must</w>
			<w x="1025">not</w>
			<w x="1107">stint</w>
		</line>
		<line c="1156" h="40" n="17">
			<w x="378">Our</w>
			<w x="539">necessary</w>
			<w x="667">actions,</w>
			<w x="711">in</w>
			<w x="772">the</w>
			<w x="845">fear</w>
		</line>
		<line c="1196" h="43" n="18">
			<w x="364">To</w>
			<w x="465">cope</w>
			<w x="620">malicious</w>
			<w x="793">censurers;</w>
			<w x="908">which</w>
			<w x="995">ever,</w>
		</line>
		<line c="1233" h="36" n="19">
			<w x="356">As</w>
			<w x="504">ravenous</w>
			<w x="610">fishes,</w>
			<w x="661">do</w>
			<w x="691">a</w>
			<w x="794">vessel</w>
			<w x="901">follow</w>
		</line>
		<line c="1272" h="39" n="20">
			<w x="394">That</w>
			<w x="430">is</w>
			<w x="509">new</w>
			<w x="668">trimmed;</w>
			<w x="741">but</w>
			<w x="858">benefit</w>
			<w x="908">no</w>
			<w x="1026">further</w>
		</line>
		<line c="1314" h="44" n="21">
			<w x="400">Than</w>
			<w x="507">vainly</w>
			<w x="643">longing.</w>
			<w x="771">What</w>
			<w x="828">we</w>
			<w x="884">oft</w>
			<w x="933">do</w>
			<w x="1017">best,</w>
		</line>
		<line c="1352" h="41" n="22">
			<w x="360">By</w>
			<w x="434">sick</w>
			<w x="634">interpreters,</w>
			<w x="719">once</w>
			<w x="835">weak</w>
			<w x="926">ones,</w>
			<w x="965">is</w>
		</line>
		<line c="1393" h="44" n="23">
			<w x="373">Not</w>
			<w x="458">ours,</w>
			<w x="503">or</w>
			<w x="566">not</w>
			<w x="696">allowed;</w>
			<w x="831">what</w>
			<w x="937">worst,</w>
			<w x="983">as</w>
			<w x="1047">oft,</w>
		</line>
		<line c="1432" h="45" n="24">
			<w x="429">Hitting</w>
			<w x="459">a</w>
			<w x="580">grosser</w>
			<w x="708">quality,</w>
			<w x="746">is</w>
			<w x="835">cried</w>
			<w x="887">up</w>
		</line>
		<line c="1457" h="70" n="25">
			<w x="368">For</w>
			<w x="429">our</w>
			<w x="507">best</w>
			<w x="574">act.</w>
			<w x="646">If</w>
			<w x="706">We</w>
			<w x="789">shall</w>
			<w x="885">stand</w>
			<w x="963">still,</w>
		</line>
		<line c="1512" h="46" n="26">
			<w x="346">In</w>
			<w x="418">fear</w>
			<w x="480">our</w>
			<w x="598">motion</w>
			<w x="669">will</w>
			<w x="718">be</w>
			<w x="850">mocked</w>
			<w x="895">or</w>
			<w x="1009">carped</w>
			<w x="1051">at</w>
		</line>
	</div>
</body>
