<body>
    <div id="2" x="748" y="1483" group="1" width="1287" height="443" type="score" erasure="true"
        sealts="460_2_2.488" attribution="HM" mode="comedy" play="12a">
        <line c="1517" h="57" n="14">
            <w x="879">That</w>
            <w x="945">in</w>
            <w x="993">a</w>
            <w x="1166">twink,</w>
            <w x="1266">she</w>
            <w x="1389">won</w>
            <w x="1480">me</w>
            <w x="1549">to</w>
            <w x="1646">her</w>
            <w x="1775">love.</w>
        </line>
        <line c="1581" h="62" n="15">
            <w x="816">O,</w>
            <w x="925">you</w>
            <w x="1017">are</w>
            <w x="1236">novices!</w>
            <w x="1398">
                <choice>
                    <orig>'Tis</orig>
                    <reg>It is</reg>
                    <reg>It</reg>
                    <reg>is</reg>
                </choice>
            </w>
            <w x="1446">a</w>
            <w x="1601">world</w>
            <w x="1667">to</w>
            <w x="1792">see,</w>
        </line>
        <line c="1642" h="63" n="16">
            <w x="877">How</w>
            <w x="1027">tame,</w>
            <w x="1181">when</w>
            <w x="1305">men</w>
            <w x="1412">and</w>
            <w x="1606">women</w>
            <w x="1699">are</w>
            <w x="1860">alone,</w>
        </line>
        <line c="1700" h="54" n="17">
            <w x="797">A</w>
            <w x="1025">meacock</w>
            <w x="1240">wretch</w>
            <w x="1343">can</w>
            <w x="1492">make</w>
            <w x="1588">the</w>
            <w x="1794">
                <choice>
                    <orig>curstest</orig>
                    <reg>curst</reg>
                    <reg>cursed</reg>
                </choice>
            </w>
            <w x="2033">shrew.&#8212;</w>
        </line>
        <line c="1764" h="63" n="18">
            <w x="869">Give</w>
            <w x="961">me</w>
            <w x="1062">thy</w>
            <w x="1217">hand,</w>
            <w x="1376">Kate!</w>
            <w x="1432">I</w>
            <w x="1544">will</w>
            <w x="1672">unto</w>
            <w x="1872">Venice,</w>
        </line>
        <line c="1828" h="68" n="19">
            <w x="826">To</w>
            <w x="935">buy</w>
            <w x="1131">apparel</w>
            <w x="1312">
                <choice>
                    <orig>'gainst</orig>
                    <reg>against</reg>
                </choice>
            </w>
            <w x="1406">the</w>
            <w x="1820">
                <choice>
                    <orig>wedding-day.&#8212;</orig>
                    <reg>wedding day.&#8212;</reg>
                    <reg>wedding</reg>
                    <reg>day.&#8212;</reg>
                </choice>
            </w>
        </line>
        <line c="1889" h="68" n="20">
            <w x="936">Provide</w>
            <w x="1032">the</w>
            <w x="1180">feast,</w>
            <w x="1355">father,</w>
            <w x="1466">and</w>
            <w x="1560">bid</w>
            <w x="1655">the</w>
            <w x="1852">guests;</w>
        </line>
    </div>
</body>
