<body>
	<div id="2" x="654" y="1889" group="1" width="885" height="133" type="score" sealts="460_5_5.186" attribution="HM"
		mode="history" play="6b">
		<line c="1912" h="38" n="36">
			<w x="670">I</w>
			<w x="755">have</w>
			<w x="846">more</w>
			<w x="976">charity.</w>
			<w x="1076">But</w>
			<w x="1148">say,</w>
			<w x="1176">I</w>
			<w x="1306">warned</w>
			<w x="1355">ye;</w>
		</line>
		<div id="3" x="656" y="1927" group="1" width="858" height="89" type="score3"
			sealts="460_5_5.186" attribution="HM" mode="history" play="6b">
			<line n="37" h="38" c="1946">
				<w x="743">Take</w>
				<w x="841">heed,</w>
				<w x="897">for</w>
				<w x="1054">Heaven's</w>
				<w x="1143">sake,</w>
				<w x="1229">take</w>
				<w x="1326">heed,</w>
				<w x="1394">lest</w>
				<w x="1439">at</w>
				<w x="1510">once</w>
			</line>
			<line n="38" h="38" c="1990">
				<w x="731">The</w>
				<w x="849">burden</w>
				<w x="894">of</w>
				<w x="950">my</w>
				<w x="1083">sorrows</w>
				<w x="1149">fall</w>
				<w x="1232">upon</w>
				<w x="1288">ye.</w>
			</line>
		</div>
	</div>
</body>
