<body>
    <div id="2" x="738" y="1298" group="1" width="495" height="55" type="annotated"
        sealts="460_1_b13" attribution="unattributed" mode="commentary" section="life">
        <line n="10" h="55" c="1330">
            <w x="839">Fertur</w>
            <w x="962">pudicae</w>
            <w x="1091">conjugis</w>
            <w x="1227">osculum,</w>
        </line>
    </div>
    <div id="3" group="2" x="958" y="1249" width="112" height="90" type="notation"
        sealts="460_1_b13" attribution="unattributed" mode="commentary" section="life">
        <line n="1" h="90" c="1294">
            <w x="1067">wife</w>
        </line>
    </div>
    <div id="4" group="2" x="1077" y="1260" width="45" height="63" type="notation"
        sealts="460_1_b13" attribution="unattributed" mode="commentary" section="life">
        <line n="1" h="63" c="1292">
            <w x="1119">or</w>
        </line>
    </div>
    <div id="5" group="2" x="1117" y="1212" width="248" height="98" type="notation"
        sealts="460_1_b13" attribution="unattributed" mode="commentary" section="life">
        <line n="1" h="98" c="1261">
            <w x="1362">husband</w>
        </line>
    </div>
    <div id="6" group="3" x="1288" y="1296" width="88" height="92" type="notation"
        sealts="460_1_b13" attribution="unattributed" mode="commentary" section="life">
        <line n="1" h="92" c="1342">
            <w x="1372">eye</w>
        </line>
    </div>
    <div id="7" group="3" x="1386" y="1280" width="39" height="52" type="notation"
        sealts="460_1_b13" attribution="unattributed" mode="commentary" section="life">
        <line n="1" h="52" c="1306">
            <w x="1425">or</w>
        </line>
    </div>
    <div id="8" group="3" x="1426" y="1238" width="43" height="82" type="notation"
        sealts="460_1_b13" attribution="unattributed" mode="commentary" section="life">
        <line n="1" h="82" c="1279">
            <w x="1465">of</w>
        </line>
    </div>
    <div id="9" group="3" x="1466" y="1227" width="64" height="66" type="notation"
        sealts="460_1_b13" attribution="unattributed" mode="commentary" section="life">
        <line n="1" h="66" c="1260">
            <w x="1527">an</w>
        </line>
    </div>
    <div id="10" group="3" x="1546" y="1201" width="110" height="77" type="notation"
        sealts="460_1_b13" attribution="unattributed" mode="commentary" section="life">
        <line n="1" h="77" c="1240">
            <w x="1654">eye.</w>
        </line>
    </div>
</body>
