<body>
    <div id="2" x="769" y="2131" group="1" width="1327" height="253" type="score" sealts="460_6_6.088" attribution="HM"
        mode="tragedy" play="3c">
        <line c="2169" h="61" n="25">
            <w x="878">Our</w>
            <w x="1090">enemies</w>
            <w x="1179">have</w>
            <w x="1344">beat</w>
            <w x="1414">us</w>
            <w x="1482">to</w>
            <w x="1576">the</w>
            <w x="1675">pit.</w>
        </line>
        <line c="2227" h="62" n="26">
            <w x="836">It</w>
            <w x="896">is</w>
            <w x="1029">more</w>
            <w x="1220">worthy</w>
            <w x="1286">to</w>
            <w x="1401">leap</w>
            <w x="1467">in</w>
            <w x="1712">ourselves,</w>
        </line>
        <line c="2290" h="59" n="27">
            <w x="912">Than</w>
            <w x="1049">tarry</w>
            <w x="1132">till</w>
            <w x="1258">they</w>
            <w x="1388">push</w>
            <w x="1472">us.</w>
            <w x="1666">Good</w>
            <w x="1957">Volumnius,</w>
        </line>
        <line c="2353" h="64" n="28">
            <w x="911">Thou</w>
            <w x="1122">
                <choice>
                    <orig>know'st</orig>
                    <reg>know</reg>
                </choice>
            </w>
            <w x="1236">that</w>
            <w x="1325">we</w>
            <w x="1437">two</w>
            <w x="1578">went</w>
            <w x="1643">to</w>
            <w x="1808">school</w>
            <w x="2052">together;</w>
        </line>
    </div>
</body>
