<body>
    <div id="2" group="1" x="390" y="1019" width="1404" height="817" type="score"
        sealts="460_6_6.317" attribution="HM" mode="tragedy" play="5c">
        <line c="1057" h="63" n="7">
            <w x="584">Jail.</w>
            <w x="748">Your</w>
            <w x="902">death</w>
            <w x="1016">has</w>
            <w x="1143">eyes</w>
            <w x="1253">
                <choice>
                    <orig>in's</orig>
                    <reg>in his</reg>
                    <reg>in</reg>
                    <reg>his</reg>
                </choice>
            </w>
            <w x="1409">head,</w>
            <w x="1569">then;</w>
            <w x="1623">I</w>
            <w x="1768">have</w>
        </line>
        <line c="1118" h="59" n="8">
            <w x="492">not</w>
            <w x="618">seen</w>
            <w x="730">him</w>
            <w x="800">so</w>
            <w x="1028">pictured.</w>
            <w x="1194">You</w>
            <w x="1324">must</w>
            <w x="1480">either</w>
            <w x="1556">be</w>
            <w x="1769">directed</w>
        </line>
        <line c="1184" h="66" n="9">
            <w x="473">by</w>
            <w x="613">some</w>
            <w x="732">that</w>
            <w x="856">take</w>
            <w x="996">upon</w>
            <w x="1140">them</w>
            <w x="1207">to</w>
            <w x="1389">know;</w>
            <w x="1482">or</w>
            <w x="1615">take</w>
            <w x="1769">upon</w>
        </line>
        <line c="1244" h="64" n="10">
            <w x="608">yourself</w>
            <w x="734">that</w>
            <w x="901">which</w>
            <w x="970">I</w>
            <w x="1053">am</w>
            <w x="1172">sure</w>
            <w x="1281">you</w>
            <w x="1375">do</w>
            <w x="1490">not</w>
            <w x="1687">know;</w>
            <w x="1770">or</w>
        </line>
        <line c="1305" h="65" n="11">
            <w x="533">jump</w>
            <w x="661">the</w>
            <w x="985">
                <choice>
                    <orig>after-inquiry</orig>
                    <reg>after inquiry</reg>
                    <reg>after</reg>
                    <reg>inquiry</reg>
                </choice>
            </w>
            <w x="1062">on</w>
            <w x="1201">your</w>
            <w x="1333">own</w>
            <w x="1504">peril;</w>
            <w x="1630">and</w>
            <w x="1768">how</w>
        </line>
        <line c="1368" h="67" n="12">
            <w x="497">you</w>
            <w x="627">shall</w>
            <w x="785">speed</w>
            <w x="860">in</w>
            <w x="1002">your</w>
            <w x="1257">journey's</w>
            <w x="1393">end,</w>
            <w x="1438">I</w>
            <w x="1605">think</w>
            <w x="1766">
                <choice>
                    <orig>you'll</orig>
                    <reg>you will</reg>
                    <reg>you</reg>
                    <reg>will</reg>
                </choice>
            </w>
        </line>
        <line c="1420" h="45" n="13">
            <w x="544">never</w>
            <w x="707">return</w>
            <w x="776">to</w>
            <w x="873">tell</w>
            <w x="993">one.</w>
        </line>
        <line c="1492" h="68" n="14">
            <w x="594">Post.</w>
            <w x="656">I</w>
            <w x="752">tell</w>
            <w x="894">thee,</w>
            <w x="1078">fellow,</w>
            <w x="1224">there</w>
            <w x="1319">are</w>
            <w x="1473">none</w>
            <w x="1631">want</w>
            <w x="1768">eyes</w>
        </line>
        <line c="1552" h="64" n="15">
            <w x="456">to</w>
            <w x="616">direct</w>
            <w x="758">them</w>
            <w x="854">the</w>
            <w x="979">way</w>
            <w x="1020">I</w>
            <w x="1113">am</w>
            <w x="1295">going,</w>
            <w x="1398">but</w>
            <w x="1526">such</w>
            <w x="1596">as</w>
            <w x="1765">wink,</w>
        </line>
        <div id="3" group="1" x="397" y="1569" width="1392" height="265" type="score" sealts="460_6_6.317" attribution="HM" mode="tragedy" play="5c">
            <line c="1606" h="46" n="16">
                <w x="498">and</w>
                <w x="611">will</w>
                <w x="711">not</w>
                <w x="809">use</w>
                <w x="968">them.</w>
            </line>
            <line c="1676" h="67" n="17">
                <w x="577">Jail.</w>
                <w x="757">What</w>
                <w x="847">an</w>
                <w x="1051">infinite</w>
                <w x="1218">mock</w>
                <w x="1291">is</w>
                <w x="1429">this,</w>
                <w x="1560">that</w>
                <w x="1628">a</w>
                <w x="1766">man</w>
            </line>
            <line c="1738" h="66" n="18">
                <w x="564">should</w>
                <w x="707">have</w>
                <w x="816">the</w>
                <w x="937">best</w>
                <w x="1044">use</w>
                <w x="1128">of</w>
                <w x="1277">eyes,</w>
                <w x="1347">to</w>
                <w x="1449">see</w>
                <w x="1556">the</w>
                <w x="1690">way</w>
                <w x="1762">of</w>
            </line>
            <line c="1800" h="67" n="19">
                <w x="662">blindness!</w>
                <w x="662">I</w>
                <w x="811">am</w>
                <w x="946">sure</w>
                <w x="1202">
                    <choice>
                        <orig>hanging's</orig>
                        <reg>hanging is</reg>
                        <reg>hanging</reg>
                        <reg>is</reg>
                    </choice>
                </w>
                <w x="1310">the</w>
                <w x="1448">way</w>
                <w x="1519">of</w>
                <w x="1763">winking.</w>
            </line>
        </div>
    </div>
</body>
