<body>
    <div id="2" x="748" y="1273" group="1" width="1238" height="139" type="checkmark"
        sealts="460_1_c372" attribution="HM" mode="comedy" play="5a">
        <div id="3" x="764" y="1284" group="1" width="1045" height="68" type="underline"
            sealts="460_1_c372" attribution="HM" mode="comedy" play="5a">
            <line n="11" h="68" c="1318">
                <w x="939">Whose</w>
                <w x="1125">settled</w>
                <w x="1297">visage</w>
                <w x="1413">and</w>
                <w x="1681">deliberate</w>
                <w x="1805">word</w>
            </line>
        </div>
        <line n="12" h="65" c="1379">
            <w x="890">Nips</w>
            <w x="1048">youth</w>
            <w x="1106">
                <choice>
                    <orig>i'</orig>
                    <reg>in</reg>
                </choice>
            </w>
            <w x="1198">the</w>
            <w x="1352">head,</w>
            <w x="1466">and</w>
            <w x="1628">follies</w>
            <w x="1762">doth</w>
            <w x="1976">enmew,</w>
        </line>
    </div>
</body>
