<body>
    <div id="2" x="760" y="914" group="1" width="1225" height="511" type="score" sealts="460_6_6.402" attribution="HM"
        mode="tragedy" play="6c">
        <line c="953" h="68" n="5">
            <w x="831">Is</w>
            <w x="927">the</w>
            <w x="1031">sun</w>
            <w x="1246">dimned,</w>
            <w x="1366">that</w>
            <w x="1516">gnats</w>
            <w x="1595">do</w>
            <w x="1677">fly</w>
            <w x="1742">in</w>
            <w x="1832">it?</w>
        </line>
        <line c="1020" h="74" n="6">
            <w x="890">The</w>
            <w x="1037">eagle</w>
            <w x="1213">suffers</w>
            <w x="1345">little</w>
            <w x="1486">birds</w>
            <w x="1554">to</w>
            <w x="1688">sing,</w>
        </line>
        <line c="1076" h="63" n="7">
            <w x="891">And</w>
            <w x="949">is</w>
            <w x="1049">not</w>
            <w x="1232">careful</w>
            <w x="1373">what</w>
            <w x="1501">they</w>
            <w x="1652">mean</w>
            <w x="1883">thereby;</w>
        </line>
        <div id="3" x="783" y="1098" group="1" width="1116" height="82" type="score"
            type2="strikethrough" sealts="460_6_6.402" attribution="HM" mode="tragedy" play="6c">
            <line n="1" h="82" c="1139">
                <w x="1018">Knowing</w>
                <w x="1142">that</w>
                <w x="1266">with</w>
                <w x="1363">the</w>
                <w x="1570">shadow</w>
                <w x="1637">of</w>
                <w x="1721">his</w>
                <w x="1896">wings,</w>
            </line>
        </div>
        <line c="1205" h="70" n="9">
            <w x="862">He</w>
            <w x="969">can</w>
            <w x="1039">at</w>
            <w x="1257">pleasure</w>
            <w x="1418">stint</w>
            <w x="1552">their</w>
            <w x="1772">melody;</w>
        </line>
        <line c="1265" h="71" n="10">
            <w x="917">Even</w>
            <w x="988">so</w>
            <w x="1154">mayst</w>
            <w x="1282">thou</w>
            <w x="1377">the</w>
            <w x="1536">giddy</w>
            <w x="1659">men</w>
            <w x="1731">of</w>
            <w x="1901">Rome.</w>
        </line>
        <line c="1329" h="68" n="11">
            <w x="923">Then</w>
            <w x="1076">cheer</w>
            <w x="1176">thy</w>
            <w x="1345">spirit;</w>
            <w x="1444">for</w>
            <w x="1613">know,</w>
            <w x="1743">thou</w>
            <w x="1976">emperor,</w>
        </line>
        <line c="1386" h="56" n="12">
            <w x="810">I</w>
            <w x="923">will</w>
            <w x="1137">enchant</w>
            <w x="1233">the</w>
            <w x="1327">old</w>
            <w x="1640">Andronicus,</w>
        </line>
    </div>

</body>
