<body>
    <div id="2" x="869" y="1785" group="1" width="1385" height="130" type="score" erasure="true"
        sealts="460_2_2.424" attribution="HM" mode="comedy" play="11a">
        <line n="19" h="65" c="1818">
            <w x="1049">might</w>
            <w x="1196">begin</w>
            <w x="1276">an</w>
            <w x="1533">impudent</w>
            <w x="1715">nation.</w>
            <w x="1905">Fare</w>
            <w x="2020">you</w>
            <w x="2160">well,</w>
            <w x="2253">sir;</w>
        </line>
        <line n="20" h="65" c="1883">
            <w x="928">I</w>
            <w x="1023">am</w>
            <w x="1104">for</w>
            <w x="1306">France</w>
            <w x="1420">too;</w>
            <w x="1531">we</w>
            <w x="1662">shall</w>
            <w x="1815">speak</w>
            <w x="1889">of</w>
            <w x="1994">you</w>
            <w x="2146">there.</w>
        </line>
    </div>
    <div id="3" x="879" y="1971" group="1" width="1372" height="679" type="score2" erasure="true"
        sealts="460_2_2.424" attribution="HM" mode="comedy" play="11a">
        <line c="2006" h="59" n="22">
            <w x="1068">Par.</w>
            <w x="1203">Yet</w>
            <w x="1295">am</w>
            <w x="1339">I</w>
            <w x="1591">thankful:</w>
            <w x="1664">if</w>
            <w x="1755">my</w>
            <w x="1900">heart</w>
            <w x="2038">were</w>
            <w x="2198">great,</w>
        </line>
        <line c="2069" h="60" n="23">
            <w x="1106">
                <choice>
                    <orig>'Twould</orig>
                    <reg>It would</reg>
                    <reg>It</reg>
                    <reg>would</reg>
                </choice>
            </w>
            <w x="1249">burst</w>
            <w x="1316">at</w>
            <w x="1437">this.</w>
            <w x="1696">Captain</w>
            <w x="1785">
                <choice>
                    <orig>I'll</orig>
                    <reg>I will</reg>
                    <reg>I</reg>
                    <reg>will</reg>
                </choice>
            </w>
            <w x="1862">be</w>
            <w x="1942">no</w>
            <w x="2108">more;</w>
        </line>
        <line c="2129" h="61" n="24">
            <w x="990">But</w>
            <w x="1031">I</w>
            <w x="1144">will</w>
            <w x="1239">eat</w>
            <w x="1347">and</w>
            <w x="1510">drink,</w>
            <w x="1622">and</w>
            <w x="1765">sleep</w>
            <w x="1834">as</w>
            <w x="1949">soft</w>
        </line>
        <line c="2193" h="62" n="25">
            <w x="962">As</w>
            <w x="1159">captain</w>
            <w x="1313">shall:</w>
            <w x="1507">simply</w>
            <w x="1602">the</w>
            <w x="1751">thing</w>
            <w x="1792">I</w>
            <w x="1886">am</w>
        </line>
        <line c="2252" h="58" n="26">
            <w x="1020">Shall</w>
            <w x="1171">make</w>
            <w x="1264">me</w>
            <w x="1385">live.</w>
            <w x="1565">Who</w>
            <w x="1742">knows</w>
            <w x="1942">himself</w>
            <w x="1983">a</w>
            <w x="2219">braggart,</w>
        </line>
        <line c="2315" h="57" n="27">
            <w x="989">Let</w>
            <w x="1100">him</w>
            <w x="1213">fear</w>
            <w x="1347">this;</w>
            <w x="1445">for</w>
            <w x="1501">it</w>
            <w x="1611">will</w>
            <w x="1756">come</w>
            <w x="1825">to</w>
            <w x="1961">pass,</w>
        </line>
        <line c="2378" h="61" n="28">
            <w x="1021">That</w>
            <w x="1173">every</w>
            <w x="1397">braggart</w>
            <w x="1526">shall</w>
            <w x="1603">be</w>
            <w x="1760">found</w>
            <w x="1838">an</w>
            <w x="1943">ass.</w>
        </line>
        <line c="2436" h="58" n="29">
            <w x="1028">Rust,</w>
            <w x="1219">sword!</w>
            <w x="1362">cool,</w>
            <w x="1585">blushes!</w>
            <w x="1722">and,</w>
            <w x="1948">Parolles,</w>
            <w x="2054">live</w>
        </line>
        <line c="2498" h="63" n="30">
            <w x="1049">Safest</w>
            <w x="1115">in</w>
            <w x="1311">shame!</w>
            <w x="1524">Being</w>
            <w x="1701">fooled,</w>
            <w x="1784">by</w>
            <w x="1967">foolery</w>
            <w x="2150">thrive!</w>
        </line>
        <line c="2561" h="65" n="31">
            <w x="1087">
                <choice>
                    <orig>There's</orig>
                    <reg>There is</reg>
                    <reg>There</reg>
                    <reg>is</reg>
                </choice>
            </w>
            <w x="1246">place,</w>
            <w x="1357">and</w>
            <w x="1544">means,</w>
            <w x="1632">for</w>
            <w x="1783">every</w>
            <w x="1904">man</w>
            <w x="2050">alive.</w>
        </line>
        <line c="2619" h="61" n="32">
            <w x="968">
                <choice>
                    <orig>I'll</orig>
                    <reg>I will</reg>
                    <reg>I</reg>
                    <reg>will</reg>
                </choice>
            </w>
            <w x="1100">after</w>
            <w x="1255">them.</w>
            <w x="2247">[Exit.</w>
        </line>
    </div>
</body>
