<body>
    <div id="2" x="268" y="1281" group="1" width="895" height="616" type="wavyscore"
        sealts="460_5_5.259" attribution="HM" mode="other" play="1d">
        <line c="1313" h="38" n="17">
            <w x="445">Agam.</w>
            <w x="599">Princes,</w>
        </line>
        <line c="1355" h="44" n="18">
            <w x="393">What</w>
            <w x="481">grief</w>
            <w x="564">hath</w>
            <w x="621">set</w>
            <w x="682">the</w>
            <w x="824">jaundice</w>
            <w x="875">on</w>
            <w x="958">your</w>
            <w x="1098">cheeks?</w>
        </line>
        <div id="3" x="293" y="1362" group="1" width="649" height="49" type="underline"
            sealts="460_5_5.259" attribution="HM" mode="other" play="1d">
            <line n="19" h="55" c="1389">
                <w x="372">The</w>
                <w x="484">ample</w>
                <w x="672">proposition,</w>
                <w x="751">that</w>
                <w x="836">hope</w>
                <w x="941">makes</w>
            </line>
            <line n="20" h="41" c="1432">
                <w x="345">In</w>
                <w x="401">all</w>
                <w x="525">designs</w>
                <w x="633">begun</w>
                <w x="685">on</w>
                <w x="776">earth</w>
                <w x="887">below,</w>
            </line>
            <line c="1475" h="50" n="21">
                <w x="387">Fails</w>
                <w x="428">in</w>
                <w x="490">the</w>
                <w x="641">promised</w>
                <w x="819">largeness;</w>
            </line>
        </div>
        <line c="1475" h="50" n="21">
            <w x="934">checks</w>
            <w x="1004">and</w>
            <w x="1149">disasters</w>
        </line>
        <line c="1511" h="43" n="22">
            <w x="392">Grow</w>
            <w x="435">in</w>
            <w x="497">the</w>
            <w x="590">veins</w>
            <w x="636">of</w>
            <w x="758">actions</w>
            <w x="884">highest</w>
            <w x="1011">reared;</w>
        </line>
        <line c="1552" h="44" n="23">
            <w x="343">As</w>
            <w x="450">knots,</w>
            <w x="503">by</w>
            <w x="565">the</w>
            <w x="692">conflux</w>
            <w x="738">of</w>
            <w x="879">meeting</w>
            <w x="952">sap,</w>
        </line>
        <line c="1590" h="45" n="24">
            <w x="395">Infect</w>
            <w x="455">the</w>
            <w x="558">sound</w>
            <w x="647">pine,</w>
            <w x="719">and</w>
            <w x="822">divert</w>
            <w x="878">his</w>
            <w x="970">grain</w>
        </line>
        <line c="1630" h="45" n="25">
            <w x="417">Tortive</w>
            <w x="487">and</w>
            <w x="594">errant</w>
            <w x="677">from</w>
            <w x="733">his</w>
            <w x="842">course</w>
            <w x="889">of</w>
            <w x="1016">growth.</w>
        </line>
        <line c="1667" h="41" n="26">
            <w x="370">Nor,</w>
            <w x="504">princes,</w>
            <w x="544">is</w>
            <w x="580">it</w>
            <w x="694">matter</w>
            <w x="773">new</w>
            <w x="816">to</w>
            <w x="871">us,</w>
        </line>
        <line c="1707" h="43" n="27">
            <w x="379">That</w>
            <w x="437">we</w>
            <w x="530">come</w>
            <w x="621">short</w>
            <w x="667">of</w>
            <w x="735">our</w>
            <w x="866">suppose</w>
            <w x="911">so</w>
            <w x="974">far,</w>
        </line>
        <line c="1748" h="44" n="28">
            <w x="387">That,</w>
            <w x="474">after</w>
            <w x="572">seven</w>
            <w x="675">years'</w>
            <w x="776">siege,</w>
            <w x="840">yet</w>
            <w x="931">Troy</w>
            <w x="1023">walls</w>
            <w x="1137">stand;</w>
        </line>
        <line c="1787" h="42" n="29">
            <w x="366">
                <choice>
                    <orig>Sith</orig>
                    <reg>Since</reg>
                </choice>
            </w>
            <w x="463">every</w>
            <w x="569">action</w>
            <w x="644">that</w>
            <w x="725">hath</w>
            <w x="812">gone</w>
            <w x="929">before,</w>
        </line>
        <line c="1824" h="38" n="30">
            <w x="438">Whereof</w>
            <w x="502">we</w>
            <w x="586">have</w>
            <w x="704">record,</w>
            <w x="782">trial</w>
            <w x="842">did</w>
            <w x="935">draw</w>
        </line>
    </div>
</body>
