<body>
    <div id="2" x="289" y="702" group="1" width="1341" height="79" type="checkmark"
        sealts="460_6_6.033" attribution="HM" mode="tragedy" play="3c">
        <line n="2" h="79" c="742">
            <w x="494">Which</w>
            <w x="743">sometime</w>
            <w x="873">hath</w>
            <w x="963">his</w>
            <w x="1089">hour</w>
            <w x="1215">with</w>
            <w x="1374">every</w>
            <w x="1528">man.</w>
        </line>
    </div>
    <div id="3" x="291" y="1386" group="2" width="1259" height="141" type="checkmark"
        sealts="460_6_6.033" attribution="HM" mode="tragedy" play="3c">
        <line n="13" h="70" c="1421">
            <w x="410">To</w>
            <w x="540">walk</w>
            <w x="809">unbraced,</w>
            <w x="919">and</w>
            <w x="1045">suck</w>
            <w x="1124">up</w>
        </line>
        <div id="4" x="297" y="1399" group="2" width="341" height="52" type="underline"
            sealts="460_6_6.033" attribution="HM" mode="tragedy" play="3c">
            <line n="13" h="70" c="1421">
                <blank x="1130"/>
                <w x="1219">the</w>
                <w x="1422">humors</w>
            </line>
            <line n="14" h="70" c="1491">
                <w x="388">Of</w>
                <w x="491">the</w>
                <w x="635">dank</w>
                <w x="882">morning?</w>
            </line>
        </div>
        <line n="14" h="70" c="1491">
            <w x="1111">What,</w>
            <w x="1171">is</w>
            <w x="1360">Brutus</w>
            <w x="1517">sick?</w>
        </line>
    </div>
    <div id="5" x="527" y="1578" group="3" width="837" height="65" type="underline"
        sealts="460_6_6.033" attribution="HM" mode="tragedy" play="3c">
        <line n="16" h="65" c="1611">
            <w x="619">the</w>
            <w x="730">vile</w>
            <w x="981">contagion</w>
            <w x="1060">of</w>
            <w x="1149">the</w>
            <w x="1341">night?</w>
        </line>
    </div>
    <div id="6" x="593" y="1643" group="4" width="764" height="72" type="underline"
        sealts="460_6_6.033" attribution="HM" mode="tragedy" play="3c">
        <line n="17" h="72" c="1679">
            <w x="699">the</w>
            <w x="895">rheumy</w>
            <w x="1010">and</w>
            <w x="1261">unpurged</w>
            <w x="1349">air</w>
        </line>
    </div>
</body>
