<body>
    <div id="2" x="948" y="2798" group="1" width="1340" height="138" type="checkmark3"
        sealts="460_2_2.402" attribution="HM" mode="comedy" play="11a">
        <line n="33" h="69" c="2832">
            <w x="1155">Mar.</w>
            <w x="1300">
                <choice>
                    <orig>He's</orig>
                    <reg>He is</reg>
                    <reg>He</reg>
                    <reg>is</reg>
                </choice>
            </w>
            <w x="1539">shrewdly</w>
            <w x="1712">vexed</w>
            <w x="1804">at</w>
            <w x="2088">something.</w>
            <w x="2286">Look,</w>
        </line>
        <line n="34" h="69" c="2901">
            <w x="1023">he</w>
            <w x="1124">has</w>
            <w x="1262">spied</w>
            <w x="1341">us.</w>
        </line>
    </div>
</body>
