<body>
    <div id="2" x="841" y="1283" group="1" width="1323" height="199" type="score" sealts="460_7_7.126" attribution="HM"
        mode="tragedy" play="7c">
        <line c="1329" h="69" n="11">
            <w x="1041">Gon.</w>
            <w x="1193">Say,</w>
            <w x="1256">if</w>
            <w x="1293">I</w>
            <w x="1399">do;</w>
            <w x="1499">the</w>
            <w x="1630">laws</w>
            <w x="1724">are</w>
            <w x="1879">mine,</w>
            <w x="1983">not</w>
            <w x="2131">thine.</w>
        </line>
        <line c="1392" h="65" n="12">
            <w x="981">Who</w>
            <w x="1112">shall</w>
            <w x="1304">arraign</w>
            <w x="1397">me</w>
            <w x="1552">
                <choice>
                    <orig>for't?</orig>
                    <reg>for it?</reg>
                    <reg>for</reg>
                    <reg>it?</reg>
                </choice>
            </w>
        </line>
        <line c="1446" h="52" n="13">
            <w x="1028">Alb.</w>
            <w x="1729">Most</w>
            <w x="2018">monstrous!</w>
        </line>
    </div>
</body>
