<body>
    <div id="2" x="390" y="1330" group="1" width="1358" height="124" type="diagonalscore"
        sealts="460_1_c293" attribution="HM" mode="comedy" play="4a">
        <line n="11" h="62" c="1361">
            <w x="496">and</w>
            <w x="590">full</w>
            <w x="668">of</w>
            <w x="948">invention:</w>
            <w x="1116">taunt</w>
            <w x="1224">him</w>
            <w x="1364">with</w>
            <w x="1474">the</w>
            <w x="1672">license</w>
            <w x="1740">of</w>
        </line>
        <line n="12" h="62" c="1423">
            <w x="514">ink:</w>
            <w x="586">if</w>
            <w x="724">thou</w>
            <w x="916">
                <choice>
                    <orig>thou'st</orig>
                    <reg>thou</reg>
                </choice>
            </w>
            <w x="1038">him</w>
            <w x="1192">some</w>
            <w x="1362">thrice,</w>
            <w x="1434">it</w>
            <w x="1582">shall</w>
            <w x="1680">not</w>
            <w x="1746">be</w>
        </line>
    </div>
</body>
