<body>
    <div id="2" x="746" y="1033" group="1" width="1382" height="197" type="score2" sealts="460_1_c382" attribution="HM"
        mode="comedy" play="5a">
        <line c="1069" h="56" n="7">
            <w x="969">Lucio.</w>
            <w x="1101">Sir,</w>
            <w x="1147">I</w>
            <w x="1306">know</w>
            <w x="1433">him,</w>
            <w x="1545">and</w>
            <w x="1589">I</w>
            <w x="1708">love</w>
            <w x="1835">him.</w>
        </line>
        <line c="1136" h="64" n="8">
            <w x="964">Duke.</w>
            <w x="1135">Love</w>
            <w x="1305">talks</w>
            <w x="1464">with</w>
            <w x="1663">better</w>
            <w x="1989">knowledge,</w>
            <w x="2124">and</w>
        </line>
        <line c="1197" h="61" n="9">
            <w x="1014">knowledge</w>
            <w x="1147">with</w>
            <w x="1322">dearer</w>
            <w x="1454">love.</w>
        </line>
    </div>
</body>
