<body>
    <div id="2" x="858" y="2005" group="1" width="1280" height="266" type="score" sealts="460_7_7.464" attribution="HM"
        mode="tragedy" play="10c">
        <line c="2055" h="65" n="23">
            <w x="1044">Oth.</w>
            <w x="1680">By</w>
            <w x="1776">the</w>
            <w x="1948">world,</w>
        </line>
        <line c="2114" h="63" n="24">
            <w x="895">I</w>
            <w x="1044">think</w>
            <w x="1139">my</w>
            <w x="1261">wife</w>
            <w x="1338">be</w>
            <w x="1530">honest,</w>
            <w x="1641">and</w>
            <w x="1790">think</w>
            <w x="1888">she</w>
            <w x="1948">is</w>
            <w x="2073">not;</w>
        </line>
        <line c="2175" h="63" n="25">
            <w x="894">I</w>
            <w x="1044">think</w>
            <w x="1160">that</w>
            <w x="1286">thou</w>
            <w x="1374">art</w>
            <w x="1494">just,</w>
            <w x="1604">and</w>
            <w x="1755">think</w>
            <w x="1879">thou</w>
            <w x="1969">art</w>
            <w x="2094">not;</w>
        </line>
        <line c="2237" h="62" n="26">
            <w x="940">
                <choice>
                    <orig>I'll</orig>
                    <reg>I will</reg>
                    <reg>I</reg>
                    <reg>will</reg>
                </choice>
            </w>
            <w x="1070">have</w>
            <w x="1212">some</w>
            <w x="1369">proof.</w>
            <w x="1531">Her</w>
            <w x="1695">name,</w>
            <w x="1813">that</w>
            <w x="1925">was</w>
            <w x="1994">as</w>
            <w x="2132">fresh</w>
        </line>
    </div>
</body>
