<body>
	<div id="2" x="608" y="669" group="1" width="846" height="83" type="diagonalscore"
		sealts="460_5_5.170" attribution="HM" mode="history" play="6b">
		<line n="5" h="43" c="690">
			<w x="746">
				<choice>
					<orig>There's</orig>
					<reg>There is</reg>
					<reg>There</reg>
					<reg>is</reg>
				</choice>
			</w>
			<w x="858">places</w>
			<w x="901">of</w>
			<w x="1027">rebuke.</w>
		</line>
		<div id="3" x="608" y="671" group="1" width="253" height="39" type="underline"
			sealts="460_5_5.170" attribution="HM" mode="history" play="6b">
			<line n="5" h="43" c="690">
				<blank x="1019"/>
				<w x="1119">He</w>
				<w x="1188">was</w>
				<w x="1222">a</w>
				<w x="1306">fool;</w>
			</line>
			<line n="6" h="43" c="733">
				<w x="681">For</w>
				<w x="733">he</w>
				<w x="839">would</w>
				<w x="943">needs</w>
				<w x="988">be</w>
				<w x="1130">virtuous.</w>
			</line>
		</div>
		<line n="6" h="43" c="733">
			<w x="1251">That</w>
			<w x="1340">good</w>
			<w x="1455">fellow,</w>
		</line>
	</div>
</body>
