<body>
    <div id="2" x="805" y="930" group="1" width="1121" height="134" type="arcedscore"
        sealts="460_6_6.102" attribution="HM" mode="tragedy" play="4c">
        <line n="5" h="67" c="963">
            <w x="999">(Whose</w>
            <w x="1128">love</w>
            <w x="1190">is</w>
            <w x="1336">never</w>
            <w x="1512">linked</w>
            <w x="1582">to</w>
            <w x="1679">the</w>
            <w x="1903">deserver,</w>
        </line>
        <line n="6" h="67" c="1030">
            <w x="920">Till</w>
            <w x="1005">his</w>
            <w x="1194">deserts</w>
            <w x="1282">are</w>
            <w x="1418">past)</w>
            <w x="1586">begin</w>
            <w x="1656">to</w>
            <w x="1860">throw</w>
        </line>
    </div>
</body>
