<body>
    <div id="2" x="954" y="844" group="1" width="1198" height="259" type="score2" sealts="460_3_3.336" attribution="HM"
        mode="history" play="1b">
        <line c="881" h="58" n="4">
            <w x="1148">Bast.</w>
            <w x="1485">Go,</w>
            <w x="1612">bear</w>
            <w x="1724">him</w>
            <w x="1791">in</w>
            <w x="1933">thine</w>
            <w x="2149">arms.&#8212;</w>
        </line>
        <line c="946" h="67" n="5">
            <w x="984">I</w>
            <w x="1313">am</w>
            <w x="1319">amazed,</w>
            <w x="1572">methinks,</w>
            <w x="1684">and</w>
            <w x="1797">lose</w>
            <w x="1893">my</w>
            <w x="2014">way</w>
        </line>
        <line c="1010" h="69" n="6">
            <w x="1139">Among</w>
            <w x="1234">the</w>
            <w x="1404">thorns</w>
            <w x="1514">and</w>
            <w x="1724">dangers</w>
            <w x="1797">of</w>
            <w x="1897">this</w>
            <w x="2134">world.&#8212;</w>
        </line>
        <line c="1070" h="66" n="7">
            <w x="1083">How</w>
            <w x="1208">easy</w>
            <w x="1329">dost</w>
            <w x="1455">thou</w>
            <w x="1579">take</w>
            <w x="1658">all</w>
            <w x="1888">England</w>
            <w x="1994">up:</w>
        </line>
    </div>
</body>
