<body>
    <div id="2" x="297" y="1227" group="1" width="877" height="82" type="enclosure" sealts="460_5_5.311" attribution="HM"
        mode="other" play="1d">
        <line n="19" h="38" c="1246">
            <w x="442">Achil.</w>
            <w x="523">My</w>
            <w x="615">mind</w>
            <w x="651">is</w>
            <w x="801">troubled,</w>
            <w x="871">like</w>
            <w x="904">a</w>
            <w x="1046">fountain</w>
            <w x="1170">stirred:</w>
        </line>
        <line n="20" h="38" c="1284">
            <w x="375">And</w>
            <w x="407">I</w>
            <w x="518">myself</w>
            <w x="584">see</w>
            <w x="645">not</w>
            <w x="710">the</w>
            <w x="829">bottom</w>
            <w x="871">of</w>
            <w x="917">it.</w>
        </line>
    </div>
</body>
