<body>
    <div id="2" x="776" y="1098" group="1" width="1370" height="127" type="checkmark"
        sealts="460_1_c312" attribution="HM" mode="comedy" play="4a">
        <line n="8" h="63" c="1129">
            <w x="980">Mal.</w>
            <w x="1034">I</w>
            <w x="1180">think</w>
            <w x="1336">nobly</w>
            <w x="1402">of</w>
            <w x="1500">the</w>
            <w x="1628">soul,</w>
            <w x="1742">and</w>
            <w x="1818">no</w>
            <w x="1940">way</w>
            <w x="2140">approve</w>
        </line>
        <line n="9" h="63" c="1192">
            <w x="852">his</w>
            <w x="1066">opinion.</w>
        </line>
    </div>
</body>
