<body>
    <div id="2" x="372" y="836" group="1" width="1255" height="548" type="wavyscore"
        sealts="460_1_c459" attribution="HM" mode="comedy" play="6a">
        <line c="872" h="66" n="3">
            <w x="567">Hero.</w>
            <w x="655">O</w>
            <w x="781">God</w>
            <w x="852">of</w>
            <w x="994">love!</w>
            <w x="1048">I</w>
            <w x="1216">know,</w>
            <w x="1294">he</w>
            <w x="1422">doth</w>
            <w x="1619">deserve</w>
        </line>
        <line c="936" h="62" n="4">
            <w x="434">As</w>
            <w x="586">much</w>
            <w x="653">as</w>
            <w x="776">may</w>
            <w x="851">be</w>
            <w x="1043">yielded</w>
            <w x="1109">to</w>
            <w x="1157">a</w>
            <w x="1304">man;</w>
        </line>
        <line c="990" h="53" n="5">
            <w x="463">But</w>
            <w x="632">nature</w>
            <w x="785">never</w>
            <w x="970">framed</w>
            <w x="1017">a</w>
            <w x="1244">woman's</w>
            <w x="1388">heart</w>
        </line>
        <line c="1057" h="65" n="6">
            <w x="442">Of</w>
            <w x="649">prouder</w>
            <w x="781">stuff</w>
            <w x="908">than</w>
            <w x="1023">that</w>
            <w x="1091">of</w>
            <w x="1330">Beatrice.</w>
        </line>
        <line c="1116" h="61" n="7">
            <w x="559">Disdain</w>
            <w x="668">and</w>
            <w x="813">scorn</w>
            <w x="922">ride</w>
            <w x="1162">sparkling</w>
            <w x="1228">in</w>
            <w x="1325">her</w>
            <w x="1462">eyes,</w>
        </line>
        <line c="1178" h="67" n="8">
            <w x="627">
                <choice>
                    <orig>Misprising</orig>
                    <reg>Mistaking</reg>
                </choice>
            </w>
            <w x="795">what</w>
            <w x="918">they</w>
            <w x="1039">look</w>
            <w x="1141">on;</w>
            <w x="1261">and</w>
            <w x="1357">her</w>
            <w x="1456">wit</w>
        </line>
        <line c="1240" h="62" n="9">
            <w x="535">Values</w>
            <w x="677">itself</w>
            <w x="750">so</w>
            <w x="932">highly,</w>
            <w x="1050">that</w>
            <w x="1115">to</w>
            <w x="1207">her</w>
        </line>
        <line c="1293" h="54" n="10">
            <w x="446">All</w>
            <w x="623">matter</w>
            <w x="732">else</w>
            <w x="895">seems</w>
            <w x="1057">weak.</w>
            <w x="1210">She</w>
            <w x="1392">cannot</w>
            <w x="1520">love,</w>
        </line>
        <line c="1360" h="65" n="11">
            <w x="468">Nor</w>
            <w x="590">take</w>
            <w x="668">no</w>
            <w x="821">shape</w>
            <w x="920">nor</w>
            <w x="1103">project</w>
            <w x="1171">of</w>
            <w x="1409">affection,</w>
        </line>
    </div>
</body>
