<body>
    <div id="2" x="396" y="1010" group="1" width="1409" height="1007" type="score"
        sealts="460_6_6.141" attribution="HM" mode="tragedy" play="4c">
        <line c="1051" h="63" n="7">
            <w x="590">Ven.</w>
            <w x="1175">O</w>
            <w x="1345">Silius,</w>
            <w x="1517">Silius,</w>
        </line>
        <line c="1116" h="68" n="8">
            <w x="444">I</w>
            <w x="574">have</w>
            <w x="711">done</w>
            <w x="924">enough.</w>
            <w x="1032">A</w>
            <w x="1189">lower</w>
            <w x="1477">place,note</w>
            <w x="1616">well,</w>
        </line>
        <line c="1180" h="72" n="9">
            <w x="531">May</w>
            <w x="682">make</w>
            <w x="779">too</w>
            <w x="926">great</w>
            <w x="1004">an</w>
            <w x="1114">act.</w>
            <w x="1271">For</w>
            <w x="1407">learn</w>
            <w x="1532">this,</w>
            <w x="1721">Silius;</w>
        </line>
        <line c="1239" h="67" n="10">
            <w x="574">Better</w>
            <w x="642">to</w>
            <w x="786">leave</w>
            <w x="1001">undone,</w>
            <w x="1132">than</w>
            <w x="1213">by</w>
            <w x="1314">our</w>
            <w x="1449">deed</w>
        </line>
        <line c="1305" h="72" n="11">
            <w x="607">Acquire</w>
            <w x="704">too</w>
            <w x="830">high</w>
            <w x="879">a</w>
            <w x="1032">fame,</w>
            <w x="1189">when</w>
            <w x="1302">him</w>
            <w x="1399">we</w>
            <w x="1579">
                <choice>
                    <orig>serve's</orig>
                    <reg>serve is</reg>
                    <reg>serve</reg>
                    <reg>is</reg>
                </choice>
            </w>
            <w x="1751">away.</w>
        </line>
        <line c="1362" h="64" n="12">
            <w x="583">Caesar,</w>
            <w x="695">and</w>
            <w x="912">Antony,</w>
            <w x="1046">have</w>
            <w x="1172">ever</w>
            <w x="1295">won</w>
        </line>
        <line c="1411" h="62" n="13">
            <w x="542">More</w>
            <w x="611">in</w>
            <w x="747">their</w>
            <w x="929">officer,</w>
            <w x="1059">than</w>
            <w x="1255">person.</w>
            <w x="1512">Sossius,</w>
        </line>
        <line c="1486" h="65" n="14">
            <w x="518">One</w>
            <w x="592">of</w>
            <w x="683">my</w>
            <w x="828">place</w>
            <w x="895">in</w>
            <w x="1063">Syria,</w>
            <w x="1153">his</w>
            <w x="1434">lieutenant,</w>
        </line>
        <line c="1548" h="64" n="15">
            <w x="501">For</w>
            <w x="655">quick</w>
            <w x="1000">accumulation</w>
            <w x="1072">of</w>
            <w x="1283">renown,</w>
        </line>
        <line c="1611" h="67" n="16">
            <w x="574">Which</w>
            <w x="651">he</w>
            <w x="884">achieved</w>
            <w x="966">by</w>
            <w x="1063">the</w>
            <w x="1269">minute,</w>
            <w x="1378">lost</w>
            <w x="1466">his</w>
            <w x="1622">favor.</w>
        </line>
        <line c="1676" h="70" n="17">
            <w x="532">Who;</w>
            <w x="657">does</w>
            <w x="708">
                <choice>
                    <orig>i'</orig>
                    <reg>in</reg>
                </choice>
            </w>
            <w x="797">the</w>
            <w x="945">wars</w>
            <w x="1074">more</w>
            <w x="1204">than</w>
            <w x="1293">his</w>
            <w x="1487">captain</w>
            <w x="1611">can,</w>
        </line>
        <line c="1737" h="66" n="18">
            <w x="631">Becomes</w>
            <w x="720">his</w>
            <w x="954">captain's</w>
            <w x="1180">captain;</w>
            <w x="1300">and</w>
            <w x="1549">ambition,</w>
        </line>
        <line c="1801" h="71" n="19">
            <w x="526">The</w>
            <w x="732">soldier's</w>
            <w x="907">virtue,</w>
        </line>
        <div id="3" x="408" y="1767" group="1" width="707" height="69" type="underline"
            sealts="460_6_6.141" attribution="HM" mode="tragedy" play="4c">
            <line c="1801" h="71" n="19">
                <blank x="925"/>
                <w x="1080">rather</w>
                <w x="1251">makes</w>
                <w x="1424">choice</w>
                <w x="1496">of</w>
                <w x="1612">loss,</w>
            </line>
            <line c="1859" h="63" n="20">
                <w x="551">Than</w>
                <w x="687">gain,</w>
            </line>
        </div>
        <line c="1859" h="63" n="20">
            <w x="857">which</w>
            <w x="1080">darkens</w>
            <w x="1196">him.</w>
        </line>
        <line c="1922" h="72" n="21">
            <w x="434">I</w>
            <w x="538">could</w>
            <w x="663">do</w>
            <w x="803">more</w>
            <w x="872">to</w>
            <w x="949">do</w>
            <w x="1190">Antonius</w>
            <w x="1340">good,</w>
        </line>
        <line c="1983" h="62" n="22">
            <w x="503">But</w>
            <w x="706">
                <choice>
                    <orig>'twould</orig>
                    <reg>it would</reg>
                    <reg>it</reg>
                    <reg>would</reg>
                </choice>
            </w>
            <w x="875">offend</w>
            <w x="1016">him;</w>
            <w x="1137">and</w>
            <w x="1205">in</w>
            <w x="1294">his</w>
            <w x="1495">offence</w>
        </line>
    </div>
</body>
