<body>
    <div id="2" x="270" y="1450" group="1" width="1310" height="197" type="score" sealts="460_6_6.029" attribution="HM"
        mode="tragedy" play="3c">
        <line c="1487" h="60" n="14">
            <w x="418">Did</w>
            <w x="555">need</w>
            <w x="634">an</w>
            <w x="790">oath;</w>
            <w x="958">when</w>
            <w x="1112">every</w>
            <w x="1241">drop</w>
            <w x="1313">of</w>
            <w x="1472">blood,</w>
        </line>
        <line c="1550" h="61" n="15">
            <w x="448">That</w>
            <w x="600">every</w>
            <w x="797">Roman</w>
            <w x="960">bears,</w>
            <w x="1072">and</w>
            <w x="1228">nobly</w>
            <w x="1394">bears,</w>
        </line>
        <line c="1614" h="62" n="16">
            <w x="371">Is</w>
            <w x="535">guilty</w>
            <w x="607">of</w>
            <w x="649">a</w>
            <w x="848">several</w>
            <w x="1081">bastardy,</w>
        </line>
    </div>
</body>
