<body>
    <div id="2" x="290" y="1074" group="1" width="173" height="57" type="underline"
        sealts="460_5_5.397" attribution="HM" mode="tragedy" play="1c">
        <line n="16" h="57" c="1102">
            <blank x="490"/>
            <w x="587">Why,</w>
            <w x="648">this</w>
        </line>
        <line n="17" h="42" c="1146">
            <w x="340">Is</w>
            <w x="403">the</w>
            <w x="525">world's</w>
            <w x="610">soul;</w>
        </line>
    </div>
</body>
