<body>
    <div id="2" x="783" y="2532" group="1" width="1385" height="316" type="score3" sealts="460_6_6.084" attribution="HM"
        mode="tragedy" play="3c">
        <line c="2571" h="63" n="29">
            <w x="986">Mes.</w>
            <w x="1223">Mistrust</w>
            <w x="1287">of</w>
            <w x="1413">good</w>
            <w x="1598">success</w>
            <w x="1718">hath</w>
            <w x="1846">done</w>
            <w x="1945">this</w>
            <w x="2086">deed.</w>
        </line>
        <line c="2632" h="59" n="30">
            <w x="862">O</w>
            <w x="1046">hateful</w>
            <w x="1192">error,</w>
            <w x="1518">melancholy's</w>
            <w x="1677">child!</w>
        </line>
        <line c="2696" h="68" n="31">
            <w x="936">Why</w>
            <w x="1053">dost</w>
            <w x="1176">thou</w>
            <w x="1319">show</w>
            <w x="1385">to</w>
            <w x="1479">the</w>
            <w x="1576">apt</w>
            <w x="1800">thoughts</w>
            <w x="1871">of</w>
            <w x="1986">men</w>
        </line>
        <line c="2755" h="67" n="32">
            <w x="919">The</w>
            <w x="1086">things</w>
            <w x="1200">that</w>
            <w x="1291">are</w>
            <w x="1425">not?</w>
            <w x="1530">O</w>
            <w x="1678">error,</w>
            <w x="1806">soon</w>
            <w x="2073">conceived,</w>
        </line>
        <line c="2814" h="60" n="33">
            <w x="950">Thou</w>
            <w x="1101">never</w>
            <w x="1276">
                <choice>
                    <orig>com'st</orig>
                    <reg>come</reg>
                </choice>
            </w>
            <w x="1401">unto</w>
            <w x="1447">a</w>
            <w x="1612">happy</w>
            <w x="1758">birth,</w>
        </line>
    </div>
</body>
