<body>
	<div id="2" x="650" y="1972" group="1" width="1358" height="189" type="score" sealts="460_3_3.008" attribution="HM"
		mode="comedy" play="13a">
		<line n="22" h="63" c="2003">
			<w x="769">they</w>
			<w x="942">should</w>
			<w x="1099">desire</w>
			<w x="1168">to</w>
			<w x="1291">live.</w>
		</line>
		<line n="23" h="63" c="2066">
			<w x="858">Arch.</w>
			<w x="957">If</w>
			<w x="1045">the</w>
			<w x="1194">king</w>
			<w x="1297">had</w>
			<w x="1377">no</w>
			<w x="1496">son,</w>
			<w x="1617">they</w>
			<w x="1787">would</w>
			<w x="1944">desire</w>
			<w x="2009">to</w>
		</line>
		<line n="24" h="63" c="2129">
			<w x="747">live</w>
			<w x="823">on</w>
			<w x="1045">crutches</w>
			<w x="1128">till</w>
			<w x="1211">he</w>
			<w x="1310">had</w>
			<w x="1433">one.</w>
			<w x="2005">[Exeunt.</w>
		</line>
	</div>
</body>
