<body>
    <div id="2" x="786" y="913" group="1" width="1333" height="134" type="score" sealts="460_6_6.138" attribution="HM"
        mode="tragedy" play="4c">
        <line n="5" h="67" c="946">
            <w x="920">Who</w>
            <w x="1079">seeks,</w>
            <w x="1187">and</w>
            <w x="1299">will</w>
            <w x="1393">not</w>
            <w x="1529">take,</w>
            <w x="1682">when</w>
            <w x="1823">once</w>
            <w x="1914">
                <choice>
                    <orig>'tis</orig>
                    <reg>it is</reg>
                    <reg>it</reg>
                    <reg>is</reg>
                </choice>
            </w>
            <w x="2106">offered,</w>
        </line>
        <line n="6" h="67" c="1013">
            <w x="928">Shall</w>
            <w x="1079">never</w>
            <w x="1187">find</w>
            <w x="1246">it</w>
            <w x="1397">more.</w>
        </line>
    </div>
</body>
