<body>
    <div id="2" x="989" y="2063" group="1" width="1344" height="301" type="score" sealts="460_2_2.316" attribution="HM"
        mode="comedy" play="10a">
        <line c="2098" h="59" n="18">
            <w x="1032">is</w>
            <w x="1109">all</w>
            <w x="1280">these:</w>
            <w x="1392">but</w>
            <w x="1447">it</w>
            <w x="1503">is</w>
            <w x="1552">a</w>
            <w x="1843">melancholy</w>
            <w x="1920">of</w>
            <w x="2053">mine</w>
            <w x="2193">own,</w>
            <w x="2330">
                <choice>
                    <hyph>com-</hyph>
                    <reg>compounded</reg>
                </choice>
            </w>
        </line>
        <line c="2160" h="60" n="19">
            <w x="1198" endhyph="true">pounded</w>
            <w x="1264">of</w>
            <w x="1411">many</w>
            <w x="1615">simples,</w>
            <w x="1854">extracted</w>
            <w x="1978">from</w>
            <w x="2125">many</w>
            <w x="2328">objects;</w>
        </line>
        <line c="2216" h="67" n="20">
            <w x="1096">and,</w>
            <w x="1292">indeed,</w>
            <w x="1396">the</w>
            <w x="1591">sundry</w>
            <w x="1946">contemplation</w>
            <w x="2028">of</w>
            <w x="2127">my</w>
            <w x="2327">travels;</w>
        </line>
        <line c="2281" h="60" n="21">
            <w x="1153">which,</w>
            <w x="1234">by</w>
            <w x="1374">often</w>
            <w x="1684">rumination,</w>
            <w x="1849">wraps</w>
            <w x="1952">me</w>
            <w x="2032">in</w>
            <w x="2091">a</w>
            <w x="2231">most</w>
            <w x="2329">
                <choice>
                    <hyph>hu-</hyph>
                    <reg>humorous</reg>
                </choice>
            </w>
        </line>
        <line c="2335" h="45" n="22">
            <w x="1167" endhyph="true">morous</w>
            <w x="1397">sadness.</w>
        </line>
    </div>
    <div id="3" x="990" y="2369" group="1" width="1350" height="252" type="score" sealts="460_2_2.316" attribution="HM"
        mode="comedy" play="10a">
        <line c="2402" h="59" n="23">
            <w x="1160">Ros.</w>
            <w x="1245">A</w>
            <w x="1504">
                <choice>
                    <orig>traveller!</orig>
                    <reg>traveler!</reg>
                </choice>
            </w>
            <w x="1640">By</w>
            <w x="1746">my</w>
            <w x="1902">faith,</w>
            <w x="2026">you</w>
            <w x="2169">have</w>
            <w x="2330">great</w>
        </line>
        <line c="2462" h="61" n="24">
            <w x="1148">reason</w>
            <w x="1210">to</w>
            <w x="1285">be</w>
            <w x="1413">sad;</w>
            <w x="1468">I</w>
            <w x="1575">fear</w>
            <w x="1680">you</w>
            <w x="1810">have</w>
            <w x="1923">sold</w>
            <w x="2050">your</w>
            <w x="2170">own</w>
            <w x="2326">lands,</w>
        </line>
        <line c="2521" h="55" n="25">
            <w x="1042">to</w>
            <w x="1135">see</w>
            <w x="1280">other</w>
            <w x="1477">men's;</w>
            <w x="1630">then,</w>
            <w x="1699">to</w>
            <w x="1839">have</w>
            <w x="1978">seen</w>
            <w x="2153">much,</w>
            <w x="2262">and</w>
            <w x="2328">to</w>
        </line>
        <line c="2585" h="61" n="26">
            <w x="1103">have</w>
            <w x="1320">nothing,</w>
            <w x="1384">is"</w>
            <w x="1445">to</w>
            <w x="1574">have</w>
            <w x="1686">rich</w>
            <w x="1809">eyes</w>
            <w x="1915">and</w>
            <w x="2039">poor</w>
            <w x="2209">hands.</w>
        </line>
    </div>
</body>
