<body>
	<div id="2" x="655" y="1763" group="1" width="704" height="54" type="crosschecks2"
		sealts="460_5_5.192" attribution="HM" mode="history" play="6b">
		<line n="32" h="54" c="1790">
			<div id="3" x="642" y="1761" group="1" width="354" height="57" type="underline"
				sealts="460_5_5.192" attribution="HM" mode="history" play="6b">
					<w x="687">A</w>		
				<div id="4" x="690" y="1767" group="1" width="132" height="42" type="underline2"
					sealts="460_5_5.192" attribution="HM" mode="history" play="6b">
					<w x="817">spleeny</w>
				</div>
					<w x="988">Lutheran;</w>			
			</div>
			<w x="1068">and</w>
			<w x="1132">not</w>
			<w x="1317">wholesome</w>
			<w x="1358">to</w>
		</line>
	</div>
</body>
