<body>
    <div id="2" x="911" y="1634" group="1" width="1416" height="384" type="score2"
        sealts="460_7_7.384" attribution="HM" mode="tragedy" play="9c">
        <line c="1683" h="71" n="17">
            <w x="1078">bevy,</w>
            <w x="1209">that,</w>
            <w x="1253">I</w>
            <w x="1424">know,</w>
            <w x="1522">the</w>
            <w x="1696">drossy</w>
            <w x="1799">age</w>
            <w x="1957">dotes</w>
            <w x="2056">on)</w>
        </line>
        <div id="3" x="919" y="1630" group="1" width="239" height="83" type="underline"
            type2="score2" sealts="460_7_7.384" attribution="HM" mode="tragedy" play="9c">
            <line c="1683" h="71" n="17">
                <blank x="2080"/>
                <w x="2202">only</w>
                <w x="2299">got</w>
            </line>
            <line c="1741" h="63" n="18">
                <w x="1020">the</w>
                <w x="1146">tune</w>
                <w x="1216">of</w>
                <w x="1310">the</w>
                <w x="1444">time,</w>
            </line>
        </div>
        <line c="1741" h="63" n="18">
            <w x="1551">and</w>
            <w x="1771">outward</w>
            <w x="1909">habit</w>
            <w x="1976">of</w>
            <w x="2290">encounter;</w>
        </line>
        <line c="1799" h="75" n="19">
            <w x="968">a</w>
            <w x="1101">kind</w>
            <w x="1162">of</w>
            <w x="1305">
                <choice>
                    <orig>yesty</orig>
                    <reg>yeasty</reg>
                </choice>
            </w>
            <w x="1561">collection,</w>
            <w x="1732">which</w>
            <w x="1915">carries</w>
            <w x="2069">them</w>
            <w x="2288">through</w>
        </line>
        <line c="1864" h="65" n="20">
            <w x="1018">and</w>
            <w x="1226">through</w>
            <w x="1323">the</w>
            <w x="1460">most</w>
            <w x="1641">fanned</w>
            <w x="1752">and</w>
            <w x="2019">winnowed</w>
            <w x="2254">opinions;</w>
        </line>
        <line c="1923" h="57" n="21">
            <w x="1016">and</w>
            <w x="1095">do</w>
            <w x="1195">but</w>
            <w x="1343">blow</w>
            <w x="1494">them</w>
            <w x="1573">to</w>
            <w x="1717">their</w>
            <w x="1858">trial,</w>
            <w x="1956">the</w>
            <w x="2175">bubbles</w>
            <w x="2284">are</w>
        </line>
        <line c="1982" h="35" n="22">
            <w x="1018">out.</w>
        </line>
    </div>
</body>
