<body>
    <div id="2" x="949" y="2742" group="1" width="1292" height="186" type="arcedscore"
        sealts="460_1_c056" attribution="HM" mode="comedy" play="1a">
        <line c="2780" h="61" n="33">
            <w x="1855">[Exeunt</w>
            <w x="1984">SEB.</w>
            <w x="2100">and</w>
            <w x="2235">ANT.</w>
        </line>
        <line c="2842" h="66" n="34">
            <w x="1066">Gon.</w>
            <w x="1181">All</w>
            <w x="1325">three</w>
            <w x="1402">of</w>
            <w x="1547">them</w>
            <w x="1651">are</w>
            <w x="1939">desperate;</w>
            <w x="2085">their</w>
            <w x="2239">great</w>
        </line>
        <line c="2902" h="61" n="35">
            <w x="1258">guilt,</w>
        </line>
    <div id="3" x="878" y="2930" group="1" width="1144" height="69" type="underline"
        type2="arcedscore" sealts="460_1_c056" attribution="HM" mode="comedy" play="1a">
        <line n="36" h="69" c="2964">
            <w x="1020">Like</w>
            <w x="1192">poison</w>
            <w x="1342">given</w>
            <w x="1414">to</w>
            <w x="1556">work</w>
            <w x="1602">a</w>
            <w x="1748">great</w>
            <w x="1876">time</w>
            <w x="2022">after,</w>
        </line>
    </div>
    </div>
</body>
