<body>
    <div id="2" x="386" y="852" group="1" width="1150" height="192" type="score" sealts="460_1_c407" attribution="HM"
        mode="comedy" play="5a">
        <line c="893" h="61" n="4">
            <w x="462">To</w>
            <w x="618">speak</w>
            <w x="783">before</w>
            <w x="911">your</w>
            <w x="1151">time.</w>
            <w x="1321">&#8212;Proceed.</w>
        </line>
        <line c="947" h="47" n="5">
            <w x="563">Isab.</w>
            <w x="1387">I</w>
            <w x="1530">went</w>
        </line>
        <line c="1016" h="62" n="6">
            <w x="461">To</w>
            <w x="567">this</w>
            <w x="831">pernicious</w>
            <w x="994">caitiff</w>
            <w x="1191">deputy.</w>
        </line>
    </div>
    <div id="3" x="632" y="1049" group="1" width="793" height="63" type="underline" sealts="460_1_c407" attribution="HM"
        mode="comedy" play="5a">
        <line n="7" h="63" c="1080">
            <w x="808">
                <choice>
                    <orig>That's</orig>
                    <reg>That is</reg>
                    <reg>That</reg>
                    <reg>is</reg>
                </choice>
            </w>
            <w x="1070">somewhat</w>
            <w x="1230">madly</w>
            <w x="1422">spoken.</w>
        </line>
    </div>
    <div id="4" x="448" y="2078" group="2" width="1036" height="64" type="crosschecks3"
        sealts="460_1_c407" attribution="HM" mode="comedy" play="5a">
        <line n="24" h="64" c="2110">
            <w x="588">Isab.</w>
            <w x="682">O,</w>
            <w x="790">that</w>
            <w x="850">it</w>
            <w x="990">were</w>
            <w x="1056">as</w>
            <w x="1168">like</w>
            <w x="1234">as</w>
            <w x="1282">it</w>
            <w x="1350">is</w>
            <w x="1482">true!</w>
        </line>
    </div>
</body>
