<body>
    <div id="2" x="280" y="1265" group="1" width="705" height="97" type="score" sealts="460_5_5.367" attribution="HM"
        mode="tragedy" play="1c">
        <line n="19" h="43" c="1287">
            <w x="362">
                <choice>
                    <orig>'Tis</orig>
                    <reg>It is</reg>
                    <reg>It</reg>
                    <reg>is</reg>
                </choice>
            </w>
            <w x="424">not</w>
            <w x="546">enough</w>
            <w x="590">to</w>
            <w x="664">help</w>
            <w x="729">the</w>
            <w x="831">feeble</w>
            <w x="892">up,</w>
        </line>
        <line n="20" h="43" c="1330">
            <w x="356">But</w>
            <w x="398">to</w>
            <w x="527">support</w>
            <w x="599">him</w>
            <w x="727">after.&#8212;</w>
            <w x="805">Fare</w>
            <w x="871">you</w>
            <w x="957">well.</w>
        </line>
    </div>
</body>
