<body>
    <div id="2" x="292" y="2318" group="1" width="1061" height="73" type="checkmark"
        sealts="460_6_6.119" attribution="HM" mode="tragedy" play="4c">
        <line n="28" h="73" c="2355">
            <w x="399">For</w>
            <w x="493">
                <choice>
                    <orig>'tis</orig>
                    <reg>it is</reg>
                    <reg>it</reg>
                    <reg>is</reg>
                </choice>
            </w>
            <w x="541">a</w>
            <w x="746">studied,</w>
            <w x="848">not</w>
            <w x="908">a</w>
            <w x="1096">present</w>
            <w x="1330">thought;</w>
        </line>
    </div>
    <div id="3" x="294" y="2384" group="1" width="523" height="74" type="checkmark" sealts="460_6_6.119" attribution="HM"
        mode="tragedy" play="4c">
        <line n="29" h="74" c="2421">
            <w x="385">By</w>
            <w x="518">duty</w>
            <w x="805">ruminated.</w>
        </line>
    </div>
</body>
