<body>
    <div id="2" x="752" y="2015" group="1" width="1382" height="132" type="underline" sealts="460_1_c310"
        attribution="HM" mode="comedy" play="4a">
        <line n="1" h="66" c="2048">
            <blank x="997"/>
            <w x="1109">and</w>
            <w x="1155">I</w>
            <w x="1320">would</w>
            <w x="1378">I</w>
            <w x="1523">were</w>
            <w x="1630">the</w>
            <w x="1755">first</w>
            <w x="1872">that</w>
            <w x="2021">ever</w>
            <w x="2120">
                <choice>
                    <hyph>dis-</hyph>
                    <reg>dissembled</reg>
                </choice>
            </w>
        </line>
        <line n="2" h="66" c="2114">
            <w x="977" endhyph="true">sembled</w>
            <w x="1039">in</w>
            <w x="1180">such</w>
            <w x="1236">a</w>
            <w x="1423">gown.</w>
        </line>
    </div>
</body>
