<body>
    <div id="2" x="683" y="1264" group="1" width="1395" height="1084" type="brace" type2="xmark"
        sealts="460_1_c396" attribution="HM" mode="comedy" play="5a">
        <line c="1321" h="66" n="9">
            <w x="923">Abhor.</w>
            <w x="1134">Sirrah,</w>
            <w x="1287">bring</w>
            <w x="1583">Barnardine</w>
            <w x="1764">hither.</w>
        </line>
        <line c="1379" h="59" n="10">
            <w x="862">Clo.</w>
            <w x="1081">Master</w>
            <w x="1412">Barnardine!</w>
            <w x="1578">You</w>
            <w x="1737">must</w>
            <w x="1858">rise</w>
            <w x="1980">and</w>
            <w x="2069">be</w>
        </line>
        <line c="1442" h="60" n="11">
            <w x="889">hanged,</w>
            <w x="1078">master</w>
            <w x="1373">Barnardine!</w>
        </line>
        <line c="1504" h="60" n="12">
            <w x="920">Abhor.</w>
            <w x="1115">What,</w>
            <w x="1211">ho,</w>
            <w x="1534">Barnardine!</w>
        </line>
        <line c="1571" h="70" n="13">
            <w x="951">Barnar.</w>
            <w x="1231">[Within.]</w>
            <w x="1320">A</w>
            <w x="1442">pox</w>
            <w x="1520">
                <choice>
                    <orig>o'</orig>
                    <reg>on</reg>
                </choice>
            </w>
            <w x="1661">your</w>
            <w x="1886">throats!</w>
            <w x="2070">Who</w>
        </line>
        <line c="1635" h="69" n="14">
            <w x="849">makes</w>
            <w x="969">that</w>
            <w x="1112">noise</w>
            <w x="1295">there?</w>
            <w x="1496">What</w>
            <w x="1590">are</w>
            <w x="1736">you?</w>
        </line>
        <line c="1698" h="72" n="15">
            <w x="859">Clo.</w>
            <w x="1026">Your</w>
            <w x="1115">friends,</w>
            <w x="1335">sir;</w>
            <w x="1445">the</w>
            <w x="1719">hangman:</w>
            <w x="1841">you</w>
            <w x="1991">must</w>
            <w x="2067">be</w>
        </line>
        <line c="1760" h="66" n="16">
            <w x="745">so</w>
            <w x="895">good,</w>
            <w x="990">sir,</w>
            <w x="1061">to</w>
            <w x="1166">rise</w>
            <w x="1278">and</w>
            <w x="1355">be</w>
            <w x="1460">put</w>
            <w x="1527">to</w>
            <w x="1699">death.</w>
        </line>
        <line c="1823" h="73" n="17">
            <w x="950">Barnar.</w>
            <w x="1208">[Within.]</w>
            <w x="1415">Away,</w>
            <w x="1533">you</w>
            <w x="1715">rogue,</w>
            <w x="1906">away;</w>
            <w x="1962">I</w>
            <w x="2066">am</w>
        </line>
        <line c="1880" h="62" n="18">
            <w x="860">sleepy.</w>
        </line>
        <line c="1949" h="73" n="19">
            <w x="917">Abhor.</w>
            <w x="1065">Tell</w>
            <w x="1193">him,</w>
            <w x="1273">he</w>
            <w x="1426">must</w>
            <w x="1630">awake,</w>
            <w x="1753">and</w>
            <w x="1881">that</w>
            <w x="2064">
                <choice>
                    <hyph>quick-</hyph>
                    <reg>quickly</reg>
                </choice>
            </w>
        </line>
        <line c="2004" h="60" n="20">
            <w x="739" endhyph="true">ly</w>
            <w x="846">too.</w>
        </line>
        <line c="2073" h="71" n="21">
            <w x="855">Clo.</w>
            <w x="1032">Pray,</w>
            <w x="1219">master</w>
            <w x="1539">Barnardine,</w>
            <w x="1733">awake</w>
            <w x="1832">till</w>
            <w x="1952">you</w>
            <w x="2060">are</w>
        </line>
        <line c="2133" h="63" n="22">
            <w x="923">executed,</w>
            <w x="1035">and</w>
            <w x="1179">sleep</w>
            <w x="1473">afterwards.</w>
        </line>
        <line c="2192" h="61" n="23">
            <w x="913">Abhor.</w>
            <w x="1033">Go</w>
            <w x="1100">in</w>
            <w x="1170">to</w>
            <w x="1296">him,</w>
            <w x="1407">and</w>
            <w x="1550">fetch</w>
            <w x="1662">him</w>
            <w x="1775">out.</w>
        </line>
        <line c="2260" h="71" n="24">
            <w x="853">Clo.</w>
            <w x="974">He</w>
            <w x="1050">is</w>
            <w x="1270">coming,</w>
            <w x="1378">sir,</w>
            <w x="1459">he</w>
            <w x="1528">is</w>
            <w x="1766">coming;</w>
            <w x="1821">I</w>
            <w x="1961">hear</w>
            <w x="2060">his</w>
        </line>
        <line c="2310" h="62" n="25">
            <w x="824">straw</w>
            <w x="994">rustle.</w>
        </line>
    </div>
</body>
