<body>
    <div id="2" x="377" y="2126" group="1" width="1337" height="79" type="checkmark"
        sealts="460_7_7.129" attribution="HM" mode="tragedy" play="7c">
        <line n="23" h="79" c="2166">
            <w x="547">Edm.</w>
            <w x="1133">Yet</w>
            <w x="1372">Edmund</w>
            <w x="1484">was</w>
            <w x="1702">beloved.</w>
        </line>
    </div>
    <div id="3" x="323" y="2379" group="2" width="655" height="75" type="underline"
        type2="questionmark" sealts="460_7_7.129" attribution="HM" mode="tragedy" play="7c">
        <line n="27" h="75" c="2416">
            <blank x="990"/>
            <w x="1139">Some</w>
            <w x="1278">good</w>
            <w x="1319">I</w>
            <w x="1478">mean</w>
            <w x="1546">to</w>
            <w x="1628">do,</w>
        </line>
        <line n="28" h="85" c="2475">
            <w x="527">Despite</w>
            <w x="597">of</w>
            <w x="742">mine</w>
            <w x="874">own</w>
            <w x="1051">nature.</w>
        </line>
    </div>
</body>
