<body>
    <div id="2" x="725" y="1537" group="1" width="107" height="30" type="strikethrough"
        type2="caret" type3="xmark" type4="annotated" sealts="460_5_5.241" attribution="HM" mode="commentary" play="1d">
        <line n="39" h="30" c="1552">
            <w x="745">supplied</w>
        </line>
    </div>
    <div id="3" x="1202" y="1518" group="2" width="233" height="72" type="annotation" type2="xmark"
        sealts="460_5_5.241" attribution="HM" mode="commentary" play="1d">
        <line n="1" h="72" c="1554">
            <w x="1432">suppled</w>
        </line>
    </div>
</body>
