<body>
    <div id="2" x="749" y="1406" group="1" width="1366" height="194" type="xmark" type2="annotated"
        sealts="460_1_b24" attribution="HM" mode="commentary" section="life">
        <line n="11" h="64" c="1438">
            <w x="883">With</w>
            <w x="934">a</w>
            <w x="1133">privilege</w>
            <w x="1267">rarely</w>
            <w x="1460">indulged</w>
            <w x="1569">even</w>
            <w x="1627">to</w>
            <w x="1716">the</w>
            <w x="1824">sons</w>
            <w x="1889">of</w>
            <w x="2041">genius,</w>
            <w x="2110">he</w>
        </line>
        <line n="12" h="64" c="1502">
            <w x="851">had</w>
            <w x="1038">produced</w>
            <w x="1100">his</w>
            <w x="1310">admirable</w>
            <w x="1438">works</w>
            <w x="1605">without</w>
            <w x="1680">any</w>
            <w x="1816">throes</w>
            <w x="1867">of</w>
            <w x="1979">labor</w>
            <w x="2031">of</w>
            <w x="2102">the</w>
        </line>
        <line n="13" h="64" c="1566">
            <w x="897">mind:</w>
        </line>
    </div>
    <div id="3" x="544" y="3298" group="2" width="1025" height="154" type="annotation" type2="xmark"
        sealts="460_1_b24" attribution="HM" mode="commentary" section="life">
        <line n="1" h="156" c="3376">
            <w x="720">How</w>
            <w x="934">know</w>
            <w x="1106">you</w>
            <w x="1329">that,</w>
            <w x="1568">Sir?</w>
        </line>
    </div>
</body>
