<body>
    <div id="2" x="833" y="2433" group="1" width="1223" height="441" type="score3" sealts="460_1_c036" attribution="HM"
        mode="comedy" play="1a">
        <line c="2469" h="54" n="29">
            <w x="956">This</w>
            <w x="1153">ancient</w>
            <w x="1343">morsel,</w>
            <w x="1452">this</w>
            <w x="1531">sir</w>
            <w x="1794">Prudence,</w>
            <w x="1920">who</w>
        </line>
        <line c="2533" h="61" n="30">
            <w x="1012">Should</w>
            <w x="1111">not</w>
            <w x="1312">upbraid</w>
            <w x="1410">our</w>
            <w x="1596">course.</w>
            <w x="1748">For</w>
            <w x="1826">all</w>
            <w x="1921">the</w>
            <w x="2046">rest,</w>
        </line>
        <line c="2596" h="61" n="31">
            <w x="1021">
                <choice>
                    <orig>They'll</orig>
                    <reg>They will</reg>
                    <reg>They</reg>
                    <reg>will</reg>
                </choice>
            </w>
            <w x="1144">take</w>
            <w x="1453">suggestion,</w>
            <w x="1522">as</w>
            <w x="1570">a</w>
            <w x="1664">cat</w>
            <w x="1777">laps</w>
            <w x="1932">milk;</w>
        </line>
        <line c="2656" h="61" n="32">
            <w x="1021">
                <choice>
                    <orig>They'll</orig>
                    <reg>They will</reg>
                    <reg>They</reg>
                    <reg>will</reg>
                </choice>
            </w>
            <w x="1117">tell</w>
            <w x="1212">the</w>
            <w x="1359">clock</w>
            <w x="1426">to</w>
            <w x="1535">any</w>
            <w x="1754">business</w>
            <w x="1872">that</w>
        </line>
        <line c="2719" h="60" n="33">
            <w x="930">We</w>
            <w x="1031">say</w>
            <w x="1178">befits</w>
            <w x="1273">the</w>
            <w x="1436">hour.</w>
        </line>
        <line c="2779" h="62" n="34">
            <w x="1008">Seb.</w>
            <w x="1584">Thy</w>
            <w x="1720">case,</w>
            <w x="1848">dear</w>
            <w x="2023">friend,</w>
        </line>
        <line c="2842" h="60" n="35">
            <w x="969">Shall</w>
            <w x="1044">be</w>
            <w x="1140">my</w>
            <w x="1397">precedent;</w>
            <w x="1505">as</w>
            <w x="1633">thou</w>
            <w x="1788">
                <choice>
                    <orig>got'st</orig>
                    <reg>got</reg>
                </choice>
            </w>
            <w x="1964">Milan,</w>
        </line>
    </div>
</body>
