<body>
    <div id="2" x="337" y="1337" group="1" width="1175" height="136" type="checkmark"
        sealts="460_6_6.165" attribution="HM" mode="tragedy" play="4c">
        <line n="12" h="68" c="1371">
            <w x="389">I</w>
            <w x="495">will</w>
            <w x="601">ask</w>
            <w x="882">Antony.&#8212;</w>
            <w x="973">Sir,</w>
            <w x="1065">sir,</w>
            <w x="1256">
                <choice>
                    <orig>thou'rt</orig>
                    <reg>thou art</reg>
                    <reg>thou</reg>
                    <reg>art</reg>
                </choice>
            </w>
            <w x="1326">so</w>
            <w x="1494">leaky,</w>
        </line>
        <line n="13" h="68" c="1439">
            <w x="487">That</w>
            <w x="578">we</w>
            <w x="722">must</w>
            <w x="869">leave</w>
            <w x="991">thee</w>
            <w x="1065">to</w>
            <w x="1158">thy</w>
            <w x="1378">sinking,</w>
            <w x="1465">for</w>
        </line>
    </div>
</body>
