<body>
	<div id="2" x="805" y="912" group="1" width="1383" height="137" type="checkmark"
		sealts="460_3_3.436" attribution="HM" mode="history" play="2b">
		<line n="5" h="68" c="946">
			<w x="1030">York.</w>
			<w x="1196">Then,</w>
			<w x="1262">as</w>
			<w x="1301">I</w>
			<w x="1423">said,</w>
			<w x="1512">the</w>
			<w x="1660">duke,</w>
			<w x="1798">great</w>
			<w x="2184">Bolingbroke,&#8212;</w>
		</line>
		<line n="6" h="68" c="1014">
			<w x="1046">Mounted</w>
			<w x="1182">upon</w>
			<w x="1236">a</w>
			<w x="1339">hot</w>
			<w x="1447">and</w>
			<w x="1573">fiery</w>
			<w x="1735">steed,</w>
		</line>
	</div>
</body>
