<body>
    <div id="2" x="783" y="1355" group="1" width="1259" height="127" type="score" sealts="460_6_6.170" attribution="HM"
        mode="tragedy" play="4c">
        <line n="1" h="63" c="1386">
            <w x="1233">furious,</w>
        </line>
        <line n="2" h="63" c="1449">
            <w x="876">Is,</w>
            <w x="947">to</w>
            <w x="1021">be</w>
            <w x="1228">frighted</w>
            <w x="1327">out</w>
            <w x="1396">of</w>
            <w x="1533">fear;</w>
            <w x="1664">and,</w>
            <w x="1733">in</w>
            <w x="1851">that</w>
            <w x="2021">mood,</w>
        </line>
    </div>
    <div id="3" x="804" y="1538" group="2" width="1253" height="192" type="score" sealts="460_6_6.170" attribution="HM"
        mode="tragedy" play="4c">
        <line n="1" h="64" c="1570">
            <w x="865">A</w>
            <w x="1146">diminution</w>
            <w x="1209">in</w>
            <w x="1303">our</w>
            <w x="1543">captain's</w>
            <w x="1687">brain</w>
        </line>
        <line n="2" h="64" c="1634">
            <w x="1025">Restores</w>
            <w x="1112">his</w>
            <w x="1296">heart.</w>
            <w x="1480">When</w>
            <w x="1617">valor</w>
            <w x="1781">preys</w>
            <w x="1854">on</w>
            <w x="2041">reason,</w>
        </line>
        <line n="3" h="63" c="1687">
            <w x="865">It</w>
            <w x="979">eats</w>
            <w x="1072">the</w>
            <w x="1243">sword</w>
            <w x="1299">it</w>
            <w x="1450">fights</w>
            <w x="1604">with.</w>
            <w x="1677">I</w>
            <w x="1787">will</w>
            <w x="1908">seek</w>
        </line>
    </div>
</body>
