<body>
    <div id="2" x="370" y="639" group="1" width="658" height="75" type="underline"
        sealts="460_6_6.127" attribution="HM" mode="tragedy" play="4c">
        <line n="1" h="75" c="677">
            <w x="467">To</w>
            <w x="576">say,</w>
            <w x="677">the</w>
            <w x="812">dead</w>
            <w x="909">are</w>
            <w x="1027">well</w>
        </line>
    </div>
    <div id="3" x="1348" y="654" group="1" width="136" height="68" type="underline"
        sealts="460_6_6.127" attribution="HM" mode="tragedy" play="4c">
        <line n="1" h="68" c="688">
            <w x="1473">that,</w>
        </line>
    </div>
    <div id="4" x="380" y="720" group="1" width="134" height="59" type="underline"
        sealts="460_6_6.127" attribution="HM" mode="tragedy" play="4c">
        <line n="2" h="59" c="749">
            <blank x="1350"/>
            <w x="1466">pour</w>
        </line>
        <line n="3" h="71" c="804">
            <w x="538">Down</w>
            <w x="637">thy</w>
            <w x="920">
                <choice>
                    <orig>ill-uttering</orig>
                    <reg>ill uttering</reg>
                    <reg>ill</reg>
                    <reg>uttering</reg>
                </choice>
            </w>
            <w x="1100">throat.</w>
        </line>
    </div>
    <div id="5" x="343" y="3003" group="2" width="1436" height="89" type="checkmark"
        sealts="460_6_6.127" attribution="HM" mode="commentary" section="notes" play="4c">
        <line n="38" h="44" c="3031">
            <w x="533">The</w>
            <w x="682">Eastern</w>
            <w x="868">ceremony</w>
            <w x="916">at</w>
            <w x="994">the</w>
            <w x="1194">coronation</w>
            <w x="1246">of</w>
            <w x="1345">their</w>
            <w x="1456">kings</w>
            <w x="1539">was</w>
            <w x="1586">to</w>
            <w x="1733">powder</w>
        </line>
        <line n="39" h="44" c="3069">
            <w x="465">them</w>
            <w x="557">with</w>
            <w x="746">
                <choice>
                    <orig>gold-dust</orig>
                    <reg>gold dust</reg>
                    <reg>gold</reg>
                    <reg>dust</reg>
                </choice>
            </w>
            <w x="821">and</w>
            <w x="1074">
                <choice>
                    <orig>seed-pearl.</orig>
                    <reg>seed pearl.</reg>
                    <reg>seed</reg>
                    <reg>pearl.</reg>
                </choice>
            </w>
        </line>
    </div>
</body>
