<body>
    <div id="2" x="378" y="1044" group="1" width="1359" height="130" type="checkmark"
        sealts="460_1_c327" attribution="HM" mode="comedy" play="4a">
        <line n="7" h="65" c="1076">
            <w x="498">such</w>
            <w x="554">a</w>
            <w x="728">barren</w>
            <w x="972">rascal?</w>
            <w x="1060">An</w>
            <w x="1172">you</w>
            <w x="1316">smile</w>
            <w x="1414">not,</w>
            <w x="1522">
                <choice>
                    <orig>he's</orig>
                    <reg>he is</reg>
                    <reg>he</reg>
                    <reg>is</reg>
                </choice>
            </w>
            <w x="1730">gagged:</w>
        </line>
        <line n="8" h="65" c="1141">
            <w x="500">And</w>
            <w x="622">thus</w>
            <w x="718">the</w>
            <w x="952">whirligig</w>
            <w x="1028">of</w>
            <w x="1174">Time</w>
            <w x="1346">brings</w>
            <w x="1408">in</w>
            <w x="1494">his</w>
            <w x="1728">revenges.</w>
        </line>
    </div>
</body>
