<body>
    <div id="2" x="1009" y="2023" group="1" width="900" height="83" type="underline"
        sealts="460_6_6.296" attribution="HM" mode="tragedy" play="5c">
        <line n="22" h="83" c="2064">
            <w x="1164">Home</w>
            <w x="1250">art</w>
            <w x="1394">gone,</w>
            <w x="1508">and</w>
            <w x="1647">
                <choice>
                    <orig>ta'en</orig>
                    <reg>taken</reg>
                </choice>
            </w>
            <w x="1736">thy</w>
            <w x="1906">wages.</w>
        </line>
    </div>
    <div id="3" x="953" y="2085" group="2" width="762" height="68" type="annotated" erasure="true"
        sealts="460_6_6.296" attribution="HM" mode="tragedy" play="5c">
        <line n="23" h="68" c="2119">
            <w x="1131">Golden</w>
            <w x="1258">lads</w>
            <w x="1361">and</w>
            <w x="1491">girls</w>
            <w x="1577">all</w>
            <w x="1713">must,</w>
        </line>
    </div>
    <div id="4" x="1816" y="2276" group="3" width="138" height="78" type="strikethrough"
        type2="annotated" erasure="true" sealts="460_6_6.296" attribution="HM" mode="tragedy" play="5c">
        <line n="25" h="78" c="2315">
            <w x="1951">great</w>
        </line>
    </div>
    <div id="5" x="1847" y="2215" group="4" width="93" height="83" type="annotation" erasure="true"
        sealts="460_6_6.296" attribution="HM" mode="tragedy" play="5c">
        <line n="1" h="83" c="2256">
            <w x="1939">sky</w>
        </line>
    </div>
    <div id="6" x="1445" y="2334" group="5" width="194" height="75" type="strikethrough"
        type2="annotated" erasure="true" sealts="460_6_6.296" attribution="HM" mode="tragedy" play="5c">
        <line n="26" h="75" c="2371">
            <w x="1635">tyrant's</w>
        </line>
    </div>
    <div id="7" x="1404" y="2225" group="6" width="260" height="53" type="annotation" erasure="true"
        sealts="460_6_6.296" attribution="HM" mode="tragedy" play="5c">
        <line n="2" h="53" c="2251">
            <w x="1660">woodsman's</w>
        </line>
    </div>
    <div id="8" x="1293" y="2395" group="7" width="422" height="65" type="strikethrough"
        type2="annotated" erasure="true" sealts="460_6_6.296" attribution="HM" mode="tragedy" play="5c">
        <line n="27" h="68" c="2426">
            <w x="1521">clothe,</w>
            <w x="1632">and</w>
            <w x="1711">eat</w>
        </line>
    </div>
    <div id="9" x="1761" y="2392" group="8" width="342" height="90" type="annotation" erasure="true"
        sealts="460_6_6.296" attribution="HM" mode="tragedy" play="5c">
        <line n="3" h="90" c="2437">
            <w x="1832">for</w>
            <w x="1939">not</w>
            <w x="2015">is</w>
            <w x="2096">dry</w>
        </line>
    </div>
    <div id="10" x="943" y="2515" group="9" width="840" height="74" type="annotated" erasure="true"
        sealts="460_6_6.296" attribution="HM" mode="tragedy" play="5c">
        <line n="29" h="74" c="2552">
            <w x="1058">The</w>
            <w x="1260">
                <choice>
                    <orig>sceptre,</orig>
                    <reg>scepter,</reg>
                </choice>
            </w>
            <w x="1485">learning,</w>
            <w x="1655">physic</w>
            <w x="1782">must</w>
        </line>
    </div>
    <div id="11" x="1088" y="2761" group="10" width="866" height="83" type="underline"
        sealts="460_6_6.296" attribution="HM" mode="tragedy" play="5c">
        <line n="32" h="83" c="2803">
            <w x="1197">Nor</w>
            <w x="1283">the</w>
            <w x="1579">
                <choice>
                    <orig>all-dreaded</orig>
                    <reg>all dreaded</reg>
                    <reg>all</reg>
                    <reg>dreaded</reg>
                </choice>
            </w>
            <w x="1951">
                <choice>
                    <orig>thunder-stone;</orig>
                    <reg>thunder stone</reg>
                    <reg>thunder</reg>
                    <reg>stone</reg>
                </choice>
            </w>
        </line>
    </div>
</body>
