<body>
    <div id="2" x="820" y="2204" group="1" width="1369" height="147" type="checkmark"
        sealts="460_7_7.348" attribution="HM" mode="tragedy" play="9c">
        <line n="25" h="73" c="2241">
            <w x="966">Why</w>
            <w x="1060">the</w>
            <w x="1186">man</w>
            <w x="1308">dies.</w>
            <w x="1405">&#8212;I</w>
            <w x="1600">humbly</w>
            <w x="1758">thank</w>
            <w x="1876">you,</w>
            <w x="1990">sir.</w>
        </line>
        <line n="26" h="73" c="2314">
            <w x="1023">Cap.</w>
            <w x="1178">God</w>
            <w x="1243">be</w>
            <w x="1348">
                <choice>
                    <orig>wi'</orig>
                    <reg>with</reg>
                </choice>
            </w>
            <w x="1470">you,</w>
            <w x="1791">sir.</w>
            <w x="1970">[Exit</w>
            <w x="2185">Captain.</w>
        </line>
    </div>
</body>
