<body>
    <div id="2" x="352" y="1001" group="1" width="781" height="41" type="score" sealts="460_5_5.537" attribution="HM"
        mode="tragedy" play="2c">
        <line n="14" h="41" c="1022">
            <w x="455">Bears</w>
            <w x="486">a</w>
            <w x="648">command</w>
            <w x="727">
                <choice>
                    <orig>in't;</orig>
                    <reg>in it;</reg>
                    <reg>in</reg>
                    <reg>it;</reg>
                </choice>
            </w>
            <w x="854">though</w>
            <w x="919">thy</w>
            <w x="1048">
                <choice>
                    <orig>tackle's</orig>
                    <reg>tackle is</reg>
                    <reg>tackle</reg>
                    <reg>is</reg>
                </choice>
            </w>
            <w x="1129">torn,</w>
        </line>
    </div>
    <div id="3" x="352" y="1199" group="2" width="904" height="745" type="score" sealts="460_5_5.537" attribution="HM"
        mode="tragedy" play="2c">
        <line c="1221" h="42" n="19">
            <w x="465">Cor.</w>
            <w x="545">My</w>
            <w x="641">name</w>
            <w x="679">is</w>
            <w x="779">Caius</w>
            <w x="923">Marcius,</w>
            <w x="1003">who</w>
            <w x="1083">hath</w>
            <w x="1169">done</w>
        </line>
        <line c="1260" h="42" n="20">
            <w x="406">To</w>
            <w x="484">thee</w>
            <w x="681">particularly,</w>
            <w x="752">and</w>
            <w x="795">to</w>
            <w x="843">all</w>
            <w x="904">the</w>
            <w x="1029">Volces,</w>
        </line>
        <line c="1298" h="36" n="21">
            <w x="450">Great</w>
            <w x="526">hurt</w>
            <w x="594">and</w>
            <w x="750">mischief;</w>
            <w x="879">thereto</w>
            <w x="1008">witness</w>
            <w x="1087">may</w>
        </line>
        <line c="1339" h="42" n="22">
            <w x="413">My</w>
            <w x="563">surname,</w>
            <w x="750">Coriolanus.</w>
            <w x="844">The</w>
            <w x="962">painful</w>
            <w x="1090">service,</w>
        </line>
        <line c="1377" h="41" n="23">
            <w x="425">The</w>
            <w x="562">extreme</w>
            <w x="704">dangers,</w>
            <w x="773">and</w>
            <w x="835">the</w>
            <w x="931">drops</w>
            <w x="977">of</w>
            <w x="1074">blood</w>
        </line>
        <line c="1417" h="41" n="24">
            <w x="438">Shed</w>
            <w x="492">for</w>
            <w x="553">my</w>
            <w x="709">thankless</w>
            <w x="848">country,</w>
            <w x="910">are</w>
            <w x="1051">requited</w>
        </line>
        <line c="1455" h="39" n="25">
            <w x="418">But</w>
            <w x="501">with</w>
            <w x="576">that</w>
            <w x="734">surname;</w>
            <w x="773">a</w>
            <w x="857">good</w>
            <w x="1014">memory,</w>
        </line>
        <line c="1494" h="37" n="26">
            <w x="426">And</w>
            <w x="555">witness</w>
            <w x="600">of</w>
            <w x="662">the</w>
            <w x="775">malice</w>
            <w x="845">and</w>
            <w x="1027">displeasure</w>
        </line>
        <line c="1533" h="37" n="27">
            <w x="462">Which</w>
            <w x="553">thou</w>
            <w x="695">
                <choice>
                    <orig>shouldst</orig>
                    <reg>should</reg>
                </choice>
            </w>
            <w x="780">hear</w>
            <w x="854">me.</w>
            <w x="973">Only</w>
            <w x="1054">that</w>
            <w x="1154">name</w>
            <w x="1217">
                <choice>
                    <hyph>re-</hyph>
                    <reg>remains</reg>
                </choice>
            </w>
        </line>
        <line c="1574" h="33" n="28">
            <w x="624" endhyph="true">mains;</w>
        </line>
        <line c="1613" h="41" n="29">
            <w x="425">The</w>
            <w x="546">cruelty</w>
            <w x="615">and</w>
            <w x="701">envy</w>
            <w x="746">of</w>
            <w x="810">the</w>
            <w x="931">people,</w>
        </line>
        <line c="1653" h="40" n="30">
            <w x="515">Permitted</w>
            <w x="566">by</w>
            <w x="628">our</w>
            <w x="753">dastard</w>
            <w x="871">nobles,</w>
            <w x="951">who</w>
        </line>
        <line c="1690" h="36" n="31">
            <w x="443">Have</w>
            <w x="492">all</w>
            <w x="616">forsook</w>
            <w x="683">me,</w>
            <w x="765">hath</w>
            <w x="916">devoured</w>
            <w x="977">the</w>
            <w x="1064">rest;</w>
        </line>
        <line c="1731" h="40" n="32">
            <w x="427">And</w>
            <w x="559">suffered</w>
            <w x="617">me</w>
            <w x="669">by</w>
            <w x="730">the</w>
            <w x="820">voice</w>
            <w x="866">of</w>
            <w x="970">slaves</w>
            <w x="1013">to</w>
            <w x="1061">be</w>
        </line>
        <line c="1770" h="43" n="33">
            <w x="507">Whooped</w>
            <w x="569">out</w>
            <w x="614">of</w>
            <w x="730">Rome.</w>
            <w x="854">Now,</w>
            <w x="923">this</w>
            <w x="1085">extremity</w>
        </line>
        <line c="1809" h="43" n="34">
            <w x="441">Hath</w>
            <w x="573">brought</w>
            <w x="632">me</w>
            <w x="675">to</w>
            <w x="739">thy</w>
            <w x="865">hearth;</w>
            <w x="937">not</w>
            <w x="998">out</w>
            <w x="1043">of</w>
            <w x="1173">hope&#8212;</w>
        </line>
        <line c="1848" h="40" n="35">
            <w x="486">Mistake</w>
            <w x="541">me</w>
            <w x="614">not</w>
            <w x="674">to</w>
            <w x="753">save</w>
            <w x="814">my</w>
            <w x="873">life;</w>
            <w x="956">for</w>
            <w x="994">if</w>
        </line>
        <line c="1885" h="37" n="36">
            <w x="374">I</w>
            <w x="444">had</w>
            <w x="552">feared</w>
            <w x="658">death,</w>
            <w x="706">of</w>
            <w x="751">all</w>
            <w x="811">the</w>
            <w x="891">men</w>
            <w x="923">
                <choice>
                    <orig>i'</orig>
                    <reg>in</reg>
                </choice>
            </w>
            <w x="979">the</w>
            <w x="1080">world</w>
        </line>
        <line c="1926" h="38" n="37">
            <w x="375">I</w>
            <w x="482">would</w>
            <w x="565">have</w>
            <w x="689">
                <choice>
                    <orig>'voided</orig>
                    <reg>avoided</reg>
                </choice>
            </w>
            <w x="784">thee;</w>
            <w x="856">but</w>
            <w x="898">in</w>
            <w x="987">mere</w>
            <w x="1082">spite,</w>
        </line>
    </div>
</body>
