<body>
    <div id="2" x="291" y="660" group="1" width="1390" height="387" type="score" sealts="460_7_7.013" attribution="HM"
        mode="tragedy" play="7c">
        <line c="707" h="62" n="1">
            <w x="438">Obey</w>
            <w x="557">you,</w>
            <w x="674">love</w>
            <w x="797">you,</w>
            <w x="908">and</w>
            <w x="1043">most</w>
            <w x="1201">honor</w>
            <w x="1322">you.</w>
        </line>
        <line c="768" h="63" n="2">
            <w x="422">Why</w>
            <w x="552">have</w>
            <w x="650">my</w>
            <w x="821">sisters</w>
            <w x="1079">husbands,</w>
            <w x="1140">if</w>
            <w x="1262">they</w>
            <w x="1374">say,</w>
        </line>
        <line c="830" h="63" n="3">
            <w x="437">They</w>
            <w x="551">love</w>
            <w x="660">you</w>
            <w x="773">all?</w>
            <w x="1000">Haply,</w>
            <w x="1154">when</w>
            <w x="1196">I</w>
            <w x="1330">shall</w>
            <w x="1468">wed,</w>
        </line>
        <line c="891" h="61" n="4">
            <w x="426">That</w>
            <w x="552">lord,</w>
            <w x="721">whose</w>
            <w x="861">hand</w>
            <w x="1000">must</w>
            <w x="1124">take</w>
            <w x="1222">my</w>
            <w x="1392">plight,</w>
            <w x="1521">shall</w>
            <w x="1661">carry</w>
        </line>
        <line c="955" h="61" n="5">
            <w x="418">Half</w>
            <w x="507">my</w>
            <w x="623">love</w>
            <w x="755">with</w>
            <w x="881">him,</w>
            <w x="999">half</w>
            <w x="1098">my</w>
            <w x="1227">care,</w>
            <w x="1339">and</w>
            <w x="1483">duty.</w>
        </line>
        <line c="1018" h="62" n="6">
            <w x="430">Sure,</w>
            <w x="475">I</w>
            <w x="607">shall</w>
            <w x="764">never</w>
            <w x="929">marry</w>
            <w x="1037">like</w>
            <w x="1134">my</w>
            <w x="1319">sisters,</w>
        </line>
    </div>
    <div id="3" x="911" y="1351" group="2" width="749" height="80" type="underline" sealts="460_7_7.013" attribution="HM"
        mode="tragedy" play="7c">
        <line n="12" h="80" c="1391">
            <w x="1007">thy</w>
            <w x="1140">truth</w>
            <w x="1272">then</w>
            <w x="1350">be</w>
            <w x="1453">thy</w>
            <w x="1645">dower;</w>
        </line>
    </div>
    <div id="4" x="291" y="2782" group="3" width="926" height="73" type="underline" sealts="460_7_7.013" attribution="HM"
        mode="tragedy" play="7c">
        <line n="35" h="73" c="2818">
            <w x="398">Let</w>
            <w x="568">pride,</w>
            <w x="726">which</w>
            <w x="830">she</w>
            <w x="959">calls</w>
            <w x="1213">plainness,</w>
        </line>
    </div>
</body>
