<body>
    <div id="2" x="656" y="2286" group="1" width="1384" height="134" type="checkmark"
        sealts="460_1_c428" attribution="HM" mode="comedy" play="6a">
        <line n="1" h="67" c="2326">
            <w x="880">Bene.</w>
            <w x="1072">What,</w>
            <div id="3" x="920" y="2293" group="1" width="745" height="73" type="underline"
                sealts="460_1_c428" attribution="HM" mode="comedy" play="6a">
                <w x="1173">my</w>
                <w x="1311">dear</w>
                <w x="1439">lady</w>
                <w x="1662">Disdain!</w>
            </div>
            <w x="1818">&#8212;Are</w>
            <w x="1940">you</w>
            <w x="2036">yet</w>
        </line>
        <line n="2" h="67" c="2386">
            <w x="2014">living?</w>
        </line>
    </div>
</body>
