<body>
    <div id="2" x="706" y="784" group="1" width="1368" height="200" type="checkmark"
        sealts="460_1_c426" attribution="HM" mode="comedy" play="6a">
        <line c="820" h="53" n="3">
            <w x="911">Leon.</w>
            <w x="997">A</w>
            <w x="1136">kind</w>
            <w x="1374">overflow</w>
            <w x="1456">of</w>
            <w x="1718">kindness:</w>
            <w x="1875">there</w>
            <w x="1981">are</w>
            <w x="2068">no</w>
        </line>
        <line c="883" h="54" n="4">
            <w x="828">faces</w>
            <w x="968">truer</w>
            <w x="1095">than</w>
            <w x="1240">those</w>
            <w x="1360">that</w>
            <w x="1453">are</w>
            <w x="1519">so</w>
            <w x="1729">washed.</w>
            <w x="1915">How</w>
            <w x="2068">much</w>
        </line>
        <line c="953" h="68" n="5">
            <w x="845">better</w>
            <w x="909">it</w>
            <w x="965">is</w>
            <w x="1033">to</w>
            <w x="1183">weep</w>
            <w x="1251">at</w>
            <w x="1357">joy,</w>
            <w x="1488">than</w>
            <w x="1556">to</w>
            <w x="1650">joy</w>
            <w x="1717">at</w>
            <w x="1943">weeping!</w>
        </line>
    </div>
    <div id="3" x="688" y="1729" group="2" width="1383" height="248" type="score" sealts="460_1_c426" attribution="HM"
        mode="comedy" play="6a">
        <line c="1754" h="51" n="18">
            <w x="806">hath</w>
            <w x="893">he</w>
            <w x="1062">killed</w>
            <w x="1186">and</w>
            <w x="1350">eaten</w>
            <w x="1429">in</w>
            <w x="1585">these</w>
            <w x="1773">wars?</w>
            <w x="1928">But</w>
            <w x="2061">how</w>
        </line>
        <line c="1824" h="63" n="19">
            <w x="833">many</w>
            <w x="961">hath</w>
            <w x="1044">he</w>
            <w x="1246">killed?</w>
            <w x="1409">For,</w>
            <w x="1608">indeed,</w>
            <w x="1654">I</w>
            <w x="1896">promised</w>
            <w x="1964">to</w>
            <w x="2060">eat</w>
        </line>
        <line c="1884" h="63" n="20">
            <w x="754">all</w>
            <w x="827">of</w>
            <w x="918">his</w>
            <w x="1108">killing.</w>
        </line>
        <line c="1947" h="64" n="21">
            <w x="898">Leon.</w>
            <w x="1088">Faith,</w>
            <w x="1253">niece,</w>
            <w x="1364">you</w>
            <w x="1474">tax</w>
            <w x="1695">seignior</w>
            <w x="1957">Benedick</w>
            <w x="2057">too</w>
        </line>
    </div>
</body>
