<body>
    <div id="2" x="974" y="1575" group="1" width="1233" height="441" type="score" sealts="460_2_2.278" attribution="HM"
        mode="comedy" play="10a">
        <line c="1614" h="67" n="12">
            <w x="1106">Your</w>
            <w x="1267">praise</w>
            <w x="1327">is</w>
            <w x="1472">come</w>
            <w x="1569">too</w>
            <w x="1755">swiftly</w>
            <w x="1904">home</w>
            <w x="2075">before</w>
            <w x="2199">you.</w>
        </line>
        <line c="1673" h="61" n="13">
            <w x="1132">Know</w>
            <w x="1240">you</w>
            <w x="1354">not,</w>
            <w x="1554">master,</w>
            <w x="1624">to</w>
            <w x="1766">some</w>
            <w x="1899">kind</w>
            <w x="1971">of</w>
            <w x="2088">men</w>
        </line>
        <line c="1736" h="62" n="14">
            <w x="1124">Their</w>
            <w x="1296">graces</w>
            <w x="1585">serve</w>
            <w x="1616">them</w>
            <w x="1687">but</w>
            <w x="1755">as</w>
            <w x="2009">enemies?</w>
        </line>
        <line c="1800" h="66" n="15">
            <w x="1056">No</w>
            <w x="1196">more</w>
            <w x="1276">do</w>
            <w x="1452">yours;</w>
            <w x="1595">your</w>
            <w x="1790">virtues,</w>
            <w x="1963">gentle</w>
            <w x="2161">master,</w>
        </line>
        <line c="1863" h="65" n="16">
            <w x="1071">Are</w>
            <w x="1322">sanctified</w>
            <w x="1432">and</w>
            <w x="1557">holy</w>
            <w x="1748">traitors</w>
            <w x="1811">to</w>
            <w x="1933">you.</w>
        </line>
        <div id="3" x="1028" y="2011" group="1" width="795" height="73" type="score"
            sealts="460_2_2.278" attribution="HM" mode="comedy" play="10a">
            <line n="17" h="63" c="1923">
                <w x="1056">O,</w>
                <w x="1195">what</w>
                <w x="1245">a</w>
                <w x="1401">world</w>
                <w x="1467">is</w>
                <w x="1581">this,</w>
                <w x="1743">when</w>
                <w x="1890">what</w>
                <w x="1944">is</w>
                <w x="2128">comely</w>
            </line>
            <div id="4" x="976" y="1891" group="1" width="1153" height="126" type="score2"
                sealts="460_2_2.278" attribution="HM" mode="comedy" play="10a">
                <line c="1979" h="50" n="18">
                    <w x="1238">Envenoms</w>
                    <w x="1350">him</w>
                    <w x="1469">that</w>
                    <w x="1616">bears</w>
                    <w x="1692">it!</w>
                </line>
            </div>
        </div>
        <line n="19" h="73" c="2047">
            <w x="1163">Orl.</w>
            <w x="1329">Why,</w>
            <w x="1511">
                <choice>
                    <orig>what's</orig>
                    <reg>what is</reg>
                    <reg>what</reg>
                    <reg>is</reg>
                </choice>
            </w>
            <w x="1616">the</w>
            <w x="1820">matter?</w>
        </line>
    </div>
</body>
