<body>
    <div id="2" x="634" y="1568" group="1" width="1401" height="126" type="score" sealts="460_6_6.012" attribution="HM"
        mode="tragedy" play="3c">
        <line n="16" h="63" c="1600">
            <w x="899">Cas.</w>
            <w x="1593">Ay,</w>
            <w x="1672">do</w>
            <w x="1777">you</w>
            <w x="1877">fear</w>
            <w x="1968">it?</w>
        </line>
        <line n="17" h="63" c="1663">
            <w x="878">Then</w>
            <w x="1015">must</w>
            <w x="1051">I</w>
            <w x="1199">think</w>
            <w x="1304">you</w>
            <w x="1470">would</w>
            <w x="1568">not</w>
            <w x="1697">have</w>
            <w x="1757">it</w>
            <w x="2025">so.</w>
        </line>
    </div>
    <div id="3" x="717" y="2360" group="1" width="1054" height="135" type="score" sealts="460_6_6.012" attribution="HM"
        mode="tragedy" play="3c">
        <line n="29" h="67" c="2394">
            <w x="760">I</w>
            <w x="941">cannot</w>
            <w x="1038">tell</w>
            <w x="1177">what</w>
            <w x="1285">you</w>
            <w x="1396">and</w>
            <w x="1537">other</w>
            <w x="1664">men</w>
        </line>
        <line n="30" h="67" c="2461">
            <w x="885">Think</w>
            <w x="955">of</w>
            <w x="1062">this</w>
            <w x="1191">life;</w>
            <w x="1311">but,</w>
            <w x="1398">for</w>
            <w x="1488">my</w>
            <w x="1653">single</w>
            <w x="1764">self,</w>
        </line>
    </div>
</body>
