<body>
    <div id="2" x="844" y="2608" group="1" width="1374" height="76" type="checkmark"
        sealts="460_1_c218" attribution="HM" mode="comedy" play="3a">
        <line n="28" h="76" c="2644">
            <w x="984">peer</w>
            <w x="1150">out!</w>
            <w x="1286">that</w>
            <w x="1418">any</w>
            <w x="1672">madness,</w>
            <w x="1744">I</w>
            <w x="1900">ever</w>
            <w x="2028">yet</w>
            <w x="2210">beheld,</w>
        </line>
    </div>
    <div id="3" x="840" y="2926" group="2" width="1380" height="262" type="score" sealts="460_1_c218" attribution="HM"
        mode="commentary" section="notes" play="3a">
        <line c="2955" h="50" n="33">
            <w x="998">i.e.</w>
            <w x="1145">lunacy,</w>
            <w x="1282">frenzy.</w>
        </line>
        <line c="3001" h="55" n="34">
            <w x="1140">
                <choice>
                    <orig>Shakspeare</orig>
                    <reg>Shakespeare</reg>
                </choice>
            </w>
            <w x="1257">refers</w>
            <w x="1306">to</w>
            <w x="1342">a</w>
            <w x="1445">sport</w>
            <w x="1499">of</w>
            <w x="1674">children,</w>
            <w x="1764">who</w>
            <w x="1855">thus</w>
            <w x="1937">call</w>
            <w x="2004">on</w>
            <w x="2048">a</w>
            <w x="2155">snail</w>
            <w x="2210">to</w>
        </line>
        <line c="3038" h="42" n="35">
            <w x="934">push</w>
            <w x="1035">forth</w>
            <w x="1101">his</w>
            <w x="1233">horns:</w>
        </line>
        <line c="3108" h="53" n="36">
            <w x="1223">"Peer</w>
            <w x="1302">out,</w>
            <w x="1395">peer</w>
            <w x="1476">out,</w>
            <w x="1571">peer</w>
            <w x="1643">out</w>
            <w x="1696">of</w>
            <w x="1787">your</w>
            <w x="1887">hole,</w>
        </line>
        <line c="3150" h="46" n="37">
            <w x="1185">Or</w>
            <w x="1269">else</w>
            <w x="1336">
                <choice>
                    <orig>I'll</orig>
                    <reg>I will</reg>
                    <reg>I</reg>
                    <reg>will</reg>
                </choice>
            </w>
            <w x="1429">beat</w>
            <w x="1508">you</w>
            <w x="1561">as</w>
            <w x="1675">black</w>
            <w x="1726">as</w>
            <w x="1763">a</w>
            <w x="1879">coal."</w>
        </line>
    </div>
</body>
