<body>
    <div id="2" x="420" y="1038" group="1" width="1214" height="190" type="diagonalscore"
        sealts="460_1_c451" attribution="HM" mode="comedy" play="6a">
        <line c="1076" h="59" n="5">
            <w x="495">To</w>
            <w x="690">slander</w>
            <w x="848">music</w>
            <w x="956">any</w>
            <w x="1092">more</w>
            <w x="1220">than</w>
            <w x="1363">once.</w>
        </line>
        <line c="1126" h="79" n="6">
            <w x="546">D.</w>
            <w x="729">Pedro.</w>
            <w x="815">It</w>
            <w x="872">is</w>
            <w x="966">the</w>
            <w x="1166">witness</w>
            <w x="1272">still</w>
            <w x="1342">of</w>
            <w x="1629">excellency,</w>
        </line>
        <line c="1190" h="75" n="7">
            <w x="497">To</w>
            <w x="597">put</w>
            <w x="644">a</w>
            <w x="838">strange</w>
            <w x="954">face</w>
            <w x="1032">on</w>
            <w x="1119">his</w>
            <w x="1240">own</w>
            <w x="1588">perfection:&#8212;</w>
        </line>
    </div>
</body>
