<body>
    <div id="2" x="386" y="2702" group="1" width="717" height="81" type="crosschecks2"
        type2="annotated" sealts="460_7_7.085" attribution="HM" mode="tragedy" play="7c">
        <line n="31" h="90" c="2739">
            <w x="533">Reg.</w>
            <div id="3" x="528" y="2694" group="1" width="273" height="90" type="underline"
                sealts="460_7_7.085" attribution="HM" mode="tragedy" play="7c">
                    <w x="789">
                        <choice>
                            <orig>Ingrateful</orig>
                            <reg>Ungrateful</reg>
                        </choice>
                    </w>                
            </div>
            <w x="927">fox!</w>
            <w x="1023">
                <choice>
                    <orig>'tis</orig>
                    <reg>it is</reg>
                    <reg>it</reg>
                    <reg>is</reg>
                </choice>
            </w>
            <w x="1102">he.</w>
        </line>
    </div>
    <div id="4" x="382" y="3172" group="2" width="1703" height="305" type="annotation"
        type2="crosschecks2" sealts="460_7_7.085" attribution="HM" mode="tragedy" play="7c">
        <line n="1" h="152" c="3276">
            <w x="587">
                <choice>
                    <orig>Here's</orig>
                    <reg>Here is</reg>
                    <reg>Here</reg>
                    <reg>is</reg>
                </choice>
            </w>
            <w x="652">a</w>
            <w x="814">touch</w>
            <w x="1523">Shakspearean&#8212;</w>
            <w x="1846">Regan</w>
            <w x="2070">talks</w>
        </line>
        <line n="2" h="151" c="3412">
            <w x="484">of</w>
            <w x="1050">ingratitude!</w>
        </line>
    </div>
</body>
