<body>
    <div id="2" x="717" y="2932" group="1" width="1369" height="223" type="score" type2="annotated"
        sealts="460_1_c432" attribution="HM" mode="commentary" section="notes" play="6a">
        <line c="2959" h="46" n="37">
            <w x="818">i.</w>
            <w x="872">e.</w>
            <w x="1008">Adam</w>
            <w x="1115">Bell,</w>
            <w x="1180">"a</w>
            <w x="1337">passing</w>
            <w x="1447">good</w>
            <w x="1614">archer,"</w>
            <w x="1712">who,</w>
            <w x="1816">with</w>
            <w x="1938">Clym</w>
            <w x="1999">of</w>
            <w x="2070">the</w>
        </line>
        <line c="3002" h="44" n="38">
            <w x="869">Cloughe</w>
            <w x="950">and</w>
            <w x="1118">William</w>
            <w x="1172">of</w>
            <w x="1379">Cloudeslie,</w>
            <w x="1481">were</w>
            <w x="1635">outlaws</w>
            <w x="1687">as</w>
            <w x="1840">famous,</w>
            <w x="1892">in</w>
            <w x="1961">the</w>
            <w x="2072">north</w>
        </line>
        <line c="3046" h="42" n="39">
            <w x="757">of</w>
            <w x="930">England,</w>
            <w x="982">as</w>
            <w x="1111">Robin</w>
            <w x="1223">Hood</w>
            <w x="1302">and</w>
            <w x="1368">his</w>
            <w x="1511">fellows</w>
            <w x="1613">were</w>
            <w x="1664">in</w>
            <w x="1735">the</w>
            <w x="1896">midland</w>
            <w x="2071">counties.</w>
        </line>
        <line c="3088" h="48" n="40">
            <w x="884">This</w>
            <w x="967">line</w>
            <w x="1011">is</w>
            <w x="1114">from</w>
            <w x="1203">The</w>
            <w x="1366">Spanish</w>
            <w x="1555">Tragedy,</w>
            <w x="1603">or</w>
            <w x="1821">Hieronimo,</w>
            <w x="1919">&amp;c.,</w>
            <w x="2000">and</w>
            <w x="2070">
                <choice>
                    <hyph>oc-</hyph>
                    <reg>occurs</reg>
                </choice>
            </w>
        </line>
        <line c="3134" h="43" n="41">
            <w x="803" endhyph="true">curs,</w>
            <w x="900">with</w>
            <w x="935">a</w>
            <w x="1053">slight</w>
            <w x="1235">variation,</w>
            <w x="1285">in</w>
            <w x="1470">Watson's</w>
            <w x="1639">Sonnets,</w>
            <w x="1748">1581.</w>
        </line>
    </div>
    <div id="3" x="280" y="2883" group="2" width="336" height="281" type="annotation"
        sealts="460_1_c432" attribution="HM" mode="commentary" section="notes" play="6a">
        <line n="1" h="281" c="3023">
            <w x="460">Adam</w>
            <w x="612">Bede</w>
        </line>
    </div>
</body>
