<body>
    <div id="2" x="474" y="1619" group="1" width="1324" height="135" type="checkmark"
        sealts="460_2_2.415" attribution="HM" mode="comedy" play="11a">
        <line n="13" h="67" c="1652">
            <w x="579">1</w>
            <w x="739">Lord.</w>
            <w x="918">When</w>
            <w x="1034">you</w>
            <w x="1168">have</w>
            <w x="1357">spoken</w>
            <w x="1426">it,</w>
            <w x="1540">
                <choice>
                    <orig>'tis</orig>
                    <reg>it is</reg>
                    <reg>it</reg>
                    <reg>is</reg>
                </choice>
            </w>
            <w x="1695">dead,</w>
            <w x="1796">and</w>
        </line>
        <line n="14" h="67" c="1719">
            <w x="515">I</w>
            <w x="608">am</w>
            <w x="694">the</w>
            <w x="843">grave</w>
            <w x="920">of</w>
            <w x="991">it.</w>
        </line>
    </div>
</body>
