<body>
    <div id="2" x="763" y="1828" group="1" width="1389" height="142" type="checkmark"
        sealts="460_6_6.142" attribution="HM" mode="tragedy" play="4c">
        <line n="17" h="71" c="1863">
            <w x="970">Eno.</w>
            <w x="1169">Would</w>
            <w x="1269">you</w>
            <w x="1428">praise</w>
            <w x="1607">Caesar,</w>
            <w x="1783">say,&#8212;</w>
            <w x="1962">Caesar;</w>
            <w x="2053">go</w>
            <w x="2134">no</w>
        </line>
        <line n="18" h="71" c="1934">
            <w x="987">further.</w>
        </line>
    </div>
</body>
