<body>
	<div id="2" x="308" y="1014" group="1" width="1382" height="201" type="checkmark"
		sealts="460_3_3.059" attribution="HM" mode="comedy" play="13a">
		<line c="1054" h="66" n="6">
			<w x="450">lesser</w>
			<w x="635">linen.</w>
			<w x="755">My</w>
			<w x="919">father</w>
			<w x="1115">named</w>
			<w x="1220">me</w>
			<w x="1527">Autolycus;</w>
			<w x="1683">who,</w>
		</line>
		<line c="1119" h="71" n="7">
			<w x="464">being,</w>
			<w x="536">as</w>
			<w x="578">I</w>
			<w x="689">am,</w>
			<w x="887">littered</w>
			<w x="1048">under</w>
			<w x="1294">Mercury,</w>
			<w x="1412">was</w>
			<w x="1635">likewise</w>
			<w x="1686">a</w>
		</line>
		<line c="1180" h="68" n="8">
			<w x="587">
				<orig>snapper-up</orig>
				<reg>snapper up</reg>
				<reg>snapper</reg>
				<reg>up</reg>
			</w>
			<w x="679">of</w>
			<w x="1042">unconsidered</w>
			<w x="1230">trifles.</w>
			<w x="1436">With</w>
			<w x="1558">dye,</w>
			<w x="1686">and</w>
		</line>
	</div>
</body>
