<body>
    <div id="2" x="787" y="1716" group="1" width="1263" height="133" type="checkmark"
        sealts="460_6_6.196" attribution="HM" mode="tragedy" play="4c">
        <line n="18" h="66" c="1749">
            <w x="902">Did</w>
            <w x="1041">steer</w>
            <w x="1322">humanity:</w>
            <w x="1431">but</w>
            <w x="1552">you,</w>
            <w x="1700">gods,</w>
            <w x="1810">will</w>
            <w x="1931">give</w>
            <w x="2022">us</w>
        </line>
        <line n="19" h="66" c="1815">
            <w x="945">Some</w>
            <w x="1099">faults</w>
            <w x="1166">to</w>
            <w x="1318">make</w>
            <w x="1390">us</w>
            <w x="1542">men.</w>
            <w x="1749">Caesar</w>
            <w x="1810">is</w>
            <w x="2038">touched.</w>
        </line>
    </div>
    <div id="3" x="788" y="2894" group="2" width="1390" height="265" type="score" sealts="460_6_6.196" attribution="HM"
        mode="tragedy" play="4c">
        <line c="2918" h="43" n="36">
            <w x="879">But</w>
            <w x="995">again</w>
            <w x="1044">in</w>
            <w x="1101">its</w>
            <w x="1289">exceptive</w>
            <w x="1412">sense.</w>
        </line>
        <line c="2960" h="50" n="37">
            <w x="1016">Waged</w>
            <w x="1108">here</w>
            <w x="1211">must</w>
            <w x="1329">mean</w>
            <w x="1384">to</w>
            <w x="1441">be</w>
            <w x="1612">opposed,</w>
            <w x="1664">as</w>
            <w x="1785">equal</w>
            <w x="1918">stakes</w>
            <w x="1975">in</w>
            <w x="2019">a</w>
            <w x="2164">wager;</w>
        </line>
        <line c="3002" h="49" n="38">
            <w x="921">unless</w>
            <w x="988">we</w>
            <w x="1144">suppose</w>
            <w x="1230">that</w>
            <w x="1385">weighed</w>
            <w x="1427">is</w>
            <w x="1561">meant.</w>
            <w x="1680">The</w>
            <w x="1820">second</w>
            <w x="1915">folio</w>
            <w x="2026">reads</w>
            <w x="2123">way.</w>
        </line>
        <line c="3062" h="85" n="39">
            <w x="1039">Launch,</w>
            <w x="1110">the</w>
            <w x="1216">word</w>
            <w x="1265">in</w>
            <w x="1341">the</w>
            <w x="1419">old</w>
            <w x="1536">copy,</w>
            <w x="1580">is</w>
            <w x="1684">only</w>
            <w x="1756">the</w>
            <w x="1930">obsolete</w>
            <w x="2098">spelling</w>
            <w x="2162">of</w>
        </line>
        <line c="3093" h="21" n="40">
            <w x="908">lance.</w>
        </line>
        <line c="3132" h="34" n="41">
            <w x="958">His</w>
            <w x="1023">for</w>
            <w x="1088">its.</w>
        </line>
    </div>
</body>
