<body>
    <div id="2" x="293" y="2004" group="1" width="1424" height="198" type="score" sealts="460_6_6.047" attribution="HM"
        mode="tragedy" play="3c">
        <line c="2045" h="69" n="21">
            <w x="490">Cas.</w>
            <w x="673">Stoop,</w>
            <w x="810">then,</w>
            <w x="913">and</w>
            <w x="1065">wash.</w>
            <w x="1243">How</w>
            <w x="1393">many</w>
            <w x="1511">ages</w>
            <w x="1680">hence,</w>
        </line>
        <line c="2106" h="70" n="22">
            <w x="444">Shall</w>
            <w x="558">this</w>
            <w x="652">our</w>
            <w x="782">lofty</w>
            <w x="937">scene</w>
            <w x="1014">be</w>
            <w x="1170">acted</w>
            <w x="1308">over,</w>
        </line>
    </div>
    <div id="3" x="298" y="2129" group="1" width="1148" height="64" type="border" type2="score"
        sealts="460_6_6.047" attribution="HM" mode="tragedy" play="3c">
        <line n="23" h="64" c="2161">
            <w x="387">In</w>
            <w x="540">states</w>
            <w x="742">unborn,</w>
            <w x="852">and</w>
            <w x="1056">accents</w>
            <w x="1156">yet</w>
            <w x="1427">unknown!</w>
        </line>
    </div>
    <div id="4" x="290" y="2191" group="1" width="1405" height="139" type="score" sealts="460_6_6.047" attribution="HM"
        mode="tragedy" play="3c">
        <line n="24" h="69" c="2226">
            <w x="527">Bru.</w>
            <w x="666">How</w>
            <w x="817">many</w>
            <w x="968">times</w>
            <w x="1102">shall</w>
            <w x="1277">Caesar</w>
            <w x="1436">bleed</w>
            <w x="1503">in</w>
            <w x="1672">sport,</w>
        </line>
        <line n="25" h="69" c="2295">
            <w x="451">That</w>
            <w x="564">now</w>
            <w x="653">on</w>
            <w x="911">Pompey's</w>
            <w x="1038">basis</w>
            <w x="1145">lies</w>
            <w x="1333">along,</w>
        </line>
    </div>
</body>
