<body>
	<div id="2" x="356" y="2275" group="1" width="1224" height="308" type="diagonalscore"
		sealts="460_3_3.037" attribution="HM" mode="comedy" play="13a">
		<line c="2304" h="48" n="27">
			<w x="559">Paul.</w>
			<w x="1577">Forever</w>
		</line>
		<line c="2373" h="61" n="28">
			<w x="671">Unvenerable</w>
			<w x="749">be</w>
			<w x="852">thy</w>
			<w x="1029">hands,</w>
			<w x="1092">if</w>
			<w x="1224">thou</w>
		</line>
		<line c="2437" h="61" n="29">
			<w x="521">
				<orig>Tak'st</orig>
				<reg>Take</reg>
			</w>
			<w x="602">up</w>
			<w x="698">the</w>
			<w x="930">princess,</w>
			<w x="1015">by</w>
			<w x="1133">that</w>
			<w x="1302">forced</w>
			<w x="1568">baseness</w>
		</line>
		<line c="2500" h="61" n="30">
			<w x="522">Which</w>
			<w x="598">he</w>
			<w x="700">has</w>
			<w x="803">put</w>
			<w x="1004">
				<orig>upon't!</orig>
				<reg>upon it!</reg>
				<reg>upon</reg>
				<reg>it!</reg>
			</w>
		</line>
		<line c="2555" h="49" n="31">
			<w x="561">Leon.</w>
			<w x="1140">He</w>
			<w x="1319">dreads</w>
			<w x="1409">his</w>
			<w x="1549">wife.</w>
		</line>
	</div>
</body>
