<body>
	<div id="2" x="315" y="1764" group="1" width="1340" height="683" type="score2" sealts="460_3_3.065" attribution="HM"
		mode="comedy" play="13a">
		<line c="1800" h="62" n="19">
			<w x="493">Pol.</w>
			<w x="1174">Say,</w>
			<w x="1320">there</w>
			<w x="1421">be;</w>
		</line>
		<div id="3" x="321" y="1828" group="1" width="1168" height="124" type="enclosure"
			sealts="460_3_3.065" attribution="HM" mode="comedy" play="13a">
			<line n="20" h="62" c="1859">
				<w x="423">Yet</w>
				<w x="600">nature</w>
				<w x="655">is</w>
				<w x="805">made</w>
				<w x="982">better</w>
				<w x="1049">by</w>
				<w x="1134">no</w>
				<w x="1315">mean,</w>
			</line>
			<line n="21" h="62" c="1921">
				<w x="430">But</w>
				<w x="605">nature</w>
				<w x="780">makes</w>
				<w x="897">that</w>
				<w x="1069">mean;</w>
				<w x="1163">so,</w>
				<w x="1279">
					<choice>
						<orig>o'er</orig>
						<reg>over</reg>
					</choice>
				</w>
				<w x="1391">that</w>
				<w x="1487">art,</w>
			</line>
		</div>
		<line c="1980" h="75" n="22">
			<w x="500">Which,</w>
			<w x="610">you</w>
			<w x="723">say,</w>
			<w x="855">adds</w>
			<w x="924">to</w>
			<w x="1114">nature,</w>
			<w x="1174">is</w>
			<w x="1253">an</w>
			<w x="1342">art</w>
		</line>
		<line c="2055" h="95" n="23">
			<w x="447">That</w>
			<w x="615">nature</w>
			<w x="799">makes.</w>
			<w x="964">You</w>
			<w x="1076">see,</w>
			<w x="1241">sweet</w>
			<w x="1391">maid,</w>
			<w x="1487">we</w>
			<w x="1681">marry</w>
		</line>
		<line c="2111" h="62" n="24">
			<w x="366">A</w>
			<w x="552">gentler</w>
			<w x="694">scion</w>
			<w x="780">to</w>
			<w x="859">the</w>
			<w x="1056">wildest</w>
			<w x="1232">stock;</w>
		</line>
		<line c="2172" h="60" n="25">
			<w x="427">And</w>
			<w x="577">make</w>
			<w x="810">conceive</w>
			<w x="856">a</w>
			<w x="986">bark</w>
			<w x="1057">of</w>
			<w x="1198">baser</w>
			<w x="1327">kind</w>
		</line>
		<line c="2235" h="61" n="26">
			<w x="395">By</w>
			<w x="505">bud</w>
			<w x="577">of</w>
			<w x="742">nobler</w>
			<w x="878">race.</w>
			<w x="1056">This</w>
			<w x="1114">is</w>
			<w x="1193">an</w>
			<w x="1283">art</w>
		</line>
		<line c="2312" h="93" n="27">
			<w x="484">Which</w>
			<w x="611">does</w>
			<w x="767">mend</w>
			<w x="1069">nature,&#8212;</w>
			<w x="1193">change</w>
			<w x="1253">it</w>
			<w x="1440">rather:</w>
			<w x="1554">but</w>
		</line>
		<line c="2358" h="57" n="28">
			<w x="424">The</w>
			<w x="514">art</w>
			<w x="657">itself</w>
			<w x="709">is</w>
			<w x="899">nature.</w>
		</line>
	</div>
	<div id="4" x="435" y="2638" group="2" width="161" height="54" type="underline" sealts="460_3_3.065" attribution="HM"
		mode="comedy" play="13a">
		<line c="2670" h="61" n="33">
			<w x="591">dibble</w>
		</line>
	</div>
	<div id="5" x="283" y="3307" group="3" width="531" height="142"	type="annotation"  type2="enclosure" sealts="460_3_3.065" attribution="HM" mode="comedy" play="13a">
		<line n="1" h="142" c="3367">
			<w x="431">A</w>
			<w x="632">world</w>
			<w x="809">here.</w>
		</line>
	</div>
</body>
