<body>
    <div id="2" x="360" y="2208" group="1" width="1364" height="436" type="score" sealts="460_1_c435" attribution="HM"
        mode="comedy" play="6a">
        <line c="2249" h="62" n="23">
            <w x="490">D.</w>
            <w x="642">John.</w>
            <w x="712">I</w>
            <w x="927">wonder,</w>
            <w x="1046">that</w>
            <w x="1185">thou,</w>
            <w x="1335">being</w>
            <w x="1427">(as</w>
            <w x="1553">thou</w>
            <w x="1708">
                <choice>
                    <orig>say'st</orig>
                    <reg>say</reg>
                </choice>
            </w>
        </line>
        <line c="2300" h="63" n="24">
            <w x="472">thou</w>
            <w x="611">art)</w>
            <w x="734">born</w>
            <w x="904">under</w>
            <w x="1111">Saturn,</w>
            <w x="1259">
                <choice>
                    <orig>goest</orig>
                    <reg>go</reg>
                </choice>
            </w>
            <w x="1423">about</w>
            <w x="1499">to</w>
            <w x="1661">apply</w>
            <w x="1708">a</w>
        </line>
        <line c="2369" h="60" n="25">
            <w x="500">moral</w>
            <w x="746">medicine</w>
            <w x="834">to</w>
            <w x="905">a</w>
            <w x="1180">mortifying</w>
            <w x="1430">mischief.</w>
            <w x="1514">I</w>
            <w x="1708">cannot</w>
        </line>
        <line c="2430" h="61" n="26">
            <w x="468">hide</w>
            <w x="590">what</w>
            <w x="651">I</w>
            <w x="774">am:</w>
            <w x="829">I</w>
            <w x="978">must</w>
            <w x="1062">be</w>
            <w x="1172">sad</w>
            <w x="1300">when</w>
            <w x="1387">I</w>
            <w x="1527">have</w>
            <w x="1704">cause,</w>
        </line>
        <line c="2490" h="57" n="27">
            <w x="454">and</w>
            <w x="597">smile</w>
            <w x="667">at</w>
            <w x="744">no</w>
            <w x="905">man's</w>
            <w x="1053">jests;</w>
            <w x="1160">eat</w>
            <w x="1310">when</w>
            <w x="1354">I</w>
            <w x="1472">have</w>
            <w x="1703">stomach,</w>
        </line>
        <line c="2553" h="63" n="28">
            <w x="454">and</w>
            <w x="576">wait</w>
            <w x="654">for</w>
            <w x="727">no</w>
            <w x="881">man's</w>
            <w x="1050">leisure;</w>
            <w x="1229">sleep</w>
            <w x="1375">when</w>
            <w x="1416">I</w>
            <w x="1501">am</w>
            <w x="1701">drowsy,</w>
        </line>
    </div>
</body>
