<body>
	<div id="3" x="760" y="1104" group="1" width="1294" height="142" type="checkmark"
		sealts="460_3_3.050" attribution="HM" mode="comedy" play="13a">
		<line n="1" h="71" c="1139">
			<w x="847">All</w>
			<w x="1007">faults</w>
			<w x="1046">I</w>
			<w x="1207">make,</w>
			<div id="2" x="1217" y="1104" group="1" width="839" height="63" type="underline"
				sealts="460_3_3.050" attribution="HM" mode="comedy" play="13a">
				<w x="1355">when</w>
				<w x="1406">I</w>
				<w x="1540">shall</w>
				<w x="1692">come</w>
				<w x="1751">to</w>
				<w x="1910">know</w>
				<w x="2055">them,</w>
			</div>
		</line>
		<line n="2" h="71" c="1210">
			<w x="800">I</w>
			<w x="878">do</w>
			<w x="1082">repent.</w>
			<w x="1249">Alas,</w>
			<w x="1294">I</w>
			<w x="1422">have</w>
			<w x="1626">showed</w>
			<w x="1721">too</w>
			<w x="1869">much</w>
		</line>
	</div>
</body>
