<body>
    <div id="2" x="371" y="1016" group="1" width="1239" height="244" type="enclosure"
        sealts="460_1_c363" attribution="HM" mode="comedy" play="5a">
        <line c="1050" h="60" n="6">
            <w x="546">Grown</w>
            <w x="715">feared</w>
            <w x="823">and</w>
            <w x="1038">tedious;</w>
            <w x="1167">yea</w>
            <w x="1265">my</w>
            <w x="1470">gravity,</w>
        </line>
        <line c="1112" h="62" n="7">
            <w x="585">Wherein</w>
            <w x="692">(let</w>
            <w x="769">no</w>
            <w x="892">man</w>
            <w x="1017">hear</w>
            <w x="1128">me)</w>
            <w x="1172">I</w>
            <w x="1296">take</w>
            <w x="1453">pride,</w>
        </line>
        <line c="1173" h="61" n="8">
            <w x="523">Could</w>
            <w x="581">I,</w>
            <w x="713">with</w>
            <w x="868">boot,</w>
            <w x="1058">change</w>
            <w x="1144">for</w>
            <w x="1221">an</w>
            <w x="1327">idle</w>
            <w x="1509">plume,</w>
        </line>
        <line c="1233" h="61" n="9">
            <w x="536">Which</w>
            <w x="632">the</w>
            <w x="716">air</w>
            <w x="861">beats</w>
            <w x="947">for</w>
            <w x="1081">vain.</w>
            <w x="1198">O</w>
            <w x="1358">place!</w>
            <w x="1437">O</w>
            <w x="1593">form!</w>
        </line>
    </div>
    <div id="3" x="378" y="1265" group="1" width="1261" height="175" type="enclosure"
        sealts="460_1_c363" attribution="HM" mode="comedy" play="5a">
        <line c="1295" h="60" n="10">
            <w x="498">How</w>
            <w x="639">often</w>
            <w x="759">dost</w>
            <w x="884">thou</w>
            <w x="1014">with</w>
            <w x="1113">thy</w>
            <w x="1246">case,</w>
            <w x="1348">thy</w>
            <w x="1502">habit,</w>
        </line>
        <line c="1353" h="55" n="11">
            <w x="571">Wrench</w>
            <w x="688">awe</w>
            <w x="820">from</w>
            <w x="962">fools,</w>
            <w x="1072">and</w>
            <w x="1153">tie</w>
            <w x="1250">the</w>
            <w x="1400">wiser</w>
            <w x="1536">souls</w>
        </line>
        <line c="1418" h="62" n="12">
            <w x="450">To</w>
            <w x="550">thy</w>
            <w x="676">false</w>
            <w x="928">seeming?</w>
            <w x="1143">Blood,</w>
            <w x="1271">thou</w>
            <w x="1378">still</w>
            <w x="1464">art</w>
            <w x="1636">blood!</w>
        </line>
    </div>
</body>
