<body>
	<div id="2" x="609" y="1307" group="1" width="473" height="76" type="underline"
		type2="annotated" sealts="460_4_4.123" attribution="HM" mode="history" play="4b">
		<line c="1358" h="71" n="12">
			<w x="822">Charles</w>
			<w x="915">the</w>
			<w x="1075">Great,</w>
		</line>
	</div>
	<div id="3" x="106" y="1257" group="2" width="315" height="287" type="annotation"
		sealts="460_4_4.123" attribution="HM" mode="history" play="4b">
		<line n="1" h="287" c="1401">
			<w x="415">Charlemagne</w>
		</line>
	</div>
</body>
