<body>
    <div id="2" x="658" y="1840" group="1" width="1379" height="254" type="score3" sealts="460_1_c500" attribution="HM"
        mode="comedy" play="6a">
        <line c="1874" h="64" n="20">
            <w x="713">in</w>
            <w x="810">the</w>
            <w x="939">time</w>
            <w x="1013">of</w>
            <w x="1152">good</w>
            <w x="1424">neighbors.</w>
            <w x="1536">If</w>
            <w x="1589">a</w>
            <w x="1713">man</w>
            <w x="1792">do</w>
            <w x="1892">not</w>
            <w x="2033">erect</w>
        </line>
        <line c="1935" h="61" n="21">
            <w x="711">in</w>
            <w x="818">this</w>
            <w x="923">age</w>
            <w x="1013">his</w>
            <w x="1150">own</w>
            <w x="1308">tomb</w>
            <w x="1403">ere </w>
            <w x="1482">he</w>
            <w x="1614">dies,</w>
            <w x="1693">he</w>
            <w x="1838">shall</w>
            <w x="1950">live</w>
            <w x="2031">no</w>
        </line>
        <line c="2000" h="67" n="22">
            <w x="817">longer</w>
            <w x="901">in</w>
            <w x="1222">monument,</w>
            <w x="1364">than</w>
            <w x="1484">the</w>
            <w x="1614">bell</w>
            <w x="1790">rings,</w>
            <w x="1914">and</w>
            <w x="2031">the</w>
        </line>
        <line c="2060" h="61" n="23">
            <w x="827">widow</w>
            <w x="1014">weeps.</w>
        </line>
    </div>
</body>
