<body>
    <div id="2" x="866" y="1679" group="1" width="1188" height="206" type="score" sealts="460_2_2.358" attribution="HM"
        mode="comedy" play="11a">
        <line c="1714" h="60" n="17">
            <w x="1124">(Methinks</w>
            <w x="1166">I</w>
            <w x="1294">hear</w>
            <w x="1404">him</w>
            <w x="1553">now;</w>
            <w x="1654">his</w>
            <w x="1869">plausive</w>
            <w x="2034">words</w>
        </line>
        <line c="1776" h="59" n="18">
            <w x="948">He</w>
            <w x="1188">scattered</w>
            <w x="1288">not</w>
            <w x="1353">in</w>
            <w x="1484">ears,</w>
            <w x="1587">but</w>
            <w x="1777">grafted</w>
            <w x="1933">them,</w>
        </line>
        <line c="1841" h="68" n="19">
            <w x="946">To</w>
            <w x="1088">grow</w>
            <w x="1246">there,</w>
            <w x="1356">and</w>
            <w x="1423">to</w>
            <w x="1584">bear,)</w>
            <w x="1693">Let</w>
            <w x="1776">me</w>
            <w x="1872">not</w>
            <w x="2052">live,&#8212;</w>
        </line>
    </div>
    <div id="3" x="851" y="1925" group="2" width="1261" height="630" type="score" sealts="460_2_2.358" attribution="HM"
        mode="comedy" play="11a">
        <line c="1963" h="63" n="21">
            <w x="950">On</w>
            <w x="1046">the</w>
            <w x="1342">catastrophe</w>
            <w x="1451">and</w>
            <w x="1571">heel</w>
            <w x="1642">of</w>
            <w x="1866">pastime,</w>
        </line>
        <line c="2021" h="59" n="22">
            <w x="1019">When</w>
            <w x="1077">it</w>
            <w x="1190">was</w>
            <w x="1422">out,&#8212;</w>
            <w x="1423">let</w>
            <w x="1506">me</w>
            <w x="1602">not</w>
            <w x="1719">live,</w>
            <w x="1876">quoth</w>
            <w x="1967">he,</w>
        </line>
        <line c="2086" h="67" n="23">
            <w x="999">After</w>
            <w x="1086">my</w>
            <w x="1243">flame</w>
            <w x="1374">lacks</w>
            <w x="1468">oil,</w>
            <w x="1533">to</w>
            <w x="1603">be</w>
            <w x="1691">the</w>
            <w x="1840">snuff</w>
        </line>
        <line c="2149" h="66" n="24">
            <w x="951">Of</w>
            <w x="1159">younger</w>
            <w x="1337">spirits,</w>
            <w x="1496">whose</w>
            <w x="1816">apprehensive</w>
            <w x="1977">senses</w>
        </line>
        <line c="2207" h="63" n="25">
            <w x="953">All</w>
            <w x="1049">but</w>
            <w x="1161">new</w>
            <w x="1326">things</w>
            <w x="1553">disdain;</w>
            <w x="1721">whose</w>
            <w x="1985">judgments</w>
            <w x="2076">are</w>
        </line>
        <line c="2269" h="67" n="26">
            <w x="995">Mere</w>
            <w x="1175">fathers</w>
            <w x="1251">of</w>
            <w x="1368">their</w>
            <w x="1600">garments;</w>
            <w x="1818">whose</w>
            <w x="2101">constancies</w>
        </line>
        <line c="2331" h="69" n="27">
            <w x="1042">Expire</w>
            <w x="1197">before</w>
            <w x="1328">their</w>
            <w x="1727">fashions&#8212;</w>
            <w x="1642">This</w>
            <w x="1803">he</w>
            <w x="1990">wished</w>
            <w x="2018">:</w>
        </line>
        <line c="2391" h="59" n="28">
            <w x="914">I,</w>
            <w x="1048">after</w>
            <w x="1172">him,</w>
            <w x="1253">do</w>
            <w x="1384">after</w>
            <w x="1493">him</w>
            <w x="1625">wish</w>
            <w x="1732">too,</w>
        </line>
        <line c="2450" h="60" n="29">
            <w x="1011">Since</w>
            <w x="1054">I</w>
            <w x="1155">nor</w>
            <w x="1290">wax,</w>
            <w x="1391">nor</w>
            <w x="1569">honey,</w>
            <w x="1673">can</w>
            <w x="1822">bring</w>
            <w x="1983">home,</w>
        </line>
        <line c="2515" h="68" n="30">
            <w x="899">I</w>
            <w x="1098">quickly</w>
            <w x="1234">were</w>
            <w x="1470">dissolved</w>
            <w x="1599">from</w>
            <w x="1695">my</w>
            <w x="1826">hive,</w>
        </line>
    </div>
</body>
