<body>
    <div id="2" x="737" y="1758" group="1" width="1379" height="635" type="score" sealts="460_1_c334" attribution="HM"
        mode="comedy" play="5a">
        <line c="1797" h="63" n="18">
            <w x="946">Heaven</w>
            <w x="1068">doth</w>
            <w x="1200">with</w>
            <w x="1288">us,</w>
            <w x="1362">as</w>
            <w x="1455">we</w>
            <w x="1588">with</w>
            <w x="1782">torches</w>
            <w x="1888">do;</w>
        </line>
        <line c="1860" h="62" n="19">
            <w x="841">Not</w>
            <w x="974">light</w>
            <w x="1118">them</w>
            <w x="1204">for</w>
            <w x="1518">themselves:</w>
            <w x="1619">for</w>
            <w x="1679">if</w>
            <w x="1771">our</w>
            <w x="1953">virtues</w>
        </line>
        <line c="1923" h="63" n="20">
            <w x="840">Did</w>
            <w x="941">not</w>
            <w x="1019">go</w>
            <w x="1157">forth</w>
            <w x="1229">of</w>
            <w x="1310">us,</w>
            <w x="1488">
                <choice>
                    <orig>'twere</orig>
                    <reg>it were</reg>
                    <reg>it</reg>
                    <reg>were</reg>
                </choice>
            </w>
            <w x="1568">all</w>
            <w x="1706">alike</w>
        </line>
        <line c="1988" h="67" n="21">
            <w x="810">As</w>
            <w x="872">if</w>
            <w x="957">we</w>
            <w x="1068">had</w>
            <w x="1212">them</w>
            <w x="1326">not.</w>
            <w x="1553">Spirits</w>
            <w x="1648">are</w>
            <w x="1744">not</w>
            <w x="1893">finely</w>
            <w x="2113">touched,</w>
        </line>
        <line c="2043" h="50" n="22">
            <w x="839">But</w>
            <w x="906">to</w>
            <w x="1015">fine</w>
            <w x="1195">issues:</w>
            <w x="1348">nor</w>
            <w x="1524">nature</w>
            <w x="1681">never</w>
            <w x="1827">lends</w>
        </line>
        <line c="2111" h="63" n="23">
            <w x="848">The</w>
            <w x="1067">smallest</w>
            <w x="1260">scruple</w>
            <w x="1334">of</w>
            <w x="1426">her</w>
            <w x="1712">excellence,</w>
        </line>
        <line c="2173" h="63" n="24">
            <w x="839">But</w>
            <w x="948">like</w>
            <w x="998">a</w>
            <w x="1173">thrifty</w>
            <w x="1397">goddess,</w>
            <w x="1499">she</w>
            <w x="1789">determines</w>
        </line>
        <line c="2235" h="62" n="25">
            <w x="932">Herself</w>
            <w x="1022">the</w>
            <w x="1169">glory</w>
            <w x="1240">of</w>
            <w x="1282">a</w>
            <w x="1503">creditor,</w>
        </line>
        <line c="2301" h="68" n="26">
            <w x="1047">Both</w>
            <w x="1060">thanks</w>
            <w x="1157">and</w>
            <w x="1289">use.</w>
            <w x="1445">But</w>
            <w x="1486">I</w>
            <w x="1566">do</w>
            <w x="1707">bend</w>
            <w x="1804">my</w>
            <w x="1987">speech</w>
        </line>
        <line c="2360" h="63" n="27">
            <w x="818">To</w>
            <w x="923">one</w>
            <w x="1044">that</w>
            <w x="1147">can</w>
            <w x="1246">my</w>
            <w x="1364">part</w>
            <w x="1431">in</w>
            <w x="1544">him</w>
            <w x="1781">advertise:</w>
        </line>
    </div>
</body>
