<body>
	<div id="2" group="1" x="255" y="506" width="769" height="300" type="score" attribution="HM" sealts="278_1_1.049" section="3">
		<line c="533" h="41" n="5">
			<w x="351">He</w>
			<w x="511"><choice><orig>answer'd:</orig><reg>answered:</reg></choice></w>
			<w x="695">"Mentor!</w>
			<w x="786">how,</w>
			<w x="873">alas!</w>
			<w x="963">shall</w>
			<w x="993">I</w>
		</line>
	</div>
	<div id="3" group="2" x="256" y="803" width="810" height="203" type="arcedscore" attribution="HM" sealts="278_1_1.049" section="3">
		<line c="833" h="48" n="11">
			<w x="355">She</w>
			<w x="443">said:</w>
			<w x="562">"Thy</w>
			<w x="652">mind</w>
			<w x="718">will</w>
			<w x="805">some</w>
			<w x="923">conceit</w>
			<w x="1060">impress,</w>
		</line>
	</div>
</body>
