<body>
	<div id="2" group="1" x="705" y="322" width="833" height="248" type="score" attribution="HM" sealts="278_1_1.276" section="11">
		<line c="350" h="41" n="1">
			<w x="765">By</w>
			<w x="848">Jove</w>
			<w x="979">himself,</w>
			<w x="1048">and</w>
			<w x="1107">yet</w>
			<w x="1181">past</w>
			<w x="1275">mean</w>
			<w x="1398"><choice><orig>opprest</orig><reg>oppressed</reg></choice></w>
		</line>
		<line c="399" h="42" n="2">
			<w x="765">By</w>
			<w x="829">one</w>
			<w x="890">my</w>
			<w x="944">far</w>
			<w x="1078">inferior,</w>
			<w x="1182">whose</w>
			<w x="1284">proud</w>
			<w x="1358">hest</w>
		</line>
		<line c="448" h="43" n="3">
			<w x="843"><choice><orig>Impos'd</orig><reg>Imposed</reg></choice></w>
			<w x="988">abhorred</w>
			<w x="1109"><choice><orig>labours</orig><reg>labors</reg></choice></w>
			<w x="1159">on</w>
			<w x="1220">my</w>
			<w x="1315">hand.</w>
		</line>
		<line c="493" h="39" n="4">
			<w x="763">Of</w>
			<w x="810">all</w>
			<w x="912">which</w>
			<w x="975">one</w>
			<w x="1052">was,</w>
			<w x="1094">to</w>
			<w x="1226">descend</w>
			<w x="1294">this</w>
			<w x="1411">strand,</w>
		</line>
		<line c="544" h="44" n="5">
			<w x="788">And</w>
			<w x="862">hale</w>
			<w x="922">the</w>
			<w x="991">dog</w>
			<w x="1074">from</w>
			<w x="1196">thence.</w>
			<w x="1286">He</w>
			<w x="1379">could</w>
			<w x="1440">not</w>
			<w x="1533">think</w>
		</line>
	</div>
	<div id="3" group="2" x="720" y="1014" width="808" height="446" type="score" attribution="HM" sealts="278_1_1.276" section="11">
		<line c="1040" h="43" n="15">
			<w x="786">(As</w>
			<w x="922">Theseus</w>
			<w x="991">and</w>
			<w x="1153">Pirithous,</w>
			<w x="1277">derived</w>
		</line>
		<line c="1088" h="44" n="16">
			<w x="814">From</w>
			<w x="900">roots</w>
			<w x="943">of</w>
			<w x="1051">Deity)</w>
			<w x="1114">but</w>
			<w x="1219">before</w>
			<w x="1272">th'</w>
			<w x="1418">achieved</w>
		</line>
		<line c="1138" h="44" n="17">
			<w x="805">Rare</w>
			<w x="893">sight</w>
			<w x="937">of</w>
			<w x="1033">these,</w>
			<w x="1095">the</w>
			<w x="1282"><choice><orig>rank-soul'd</orig><reg>rank soul'd</reg><reg>rank souled</reg><reg>rank-souled</reg><reg>rank</reg><reg>soul'd</reg><reg>souled</reg></choice></w>
			<w x="1440">multitude</w>
		</line>
		<line c="1185" h="39" n="18">
			<w x="768">In</w>
			<w x="886">infinite</w>
			<w x="983">flocks</w>
			<w x="1067">rose,</w>
			<w x="1194">venting</w>
			<w x="1308">sounds</w>
			<w x="1351">so</w>
			<w x="1442">rude,</w>
		</line>
		<line c="1237" h="46" n="19">
			<w x="807">That</w>
			<w x="880">pale</w>
			<w x="966">Fear</w>
			<w x="1044">took</w>
			<w x="1110">me,</w>
			<w x="1176">lest</w>
			<w x="1236">the</w>
			<w x="1389">Gorgon's</w>
			<w x="1475">head</w>
		</line>
		<line c="1284" h="43" n="20">
			<w x="842"><choice><orig>Rush'd</orig><reg>Rushed</reg></choice></w>
			<w x="884">in</w>
			<w x="1025">amongst</w>
			<w x="1123">them,</w>
			<w x="1227">thrust</w>
			<w x="1286">up,</w>
			<w x="1330">in</w>
			<w x="1390">my</w>
			<w x="1497">dread,</w>
		</line>
		<line c="1337" h="44" n="21">
			<w x="781">By</w>
			<w x="866">grim</w>
			<w x="1064">Persephone.</w>
			<w x="1121">I</w>
			<w x="1270">therefore</w>
			<w x="1345">sent</w>
		</line>
		<line c="1386" h="43" n="22">
			<w x="789">My</w>
			<w x="866">men</w>
			<w x="971">before</w>
			<w x="1013">to</w>
			<w x="1099">ship,</w>
			<w x="1168">and</w>
			<w x="1251">after</w>
			<w x="1345">went.</w>
		</line>
		<line c="1433" h="41" n="23">
			<w x="852">Where,</w>
			<w x="994">boarded,</w>
			<w x="1059">set,</w>
			<w x="1129">and</w>
			<w x="1280"><choice><orig>launch'd,</orig><reg>launched,</reg></choice></w>
			<w x="1333">th'</w>
			<w x="1432">ocean</w>
			<w x="1518">wave</w>
		</line>
	</div>
</body>
