<body>
    <div id="2" group="1" x="280" y="1270" width="713" height="149" type="score" attribution="HM" sealts="278_2_2.273" section="endverse">
        <line n="1" h="49" c="1294">
            <w x="354">Our</w>
            <w x="499">dunghill</w>
            <w x="689">chanticleers</w>
            <w x="751">but</w>
            <w x="874">obvious</w>
            <w x="980">call;</w>
        </line>
        <line n="2" h="49" c="1343">
            <w x="374">Each</w>
            <w x="494">modern</w>
            <w x="620">scraper</w>
            <w x="688">this</w>
            <w x="772">Gem</w>
            <w x="935">scratching</w>
            <w x="991">by,</w>
        </line>
        <line n="3" h="49" c="1392">
            <w x="350">His</w>
            <w x="409">oat</w>
            <w x="581">preferring</w>
            <w x="665">far.</w>
            <w x="741">Let</w>
            <w x="817">such</w>
            <w x="869">let</w>
            <w x="930">lie.</w>
        </line>
    </div>
</body>
