<body>
	<div id="2" group="1" x="272" y="324" width="812" height="450" type="score" attribution="HM" sealts="278_1_1.227" section="10">
		<line c="357" h="43" n="1">
			<w x="364">Your</w>
			<w x="479">powers</w>
			<w x="636">command</w>
			<w x="689">it.'</w>
			<w x="806">Thus</w>
			<w x="1002"><choice><orig>endeavour'd</orig><reg>endeavoured</reg><reg>endeavored</reg></choice></w>
			<w x="1031">I</w>
		</line>
		<line c="408" h="40" n="2">
			<w x="366">With</w>
			<w x="431">soft</w>
			<w x="541">speech</w>
			<w x="582">to</w>
			<w x="684">repair</w>
			<w x="745">my</w>
			<w x="867">misery.</w>
		</line>
		<line c="455" h="39" n="3">
			<w x="346">The</w>
			<w x="414">rest</w>
			<w x="490">with</w>
			<w x="566">ruth</w>
			<w x="621">sat</w>
			<w x="726">dumb.</w>
			<w x="826">But</w>
			<w x="902">thus</w>
			<w x="1001"><choice><orig>spake</orig><reg>spoke</reg></choice></w>
			<w x="1065">he:</w>
		</line>
		<line c="506" h="40" n="4">
			<w x="429">'Avaunt,</w>
			<w x="498">and</w>
			<w x="620">quickly</w>
			<w x="693">quit</w>
			<w x="753">my</w>
			<w x="830">land</w>
			<w x="875">of</w>
			<w x="957">thee,</w>
		</line>
		<line c="551" h="31" n="5">
			<w x="365">Thou</w>
			<w x="457">worst</w>
			<w x="502">of</w>
			<w x="547">all</w>
			<w x="619">that</w>
			<w x="752">breathe.</w>
			<w x="823">It</w>
			<w x="879">fits</w>
			<w x="941">not</w>
			<w x="998">me</w>
		</line>
		<line c="606" h="40" n="6">
			<w x="327">To</w>
			<w x="453">convoy,</w>
			<w x="521">and</w>
			<w x="598">take</w>
			<w x="649">in,</w>
			<w x="752">whom</w>
			<w x="897">Heavens</w>
			<w x="1019">expose.</w>
		</line>
		<line c="655" h="40" n="7">
			<w x="383">Away,</w>
			<w x="451">and</w>
			<w x="529">with</w>
			<w x="604">thee</w>
			<w x="654">go</w>
			<w x="715">the</w>
			<w x="809">worst</w>
			<w x="853">of</w>
			<w x="942">woes,</w>
		</line>
		<line c="701" h="45" n="8">
			<w x="362">That</w>
			<w x="474"><choice><orig>seek'st</orig><reg>seek</reg></choice></w>
			<w x="534">my</w>
			<w x="707">friendship,</w>
			<w x="777">and</w>
			<w x="837">the</w>
			<w x="927">Gods</w>
			<w x="989">thy</w>
			<w x="1077">foes.'</w>
		</line>
		<line c="752" h="40" n="9">
			<w x="404">Thus</w>
			<w x="453">he</w>
			<w x="602"><choice><orig>dismiss'd</orig><reg>dismissed</reg></choice></w>
			<w x="659">me</w>
			<w x="793">sighing.</w>
			<w x="922">Forth</w>
			<w x="974">we</w>
			<w x="1045"><choice><orig>sail'd,</orig><reg>sailed,</reg></choice></w>
		</line>
	</div>
</body>
