<body>
	<div id="2" group="1" x="692" y="1502" width="451" height="58" type="underline" attribution="HM"
		sealts="278_2_2.112" section="17">
		<line n="25" h="58" c="1531">
			<blank x="1068"/>
			<w x="1125">his</w>
			<w x="1218">blood</w>
			<w x="1293">that</w>
			<w x="1422"><choice><orig></orig><reg></reg></choice></w>
			<w x="1519">bears,</w>
		</line>
		<div id="3" group="1" x="" y="1556" width="592" height="49" type="score" attribution="HM"
			sealts="278_2_2.112" section="17">
			<line n="26" h="49" c="1581">
				<w x="750">To</w>
				<w x="802">set</w>
				<w x="878">men</w>
				<w x="948">still</w>
				<w x="1088">together</w>
				<w x="1134">by</w>
				<w x="1194">the</w>
				<w x="1282">ears.</w>
			</line>
		</div>
	</div>
</body>
