<body>
	<div id="2" group="1" x="665" y="1084" width="750" height="145" type="score" attribution="HM" sealts="278_2_2.098" section="17">
		<line n="16" h="48" c="1108">
			<w x="788">About</w>
			<w x="857">him</w>
			<w x="1001"><choice><orig>throng'd</orig><reg>thronged</reg></choice></w>
			<w x="1063">the</w>
			<w x="1203">Wooers,</w>
			<w x="1273">and</w>
			<w x="1395">desired</w>
		</line>
		<line n="17" h="48" c="1156">
			<w x="743">All</w>
			<w x="827">good</w>
			<w x="871">to</w>
			<w x="940">him</w>
			<w x="979">in</w>
			<w x="1118">tongues,</w>
			<w x="1185">but</w>
			<w x="1228">in</w>
			<w x="1312">their</w>
			<w x="1413">hearts</w>
		</line>
		<line n="18" h="48" c="1206">
			<w x="770">Most</w>
			<w x="856">deep</w>
			<w x="911">ills</w>
			<w x="1081"><choice><orig>threaten'd</orig><reg>threatened</reg></choice></w>
			<w x="1115">to</w>
			<w x="1177">his</w>
			<w x="1261">most</w>
			<w x="1398">deserts.</w>
		</line>
	</div>
</body>
