<body>
	<div id="2" group="1" x="720" y="1312" width="824" height="295" type="score" attribution="HM" sealts="278_1_1.218" section="9">
		<line c="1338" h="37" n="21">
			<w x="793">And</w>
			<w x="850">eat</w>
			<w x="904">his</w>
			<w x="1027">fellows.</w>
			<w x="1149">Thou</w>
			<w x="1277"><choice><orig>mightst</orig><reg>might</reg></choice></w>
			<w x="1368">know</w>
			<w x="1458">there</w>
			<w x="1540">were</w>
		</line>
		<line c="1386" h="35" n="22">
			<w x="808">Some</w>
			<w x="863">ills</w>
			<w x="987">behind,</w>
			<w x="1068">rude</w>
			<w x="1174">swain,</w>
			<w x="1230">for</w>
			<w x="1306">thee</w>
			<w x="1347">to</w>
			<w x="1435">bear,</w>
		</line>
		<line c="1436" h="39" n="23">
			<w x="801">That</w>
			<w x="900"><choice><orig>fear'd</orig><reg>feared</reg></choice></w>
			<w x="960">not</w>
			<w x="1001">to</w>
			<w x="1114">devour</w>
			<w x="1177">thy</w>
			<w x="1293">guests,</w>
			<w x="1362">and</w>
			<w x="1459">break</w>
		</line>
		<line c="1484" h="35" n="24">
			<w x="775">All</w>
			<w x="851">laws</w>
			<w x="896">of</w>
			<w x="1031">humans.</w>
			<w x="1142">Jove</w>
			<w x="1236">sends</w>
			<w x="1384">therefore</w>
			<w x="1496">wreak,</w>
		</line>
		<line c="1534" h="39" n="25">
			<w x="794">And</w>
			<w x="843">all</w>
			<w x="902">the</w>
			<w x="1002">Gods,</w>
			<w x="1052">by</w>
			<w x="1128">me.'</w>
			<w x="1236">This</w>
			<w x="1318">blew</w>
			<w x="1376">the</w>
			<w x="1463">more</w>
		</line>
		<line c="1584" h="38" n="26">
			<w x="784">His</w>
			<w x="917">burning</w>
			<w x="992">fury;</w>
			<w x="1110">when</w>
			<w x="1169">the</w>
			<w x="1229">top</w>
			<w x="1278">he</w>
			<w x="1349">tore</w>
		</line>
	</div>
</body>
