<body>
	<div id="2" group="1" x="693" y="841" width="725" height="148" type="enclosure" attribution="HM" sealts="278_1_1.296" section="12">
		<line c="866" h="41" n="11">
			<w x="750">My</w>
			<w x="830">rude</w>
			<w x="906">men</w>
			<w x="969">left</w>
			<w x="1160"><choice><orig>ungovern'd,</orig><reg>ungoverned,</reg></choice></w>
			<w x="1241">they</w>
			<w x="1322">have</w>
			<w x="1406">done</w>
		</line>
		<line c="916" h="40" n="12">
			<w x="727">A</w>
			<w x="809">deed</w>
			<w x="851">so</w>
			<w x="990">impious,</w>
			<w x="1020">I</w>
			<w x="1114">stand</w>
			<w x="1187">well</w>
			<w x="1321">assured,</w>
		</line>
		<line c="965" h="42" n="13">
			<w x="773">That</w>
			<w x="840">you</w>
			<w x="906">will</w>
			<w x="966">not</w>
			<w x="1083">forgive</w>
			<w x="1202">though</w>
			<w x="1250">ye</w>
			<w x="1413">procured.'</w>
		</line>
	</div>
	<div id="3" group="2" x="810" y="1580" width="177" height="57" type="underline" attribution="HM" sealts="278_1_1.296" section="12">
		<line n="26" h="57" c="1608">
			<w x="986"><choice><orig>Cloud-herd</orig><reg>Cloud herd</reg><reg>Cloud</reg><reg>herd</reg></choice></w>
		</line>
	</div>
</body>
