<body>
	<div id="2" group="1" x="279" y="1569" width="795" height="197" type="wavyscore" attribution="HM" sealts="278_2_2.175" section="20">
		<line c="1592" h="45" n="26">
			<w x="383">To</w>
			<w x="449">this</w>
			<w x="504">his</w>
			<w x="615">prayer</w>
			<w x="698">Jove</w>
			<w x="796">shook</w>
			<w x="850">his</w>
			<w x="937">sable</w>
			<w x="1022">chin,</w>
		</line>
		<line c="1645" h="39" n="27">
			<w x="368">And</w>
			<w x="525"><choice><orig>thunder'd</orig><reg>thundered</reg></choice></w>
			<w x="607">from</w>
			<w x="696">those</w>
			<w x="776">pure</w>
			<w x="881">clouds</w>
			<w x="963">that,</w>
			<w x="1060">above</w>
		</line>
		<line c="1696" h="39" n="28">
			<w x="363">The</w>
			<w x="520">breathing</w>
			<w x="582">air,</w>
			<w x="625">in</w>
			<w x="732">bright</w>
			<w x="880">Olympus</w>
			<w x="980">move.</w>
		</line>
		<line c="1745" h="38" n="29">
			<w x="402">Divine</w>
			<w x="528">Ulysses</w>
			<w x="616"><choice><orig>joy'd</orig><reg>joyed</reg></choice></w>
			<w x="656">to</w>
			<w x="737">hear</w>
			<w x="771">it</w>
			<w x="854">roar.</w>
		</line>
	</div>
</body>
