<body>
	<div id="2" group="1" x="730" y="1699" width="739" height="198" type="score" attribution="HM" sealts="278_1_1.128" section="5">
		<line c="1726" h="43" n="29">
			<w x="805">The</w>
			<w x="898">worst</w>
			<w x="1058">succeeded;</w>
			<w x="1140">for</w>
			<w x="1199">the</w>
			<w x="1287">cruel</w>
			<w x="1397">friend,</w>
		</line>
		<line c="1772" h="46" n="30">
			<w x="787">To</w>
			<w x="887">which</w>
			<w x="935">he</w>
			<w x="1052"><choice><orig>cling'd</orig><reg>clinged</reg></choice></w>
			<w x="1106">for</w>
			<w x="1239"><choice><orig>succour,</orig><reg>succor,</reg></choice></w>
			<w x="1293">off</w>
			<w x="1350">did</w>
			<w x="1429">rend</w>
		</line>
		<line c="1820" h="35" n="31">
			<w x="829">From</w>
			<w x="885">his</w>
			<w x="982">broad</w>
			<w x="1081">hands</w>
			<w x="1140">the</w>
			<w x="1253">soaken</w>
			<w x="1334">flesh</w>
			<w x="1376">so</w>
			<w x="1458">sore,</w>
		</line>
		<line c="1870" h="41" n="32">
			<w x="820">That</w>
			<w x="871">off</w>
			<w x="916">he</w>
			<w x="986">fell,</w>
			<w x="1055">and</w>
			<w x="1146">could</w>
			<w x="1261">sustain</w>
			<w x="1310">no</w>
			<w x="1406">more.</w>
		</line>
	</div>
</body>
