<body>
	<div id="2" group="1" x="285" y="925" width="810" height="301" type="wavyscore" attribution="HM" sealts="278_1_1.201" section="9">
		<line c="948" h="38" n="13">
			<w x="354">Yet</w>
			<w x="416">left</w>
			<w x="469">we</w>
			<w x="531">not</w>
			<w x="591">the</w>
			<w x="689">coast,</w>
			<w x="795">before</w>
			<w x="848">we</w>
			<w x="943">call'd</w>
		</line>
		<line c="998" h="43" n="14">
			<w x="390">Home</w>
			<w x="431">to</w>
			<w x="494">our</w>
			<w x="623">country</w>
			<w x="715">earth</w>
			<w x="774">the</w>
			<w x="861">souls</w>
			<w x="984"><choice><orig>exhal'd</orig><reg>exhaled</reg></choice></w>
		</line>
		<line c="1047" h="31" n="15">
			<w x="338">Of</w>
			<w x="384">all</w>
			<w x="480">the</w>
			<w x="561">friends</w>
			<w x="621">the</w>
			<w x="735">Cicons</w>
			<w x="898">overcame.</w>
		</line>
		<line c="1098" h="40" n="16">
			<w x="396">Thrice</w>
			<w x="490">call'd</w>
			<w x="543">we</w>
			<w x="593">on</w>
			<w x="681">them</w>
			<w x="732">by</w>
			<w x="816">their</w>
			<w x="932">several</w>
			<w x="1035">name,</w>
		</line>
		<line c="1145" h="38" n="17">
			<w x="362">And</w>
			<w x="441">then</w>
			<w x="519">took</w>
			<w x="616">leave.</w>
			<w x="739">Then</w>
			<w x="822">from</w>
			<w x="881">the</w>
			<w x="985">angry</w>
			<w x="1090">North</w>
		</line>
		<line c="1197" h="45" n="18">
			<w x="549"><choice><orig>Cloud-gathering</orig><reg>Cloud gathering</reg><reg>Cloud</reg><reg>gathering</reg></choice></w>
			<w x="632">Jove</w>
			<w x="664">a</w>
			<w x="801">dreadful</w>
			<w x="898">storm</w>
			<w x="991">call'd</w>
			<w x="1076">forth</w>
		</line>
	</div>
</body>
