<body>
	<div id="2" group="1" x="696" y="352" width="718" height="62" type="checkmark" attribution="HM" sealts="278_1_1.280" section="12">
		<line n="2" h="62" c="383">
			<w x="794">Were</w>
			<w x="884">such</w>
			<w x="928">as</w>
			<w x="998">they</w>
			<w x="1068">had</w>
			<div id="3" group="1" x="1066" y="358" width="336" height="48" type="underline" attribution="HM" sealts="278_1_1.280" section="12">
				<line n="2" h="48" c="382">
					<w x="1184"><choice><orig>fawn'd</orig><reg>fawned</reg></choice></w>
					<w x="1250">into</w>
					<w x="1334">their</w>
					<w x="1400">fen,</w>
				</line>
			</div>
		</line>
	</div>

	<div id="4" group="2" x="692" y="1439" width="738" height="155" type="score" attribution="HM" sealts="278_1_1.280" section="12">
		<line c="1467" h="39" n="24">
			<w x="805">Unless</w>
			<w x="887">your</w>
			<w x="960">own</w>
			<w x="1050">mind</w>
			<w x="1133">finds</w>
			<w x="1194">the</w>
			<w x="1277">tract</w>
			<w x="1345">and</w>
			<w x="1423">bent</w>
		</line>
		<line c="1519" h="43" n="25">
			<w x="747">Of</w>
			<w x="816">that</w>
			<w x="889">way</w>
			<w x="963">that</w>
			<w x="1068">avoids</w>
			<w x="1111">it.</w>
			<w x="1169">I</w>
			<w x="1234">can</w>
			<w x="1297">say</w>
		</line>
		<line c="1570" h="44" n="26">
			<w x="778">That</w>
			<w x="818">in</w>
			<w x="901">your</w>
			<w x="1007">course</w>
			<w x="1098">there</w>
			<w x="1161">lies</w>
			<w x="1192">a</w>
			<w x="1314">twofold</w>
			<w x="1395">way,</w>
		</line>
	</div>
</body>
