<body>
	<div id="2" group="1" x="252" y="1462" width="689" height="340" type="scoresinout" attribution="HM" sealts="278_1_1.037" section="2">
		<line c="1489" h="43" n="24">
			<w x="383">"No</w>
			<w x="472">more</w>
			<w x="523">let</w>
			<w x="591">any</w>
			<w x="840"><choice><orig>sceptre-bearing</orig><reg>sceptre bearing</reg><reg>sceptre</reg><reg>bearing</reg></choice></w>
			<w x="927">man,</w>
		</line>
		<line c="1537" h="39" n="25">
			<w x="442">Benevolent,</w>
			<w x="487">or</w>
			<w x="575">mild,</w>
			<w x="621">or</w>
			<w x="737">human</w>
			<w x="795">be,</w>
		</line>
		<line c="1589" h="42" n="26">
			<w x="325">Nor</w>
			<w x="367">in</w>
			<w x="422">his</w>
			<w x="512">mind</w>
			<w x="594">form</w>
			<w x="664">acts</w>
			<w x="709">of</w>
			<w x="802">piety,</w>
		</line>
		<line c="1638" h="43" n="27">
			<w x="322">But</w>
			<w x="397">ever</w>
			<w x="471">feed</w>
			<w x="519">on</w>
			<w x="621">blood,</w>
			<w x="691">and</w>
			<w x="771">facts</w>
			<w x="877">unjust</w>
		</line>
		<line c="1686" h="41" n="28">
			<w x="393">Commit,</w>
			<w x="474">even</w>
			<w x="515">to</w>
			<w x="575">the</w>
			<w x="637">full</w>
			<w x="737">swing</w>
			<w x="781">of</w>
			<w x="833">his</w>
			<w x="909">lust,</w>
		</line>
		<line c="1736" h="40" n="29">
			<w x="346">Since</w>
			<w x="390">of</w>
			<w x="488">divine</w>
			<w x="615">Ulysses</w>
			<w x="663">no</w>
			<w x="741">man</w>
			<w x="823">now,</w>
		</line>
		<line c="1786" h="42" n="30">
			<w x="307">Of</w>
			<w x="352">all</w>
			<w x="406">his</w>
			<w x="546">subjects,</w>
			<w x="615">any</w>
			<w x="745">thought</w>
			<w x="824">doth</w>
			<w x="918">show.</w>
		</line>
	</div>
</body>
