<body>
	<div id="2" group="1" x="696" y="623" width="781" height="252" type="score2" attribution="HM" sealts="278_1_1.050" section="3">
		<line c="652" h="40" n="7">
			<w x="774">May</w>
			<w x="904">likewise</w>
			<w x="965">use</w>
			<w x="1055">these</w>
			<w x="1133">rites</w>
			<w x="1178">of</w>
			<w x="1280">piety;</w>
		</line>
		<line c="701" h="39" n="8">
			<w x="760">For</w>
			<w x="789">I</w>
			<w x="917">suppose</w>
			<w x="973">his</w>
			<w x="1071">youth</w>
			<w x="1150">doth</w>
			<w x="1274">prayers</w>
			<w x="1345">use,</w>
		</line>
		<line c="749" h="37" n="9">
			<w x="786">Since</w>
			<w x="836">all</w>
			<w x="912">men</w>
			<w x="994">need</w>
			<w x="1053">the</w>
			<w x="1152">Gods.</w>
			<w x="1251">But</w>
			<w x="1319">you</w>
			<w x="1348">I</w>
			<w x="1458">choose</w>
		</line>
		<line c="800" h="38" n="10">
			<w x="778">First</w>
			<w x="820">in</w>
			<w x="886">this</w>
			<w x="975">cup's</w>
			<w x="1137">disposure,</w>
			<w x="1224">since</w>
			<w x="1280">his</w>
			<w x="1372">years</w>
		</line>
		<line c="848" h="40" n="11">
			<w x="787">Seem</w>
			<w x="876">short</w>
			<w x="920">of</w>
			<w x="1020">yours,</w>
			<w x="1095">who</w>
			<w x="1183">more</w>
			<w x="1252">like</w>
			<w x="1309">me</w>
			<w x="1465">appears."</w>
		</line>
	</div>
	<div id="3" group="2" x="697" y="921" width="659" height="149" type="score" attribution="HM" sealts="278_1_1.050" section="3">
		<line c="948" h="38" n="13">
			<w x="771">And</w>
			<w x="858">since</w>
			<w x="890">a</w>
			<w x="966">wise</w>
			<w x="1035">and</w>
			<w x="1103">just</w>
			<w x="1180">man</w>
			<w x="1240">did</w>
			<w x="1351">design</w>
		</line>
		<line c="998" h="41" n="14">
			<w x="766">The</w>
			<w x="878">golden</w>
			<w x="960">bowl</w>
			<w x="1031">first</w>
			<w x="1071">to</w>
			<w x="1134">her</w>
			<w x="1203">free</w>
			<w x="1310"><choice><orig>receit,</orig><reg>receipt,</reg></choice></w>
		</line>
		<line c="1049" h="42" n="15">
			<div id="4" group="2" x="700" y="1020" width="621" height="42" type="underline" type2="checkmark"
				attribution="HM" sealts="278_1_1.050" section="3">
					<w x="789">Even</w>
					<w x="834">to</w>
					<w x="890">the</w>
					<w x="1025">Goddess</w>
					<w x="1061">it</w>
					<w x="1123">did</w>
					<w x="1190">add</w>
					<w x="1309">delight,</w>				
			</div>
		</line>
	</div>
</body>
