<body>
	<div id="2" group="1" x="295" y="810" width="896" height="746" type="score" attribution="HM" sealts="278_2_2.057" section="15">
		<line c="836" h="40" n="11">
			<w x="382">The</w>
			<w x="448">veil</w>
			<w x="520">that</w>
			<w x="650">Helen's</w>
			<w x="771">curious</w>
			<w x="860">hand</w>
			<w x="927">had</w>
			<w x="1052">graced,</w>
		</line>
		<line c="889" h="42" n="12">
			<w x="390">And</w>
			<w x="554">Menelaus'</w>
			<w x="644">gold,</w>
			<w x="713">and</w>
			<w x="799">said:</w>
			<w x="953">"Away,</w>
		</line>
		<line c="940" h="42" n="13">
			<w x="385">Nor</w>
			<w x="436">let</w>
			<w x="499">thy</w>
			<w x="584">men,</w>
			<w x="627">in</w>
			<w x="696">any</w>
			<w x="778">least</w>
			<w x="864">date,</w>
			<w x="948">stay,</w>
		</line>
		<line c="987" h="45" n="14">
			<w x="382">But</w>
			<w x="468">quite</w>
			<w x="531">put</w>
			<w x="589">off,</w>
			<w x="650">ere</w>
			<w x="679">I</w>
			<w x="742">get</w>
			<w x="844">home,</w>
			<w x="913">and</w>
			<w x="973">tell</w>
		</line>
		<line c="1036" h="43" n="15">
			<w x="386">The</w>
			<w x="444">old</w>
			<w x="538">duke,</w>
			<w x="607">you</w>
			<w x="666">are</w>
			<w x="757">past;</w>
			<w x="821">for</w>
			<w x="946">passing</w>
			<w x="1019">well</w>
		</line>
		<line c="1083" h="35" n="16">
			<w x="342">I</w>
			<w x="434">know</w>
			<w x="490">his</w>
			<w x="580">mind</w>
			<w x="622">to</w>
			<w x="664">so</w>
			<w x="779">exceed</w>
			<w x="829">all</w>
			<w x="915">force</w>
		</line>
		<line c="1138" h="41" n="17">
			<w x="369">Of</w>
			<w x="434">any</w>
			<w x="553">prayer,</w>
			<w x="627">that</w>
			<w x="672">he</w>
			<w x="740">will</w>
			<w x="813">stay</w>
			<w x="895">your</w>
			<w x="1011">course,</w>
		</line>
		<line c="1183" h="42" n="18">
			<w x="453">Himself</w>
			<w x="543">make</w>
			<w x="656">hither,</w>
			<w x="707">all</w>
			<w x="788">your</w>
			<w x="895">course</w>
			<w x="960">call</w>
			<w x="1051">back,</w>
		</line>
		<line c="1234" h="44" n="19">
			<w x="404">And,</w>
			<w x="496">when</w>
			<w x="544">he</w>
			<w x="625">hath</w>
			<w x="701">you,</w>
			<w x="783">have</w>
			<w x="832">no</w>
			<w x="965">thought</w>
			<w x="1005">to</w>
			<w x="1085">rack</w>
		</line>
		<line c="1284" h="39" n="20">
			<w x="400">Him</w>
			<w x="482">from</w>
			<w x="539">his</w>
			<w x="664">bounty,</w>
			<w x="733">and</w>
			<w x="771">to</w>
			<w x="822">let</w>
			<w x="889">you</w>
			<w x="965">part</w>
		</line>
		<line c="1334" h="42" n="21">
			<w x="457">Without</w>
			<w x="487">a</w>
			<w x="619">present,</w>
			<w x="682">but</w>
			<w x="728">be</w>
			<w x="822"><choice><orig>vex'd</orig><reg>vexed</reg></choice></w>
			<w x="864">at</w>
			<w x="954">heart</w>
		</line>
		<line c="1383" h="41" n="22">
			<w x="411">With</w>
			<w x="490">both</w>
			<w x="553">our</w>
			<w x="718">pleadings,</w>
			<w x="757">if</w>
			<w x="806">we</w>
			<w x="887">once</w>
			<w x="950">but</w>
			<w x="1040">move</w>
		</line>
		<line c="1432" h="43" n="23">
			<w x="391">The</w>
			<w x="473">least</w>
			<w x="637">repression</w>
			<w x="682">of</w>
			<w x="735">his</w>
			<w x="816">fiery</w>
			<w x="918">love."</w>
		</line>
		<line c="1479" h="40" n="24">
			<w x="446">Thus</w>
			<w x="519">took</w>
			<w x="562">he</w>
			<w x="662">coach,</w>
			<w x="714">his</w>
			<w x="894"><choice><orig>fair-maned</orig><reg>fair maned</reg><reg>fair</reg><reg>maned</reg></choice></w>
			<w x="991">steeds</w>
			<w x="1131">scourged</w>
			<w x="1175">on</w>
		</line>
		<line c="1533" h="42" n="25">
			<w x="426">Along</w>
			<w x="485">the</w>
			<w x="599">Pylian</w>
			<w x="677">city,</w>
			<w x="747">and</w>
			<w x="832">anon</w>
		</line>
	</div>
</body>
