<body>
	<div id="2" group="1" x="272" y="303" width="625" height="107" type="checkmark" attribution="HM" sealts="278_1_1.055" section="3">
		<line n="1" h="53" c="330">
			<w x="350">But</w>
			<w x="372">I</w>
			<w x="438">fled</w>
			<w x="498">all,</w>
			<w x="574">with</w>
			<w x="627">all</w>
			<w x="705">that</w>
			<w x="832"><choice><orig>follow'd</orig><reg>followed</reg></choice></w>
			<w x="892">me,</w>
		</line>
		<line n="2" h="53" c="383">
			<w x="416">Because</w>
			<w x="438">I</w>
			<w x="532">knew</w>
			<w x="612">God</w>
			<w x="730">studied</w>
			<w x="852">misery,</w>
		</line>
	</div>
</body>
