<body>
	<div id="2" group="1" x="277" y="1397" width="801" height="393" type="wavyscore" attribution="HM" sealts="278_1_1.225" section="10">
		<line c="1423" h="42" n="23">
			<w x="328">As</w>
			<w x="395">gift</w>
			<w x="476">from</w>
			<w x="595">AEolus,</w>
			<w x="665">and</w>
			<w x="751">said:</w>
			<w x="822">'O</w>
			<w x="957">heaven!</w>
		</line>
		<line c="1468" h="48" n="24">
			<w x="374">What</w>
			<w x="468">grace</w>
			<w x="536">and</w>
			<w x="629">grave</w>
			<w x="716">price</w>
			<w x="752">is</w>
			<w x="803">by</w>
			<w x="852">all</w>
			<w x="929">men</w>
			<w x="1023">given</w>
		</line>
		<line c="1517" h="31" n="25">
			<w x="329">To</w>
			<w x="391">our</w>
			<w x="595">commander!</w>
			<w x="805">Whatsoever</w>
			<w x="892">coast</w>
		</line>
		<line c="1569" h="38" n="26">
			<w x="329">Or</w>
			<w x="413">town</w>
			<w x="461">he</w>
			<w x="563">comes</w>
			<w x="614">to,</w>
			<w x="689">how</w>
			<w x="784">much</w>
			<w x="832">he</w>
			<w x="957"><choice><orig>engrost</orig><reg>engrosed</reg></choice></w>
		</line>
		<line c="1619" h="41" n="27">
			<w x="330">Of</w>
			<w x="391">fair</w>
			<w x="458">and</w>
			<w x="593">precious</w>
			<w x="683">prey,</w>
			<w x="752">and</w>
			<w x="884">brought</w>
			<w x="966">from</w>
			<w x="1069">Troy!</w>
		</line>
		<line c="1669" h="41" n="28">
			<w x="343">We</w>
			<w x="403">the</w>
			<w x="490">same</w>
			<w x="608">voyage</w>
			<w x="702">went,</w>
			<w x="771">and</w>
			<w x="830">yet</w>
			<w x="924">enjoy</w>
		</line>
		<line c="1719" h="40" n="29">
			<w x="325">In</w>
			<w x="386">our</w>
			<w x="493">return</w>
			<w x="583">these</w>
			<w x="690">empty</w>
			<w x="789">hands</w>
			<w x="844">for</w>
			<w x="902">all.</w>
		</line>
		<line c="1769" h="41" n="30">
			<w x="357">This</w>
			<w x="434">bag,</w>
			<w x="517">now,</w>
			<w x="628">AEolus</w>
			<w x="695">was</w>
			<w x="738">so</w>
			<w x="847">liberal</w>
		</line>
	</div>
</body>
