<body>
	<div id="2" group="1" x="587" y="350" width="833" height="294" type="score3" attribution="HM"
		sealts="278_2_2.016" section="13">
		<line c="376" h="37" n="1">
			<w x="637">In</w>
			<w x="858">over-reaches!</w>
		</line>
		<div id="3" group="1" x="596" y="351" width="326" height="45" type="underline"
			attribution="HM" sealts="278_2_2.016" section="13">
			<line c="376" h="37" n="1">
				<blank x="880"/>
				<w x="955">Not</w>
				<w x="1061">secure</w>
				<w x="1122">thy</w>
				<w x="1206">state</w>
			</line>
			<line n="2" h="52" c="424">
				<w x="735">Without</w>
				<w x="827">these</w>
				<w x="920">wiles,</w>
				<w x="1039">though</w>
				<w x="1089">on</w>
				<w x="1150">thy</w>
				<w x="1256">native</w>
				<w x="1342">shore</w>
			</line>
			<line c="472" h="54" n="3">
				<w x="688">Thou</w>
				<w x="788"><choice><orig>sett'st</orig><reg>set</reg></choice></w>
				<w x="858">safe</w>
				<w x="989">footing,</w>
			</line>
		</div>
		<line c="376" h="37" n="1">
			<w x="1045">but</w>
			<w x="1131">upon</w>
			<w x="1194">thy</w>
			<w x="1279">store</w>
		</line>
		<line c="523" h="44" n="4">
			<w x="645">Of</w>
			<w x="721">false</w>
			<w x="820">words</w>
			<w x="890">still</w>
			<w x="999">spend,</w>
		</line>
		<div id="4" group="1" x="591" y="495" width="400" height="49" type="underline"
			attribution="HM" sealts="278_2_2.016" section="13">
			<line c="523" h="44" n="4">
				<blank x="1004"/>
				<w x="1082">that</w>
				<w x="1162">even</w>
				<w x="1246">from</w>
				<w x="1303">thy</w>
				<w x="1405">birth</w>
			</line>
			<line c="572" h="47" n="5">
				<w x="694">Have</w>
				<w x="773">been</w>
				<w x="838">thy</w>
				<w x="908">best</w>
				<w x="1046">friends?</w>
			</line>
		</div>
		<line c="572" h="47" n="5">
			<w x="1156">Come,</w>
			<w x="1219">our</w>
			<w x="1320">either</w>
			<w x="1419">worth</w>
		</line>
		<line c="620" h="38" n="6">
			<w x="634">Is</w>
			<w x="746">known</w>
			<w x="787">to</w>
			<w x="897">either.</w>
			<w x="1018">Thou</w>
			<w x="1062">of</w>
			<w x="1136">men</w>
			<w x="1192">art</w>
			<w x="1256">far,</w>
		</line>
	</div>
	<div id="5" group="2" x="596" y="1583" width="768" height="97" type="score3" attribution="HM"
		sealts="278_2_2.016" section="13">
		<line n="26" h="48" c="1607">
			<w x="679">But</w>
			<w x="773">silent</w>
			<w x="862">suffer</w>
			<w x="948">over</w>
			<w x="990">all</w>
			<w x="1087">again</w>
		</line>
		<line n="27" h="50" c="1650">
			<w x="681">Thy</w>
			<w x="806">sorrows</w>
			<w x="887">past,</w>
			<w x="957">and</w>
			<w x="1033">bear</w>
			<w x="1096">the</w>
			<w x="1213">wrongs</w>
			<w x="1262">of</w>
			<w x="1359">men."</w>
		</line>
	</div>
	<div id="6" group="3" x="589" y="1679" width="877" height="252" type="score" attribution="HM"
		sealts="278_2_2.016" section="13">
		<line c="1702" h="43" n="28">
			<w x="838">"Goddess,"</w>
			<w x="912">said</w>
			<w x="970">he,</w>
			<w x="1112">"unjust</w>
			<w x="1197">men,</w>
			<w x="1267">and</w>
			<w x="1390">unwise,</w>
		</line>
		<line c="1755" h="42" n="29">
			<w x="688">That</w>
			<w x="798">author</w>
			<w x="922">injuries</w>
			<w x="991">and</w>
			<w x="1128">vanities,</w>
		</line>
		<line c="1804" h="47" n="30">
			<w x="659">By</w>
			<w x="785">vanities</w>
			<w x="852">and</w>
			<w x="971">wrongs</w>
			<w x="1081">should</w>
			<w x="1186">rather</w>
			<w x="1232">be</w>
		</line>
		<line c="1851" h="39" n="31">
			<w x="715">Bound</w>
			<w x="754">to</w>
			<w x="821">this</w>
			<w x="1012"><choice><orig>ill-abearing</orig><reg>ill abearing</reg><reg>ill</reg><reg>abearing</reg></choice></w>
			<w x="1143">destiny,</w>
		</line>
		<line c="1901" h="49" n="32">
			<w x="695">Than</w>
			<w x="764">just</w>
			<w x="832">and</w>
			<w x="908">wise</w>
			<w x="993">men.</w>
			<w x="1122">What</w>
			<w x="1241">delight</w>
			<w x="1322">hath</w>
			<w x="1450">heaven,</w>
		</line>
	</div>
</body>
