<body>
	<div id="2" group="1" x="276" y="846" width="652" height="197" type="wavyscore" attribution="HM" sealts="278_1_1.119" section="5">
		<line c="870" h="38" n="12">
			<w x="320">In</w>
			<w x="445">feature,</w>
			<w x="569">stature,</w>
			<w x="619">all</w>
			<w x="678">the</w>
			<w x="765">parts</w>
			<w x="810">of</w>
			<w x="901">show,</w>
		</line>
		<line c="907" h="65" n="13">
			<w x="341">She</w>
			<w x="438">being</w>
			<w x="468">a</w>
			<w x="586">mortal,</w>
			<w x="637">an</w>
			<w x="785">immortal</w>
			<w x="873">thou,</w>
		</line>
		<line c="976" h="54" n="14">
			<w x="341">Old</w>
			<w x="416">ever</w>
			<w x="560">growing,</w>
			<w x="629">and</w>
			<w x="688">yet</w>
			<w x="782">never</w>
			<w x="847">old.</w>
		</line>
		<line c="1017" h="39" n="15">
			<w x="344">Yet</w>
			<w x="406">her</w>
			<w x="505">desire</w>
			<w x="587">shall</w>
			<w x="635">all</w>
			<w x="695">my</w>
			<w x="774">days</w>
			<w x="833">see</w>
			<w x="915">told,</w>
		</line>
	</div>
	<div id="3" group="2" x="274" y="1090" width="796" height="489" type="score" attribution="HM" sealts="278_1_1.119" section="5">
		<line c="1115" h="39" n="17">
			<w x="353">And</w>
			<w x="472">natural</w>
			<w x="573">home.</w>
			<w x="645">If</w>
			<w x="709">any</w>
			<w x="785">God</w>
			<w x="868">shall</w>
			<w x="926">lay</w>
		</line>
		<line c="1167" h="40" n="18">
			<w x="343">His</w>
			<w x="429">hand</w>
			<w x="514">upon</w>
			<w x="571">me</w>
			<w x="614">as</w>
			<w x="643">I</w>
			<w x="718">pass</w>
			<w x="777">the</w>
			<w x="860">seas,</w>
		</line>
		<line c="1213" h="37" n="19">
			<w x="332">I'll</w>
			<w x="409">bear</w>
			<w x="468">the</w>
			<w x="561">worst</w>
			<w x="603">of</w>
			<w x="684">what</w>
			<w x="739">his</w>
			<w x="825">hand</w>
			<w x="907">shall</w>
			<w x="1019">please,</w>
		</line>
		<line c="1265" h="40" n="20">
			<w x="331">As</w>
			<w x="446">having</w>
			<w x="541">given</w>
			<w x="598">me</w>
			<w x="679">such</w>
			<w x="708">a</w>
			<w x="798">mind</w>
			<w x="840">as</w>
			<w x="923">shall</w>
		</line>
		<line c="1309" h="33" n="21">
			<w x="351">The</w>
			<w x="439">more</w>
			<w x="507">still</w>
			<w x="572">rise</w>
			<w x="632">the</w>
			<w x="719">more</w>
			<w x="775">his</w>
			<w x="862">hand</w>
			<w x="925">lets</w>
			<w x="992">fall.</w>
		</line>
		<line c="1362" h="39" n="22">
			<w x="326">In</w>
			<w x="406">wars</w>
			<w x="474">and</w>
			<w x="573">waves</w>
			<w x="633">my</w>
			<w x="788">sufferings</w>
			<w x="871">were</w>
			<w x="932">not</w>
			<w x="1030">small.</w>
		</line>
		<line c="1410" h="36" n="23">
			<w x="305">I</w>
			<w x="379">now</w>
			<w x="460">have</w>
			<w x="583"><choice><orig>suffer'd</orig><reg>suffered</reg></choice></w>
			<w x="686">much,</w>
			<w x="730">as</w>
			<w x="824">much</w>
			<w x="937">before,</w>
		</line>
		<line c="1458" h="37" n="24">
			<w x="439">Hereafter</w>
			<w x="489">let</w>
			<w x="531">as</w>
			<w x="627">much</w>
			<w x="731">result,</w>
			<w x="800">and</w>
			<w x="916">more."</w>
		</line>
		<line c="1508" h="40" n="25">
			<w x="398">This</w>
			<w x="479">said,</w>
			<w x="538">the</w>
			<w x="603">sun</w>
			<w x="666">set,</w>
			<w x="735">and</w>
			<w x="826">earth</w>
			<w x="960">shadows</w>
			<w x="1062">gave;</w>
		</line>
		<line c="1558" h="39" n="26">
			<w x="386">When</w>
			<w x="474">these</w>
			<w x="538">two</w>
			<w x="595">(in</w>
			<w x="644">an</w>
			<w x="779"><choice><orig>in-room</orig><reg>in room</reg><reg>in</reg><reg>room</reg></choice></w>
			<w x="823">of</w>
			<w x="879">the</w>
			<w x="967">cave,</w>
		</line>
	</div>
</body>
