<body>
	<div id="2" group="1" x="306" y="1168" width="682" height="101" type="wavyscore" attribution="HM" sealts="278_2_2.031" section="14">
		<line n="18" h="50" c="1193">
			<w x="356">It</w>
			<w x="478">grieves</w>
			<w x="538">my</w>
			<w x="627">heart</w>
			<w x="665">to</w>
			<w x="716">be</w>
			<w x="910"><choice><orig>remember'd</orig><reg>remembered</reg></choice></w>
			<w x="987">thus</w>
		</line>
		<line n="19" h="50" c="1243">
			<w x="377">By</w>
			<w x="437">any</w>
			<w x="505">one</w>
			<w x="551">of</w>
			<w x="608">one</w>
			<w x="661">so</w>
			<w x="817">glorious.</w>
		</line>
	</div>
</body>
