<body>
	<div id="2" group="1" x="272" y="1154" width="840" height="347" type="wavyscore"
		attribution="HM" sealts="278_1_1.147" section="6">
		<line c="1184" h="39" n="18">
			<w x="314">In</w>
			<w x="401">work</w>
			<w x="445">of</w>
			<w x="531">those</w>
			<w x="612">tools</w>
			<w x="685">that</w>
			<w x="727">so</w>
			<w x="772">fit</w>
			<w x="834">our</w>
			<w x="926">state,</w>
		</line>
		<line c="1231" h="37" n="19">
			<w x="337">Are</w>
			<w x="416">rude</w>
			<w x="619">mechanicals,</w>
			<w x="694">that</w>
			<w x="767">rare</w>
			<w x="837">and</w>
			<w x="903">late</w>
		</line>
		<line c="1284" h="42" n="20">
			<w x="367">Work</w>
			<w x="409">in</w>
			<w x="467">the</w>
			<w x="680"><choice><orig>market-place;</orig><reg>market place;</reg><reg>market</reg><reg>place;</reg></choice></w>
			<w x="776">and</w>
			<w x="867">those</w>
			<w x="927">are</w>
			<w x="1006">they</w>
		</line>
		<line c="1333" h="42" n="21">
			<w x="382">Whose</w>
			<w x="477">bitter</w>
			<w x="605">tongues</w>
			<w x="638">I</w>
			<w x="730">shun,</w>
			<w x="804">who</w>
			<w x="936">straight</w>
			<w x="1039">would</w>
			<w x="1109">say,</w>
		</line>
		<line c="1382" h="41" n="22">
			<w x="348">(For</w>
			<w x="437">these</w>
			<w x="502">vile</w>
			<w x="624">vulgars</w>
			<w x="685">are</w>
			<w x="848">extremely</w>
			<w x="956">proud,</w>
		</line>
		<line c="1430" h="38" n="23">
			<w x="343">And</w>
			<w x="620"><choice><orig>foully-languag'd)</orig><reg>foully languag'd)</reg><reg>foully languaged)</reg><reg>foully-languaged)</reg><reg>foully</reg><reg>languag'd)</reg><reg>languaged)</reg></choice></w>
			<w x="745">'What</w>
			<w x="781">is</w>
			<w x="839">he,</w>
			<w x="965">allowed</w>
		</line>
		<line c="1478" h="39" n="24">
			<w x="318">To</w>
			<w x="415">coach</w>
			<w x="527">it</w>
			<w x="508">with</w>
			<w x="687">Nausicaa,</w>
			<w x="731">so</w>
			<w x="821">large</w>
			<w x="884">set,</w>
		</line>
	</div>
</body>
