<body>
	<div id="2" group="1" x="318" y="328" width="727" height="159" type="wavyscore" attribution="HM" sealts="278_1_1.299" section="12">
		<line c="363" h="50" n="1">
			<w x="366">To</w>
			<w x="463">judge</w>
			<w x="493">a</w>
			<w x="562">sort</w>
			<w x="606">of</w>
			<w x="663">hot</w>
			<w x="770">young</w>
			<w x="893">fellows'</w>
			<w x="972">jars,</w>
		</line>
		<line c="413" h="44" n="2">
			<w x="362">At</w>
			<w x="470">length</w>
			<w x="549">time</w>
			<w x="633">frees</w>
			<w x="704">him</w>
			<w x="787">from</w>
			<w x="873">their</w>
			<w x="947">civil</w>
			<w x="1037">wars,</w>
		</line>
		<line c="463" h="45" n="3">
			<w x="415">When</w>
			<w x="493">glad</w>
			<w x="541">he</w>
			<w x="639"><choice><orig>riseth</orig><reg>rise</reg></choice></w>
			<w x="707">and</w>
			<w x="747">to</w>
			<w x="859">dinner</w>
			<w x="958">goes;</w>
		</line>
	</div>
</body>
