<body>
	<div id="2" group="1" x="269" y="1383" width="699" height="98" type="checkmark" attribution="HM" sealts="278_1_1.143" section="6">
		<line n="1" h="49" c="1408">
			<w x="354">This</w>
			<w x="429">man</w>
			<w x="469">is</w>
			<w x="554">truly</w>
			<w x="669">manly,</w>
			<w x="752">wise,</w>
			<w x="823">and</w>
			<w x="930"><choice><orig>stay'd,</orig><reg>stayed,</reg></choice></w>
		</line>
		<line n="2" h="49" c="1457">
			<w x="329">In</w>
			<w x="396">soul</w>
			<w x="478">more</w>
			<w x="552">rich</w>
			<w x="610">the</w>
			<w x="703">more</w>
			<w x="747">to</w>
			<w x="834">sense</w>
			<w x="969">decay'd,</w>
		</line>
	</div>
</body>
