<body>
	<div id="2" group="1" x="303" y="303" width="843" height="1552" type="score" attribution="HM" sealts="278_2_2.017" section="13">
		<line c="346" h="38" n="1">
			<w x="379">That</w>
			<w x="458">lives</w>
			<w x="573">unhurt</w>
			<w x="668">itself,</w>
			<w x="710">to</w>
			<w x="807">suffer</w>
			<w x="903">given</w>
		</line>
		<line c="396" h="41" n="2">
			<w x="353">Up</w>
			<w x="394">to</w>
			<w x="445">all</w>
			<w x="574">domage</w>
			<w x="665">those</w>
			<w x="746">poor</w>
			<w x="811">few</w>
			<w x="885">that</w>
			<w x="982">strive</w>
		</line>
		<line c="444" h="36" n="3">
			<w x="347">To</w>
			<w x="465">imitate</w>
			<w x="510">it,</w>
			<w x="579">and</w>
			<w x="648">like</w>
			<w x="709">the</w>
			<w x="829">Deities</w>
			<w x="921">live?</w>
		</line>
		<line c="495" h="38" n="4">
			<w x="364">But</w>
			<w x="466">where</w>
			<w x="533">you</w>
			<w x="656">wonder</w>
			<w x="729">that</w>
			<w x="757">I</w>
			<w x="851">know</w>
			<w x="919">you</w>
			<w x="980">not</w>
		</line>
		<line c="544" h="38" n="5">
			<w x="439">Through</w>
			<w x="488">all</w>
			<w x="570">your</w>
			<w x="713">changes,</w>
			<w x="787">that</w>
			<w x="863">skill</w>
			<w x="899">is</w>
			<w x="961">not</w>
			<w x="1024">got</w>
		</line>
		<line c="593" h="39" n="6">
			<w x="352">By</w>
			<w x="467">sleight</w>
			<w x="510">or</w>
			<w x="575">art,</w>
			<w x="664">since</w>
			<w x="728">thy</w>
			<w x="812">most</w>
			<w x="952"><choice><orig>hard-hit</orig><reg>hard hit</reg><reg>hard</reg><reg>hit</reg></choice></w>
			<w x="1024">face</w>
		</line>
		<line c="642" h="39" n="7">
			<w x="336">Is</w>
			<w x="405">still</w>
			<w x="612"><choice><orig>distinguish'd</orig><reg>distinguished</reg></choice></w>
			<w x="662">by</w>
			<w x="725">thy</w>
			<w x="897"><choice><orig>free-given</orig><reg>free given</reg><reg>free</reg><reg>given</reg></choice></w>
			<w x="1011">grace;</w>
		</line>
		<line c="692" h="38" n="8">
			<w x="373">And</w>
			<w x="529">therefore,</w>
			<w x="617">truly</w>
			<w x="657">to</w>
			<w x="865">acknowledge</w>
			<w x="941">thee</w>
		</line>
		<line c="742" h="37" n="9">
			<w x="343">In</w>
			<w x="407">thy</w>
			<w x="590">encounters,</w>
			<w x="627">is</w>
			<w x="659">a</w>
			<w x="792">mastery</w>
		</line>
		<line c="791" h="38" n="10">
			<w x="343">In</w>
			<w x="420">men</w>
			<w x="504">most</w>
			<w x="664">knowing;</w>
			<w x="728">for</w>
			<w x="769">to</w>
			<w x="820">all</w>
			<w x="897">men</w>
			<w x="977">thou</w>
		</line>
		<line c="840" h="38" n="11">
			<w x="406"><choice><orig>Tak'st</orig><reg>Take</reg></choice></w>
			<w x="523">several</w>
			<w x="664">likeness.</w>
			<w x="754">All</w>
			<w x="831">men</w>
			<w x="924">think</w>
			<w x="1004">they</w>
			<w x="1097">know</w>
		</line>
		<line c="890" h="38" n="12">
			<w x="385">Thee</w>
			<w x="428">in</w>
			<w x="513">their</w>
			<w x="601">wits;</w>
			<w x="681">but,</w>
			<w x="770">since</w>
			<w x="834">thy</w>
			<w x="971">seeming</w>
			<w x="1052">view</w>
		</line>
		<line c="941" h="40" n="13">
			<w x="437">Appears</w>
			<w x="478">to</w>
			<w x="537">all,</w>
			<w x="607">and</w>
			<w x="667">yet</w>
			<w x="730">thy</w>
			<w x="819">truth</w>
			<w x="860">to</w>
			<w x="934">few,</w>
		</line>
		<line c="990" h="38" n="14">
			<w x="443">Through</w>
			<w x="493">all</w>
			<w x="556">thy</w>
			<w x="690">changes</w>
			<w x="732">to</w>
			<w x="853">discern</w>
			<w x="929">thee</w>
			<w x="1020">right</w>
		</line>
		<line c="1039" h="38" n="15">
			<w x="383">Asks</w>
			<w x="472">chief</w>
			<w x="541">love</w>
			<w x="581">to</w>
			<w x="669">thee,</w>
			<w x="738">and</w>
			<w x="872">inspired</w>
			<w x="965">light.</w>
		</line>
		<line c="1089" h="38" n="16">
			<w x="366">But</w>
			<w x="433">this</w>
			<w x="463">I</w>
			<w x="568">surely</w>
			<w x="670">know,</w>
			<w x="753">that,</w>
			<w x="843">some</w>
			<w x="936">years</w>
			<w x="1021">past,</w>
		</line>
		<line c="1138" h="39" n="17">
			<w x="324">I</w>
			<w x="406">have</w>
			<w x="490">been</w>
			<w x="578">often</w>
			<w x="657">with</w>
			<w x="721">thy</w>
			<w x="865">presence</w>
			<w x="984">grac'd,</w>
		</line>
		<line c="1187" h="37" n="18">
			<w x="356">All</w>
			<w x="434">time</w>
			<w x="495">the</w>
			<w x="571">sons</w>
			<w x="616">of</w>
			<w x="732">Greece</w>
			<w x="843">waged</w>
			<w x="910">war</w>
			<w x="953">at</w>
			<w x="1059">Troy;</w>
		</line>
		<line c="1237" h="39" n="19">
			<w x="366">But</w>
			<w x="459">when</w>
			<w x="565">Fate's</w>
			<w x="627">full</w>
			<w x="710">hour</w>
			<w x="761">let</w>
			<w x="823">our</w>
			<w x="937">swords</w>
			<w x="1032">enjoy</w>
		</line>
		<line c="1286" h="37" n="20">
			<w x="369">Our</w>
			<w x="452">vows</w>
			<w x="494">in</w>
			<w x="574">sack</w>
			<w x="618">of</w>
			<w x="752">Priam's</w>
			<w x="834">lofty</w>
			<w x="929">town,</w>
		</line>
		<line c="1336" h="39" n="21">
			<w x="369">Our</w>
			<w x="457">ships</w>
			<w x="507">all</w>
			<w x="647">boarded,</w>
			<w x="717">and</w>
			<w x="808">when</w>
			<w x="886">God</w>
			<w x="953">had</w>
			<w x="1054">blown</w>
		</line>
		<line c="1384" h="35" n="22">
			<w x="369">Our</w>
			<w x="445">fleet</w>
			<w x="487">in</w>
			<w x="610">sunder,</w>
			<w x="641">I</w>
			<w x="735">could</w>
			<w x="830">never</w>
			<w x="889">see</w>
		</line>
		<line c="1434" h="39" n="23">
			<w x="370">The</w>
			<w x="456">Seed</w>
			<w x="500">of</w>
			<w x="590">Jove,</w>
			<w x="654">nor</w>
			<w x="735">once</w>
			<w x="945"><choice><orig>distinguish'd</orig><reg>distinguished</reg></choice></w>
			<w x="1020">thee</w>
		</line>
		<line c="1485" h="39" n="24">
			<w x="451">Boarding</w>
			<w x="511">my</w>
			<w x="594">ship,</w>
			<w x="637">to</w>
			<w x="713">take</w>
			<w x="780">one</w>
			<w x="850">woe</w>
			<w x="933">from</w>
			<w x="1000">me.</w>
		</line>
		<line c="1535" h="39" n="25">
			<w x="367">But</w>
			<w x="444">only</w>
			<w x="486">in</w>
			<w x="547">my</w>
			<w x="658">proper</w>
			<w x="750">spirit</w>
			<w x="896">involved,</w>
		</line>
		<line c="1584" h="38" n="26">
			<w x="392"><choice><orig>Err'd</orig><reg>Erred</reg></choice></w>
			<w x="470">here</w>
			<w x="539">and</w>
			<w x="639">there,</w>
			<w x="728">quite</w>
			<w x="820">slain,</w>
			<w x="876">till</w>
			<w x="993">heaven</w>
			<w x="1139">dissolved</w>
		</line>
		<line c="1634" h="39" n="27">
			<w x="369">Me,</w>
			<w x="438">and</w>
			<w x="499">my</w>
			<w x="558">ill;</w>
			<w x="668">which</w>
			<w x="796"><choice><orig>chanc'd</orig><reg>chanced</reg></choice></w>
			<w x="867">not,</w>
			<w x="923">till</w>
			<w x="986">thy</w>
			<w x="1082">grace</w>
		</line>
		<line c="1684" h="41" n="28">
			<w x="356">By</w>
			<w x="439">open</w>
			<w x="551">speech</w>
			<w x="706"><choice><orig>confirm'd</orig><reg>confirmed</reg></choice></w>
			<w x="773">me,</w>
			<w x="816">in</w>
			<w x="847">a</w>
			<w x="936">place</w>
		</line>
		<line c="1733" h="39" n="29">
			<w x="429">Fruitful</w>
			<w x="473">of</w>
			<w x="587">people,</w>
			<w x="700">where,</w>
			<w x="743">in</w>
			<w x="864">person,</w>
			<w x="945">thou</w>
		</line>
		<line c="1783" h="39" n="30">
			<w x="394">Didst</w>
			<w x="469">give</w>
			<w x="527">me</w>
			<w x="632">guide,</w>
			<w x="702">and</w>
			<w x="752">all</w>
			<w x="837">their</w>
			<w x="907">city</w>
			<w x="1008">show;</w>
		</line>
		<line c="1828" h="30" n="31">
			<w x="377">And</w>
			<w x="450">that</w>
			<w x="516">was</w>
			<w x="575">the</w>
			<w x="727"><choice><orig>renown'd</orig><reg>renowned</reg></choice></w>
			<w x="887">Phaeacian</w>
			<w x="987">earth.</w>
		</line>
	</div>
	<div id="3" group="2" x="620" y="1862" width="263" height="50" type="score" attribution="HM" sealts="278_2_2.017"
		mode="commentary" section="notes">
		<line n="32" h="50" c="1887">
			<w x="762">Domage--</w>
			<w x="880">damage.</w>
		</line>
	</div>
</body>
