<body>
	<div id="2" group="1" x="704" y="750" width="810" height="544" type="score" attribution="HM" sealts="278_1_1.194" section="8">
		<line c="776" h="39" n="10">
			<w x="750">Of</w>
			<w x="900"><choice><orig>tear-swet</orig><reg>tear-sweat</reg><reg>tear swet</reg><reg>tear sweat</reg><reg>tear</reg><reg>swet</reg><reg>sweat</reg></choice></w>
			<w x="1032">anguish</w>
			<w x="1109"><choice><orig>op'd</orig><reg>opened</reg></choice></w>
			<w x="1139">a</w>
			<w x="1296">boundless</w>
			<w x="1424">spring;</w>
		</line>
		<line c="825" h="38" n="11">
			<w x="769">Nor</w>
			<w x="828">yet</w>
			<w x="895">was</w>
			<w x="975">seen</w>
			<w x="1016">to</w>
			<w x="1086">any</w>
			<w x="1150">one</w>
			<w x="1229">man</w>
			<w x="1320">there</w>
		</line>
		<line c="874" h="37" n="12">
			<w x="766">But</w>
			<w x="848">king</w>
			<w x="1001">Aloinous,</w>
			<w x="1077">who</w>
			<w x="1132">sat</w>
			<w x="1175">so</w>
			<w x="1256">near</w>
		</line>
		<line c="924" h="39" n="13">
			<w x="757">He</w>
			<w x="849">could</w>
			<w x="910">not</w>
			<w x="1013"><choice><orig>'scape</orig><reg>escape</reg></choice></w>
			<w x="1093">him,</w>
			<w x="1193">sighs,</w>
			<w x="1237">so</w>
			<w x="1366">choked,</w>
			<w x="1410">so</w>
			<w x="1507">brake</w>
		</line>
		<line c="974" h="39" n="14">
			<w x="794">From</w>
			<w x="844">all</w>
			<w x="899">his</w>
			<w x="1047">tempers;</w>
			<w x="1160">which</w>
			<w x="1220">the</w>
			<w x="1303">king</w>
			<w x="1363">did</w>
			<w x="1440">take</w>
		</line>
		<line c="1023" h="39" n="15">
			<w x="784">Both</w>
			<w x="860">note</w>
			<w x="928">and</w>
			<w x="1025">grave</w>
			<w x="1145">respect</w>
			<w x="1194">of,</w>
			<w x="1263">and</w>
			<w x="1339">thus</w>
			<w x="1453"><choice><orig>spake:</orig><reg>spoke:</reg></choice></w>
		</line>
		<line c="1072" h="39" n="16">
			<w x="824">"Hear</w>
			<w x="891">me,</w>
			<w x="1052">Phaeacian</w>
			<w x="1230">counsellors</w>
			<w x="1298">and</w>
			<w x="1398">peers,</w>
		</line>
		<line c="1122" h="38" n="17">
			<w x="776">And</w>
			<w x="866">cease</w>
			<w x="1070">Demodocus;</w>
			<w x="1209">perhaps</w>
			<w x="1259">all</w>
			<w x="1333">ears</w>
		</line>
		<line c="1171" h="38" n="18">
			<w x="769">Are</w>
			<w x="830">not</w>
			<w x="982">delighted</w>
			<w x="1060">with</w>
			<w x="1115">his</w>
			<w x="1207">song,</w>
			<w x="1272">for,</w>
			<w x="1350">ever</w>
		</line>
		<line c="1220" h="39" n="19">
			<w x="796">Since</w>
			<w x="856">the</w>
			<w x="958">divine</w>
			<w x="1054">Muse</w>
			<w x="1150">sung,</w>
			<w x="1214">our</w>
			<w x="1307">guest</w>
			<w x="1386">hath</w>
			<w x="1481">never</w>
		</line>
		<line c="1269" h="39" n="20">
			<w x="858"><choice><orig>Contain'd</orig><reg>Contained</reg></choice></w>
			<w x="940">from</w>
			<w x="1041">secret</w>
			<w x="1224">mournings.</w>
			<w x="1294">It</w>
			<w x="1371">may</w>
			<w x="1440">fall,</w>
		</line>
	</div>
</body>
