<body>
	<div id="2" group="1" x="775" y="1279" width="859" height="546" type="score" attribution="HM" sealts="278_2_2.210" section="22">
		<line c="1308" h="48" n="13">
			<w x="1038">THE</w>
			<w x="1139">upper</w>
			<w x="1216">rags</w>
			<w x="1289">that</w>
			<w x="1365">wise</w>
			<w x="1493">Ulysses</w>
			<w x="1577">wore</w>
		</line>
		<line c="1351" h="41" n="14">
			<w x="1069">Cast</w>
			<w x="1125">off,</w>
			<w x="1171">he</w>
			<w x="1294"><choice><orig>rusheth</orig><reg>rush</reg></choice></w>
			<w x="1335">to</w>
			<w x="1392">the</w>
			<w x="1485">great</w>
			<w x="1554">hall</w>
			<w x="1629">door</w>
		</line>
		<line c="1401" h="42" n="15">
			<w x="1083">With</w>
			<w x="1151">bow</w>
			<w x="1216">and</w>
			<w x="1323">quiver</w>
			<w x="1382">full</w>
			<w x="1425">of</w>
			<w x="1531">shafts,</w>
			<w x="1630">which</w>
		</line>
		<line c="1453" h="33" n="16">
			<w x="1143">down</w>
		</line>
		<line c="1506" h="51" n="17">
			<w x="836">He</w>
			<w x="946"><choice><orig>pour'd</orig><reg>poured</reg></choice></w>
			<w x="1050">before</w>
			<w x="1106">his</w>
			<w x="1183">feet,</w>
			<w x="1252">and</w>
			<w x="1328">thus</w>
			<w x="1421">made</w>
			<w x="1534">known</w>
		</line>
		<line c="1551" h="42" n="18">
			<w x="845">His</w>
			<w x="918">true</w>
			<w x="1001">state</w>
			<w x="1042">to</w>
			<w x="1102">the</w>
			<w x="1246">Wooers:</w>
			<w x="1370">"This</w>
			<w x="1459">strife</w>
			<w x="1535">thus</w>
		</line>
		<line c="1601" h="40" n="19">
			<w x="871">Hath</w>
			<w x="1015">harmless</w>
			<w x="1098">been</w>
			<w x="1240">decided;</w>
			<w x="1322">now</w>
			<w x="1376">for</w>
			<w x="1421">us</w>
		</line>
		<line c="1650" h="41" n="20">
			<w x="882">There</w>
			<w x="963">rests</w>
			<w x="1091">another</w>
			<w x="1192">mark,</w>
			<w x="1281">more</w>
			<w x="1362">hard</w>
			<w x="1403">to</w>
			<w x="1467">hit,</w>
		</line>
		<line c="1700" h="40" n="21">
			<w x="859">And</w>
			<w x="939">such</w>
			<w x="981">as</w>
			<w x="1076">never</w>
			<w x="1153">man</w>
			<w x="1258">before</w>
			<w x="1338">hath</w>
			<w x="1431">smit;</w>
		</line>
		<line c="1752" h="46" n="22">
			<w x="898">Whose</w>
			<w x="960">full</w>
			<w x="1051">point</w>
			<w x="1182">likewise</w>
			<w x="1242">my</w>
			<w x="1342">hands</w>
			<w x="1426">shall</w>
			<w x="1529">assay,</w>
		</line>
		<line c="1801" h="49" n="23">
			<w x="863">And</w>
			<w x="919">try</w>
			<w x="955">if</w>
			<w x="1085">Phoebus</w>
			<w x="1152">will</w>
			<w x="1227">give</w>
			<w x="1285">me</w>
			<w x="1341">his</w>
			<w x="1437">day."</w>
		</line>
	</div>
</body>
