<body>
	<div id="2" group="1" x="267" y="913" width="863" height="840" type="score" attribution="HM"
		sealts="278_1_1.139" section="6">
		<line c="937" h="35" n="13">
			<w x="367">Broke</w>
			<w x="445">with</w>
			<w x="501">his</w>
			<w x="599">broad</w>
			<w x="694">hand,</w>
			<w x="796">which</w>
			<w x="844">he</w>
			<w x="904">did</w>
			<w x="1016">bestow</w>
		</line>
		<div id="3" group="1" x="270" y="967" width="703" height="92" type="score" attribution="HM"
			sealts="278_1_1.139" section="6">
			<line c="986" h="35" n="14">
				<w x="310">In</w>
				<w x="413">covert</w>
				<w x="457">of</w>
				<w x="508">his</w>
				<w x="684">nakedness,</w>
				<w x="753">and</w>
				<w x="832">then</w>
			</line>
			<line c="1038" h="42" n="15">
				<w x="329">Put</w>
				<w x="422">hasty</w>
				<w x="505">head</w>
				<w x="573">out.</w>
				<w x="694">Look</w>
				<w x="766">how</w>
				<w x="849">from</w>
				<w x="904">his</w>
				<w x="971">den</w>
			</line>
		</div>
		<line c="1085" h="37" n="16">
			<w x="302">A</w>
			<w x="454">mountain</w>
			<w x="523">lion</w>
			<w x="620">looks,</w>
			<w x="703">that,</w>
			<w x="753">all</w>
			<w x="895">embrued</w>
		</line>
		<line c="1134" h="48" n="17">
			<w x="354">With</w>
			<w x="448">drops</w>
			<w x="492">of</w>
			<w x="582">trees,</w>
			<w x="651">and</w>
			<w x="897"><choice><orig>weather-beaten</orig><reg>weather beaten</reg><reg>weather</reg><reg>beaten</reg></choice></w>
			<w x="991">hued,</w>
		</line>
		<line c="1186" h="40" n="18">
			<w x="347">Bold</w>
			<w x="390">of</w>
			<w x="441">his</w>
			<w x="589">strength,</w>
			<w x="670">goes</w>
			<w x="728">on,</w>
			<w x="797">and</w>
			<w x="839">in</w>
			<w x="894">his</w>
			<w x="957">eye</w>
		</line>
		<line c="1237" h="40" n="19">
			<w x="303">A</w>
			<w x="434">burning</w>
			<w x="558">furnace</w>
			<w x="665">glows,</w>
			<w x="717">all</w>
			<w x="796">bent</w>
			<w x="836">to</w>
			<w x="917">prey</w>
		</line>
		<line c="1285" h="41" n="20">
			<w x="322">On</w>
			<w x="427">sheep,</w>
			<w x="472">or</w>
			<w x="565">oxen,</w>
			<w x="610">or</w>
			<w x="669">the</w>
			<w x="785">upland</w>
			<w x="869">hart,</w>
		</line>
		<line c="1335" h="40" n="21">
			<w x="331">His</w>
			<w x="416">belly</w>
			<w x="564">charging</w>
			<w x="643">him,</w>
			<w x="712">and</w>
			<w x="759">he</w>
			<w x="845">must</w>
			<w x="919">part</w>
		</line>
		<line c="1381" h="34" n="22">
			<w x="374">Stakes</w>
			<w x="451">with</w>
			<w x="511">the</w>
			<w x="671">herdsman</w>
			<w x="713">in</w>
			<w x="768">his</w>
			<w x="881">beast's</w>
			<w x="1017">attempt,</w>
		</line>
		<line c="1432" h="40" n="23">
			<w x="354">Even</w>
			<w x="456">where</w>
			<w x="538">from</w>
			<w x="613">rape</w>
			<w x="697">their</w>
			<w x="845">strengths</w>
			<w x="905">are</w>
			<w x="985">most</w>
			<w x="1120">exempt;</w>
		</line>
		<line c="1480" h="40" n="24">
			<w x="315">So</w>
			<w x="390">wet,</w>
			<w x="434">so</w>
			<w x="655"><choice><orig>weather-beat,</orig><reg>weather-beaten,</reg><reg>weather beat,</reg><reg>weather beaten,</reg><reg>weather</reg><reg>beat,</reg><reg>beaten,</reg></choice></w>
			<w x="699">so</w>
			<w x="796">stung</w>
			<w x="874">with</w>
			<w x="966">need,</w>
		</line>
		<line c="1528" h="39" n="25">
			<w x="354">Even</w>
			<w x="394">to</w>
			<w x="454">the</w>
			<w x="642"><choice><orig>home-fields</orig><reg>home fields</reg><reg>home</reg><reg>fields</reg></choice></w>
			<w x="687">of</w>
			<w x="743">the</w>
			<w x="895">country's</w>
			<w x="991">breed</w>
		</line>
		<line c="1580" h="41" n="26">
			<w x="389">Ulysses</w>
			<w x="457">was</w>
			<w x="498">to</w>
			<w x="584">force</w>
			<w x="671">forth</w>
			<w x="725">his</w>
			<w x="839">access,</w>
		</line>
		<line c="1627" h="43" n="27">
			<w x="396">Though</w>
			<w x="512">merely</w>
			<w x="632">naked;</w>
			<w x="709">and</w>
			<w x="765">his</w>
			<w x="853">sight</w>
			<w x="913">did</w>
			<w x="1000">press</w>
		</line>
		<line c="1677" h="44" n="28">
			<w x="339">The</w>
			<w x="416">eyes</w>
			<w x="461">of</w>
			<w x="629"><choice><orig>soft-hair'd</orig><reg>soft hair'd</reg><reg>soft haired</reg><reg>soft-haired</reg><reg>soft</reg><reg>hair'd</reg><reg>haired</reg></choice></w>
			<w x="754">virgins.</w>
			<w x="900">Horrid</w>
			<w x="967">was</w>
		</line>
		<line c="1725" h="43" n="29">
			<w x="335">His</w>
			<w x="436">rough</w>
			<w x="618">appearance</w>
			<w x="658">to</w>
			<w x="765">them;</w>
		</line>
	</div>
	<div id="4" group="1" x="272" y="1694" width="214" height="50" type="underline" attribution="HM"
		sealts="278_1_1.139" section="6">
		<line c="1725" h="43" n="29">
			<div id="5" group="1" x="272" y="1694" width="214" height="50" type="score"
				attribution="HM" sealts="278_1_1.139" section="6">
				<blank x="776"/>
				<w x="838">the</w>
				<w x="923">hard</w>
				<w x="989">pass</w>
			</div>
		</line>
		<line n="30" h="47" c="1778">
			<w x="332">He</w>
			<w x="401">had</w>
			<w x="447">at</w>
			<w x="501">sea</w>
			<w x="590">stuck</w>
			<w x="638">by</w>
			<w x="718">him.</w>
		</line>
	</div>

</body>
