<body>
	<div id="2" group="1" x="274" y="747" width="789" height="249" type="score" attribution="HM" sealts="278_1_1.101" section="4">
		<line c="783" h="38" n="10">
			<w x="340"><choice><orig>'Tis</orig><reg>It is</reg><reg>It</reg><reg>is</reg></choice></w>
			<w x="399">yet</w>
			<w x="477">with</w>
			<w x="567">other</w>
			<w x="662">kings</w>
			<w x="789">another</w>
			<w x="886">right,</w>
		</line>
		<line c="832" h="37" n="11">
			<w x="344">One</w>
			<w x="385">to</w>
			<w x="496">pursue</w>
			<w x="574">with</w>
			<w x="654">love,</w>
			<w x="782">another</w>
			<w x="864">spite;</w>
		</line>
		<line c="882" h="41" n="12">
			<w x="330">He</w>
			<w x="398">still</w>
			<w x="457">yet</w>
			<w x="532">just,</w>
			<w x="596">nor</w>
			<w x="705">would,</w>
			<w x="824">though</w>
			<w x="935">might,</w>
			<w x="1058">devour,</w>
		</line>
		<line c="930" h="46" n="13">
			<w x="343">Nor</w>
			<w x="383">to</w>
			<w x="442">the</w>
			<w x="534">worst</w>
			<w x="593">did</w>
			<w x="669">ever</w>
			<w x="750">taste</w>
			<w x="795">of</w>
			<w x="901">power.</w>
		</line>
		<line c="975" h="29" n="14">
			<w x="340">But</w>
			<w x="422">their</w>
			<w x="542"><choice><orig>unrul'd</orig><reg>unruled</reg></choice></w>
			<w x="611">acts</w>
			<w x="699">show</w>
			<w x="781">their</w>
			<w x="892">minds'</w>
			<w x="1001">estate.</w>
		</line>
	</div>
</body>
