<body>
	<div id="2" group="1" x="726" y="1208" width="751" height="242" type="score" attribution="HM" sealts="278_1_1.142" section="6">
		<line c="1232" h="45" n="19">
			<w x="818">More</w>
			<w x="920">sweet,</w>
			<w x="1009">more</w>
			<w x="1126">worthy</w>
			<w x="1171">is,</w>
			<w x="1252">than</w>
			<w x="1325">firm</w>
			<w x="1451">consent.</w>
		</line>
		<line c="1286" h="39" n="20">
			<w x="779">'Of</w>
			<w x="852">man</w>
			<w x="920">and</w>
			<w x="993">wife</w>
			<w x="1035">in</w>
			<w x="1196">household</w>
			<w x="1394">government.</w>
		</line>
		<line c="1336" h="39" n="21">
			<w x="766">It</w>
			<w x="836">joys</w>
			<w x="920">their</w>
			<w x="1042">wishers</w>
			<w x="1123">well,</w>
			<w x="1207">their</w>
			<w x="1339">enemies</w>
			<w x="1472">wounds,</w>
		</line>
		<line c="1383" h="38" n="22">
			<w x="795">But</w>
			<w x="835">to</w>
			<w x="1008">themselves</w>
			<w x="1068">the</w>
			<w x="1182">special</w>
			<w x="1267">good</w>
			<w x="1443">redounds."</w>
		</line>
		<line c="1432" h="38" n="23">
			<w x="833">She</w>
			<w x="992"><choice><orig>answer'd:</orig><reg>answered:</reg></choice></w>
			<w x="1196">"Stranger!</w>
			<w x="1233">I</w>
			<w x="1353">discern</w>
			<w x="1395">in</w>
			<w x="1470">thee</w>
		</line>
	</div>
	<div id="3" group="1" x="725" y="1455" width="825" height="448" type="score" attribution="HM" sealts="278_1_1.142" section="6">
		<line c="1481" h="39" n="24">
			<w x="798">Nor</w>
			<w x="891">sloth,</w>
			<w x="954">nor</w>
			<w x="1041">folly,</w>
			<w x="1164">'reigns;</w>
			<w x="1240">and</w>
			<w x="1299">yet</w>
			<w x="1328">I</w>
			<w x="1386">see</w>
		</line>
		<line c="1532" h="39" n="25">
			<w x="790">Th'</w>
			<w x="842">art</w>
			<w x="920">poor</w>
			<w x="987">and</w>
			<w x="1143">wretched.</w>
			<w x="1219">In</w>
			<w x="1320">which</w>
			<w x="1348">I</w>
			<w x="1499">conclude,</w>
		</line>
		<line c="1581" h="38" n="26">
			<w x="810">That</w>
			<w x="945">industry</w>
			<w x="1008">nor</w>
			<w x="1130">wisdom</w>
			<w x="1224">make</w>
			<w x="1343">endued</w>
		</line>
		<line c="1630" h="39" n="27">
			<w x="806">Men</w>
			<w x="883">with</w>
			<w x="972">those</w>
			<w x="1052">gifts</w>
			<w x="1123">that</w>
			<w x="1216">make</w>
			<w x="1305">them</w>
			<w x="1377">best</w>
			<w x="1418">to</w>
			<w x="1470">th'</w>
			<w x="1529">eye;</w>
		</line>
		<line c="1680" h="40" n="28">
			<w x="807">Jove</w>
			<w x="884">only</w>
			<w x="988">orders</w>
			<w x="1074">man's</w>
			<w x="1213">felicity.</w>
		</line>
		<line c="1730" h="40" n="29">
			<w x="779">To</w>
			<w x="864">good</w>
			<w x="930">and</w>
			<w x="996">bad</w>
			<w x="1051">his</w>
			<w x="1187">pleasure</w>
			<w x="1318">fashions</w>
			<w x="1385">still</w>
		</line>
		<line c="1778" h="39" n="30">
			<w x="797">The</w>
			<w x="895">whole</w>
			<w x="1063">proportion</w>
			<w x="1107">of</w>
			<w x="1187">their</w>
			<w x="1271">good</w>
			<w x="1337">and</w>
			<w x="1388">ill.</w>
		</line>
		<line c="1827" h="39" n="31">
			<w x="803">And.</w>
			<w x="850">he</w>
			<w x="978">perhaps</w>
			<w x="1059">hath</w>
			<w x="1169"><choice><orig>form'd</orig><reg>formed</reg></choice></w>
			<w x="1234">this</w>
			<w x="1337">plight</w>
			<w x="1378">in</w>
			<w x="1462">thee,</w>
		</line>
		<line c="1877" h="39" n="32">
			<w x="779">Of</w>
			<w x="875">which</w>
			<w x="953">thou</w>
			<w x="1038">must</w>
			<w x="1084">be</w>
			<w x="1209">patient,</w>
			<w x="1253">as</w>
			<w x="1301">he</w>
			<w x="1379">free.</w>
		</line>
	</div>
</body>
