<body>
	<div id="2" group="1" x="688" y="714" width="675" height="99" type="score" attribution="HM" sealts="278_1_1.254" section="11">
		<line n="9" h="49" c="738">
			<w x="744">Of</w>
			<w x="788">all</w>
			<w x="854">thy</w>
			<w x="972"><choice><orig>labours</orig><reg>labors</reg></choice></w>
			<w x="1022">in</w>
			<w x="1084">the</w>
			<w x="1172">peace</w>
			<w x="1258">shall</w>
			<w x="1336">end</w>
		</line>
		<line n="10" h="49" c="787">
			<w x="748">Of</w>
			<w x="824">easy</w>
			<w x="926">death;</w>
			<w x="1030">which</w>
			<w x="1122">shall</w>
			<w x="1178">the</w>
			<w x="1242">less</w>
			<w x="1358">extend</w>
		</line>
	</div>
</body>
