<body>
	<div id="2" group="1" x="731" y="1099" width="721" height="149" type="score" attribution="HM" sealts="278_1_1.228" section="10">
		<line c="1128" h="40" n="17">
			<w x="804">And</w>
			<w x="863">yet</w>
			<w x="963">would</w>
			<w x="992">I</w>
			<w x="1042">no</w>
			<w x="1134">entry</w>
			<w x="1237">make,</w>
			<w x="1299">but</w>
			<w x="1400"><choice><orig>stay'd</orig><reg>stayed</reg></choice></w>
		</line>
		<line c="1177" h="38" n="18">
			<w x="827">Alone</w>
			<w x="952">without</w>
			<w x="1010">the</w>
			<w x="1120">haven,</w>
			<w x="1189">and</w>
			<w x="1298">thence</w>
			<w x="1416"><choice><orig>survey'd</orig><reg>surveyed</reg></choice></w>
		</line>
		<line c="1226" h="39" n="19">
			<w x="822">From</w>
			<w x="882">out</w>
			<w x="912">a</w>
			<w x="992">lofty</w>
			<w x="1190"><choice><orig>watch-tower</orig><reg>watch tower</reg><reg>watch</reg><reg>tower</reg></choice></w>
			<w x="1291">raised</w>
			<w x="1390">there,</w>
		</line>
	</div>
</body>
