<body>
	<div id="2" group="1" x="283" y="355" width="816" height="159" type="wavyscore" attribution="HM" sealts="278_2_2.211" section="22">
		<line c="394" h="41" n="1">
			<w x="338">As</w>
			<w x="388">he</w>
			<w x="457">was</w>
			<w x="562">lifting</w>
			<w x="612">up</w>
			<w x="671">the</w>
			<w x="763">bowl,</w>
			<w x="805">to</w>
			<w x="893">show</w>
		</line>
		<line c="446" h="45" n="2">
			<w x="370">That</w>
			<w x="468"><choice><orig>'twixt</orig><reg>between</reg></choice></w>
			<w x="527">the</w>
			<w x="592">cup</w>
			<w x="661">and</w>
			<w x="712">lip</w>
			<w x="809">much</w>
			<w x="851">ill</w>
			<w x="928">may</w>
			<w x="1024">grow.</w>
		</line>
		<line c="494" h="42" n="3">
			<w x="388">Death</w>
			<w x="510"><choice><orig>touch'd</orig><reg>touched</reg></choice></w>
			<w x="571">not</w>
			<w x="613">at</w>
			<w x="669">his</w>
			<w x="813">thoughts</w>
			<w x="856">at</w>
			<w x="956">feast;</w>
			<w x="1020">for</w>
			<w x="1091">who</w>
		</line>
	</div>
	<div id="3" group="2" x="259" y="1648" width="810" height="302" type="score" attribution="HM" sealts="278_2_2.211" section="22">
		<line c="1680" h="41" n="27">
			<w x="333">But</w>
			<w x="417">what</w>
			<w x="500">their</w>
			<w x="591">great</w>
			<w x="741">Antinous</w>
			<w x="862">began!</w>
		</line>
		<line c="1730" h="40" n="28">
			<w x="373">He,</w>
			<w x="530">frowning,</w>
			<w x="620">said:</w>
			<w x="766">"Dogs,</w>
			<w x="826">see</w>
			<w x="869">in</w>
			<w x="927">me</w>
			<w x="988">the</w>
			<w x="1066">man</w>
		</line>
		<line c="1779" h="40" n="29">
			<w x="320">Ye</w>
			<w x="370">all</w>
			<w x="447">held</w>
			<w x="529">dead</w>
			<w x="571">at</w>
			<w x="667">Troy.</w>
			<w x="761">My</w>
			<w x="858">house</w>
			<w x="893">it</w>
			<w x="929">is</w>
		</line>
		<line c="1828" h="40" n="30">
			<w x="348">That</w>
			<w x="423">thus</w>
			<w x="471">ye</w>
			<w x="562">spoil,</w>
			<w x="629">and</w>
			<w x="705">thus</w>
			<w x="788">your</w>
			<w x="919">luxuries</w>
		</line>
		<line c="1878" h="41" n="31">
			<w x="333">File</w>
			<w x="412">with</w>
			<w x="472">my</w>
			<w x="612">womens'</w>
			<w x="723">rapes;</w>
			<w x="774">in</w>
			<w x="876">which</w>
			<w x="924">ye</w>
			<w x="994">woo</w>
		</line>
		<line c="1928" h="43" n="32">
			<w x="333">The</w>
			<w x="408">wife</w>
			<w x="452">of</w>
			<w x="513">one</w>
			<w x="586">that</w>
			<w x="674">lives,</w>
			<w x="744">and</w>
			<w x="792">no</w>
			<w x="925">thought</w>
			<w x="1012">show</w>
		</line>
	</div>
</body>
