<body>
	<div id="1" group="1" x="212" y="992" width="918" height="109" type="enclosure" attribution="HM" sealts="277_1_1.223" section="10">
		<line n="15" h="54" c="1019">
			<div id="2" group="1" x="211" y="992" width="204" height="50" type="underline"
				attribution="HM" sealts="277_1_1.223" section="10">
				<w x="266">An</w>
				<w x="307">ill</w>
				<w x="411">dream</w>
			</div>
			<w x="471">by</w>
			<w x="609">Minerva</w>
			<w x="684">sent</w>
			<w x="751">that</w>
			<w x="849">night</w>
			<w x="934">stood</w>
			<w x="986">by</w>
			<w x="1040">his</w>
			<w x="1125">head,</w>
		</line>
		<line n="16" h="54" c="1073">
			<w x="330">Which</w>
			<w x="395">was</w>
			<w x="535">Oenides'</w>
			<w x="626">royal</w>
			<w x="701">son,</w>
			<w x="898"><choice><orig>unconquer'd</orig><reg>unconquered</reg></choice></w>
			<w x="1035">Diomed.</w>
		</line>
	</div>
</body>
