<body>
	<div id="2" group="1" x="165" y="1492" width="1080" height="154" type="wavyscore"
		attribution="HM" sealts="277_2_2.003" section="13">
		<line c="1522" h="47" n="25">
			<w x="235">His</w>
			<w x="343">sacred</w>
			<w x="487">actions."</w>
			<w x="604">Thus</w>
			<w x="652">he</w>
			<w x="776"><choice><orig>touch'd</orig><reg>touched</reg></choice></w>
			<w x="854">with</w>
			<w x="910">his</w>
			<w x="1013"><choice><orig>fork'd</orig><reg>forked</reg></choice></w>
			<w x="1155"><choice><orig>sceptre's</orig><reg>scepter's</reg></choice></w>
			<w x="1245">point</w>
		</line>
		<line c="1572" h="47" n="26">
			<w x="239">The</w>
			<w x="355">breasts</w>
			<w x="396">of</w>
			<w x="487">both;</w>
			<w x="575"><choice><orig>fill'd</orig><reg>filled</reg></choice></w>
			<w x="653">both</w>
			<w x="737">their</w>
			<w x="847">spirits,</w>
			<w x="913">and</w>
			<w x="1005">made</w>
			<w x="1052">up</w>
			<w x="1144">every</w>
			<w x="1227">joint</w>
		</line>
		<line c="1622" h="48" n="27">
			<w x="259">With</w>
			<w x="354"><choice><orig>pow'r</orig><reg>power</reg></choice></w>
			<w x="536">responsive;</w>
			<w x="644">when,</w>
			<w x="820"><choice><orig>hawk-like,</orig><reg>hawk like,</reg><reg>hawk</reg><reg>like,</reg></choice></w>
			<w x="913">swift,</w>
			<w x="983">and</w>
			<w x="1037">set</w>
			<w x="1130">sharp</w>
			<w x="1171">to</w>
			<w x="1231">fly,</w>
		</line>
		<div id="3" group="2" x="173" y="1735" width="1091" height="55" type="checkmark"
			attribution="HM" sealts="277_2_2.003" section="13">
			<line n="30" h="55" c="1763">
				<w x="273">Hard,</w>
				<w x="341">and</w>
				<w x="421">gets</w>
				<w x="532">ground</w>
				<w x="619">still;</w>
				<w x="772">Neptune</w>
				<w x="818">so</w>
				<w x="880">left</w>
				<w x="971">these</w>
				<w x="1041">two,</w>
				<w x="1165">either's</w>
				<w x="1258">mind</w>
			</line>
		</div>
	</div>
</body>
