<body>
	<div id="2" group="1" x="193" y="505" width="1062" height="305" type="wavyscore" attribution="HM" sealts="277_1_1.227" section="11">
		<line c="546" h="52" n="5">
			<w x="316">The</w>
			<w x="457"><choice><orig>red-ey'd</orig><reg>red ey'd</reg><reg>red eyed</reg><reg>red-eyed</reg><reg>red</reg><reg>ey'd</reg><reg>eyed</reg></choice></w>
			<w x="604">Goddess,</w>
			<w x="712">seated</w>
			<w x="810">there,</w>
			<w x="970"><choice><orig>thunder'd</orig><reg>thundered</reg></choice></w>
			<w x="1022"><choice><orig>th'</orig><reg>the</reg></choice></w>
			<w x="1155">Orthian</w>
			<w x="1247">song,</w>
		</line>
		<line c="595" h="53" n="6">
			<w x="306">High,</w>
			<w x="374">and</w>
			<w x="452">with</w>
			<w x="569">horror,</w>
			<w x="703">through</w>
			<w x="763">the</w>
			<w x="837">ears</w>
			<w x="882">of</w>
			<w x="927">all</w>
			<w x="987">the</w>
			<w x="1121">Grecian</w>
			<w x="1242">throng.</w>
		</line>
		<line c="643" h="48" n="7">
			<w x="277">Her</w>
			<w x="365">verse</w>
			<w x="443">with</w>
			<w x="545">spirits</w>
			<w x="703">invincible</w>
			<w x="763">did</w>
			<w x="812">all</w>
			<w x="896">their</w>
			<w x="1012">breasts</w>
			<w x="1136">inspire,</w>
		</line>
		<line c="693" h="50" n="8">
			<w x="291">Blew</w>
			<w x="351">out</w>
			<w x="399">all</w>
			<w x="542">darkness</w>
			<w x="627">from</w>
			<w x="711">their</w>
			<w x="813">limbs,</w>
			<w x="883">and</w>
			<w x="937">set</w>
			<w x="1021">their</w>
			<w x="1126">hearts</w>
			<w x="1175">on</w>
			<w x="1247">fire,</w>
		</line>
		<line c="737" h="40" n="9">
			<w x="278">And</w>
			<w x="428">presently</w>
			<w x="495">was</w>
			<w x="590">bitter</w>
			<w x="658">war</w>
			<w x="745">more</w>
			<w x="840">sweet</w>
			<w x="871">a</w>
			<w x="1019">thousand</w>
			<w x="1111">times</w>
		</line>
		<line c="788" h="44" n="10">
			<w x="292">Than</w>
			<w x="360">any</w>
			<w x="465">choice</w>
			<w x="508">in</w>
			<w x="618">hollow</w>
			<w x="705">keels</w>
			<w x="746">to</w>
			<w x="838">greet</w>
			<w x="922">their</w>
			<w x="1026">native</w>
			<w x="1142">climes.</w>
		</line>
	</div>
</body>
