<body>
	<div id="2" group="1" x="583" y="915" width="949" height="203" type="score" attribution="HM" sealts="277_1_1.178" section="8">
		<line c="945" h="51" n="14">
			<w x="660">And,</w>
			<w x="703">as</w>
			<w x="734">a</w>
			<w x="861">crimson</w>
			<w x="964">poppy</w>
			<w x="1075">flower,</w>
			<w x="1254">surcharged</w>
			<w x="1331">with</w>
			<w x="1386">his</w>
			<w x="1472">seed,</w>
		</line>
		<line c="1003" h="67" n="15">
			<w x="652">And</w>
			<w x="756">vernal</w>
			<w x="895"><choice><orig>humours</orig><reg>humors</reg></choice></w>
			<w x="1004">falling</w>
			<w x="1101">thick,</w>
			<w x="1233">declines</w>
			<w x="1288">his</w>
			<w x="1388">heavy</w>
			<w x="1482">brow,</w>
		</line>
		<line c="1045" h="54" n="16">
			<w x="635">So,</w>
			<w x="680">of</w>
			<w x="739">one</w>
			<w x="819">side,</w>
			<w x="875">his</w>
			<w x="1012">helmet's</w>
			<w x="1125">weight</w>
			<w x="1180">his</w>
			<w x="1310">fainting</w>
			<w x="1392">head</w>
			<w x="1451">did</w>
			<w x="1530">bow.</w>
		</line>
		<line c="1089" h="40" n="17">
			<w x="647">Yet</w>
			<w x="763">Teucer</w>
			<w x="861">would</w>
			<w x="987">another</w>
			<w x="1071">shaft</w>
			<w x="1112">at</w>
			<w x="1254">Hector's</w>
			<w x="1313">life</w>
			<w x="1442">dispose,</w>
		</line>
	</div>
</body>
