<body>
	<div id="2" group="1" x="569" y="633" width="1019" height="251" type="arcedscore" attribution="HM" sealts="277_1_1.106" section="5">
		<line n="8" h="50" c="658">
			<w x="630">As</w>
			<w x="767">tenderly</w>
			<w x="808">as</w>
			<w x="896">those</w>
			<w x="960">she</w>
			<w x="1063"><choice><orig>lov'd.</orig><reg>loved.</reg></choice></w>
			<w x="1225">Phylides</w>
			<w x="1303">near</w>
			<w x="1374">him</w>
			<w x="1474">stept,</w>
		</line>
		<line n="9" h="50" c="708">
			<w x="656">And</w>
			<w x="698">in</w>
			<w x="754">the</w>
			<w x="893">fountain</w>
			<w x="932">of</w>
			<w x="987">his</w>
			<w x="1097">nerves</w>
			<w x="1160">did</w>
			<w x="1272">drench</w>
			<w x="1329">his</w>
			<w x="1443">fervent</w>
			<w x="1542">lance,</w>
		</line>
		<line n="10" h="50" c="758">
			<w x="630">At</w>
			<w x="687">his</w>
			<w x="794">head's</w>
			<w x="973">back-part;</w>
			<w x="1044">and</w>
			<w x="1087">so</w>
			<w x="1146">far</w>
			<w x="1203">the</w>
			<w x="1298">sharp</w>
			<w x="1381">head</w>
			<w x="1440">did</w>
			<w x="1579">advance,</w>
		</line>
		<line n="11" h="50" c="808">
			<w x="617">It</w>
			<w x="697">cleft</w>
			<w x="752">the</w>
			<w x="857">organ</w>
			<w x="901">of</w>
			<w x="953">his</w>
			<w x="1068">speech,</w>
			<w x="1141">and</w>
			<w x="1195"><choice><orig>th'</orig><reg>the</reg></choice></w>
			<w x="1274">iron,</w>
			<w x="1348">cold</w>
			<w x="1395">as</w>
			<w x="1497">death,</w>
		</line>
		<line n="12" h="50" c="858">
			<w x="638">He</w>
			<w x="715">took</w>
			<w x="838"><choice><orig>betwixt</orig><reg>between</reg></choice></w>
			<w x="896">his</w>
			<w x="1035">grinning</w>
			<w x="1134">teeth,</w>
			<w x="1198">and</w>
			<w x="1285">gave</w>
			<w x="1341">the</w>
			<w x="1396">air</w>
			<w x="1453">his</w>
			<w x="1566">breath.</w>
		</line>
	</div>
</body>
