<body>
	<div id="2" group="1" x="205" y="1296" width="989" height="109" type="wavyscore2" attribution="HM" sealts="277_1_1.197" section="9">
		<line n="21" h="54" c="1323">
			<w x="320">Whom</w>
			<w x="407">since</w>
			<w x="456">he</w>
			<w x="559"><choice><orig>forc'd,</orig><reg>forced,</reg></choice></w>
			<w x="737">preventing</w>
			<w x="805">me,</w>
			<w x="850">in</w>
			<w x="925">vain</w>
			<w x="967">he</w>
			<w x="1050">shall</w>
			<w x="1174">prolong</w>
		</line>
		<line n="22" h="54" c="1377">
			<w x="314">Hopes</w>
			<w x="351">to</w>
			<w x="481">appease</w>
			<w x="538">me</w>
			<w x="608">that</w>
			<w x="699">know</w>
			<w x="777">well</w>
			<w x="832">the</w>
			<w x="978">deepness</w>
			<w x="1021">of</w>
			<w x="1074">my</w>
			<w x="1187">wrong.</w>
		</line>
	</div>
</body>
