<body>
	<div id="2" group="1" x="588" y="837" width="1051" height="105" type="checkmark" attribution="HM" sealts="277_1_1.194" section="9">
		<line n="12" h="52" c="863">
			<w x="673">Bold</w>
			<w x="708">of</w>
			<w x="772">thy</w>
			<w x="865">want,</w>
			<w x="944">have</w>
			<w x="1064"><choice><orig>pitch'd</orig><reg>pitched</reg></choice></w>
			<w x="1144">their</w>
			<w x="1229">tents</w>
			<w x="1314">close</w>
			<w x="1354">to</w>
			<w x="1413">our</w>
			<w x="1491">fleet</w>
			<w x="1559">and</w>
			<w x="1636">forts,</w>
		</line>
		<line n="13" h="52" c="915">
			<w x="664">And</w>
			<w x="755">made</w>
			<w x="784">a</w>
			<div id="3" group="1" x="789" y="896" width="292" height="43" type="underline" attribution="HM" sealts="277_1_1.194" section="9">
					<w x="952">firmament</w>
					<w x="991">of</w>
					<w x="1077">fires;</w>				
			</div>
			<w x="1157">and</w>
			<w x="1229">now</w>
			<w x="1279">no</w>
			<w x="1361">more</w>
			<w x="1441">they</w>
			<w x="1503">say</w>
		</line>
	</div>
</body>
