<body>
	<div id="2" group="1" x="547" y="541" width="1059" height="246" type="score" attribution="HM" sealts="277_2_2.182" section="21">
		<line c="562" h="40" n="6">
			<w x="584">Is</w>
			<w x="685">better</w>
			<w x="753">and</w>
			<w x="840">more</w>
			<w x="920">dear</w>
			<w x="1000">than</w>
			<w x="1076">thee</w>
			<w x="1098">?</w>
			<w x="1287">Hereafter,</w>
			<w x="1362">lest,</w>
			<w x="1438">past</w>
			<w x="1530">fates,</w>
		</line>
		<line c="616" h="43" n="7">
			<w x="624">Hell</w>
			<w x="670">be</w>
			<w x="734">thy</w>
			<w x="883">headlong</w>
			<w x="987">home,</w>
			<w x="1093">retire,</w>
			<w x="1188">make</w>
			<w x="1265">bold</w>
			<w x="1358">stand</w>
			<w x="1453">never</w>
			<w x="1639">near.</w>
		</line>
		<line c="662" h="36" n="8">
			<w x="660">Where</w>
			<w x="708">he</w>
			<w x="880"><choice><orig>advanceth.</orig><reg>advances.</reg></choice></w>
			<w x="980">But</w>
			<w x="1035">his</w>
			<w x="1104">fate</w>
			<w x="1185">once</w>
			<w x="1328">satisfied,</w>
			<w x="1409">then</w>
			<w x="1488">bear</w>
		</line>
		<line c="711" h="43" n="9">
			<w x="584">A</w>
			<w x="653">free</w>
			<w x="722">and</w>
			<w x="782">full</w>
			<w x="863">sail;</w>
			<w x="920">no</w>
			<w x="1028">Greek</w>
			<w x="1097">else</w>
			<w x="1180">shall</w>
			<w x="1247">end</w>
			<w x="1351">thee."</w>
			<w x="1461">This</w>
			<w x="1603"><choice><orig>reveal'd,</orig><reg>revealed,</reg></choice></w>
		</line>
		<line c="764" h="44" n="10">
			<w x="605">He</w>
			<w x="667">left</w>
			<w x="747">him,</w>
			<w x="815">and</w>
			<w x="961"><choice><orig>dispers'd</orig><reg>dispersed</reg></choice></w>
			<w x="1021">the</w>
			<w x="1115">cloud</w>
			<w x="1187">that</w>
			<w x="1236">all</w>
			<w x="1303">this</w>
			<w x="1361">act</w>
			<w x="1512"><choice><orig>conceal'd</orig><reg></reg>concealed</choice></w>
		</line>
	</div>
</body>
