<body>
	<div id="2" group="1" x="532" y="1667" width="1025" height="245" type="score" attribution="HM"
		sealts="277_2_2.138" section="18">
		<line c="1694" h="42" n="29">
			<w x="592">My</w>
			<w x="751"><choice><orig>fate-curst</orig><reg>fate curst</reg><reg>fate</reg><reg>curst</reg><reg>cursed</reg></choice></w>
			<w x="833">life?</w>
			<w x="923">Her</w>
			<w x="1099">instrument</w>
			<w x="1139">to</w>
			<w x="1201">my</w>
			<w x="1350">indignity</w>
		</line>
		<line c="1743" h="43" n="30">
			<w x="632">Being</w>
			<w x="704">that</w>
			<w x="796">black</w>
			<w x="882">fiend</w>
			<w x="1070">Contention,</w>
			<w x="1173">whom</w>
			<w x="1274">would</w>
			<w x="1314">to</w>
			<w x="1391">God</w>
			<w x="1494">might</w>
			<w x="1551">die</w>
		</line>
		<line c="1794" h="44" n="31">
			<w x="580">To</w>
			<w x="671">Gods</w>
			<w x="739">and</w>
			<w x="824">men,</w>
			<w x="894">and</w>
			<w x="1004">Anger</w>
			<w x="1071">too,</w>
		</line>
		<div id="3" group="1" x="538" y="1767" width="313" height="49" type="underline"
			attribution="HM" sealts="277_2_2.138" section="18">
			<line c="1794" h="44" n="31">
				<blank x="1081"/>
				<w x="1150">that</w>
				<w x="1265">kindles</w>
				<w x="1391">tyranny</w>
			</line>
			<line c="1842" h="43" n="32">
				<w x="577">In</w>
				<w x="658">men</w>
				<w x="744">most</w>
				<w x="822">wise,</w>
			</line>
		</div>
		<line c="1842" h="43" n="32">
			<w x="920">being</w>
			<w x="1015">much</w>
			<w x="1103">more</w>
			<w x="1198">sweet</w>
			<w x="1276">than</w>
			<w x="1375">liquid</w>
			<w x="1477">honey</w>
			<w x="1512">is</w>
		</line>
		<line c="1890" h="40" n="33">
			<w x="580">To</w>
			<w x="658">men</w>
			<w x="703">of</w>
			<w x="794"><choice><orig>pow'r</orig><reg>power</reg></choice></w>
			<w x="835">to</w>
			<w x="945">satiate</w>
			<w x="1028">their</w>
			<w x="1168">watchful</w>
			<w x="1314">enmities,</w>
		</line>
	</div>
</body>
