<body>
	<div id="2" group="1" x="594" y="642" width="974" height="161" type="score" attribution="HM" sealts="277_1_1.114" section="5">
		<line c="673" h="56" n="8">
			<w x="697">Blood,</w>
			<w x="777">such</w>
			<w x="820">as</w>
			<w x="905">flows</w>
			<w x="947">in</w>
			<w x="1066">blessed</w>
			<w x="1164">Gods,</w>
			<w x="1239">that</w>
			<w x="1296">eat</w>
			<w x="1344">no</w>
			<w x="1461">human</w>
			<w x="1543">food,</w>
		</line>
		<line c="721" h="49" n="9">
			<w x="661">Nor</w>
			<w x="755">drink</w>
			<w x="798">of</w>
			<w x="856">our</w>
			<w x="1013">inflaming</w>
			<w x="1102">wine,</w>
			<w x="1171">and</w>
			<w x="1317">therefore</w>
			<w x="1463">bloodless</w>
			<w x="1534">are,</w>
		</line>
		<line c="769" h="51" n="10">
			<w x="668">And</w>
			<w x="760"><choice><orig>call'd</orig><reg>called</reg></choice></w>
			<w x="944">Immortals;</w>
			<w x="1014">out</w>
			<w x="1074">she</w>
			<w x="1170">cried,</w>
			<w x="1239">and</w>
			<w x="1331">could</w>
			<w x="1380">no</w>
			<w x="1489">longer</w>
			<w x="1567">bear</w>
		</line>
	</div>
</body>
