<body>
	<div id="2" group="1" x="597" y="1414" width="1087" height="230" type="score" attribution="HM" sealts="277_2_2.244" section="23">
		<line c="1435" h="40" n="24">
			<w x="662">And</w>
			<w x="704">as</w>
			<w x="763">the</w>
			<w x="869">beams</w>
			<w x="913">of</w>
			<w x="996">some</w>
			<w x="1078">high</w>
			<w x="1174">house</w>
			<w x="1267">crack</w>
			<w x="1345">with</w>
			<w x="1375">a</w>
			<w x="1480">storm,</w>
			<w x="1542">yet</w>
			<w x="1647">stands</w>
		</line>
		<line c="1485" h="40" n="25">
			<w x="657">The</w>
			<w x="764">house,</w>
			<w x="861">being</w>
			<w x="941">built</w>
			<w x="990">by</w>
			<w x="1169"><choice><orig>well-skill'd</orig><reg>well skill'd</reg><reg>well skilled</reg><reg>well-skilled</reg><reg>well</reg><reg>skill'd</reg><reg>skilled</reg></choice></w>
			<w x="1264">men;</w>
			<w x="1315">so</w>
			<w x="1437"><choice><orig>crack'd</orig><reg>cracked</reg></choice></w>
			<w x="1519">their</w>
			<w x="1685">backbones</w>
		</line>
		<line c="1531" h="40" n="26">
			<w x="853"><choice><orig>wrinch'd,</orig><reg>wrinched,</reg><reg>wrenched,</reg></choice></w>
			<w x="1041">I</w>
		</line>
		<line c="1582" h="38" n="27">
			<w x="679">With</w>
			<w x="784">horrid</w>
			<w x="933">twitches;</w>
			<w x="984">in</w>
			<w x="1069">their</w>
			<w x="1162">sides,</w>
			<w x="1257">arms,</w>
			<w x="1419">shoulders,</w>
			<w x="1469">all</w>
			<w x="1635">bepinch'd,</w>
		</line>
		<line c="1631" h="39" n="28">
			<w x="662">Ran</w>
			<w x="750">thick</w>
			<w x="809">the</w>
			<w x="902">wales</w>
			<w x="963">red</w>
			<w x="1041">with</w>
			<w x="1100">the</w>
			<w x="1193">blood</w>
			<w x="1290">ready</w>
			<w x="1329">to</w>
			<w x="1411">start</w>
			<w x="1478">out.</w>
			<w x="1593">Both</w>
		</line>
	</div>
</body>
