<body>
	<div id="2" group="1" x="1021" y="572" width="373" height="42" type="underline" attribution="HM"
		sealts="277_1_b18" mode="commentary" section="intro">
		<line n="5" h="42" c="593">
			<w x="1090">deep</w>
			<w x="1157">and</w>
			<w x="1307">treasurous</w>
			<w x="1390">heart.</w>
		</line>
	</div>
	<div id="3" group="2" x="675" y="673" width="398" height="46" type="underline" attribution="HM"
		sealts="277_1_b18" mode="commentary" section="intro">
		<line n="8" h="46" c="696">
			<w x="756">With</w>
			<w x="843"><choice><orig>Poesy</orig><reg>Poetry</reg></choice></w>
			<w x="883">to</w>
			<w x="958">open</w>
			<w x="1068"><choice><orig>Poesy."</orig><reg>Poetry."</reg></choice></w>
		</line>
	</div>
	<div id="4" group="3" x="493" y="934" width="331" height="61" type="underline" attribution="HM"
		sealts="277_1_b18" mode="commentary" section="intro">
		<line n="13" h="61" c="965">
			<blank x="1259"/>
			<w x="1413">mysteries</w>
			<w x="1548">revealed</w>
			<w x="1584">in</w>
		</line>
		<line n="14" h="48" c="1032">
			<w x="629">Homer."</w>
		</line>
	</div>
	<div id="5" group="4" x="655" y="1360" width="782" height="399" type="score" attribution="HM"
		sealts="277_1_b18" mode="commentary" section="intro">
		<line c="1374" h="34" n="21">
			<blank x="1015"/>
			<w x="1067">--"I</w>
			<w x="1124">can</w>
			<w x="1209">prove</w>
			<w x="1239">it</w>
			<w x="1315">clear</w>
		</line>
		<line c="1409" h="40" n="22">
			<w x="734">That</w>
			<w x="776">no</w>
			<w x="877">tongue</w>
			<w x="948">hath</w>
			<w x="1003">the</w>
			<w x="1107">Muses'</w>
			<w x="1243">utterance</w>
			<w x="1340">heired</w>
		</line>
		<line c="1442" h="36" n="23">
			<w x="749">For</w>
			<w x="838">verse,</w>
			<w x="897">and</w>
			<w x="963">that</w>
			<w x="1049">sweet</w>
			<w x="1137">music</w>
			<w x="1173">to</w>
			<w x="1225">the</w>
			<w x="1278">ear</w>
		</line>
		<line c="1474" h="36" n="24">
			<w x="761">Struck</w>
			<w x="815">out</w>
			<w x="853">of</w>
			<w x="958">rhyme,</w>
			<w x="996">so</w>
			<w x="1131">naturally</w>
			<w x="1170">as</w>
			<w x="1238">this.</w>
		</line>
		<line c="1507" h="36" n="25">
			<w x="755">Our</w>
			<w x="954">monosyllables</w>
			<w x="992">so</w>
			<w x="1090">kindly</w>
			<w x="1153">fall,</w>
		</line>
		<line c="1539" h="38" n="26">
			<w x="730">And</w>
			<w x="804">meet</w>
			<w x="913"><choice><orig>oppos'd</orig><reg>opposed</reg></choice></w>
			<w x="949">in</w>
			<w x="1048">rhyme</w>
			<w x="1086">as</w>
			<w x="1156">they</w>
			<w x="1209">did</w>
			<w x="1277">kiss.</w>
		</line>
		<line c="1569" h="32" n="27">
			<w x="799">French</w>
			<w x="858">and</w>
			<w x="959">Italian</w>
			<w x="1033">most</w>
			<w x="1202">immetrical;</w>
		</line>
		<line c="1604" h="37" n="28">
			<w x="748">Their</w>
			<w x="832">many</w>
			<w x="959">syllables</w>
			<w x="995">in</w>
			<w x="1082">harsh</w>
			<w x="1203">collision</w>
		</line>
		<line c="1634" h="40" n="29">
			<w x="760">Fall</w>
			<w x="798">as</w>
			<w x="868">they</w>
			<w x="956">break</w>
			<w x="1033">their</w>
			<w x="1128">necks,</w>
			<w x="1204">their</w>
			<w x="1315">bastard</w>
			<w x="1426">rhymes</w>
		</line>
		<line c="1670" h="38" n="30">
			<w x="788">Saluting</w>
			<w x="825">as</w>
			<w x="895">they</w>
			<w x="997"><choice><orig>justled</orig><reg>jostled</reg></choice></w>
			<w x="1035">in</w>
			<w x="1185">transition,</w>
		</line>
	</div>
</body>
