<body>
	<div id="2" group="1" x="207" y="591" width="1128" height="1203" type="score" attribution="HM"
		sealts="277_1_1.151" section="6">
		<line c="627" h="39" n="7">
			<w x="284">Into</w>
			<w x="370">their</w>
			<w x="451">wits,</w>
			<w x="496">or</w>
			<w x="669">courages."</w>
			<w x="751">To</w>
			<w x="828">this,</w>
			<w x="922">great</w>
			<w x="1042">Hector</w>
			<w x="1128">said:</w>
		</line>
		<div id="3" group="1" x="221" y="644" width="1094" height="57" type="checkmark"
			attribution="HM" sealts="277_1_1.151" section="6">
			<line n="1" h="57" c="673">
				<w x="301">"Be</w>
				<w x="375">well</w>
				<w x="511">assured,</w>
				<w x="598">wife,</w>
				<w x="647">all</w>
				<w x="738">these</w>
				<w x="840">things</w>
				<w x="886">in</w>
				<w x="946">my</w>
				<w x="1026">kind</w>
				<w x="1111">cares</w>
				<w x="1176">are</w>
				<w x="1312">weighed.</w>
			</line>
		</div>
		<line c="726" h="39" n="9">
			<w x="279">But</w>
			<w x="364">what</w>
			<w x="401">a</w>
			<w x="507">shame,</w>
			<w x="577">and</w>
			<w x="657">fear,</w>
			<w x="693">it</w>
			<w x="730">is</w>
			<w x="772">to</w>
			<w x="864">think</w>
			<w x="938">how</w>
			<w x="1027">Troy</w>
			<w x="1127">would</w>
			<w x="1219">scorn</w>
		</line>
		<line c="777" h="41" n="10">
			<w x="308">(Both</w>
			<w x="349">in</w>
			<w x="412">her</w>
			<w x="561">husbands</w>
			<w x="630">and</w>
			<w x="692">her</w>
			<w x="794">wives,</w>
			<w x="897">whom</w>
			<w x="1097"><choice><orig>long-train'd</orig><reg>long train'd</reg><reg>long trained</reg><reg>long-trained</reg><reg>long</reg><reg>train'd</reg><reg>trained</reg></choice></w>
			<w x="1203">gowns</w>
			<w x="1315">adorn)</w>
		</line>
		<line c="825" h="39" n="11">
			<w x="293">That</w>
			<w x="319">I</w>
			<w x="428">should</w>
			<w x="575">cowardly</w>
			<w x="626">fly</w>
			<w x="694">off!</w>
			<w x="790">The</w>
			<w x="910">spirit!</w>
			<w x="982">first</w>
			<w x="1042">did</w>
			<w x="1151">breath</w>
		</line>
		<line c="876" h="38" n="12">
			<w x="277">Did</w>
			<w x="371">never</w>
			<w x="463">teach</w>
			<w x="520">me</w>
			<w x="614">that;</w>
			<w x="720">much</w>
			<w x="795">less,</w>
		</line>
		<div id="4" group="1" x="214" y="846" width="436" height="51" type="underline"
			attribution="HM" sealts="277_1_1.151" section="6">
			<line c="876" h="38" n="12">
				<blank x="805"/>
				<w x="890">since</w>
				<w x="951">the</w>
				<w x="1100">contempt</w>
				<w x="1145">of</w>
				<w x="1230">death</w>
			</line>
			<line c="923" h="46" n="13">
				<w x="294">Was</w>
				<w x="401">settled</w>
				<w x="443">in</w>
				<w x="504">me,</w>
			</line>
		</div>
		<line c="923" h="46" n="13">
			<w x="576">and</w>
			<w x="636">my</w>
			<w x="725">mind</w>
			<w x="819">knew</w>
			<w x="905">what</w>
			<w x="935">a</w>
			<w x="1053">worthy</w>
			<w x="1122">was</w>
		</line>
		<line c="970" h="46" n="14">
			<w x="323">Whose</w>
			<w x="411">office</w>
			<w x="447">is</w>
			<w x="489">to</w>
			<w x="564">lead</w>
			<w x="606">in</w>
			<w x="698">fight,</w>
			<w x="768">and</w>
			<w x="845">give</w>
			<w x="895">no</w>
			<w x="1018">danger</w>
			<w x="1094">pass</w>
		</line>
		<line c="1024" h="38" n="15">
			<w x="345">Without</w>
			<w x="561">improvement.</w>
			<w x="639">In</w>
			<w x="706">this</w>
			<w x="767">fire</w>
			<w x="853">must</w>
			<w x="997">Hector's</w>
			<w x="1073">trial</w>
			<w x="1183">shine;</w>
		</line>
		<line c="1072" h="37" n="16">
			<w x="296">Here</w>
			<w x="382">must</w>
			<w x="437">his</w>
			<w x="574">country,</w>
			<w x="686">father,</w>
			<w x="812">friends,</w>
			<w x="870">be,</w>
			<w x="913">in</w>
			<w x="993">him,</w>
			<w x="1087">made</w>
			<w x="1200">divine.</w>
		</line>
		<line c="1122" h="38" n="17">
			<w x="285">And</w>
			<w x="365">such</w>
			<w x="395">a</w>
			<w x="510">stormy</w>
			<w x="578">day</w>
			<w x="661">shall</w>
			<w x="750">come</w>
			<w x="807">(in</w>
			<w x="897">mind</w>
			<w x="964">and</w>
			<w x="1037">soul</w>
			<w x="1065">I</w>
			<w x="1175">know)</w>
		</line>
		<line c="1171" h="38" n="18">
			<w x="313">When</w>
			<w x="420">sacred</w>
			<w x="508">Troy</w>
			<w x="592">shall</w>
			<w x="673">shed</w>
			<w x="736">her</w>
			<w x="839"><choice><orig>tow'rs</orig><reg>towers</reg></choice></w>
			<w x="895">for</w>
			<w x="979">tears</w>
			<w x="1024">of</w>
			<w x="1193">overthrow,</w>
		</line>
		<line c="1221" h="38" n="19">
			<w x="313">When</w>
			<w x="429">Priam,</w>
			<w x="479">all</w>
			<w x="535">his</w>
			<w x="621">birth</w>
			<w x="689">and</w>
			<w x="794"><choice><orig>pow'r,</orig><reg>power,</reg></choice></w>
			<w x="879">shall</w>
			<w x="921">in</w>
			<w x="1011">those</w>
			<w x="1097">tears</w>
			<w x="1144">be</w>
			<w x="1287"><choice><orig>drown'd.</orig><reg>drowned.</reg></choice></w>
		</line>
		<line c="1271" h="38" n="20">
			<w x="275">But</w>
			<w x="394">neither</w>
			<w x="504">Troy's</w>
			<w x="650">posterity</w>
			<w x="693">so</w>
			<w x="789">much</w>
			<w x="849">my</w>
			<w x="921">soul</w>
			<w x="1003">doth</w>
			<w x="1124">wound,</w>
		</line>
		<line c="1319" h="38" n="21">
			<w x="320">Priam,</w>
			<w x="385">nor</w>
			<w x="515">Hecuba</w>
			<w x="636">herself,</w>
			<w x="700">nor</w>
			<w x="750">all</w>
			<w x="810">my</w>
			<w x="955">brothers'</w>
			<w x="1050">woes,</w>
		</line>
		<line c="1370" h="38" n="22">
			<w x="307">(Who</w>
			<w x="426">though</w>
			<w x="469">so</w>
			<w x="575">many,</w>
			<w x="644">and</w>
			<w x="686">so</w>
			<w x="781">good,</w>
			<w x="868">must</w>
			<w x="917">all</w>
			<w x="963">be</w>
			<w x="1040">food</w>
			<w x="1094">for</w>
			<w x="1179">foes)</w>
		</line>
		<line c="1419" h="39" n="23">
			<w x="259">As</w>
			<w x="322">thy</w>
			<w x="384">sad</w>
			<w x="475">state,</w>
			<w x="564">when</w>
			<w x="651">some</w>
			<w x="731">rude</w>
			<w x="838">Greek</w>
			<w x="920">shall</w>
			<w x="994">lead</w>
			<w x="1069">thee</w>
			<w x="1205">weeping</w>
			<w x="1314">hence,</w>
		</line>
		<line c="1468" h="38" n="24">
			<w x="308">These</w>
			<w x="378">free</w>
			<w x="459">days</w>
			<w x="595">clouded,</w>
			<w x="665">and</w>
			<w x="695">a</w>
			<w x="788">night</w>
			<w x="832">of</w>
			<w x="946">captive</w>
			<w x="1080">violence</w>
		</line>
		<line c="1518" h="38" n="25">
			<w x="345">Loading</w>
			<w x="407">thy</w>
			<w x="544">temples,</w>
			<w x="606">out</w>
			<w x="650">of</w>
			<w x="746">which</w>
			<w x="834">thine</w>
			<w x="911">eyes</w>
			<w x="998">must</w>
			<w x="1093">never</w>
			<w x="1161">see,</w>
		</line>
		<line c="1567" h="40" n="26">
			<w x="275">But</w>
			<w x="349">spin</w>
			<w x="408">the</w>
			<w x="515">Greek</w>
			<w x="616">wives'</w>
			<w x="702">webs</w>
			<w x="746">of</w>
			<w x="826">task,</w>
			<w x="895">and</w>
			<w x="979">their</w>
			<w x="1164"><choice><orig>fetch-water</orig><reg>fetch water</reg><reg>fetch</reg><reg>water</reg></choice></w>
			<w x="1211">be</w>
		</line>
		<line c="1616" h="39" n="27">
			<w x="257">To</w>
			<w x="373">Argos,</w>
			<w x="458">from</w>
			<w x="631">Messeides,</w>
			<w x="677">or</w>
			<w x="762">clear</w>
			<w x="924">Hyperia's</w>
			<w x="1051">spring;</w>
		</line>
		<line c="1666" h="39" n="28">
			<w x="319">Which</w>
			<w x="485">howsoever</w>
			<w x="564">thou</w>
			<w x="719">abhorr'st,</w>
		</line>
		<div id="5" group="1" x="210" y="1638" width="447" height="57" type="underline"
			attribution="HM" sealts="277_1_1.151" section="6">
			<line n="1" h="57" c="1666">
				<blank x="727"/>
				<w x="833">Fate's</w>
				<w x="913">such</w>
				<w x="939">a</w>
				<w x="1084">shrewish</w>
				<w x="1173">thing</w>
			</line>
			<line c="1715" h="39" n="29">
				<w x="277">She</w>
				<w x="339">will</w>
				<w x="387">be</w>
				<w x="528">mistress;</w>
			</line>
		</div>
		<line c="1715" h="39" n="29">
			<w x="639">whose</w>
			<w x="740"><choice><orig>curs'd</orig><reg>cursed</reg></choice></w>
			<w x="844">hands,</w>
			<w x="933">when</w>
			<w x="1009">they</w>
			<w x="1087">shall</w>
			<w x="1177">crush</w>
			<w x="1235">out</w>
			<w x="1315">cries</w>
		</line>
		<line c="1764" h="41" n="30">
			<w x="306">From</w>
			<w x="364">thy</w>
			<w x="548">oppressions</w>
			<w x="661">(being</w>
			<w x="772">beheld</w>
			<w x="822">by</w>
			<w x="913">other</w>
			<w x="1059">enemies)</w>
		</line>
	</div>
	<div id="6" group="2" x="339" y="1810" width="870" height="79" type="wavyscore" attribution="HM"
		sealts="277_1_1.151" mode="commentary" section="notes">
		<line n="31" h="39" c="1834">
			<blank x="399"/>
			<w x="456">Free</w>
			<w x="560">days.--</w>
			<w x="615">The</w>
			<w x="716">second</w>
			<w x="784">folio</w>
			<w x="843">has</w>
			<w x="936">"three</w>
			<w x="1042">days;"</w>
			<w x="1074">a</w>
			<w x="1205">misprint.</w>
		</line>
		<line n="32" h="39" c="1869">
			<blank x="382"/>
			<w x="536">Shrewish--</w>
			<w x="642">cursed,</w>
			<w x="784">malicious.</w>
		</line>
	</div>
</body>
