<body>
    <div id="2" group="1" x="609" y="343" width="909" height="55" type="checkmark" attribution="HM" sealts="277_1_1.264" section="12">
        <line n="2" h="55" c="371">
            <div id="3" group="1" x="610" y="347" width="477" height="51" type="underline"
                attribution="HM" sealts="277_1_1.264" section="12">
                <w x="661">As</w>
                <w x="752">much</w>
                <w x="801">in</w>
                <w x="887">merit</w>
                <w x="936">as</w>
                <w x="971">in</w>
                <w x="1083">noise?</w>
            </div>
            <w x="1202">Come,</w>
            <w x="1253">be</w>
            <w x="1302">we</w>
            <w x="1393">great</w>
            <w x="1437">in</w>
            <w x="1511">deed</w>
        </line>
    </div>
    <div id="4" group="2" x="611" y="449" width="1092" height="682" type="score" attribution="HM" sealts="277_1_1.264" section="12">
        <line c="473" h="51" n="4">
            <w x="691">That</w>
            <w x="733">so</w>
            <w x="794">our</w>
            <w x="973"><choice><orig>neat-arm'd</orig><reg>neat arm'd</reg><reg>neat armed</reg><reg>neat-armed</reg><reg>neat</reg><reg>arm'd</reg><reg>armed</reg></choice></w>
            <w x="1104">Lycians</w>
            <w x="1181">may</w>
            <w x="1259">say:</w>
            <w x="1366">'See,</w>
            <w x="1456">these</w>
            <w x="1515">are</w>
            <w x="1602">right</w>
        </line>
        <line c="521" h="45" n="5">
            <w x="678">Our</w>
            <w x="780">kings,</w>
            <w x="843">our</w>
            <w x="959">rulers;</w>
            <w x="1056">these</w>
            <w x="1179">deserve</w>
            <w x="1220">to</w>
            <w x="1278">eat</w>
            <w x="1345">and</w>
            <w x="1439">drink</w>
            <w x="1497">the</w>
            <w x="1585">best;</w>
        </line>
        <div id="62" group="2" x="610" y="542" width="987" height="97" type="dottedxmark"
            attribution="HM" sealts="277_1_1.264" section="12">
            <line n="6" h="48" c="566">
                <w x="712">These</w>
                <w x="826">govern</w>
                <w x="892">not</w>
                <w x="1092">ingloriously;</w>
                <w x="1202">these,</w>
                <w x="1274">thus</w>
                <w x="1388">exceed</w>
                <w x="1444">the</w>
                <w x="1525">rest,</w>
            </line>
        </div>
        <div id="63" group="2" x="613" y="600" width="1091" height="534" type="score"
            attribution="HM" sealts="277_1_1.264" section="12">
            <div id="22" group="2" x="612" y="598" width="986" height="47" type="dottedxmark"
                attribution="HM" sealts="277_1_1.264" section="12">
                <line n="7" h="47" c="621">
                    <w x="668">Do</w>
                    <w x="755">more</w>
                    <w x="838">than</w>
                    <w x="915">they</w>
                    <w x="1068">command</w>
                    <w x="1107">to</w>
                    <w x="1189">do.'</w>
                    <w x="1245">O</w>
                    <w x="1349">Friend,</w>
                    <w x="1387">if</w>
                    <w x="1516">keeping</w>
                    <w x="1590">back</w>
                </line>
            </div>
        </div>
        <line c="668" h="49" n="8">
            <w x="722">Would</w>
            <w x="803">keep</w>
            <w x="885">back</w>
            <w x="949">age</w>
            <w x="1026">from</w>
            <w x="1080">us,</w>
            <w x="1145">and</w>
            <w x="1248">death,</w>
            <w x="1316">and</w>
            <w x="1388">that</w>
            <w x="1440">we</w>
            <w x="1543">might</w>
            <w x="1602">not</w>
            <w x="1700">wrack</w>
        </line>
        <line c="718" h="38" n="9">
            <w x="657">In</w>
            <w x="722">this</w>
            <w x="805">life's</w>
            <w x="919">human</w>
            <w x="978">sea</w>
            <w x="1019">at</w>
            <w x="1076">all,</w>
            <w x="1138">but</w>
            <w x="1210">that</w>
            <w x="1359">deferring</w>
            <w x="1432">now</w>
        </line>
        <line c="766" h="40" n="10">
            <w x="675">We</w>
            <w x="806"><choice><orig>shunn'd</orig><reg>shunned</reg></choice></w>
            <w x="899">death</w>
            <w x="983">ever,</w>
            <w x="1046">nor</w>
            <w x="1146">would</w>
            <w x="1174">I</w>
            <w x="1247">half</w>
            <w x="1310">this</w>
            <w x="1385">vain</w>
            <w x="1490"><choice><orig>valour</orig><reg>valor</reg></choice></w>
            <w x="1584">show,</w>
        </line>
        <line c="819" h="43" n="11">
            <w x="682">Nor</w>
            <w x="792">glorify</w>
            <w x="821">a</w>
            <w x="899">folly</w>
            <w x="950">so,</w>
            <w x="991">to</w>
            <w x="1071">wish</w>
            <w x="1146">thee</w>
            <w x="1187">to</w>
            <w x="1335">advance;</w>
        </line>
        <line c="864" h="47" n="12">
            <w x="679">But</w>
            <w x="765">since</w>
            <w x="818">we</w>
            <w x="903">must</w>
            <w x="961">go,</w>
            <w x="1080">though</w>
            <w x="1140">not</w>
            <w x="1228">here,</w>
            <w x="1296">and</w>
            <w x="1377">that,</w>
            <w x="1496">besides</w>
            <w x="1556">the</w>
            <w x="1669">chance</w>
        </line>
        <line c="916" h="47" n="13">
            <w x="755"><choice><orig>Propos'd</orig><reg>Proposed</reg></choice></w>
            <w x="835">now,</w>
            <w x="924">there</w>
            <w x="984">are</w>
            <w x="1101">infinite</w>
            <w x="1182">fates</w>
            <w x="1226">of</w>
            <w x="1312">other</w>
            <w x="1381">sort</w>
            <w x="1421">in</w>
            <w x="1525">death,</w>
        </line>
        <line c="958" h="56" n="14">
            <w x="735">Which,</w>
            <w x="854">neither</w>
            <w x="893">to</w>
            <w x="941">be</w>
            <w x="1006">fled</w>
            <w x="1069">nor</w>
            <w x="1193"><choice><orig>'scap'd,</orig><reg>escaped,</reg></choice></w>
            <w x="1224">a</w>
            <w x="1300">man</w>
            <w x="1386">must</w>
            <w x="1461">sink</w>
            <w x="1600">beneath,</w>
        </line>
        <line c="1015" h="46" n="15">
            <w x="719">Come,</w>
            <w x="777">try</w>
            <w x="838">we,</w>
            <w x="876">if</w>
            <w x="939">this</w>
            <w x="1008">sort</w>
            <w x="1054">be</w>
            <w x="1139">ours,</w>
            <w x="1207">and</w>
            <w x="1306">either</w>
            <w x="1416">render</w>
            <w x="1490">thus</w>
        </line>
        <line c="1064" h="46" n="16">
            <w x="712">Glory</w>
            <w x="752">to</w>
            <w x="865">others,</w>
            <w x="909">or</w>
            <w x="1004">make</w>
            <w x="1092">them</w>
            <w x="1197">resign</w>
            <w x="1256">the</w>
            <w x="1324">like</w>
            <w x="1365">to</w>
            <w x="1428">us.'</w>
        </line>
        <line c="1108" h="41" n="17">
            <w x="734">This</w>
            <w x="848">motion</w>
            <w x="981">Glaucus</w>
            <w x="1093">shifted</w>
            <w x="1162">not,</w>
            <w x="1225">but</w>
            <w x="1348">without</w>
            <w x="1446">words</w>
            <w x="1565"><choice><orig>obey'd.</orig><reg>obeyed.</reg></choice></w>
        </line>
    </div>
    <div id="65" group="3" x="542" y="1914" width="1163" height="156" type="annotation"
        type2="dottedxmark" attribution="HM" sealts="277_1_1.264" section="12">
        <line n="1" h="78" c="1975">
            <w x="713">"Whom</w>
            <w x="862">those</w>
            <w x="1011">that</w>
            <w x="1190">envy,</w>
            <w x="1318">dare</w>
            <w x="1440">not</w>
            <w x="1680">imitate."</w>
        </line>
        <line n="2" h="78" c="2031">
            <blank x="1428"/>
            <w x="1555">Pope's</w>
            <w x="1696">version."</w>
        </line>
    </div>
</body>
