<body>
	<div id="2" group="1" x="560" y="583" width="1110" height="340" type="score" attribution="HM" sealts="277_1_1.220" section="10">
		<line c="615" h="38" n="7">
			<w x="658">Then</w>
			<w x="751"><choice><orig>spake</orig><reg>spoke</reg></choice></w>
			<w x="805">he,</w>
			<w x="984"><choice><orig>threat'ning</orig><reg>threatening</reg></choice></w>
			<w x="1058">with</w>
			<w x="1113">his</w>
			<w x="1219">lance:</w>
			<w x="1321">"Or</w>
			<w x="1400">stay,</w>
			<w x="1442">or</w>
			<w x="1509">this</w>
			<w x="1609">comes</w>
			<w x="1665">on,</w>
		</line>
		<line c="664" h="39" n="8">
			<w x="640">And</w>
			<w x="722">long</w>
			<w x="801">thou</w>
			<w x="891">canst</w>
			<w x="950">not</w>
			<w x="1014">run</w>
			<w x="1117">before</w>
			<w x="1197">thou</w>
			<w x="1242">be</w>
			<w x="1293">by</w>
			<w x="1388">death</w>
			<w x="1548">outgone."</w>
		</line>
		<line c="713" h="39" n="9">
			<w x="687">This</w>
			<w x="772">said,</w>
			<w x="824">he</w>
			<w x="927">threw</w>
			<w x="986">his</w>
			<w x="1102">javelin</w>
			<w x="1208">forth;</w>
			<w x="1325">which</w>
			<w x="1436"><choice><orig>miss'd</orig><reg>missed</reg></choice></w>
			<w x="1484">as</w>
			<w x="1621">Diomed</w>
		</line>
		<line c="761" h="35" n="10">
			<w x="793">Would,</w>
		</line>
		<line c="812" h="38" n="11">
			<w x="674">Above</w>
			<w x="730">his</w>
			<w x="818">right</w>
			<w x="890">arm</w>
			<w x="1016">making</w>
			<w x="1096">way,</w>
			<w x="1157">the</w>
			<w x="1223">pile</w>
			<w x="1316">stuck</w>
			<w x="1357">in</w>
			<w x="1416">the</w>
			<w x="1530"><choice><orig>mould.</orig><reg>mold.</reg></choice></w>
		</line>
		<line c="862" h="40" n="12">
			<w x="629">He</w>
			<w x="730"><choice><orig>stay'd</orig><reg>stayed</reg></choice></w>
			<w x="797">and</w>
			<w x="950">trembled,</w>
			<w x="1019">and</w>
			<w x="1074">his</w>
			<w x="1161">teeth</w>
			<w x="1221">did</w>
			<w x="1339">chatter</w>
			<w x="1381">in</w>
			<w x="1435">his</w>
			<w x="1528">head.</w>
		</line>
		<line c="911" h="40" n="13">
			<w x="660">They</w>
			<w x="748">came</w>
			<w x="791">in</w>
			<w x="931">blowing,</w>
			<w x="1028"><choice><orig>seiz'd</orig><reg>seized</reg></choice></w>
			<w x="1098">him</w>
			<w x="1182">fast;</w>
			<w x="1248">he,</w>
			<w x="1395">weeping,</w>
			<w x="1510">offered</w>
		</line>
	</div>
</body>
