<body>
	<div id="2" group="1" x="609" y="575" width="1057" height="92" type="checkmark" attribution="HM" sealts="277_2_2.210" section="22">
		<line n="7" h="46" c="598">
			<w x="676">Nor</w>
			<w x="725">do</w>
			<w x="798">thee</w>
			<w x="898">rites;</w>
			<w x="965">our</w>
			<w x="1050">tears</w>
			<w x="1129">shall</w>
			<w x="1196">pay</w>
			<w x="1261">thy</w>
			<w x="1348"><choice><orig>corse</orig><reg>corpse</reg></choice></w>
			<w x="1397">no</w>
			<w x="1544">obsequy,</w>
		</line>
		<line n="8" h="46" c="644">
			<w x="709">Being</w>
			<w x="837"><choice><orig>ravish'd</orig><reg>ravished</reg></choice></w>
			<w x="922">from</w>
			<w x="979">us,</w>
			<w x="1112">Grecian</w>
			<w x="1190">dogs</w>
			<w x="1343"><choice><orig>nourish'd</orig><reg>nourished</reg></choice></w>
			<w x="1422">with</w>
			<w x="1511">what</w>
			<w x="1539">I</w>
			<w x="1662"><choice><orig>nurs'd."</orig><reg>nursed."</reg></choice></w>
		</line>
	</div>
	<div id="3" group="2" x="610" y="920" width="985" height="190" type="score" attribution="HM" sealts="277_2_2.210" section="22">
		<line c="941" h="38" n="14">
			<w x="732">Gathers</w>
			<w x="794">her</w>
			<w x="904">forces,</w>
			<w x="964">sits</w>
			<w x="1034">him</w>
			<w x="1119">firm,</w>
			<w x="1188">and</w>
			<w x="1229">at</w>
			<w x="1285">his</w>
			<w x="1405">nearest</w>
			<w x="1484">pace</w>
		</line>
		<line c="992" h="46" n="15">
			<w x="715">Wraps</w>
			<w x="764">all</w>
			<w x="826">her</w>
			<w x="936">cavern</w>
			<w x="978">in</w>
			<w x="1041">her</w>
			<w x="1132">folds,</w>
			<w x="1201">and</w>
			<w x="1315">thrusts</w>
			<w x="1346">a</w>
			<w x="1449">horrid</w>
			<w x="1520">face</w>
		</line>
		<line c="1041" h="42" n="16">
			<w x="673">Out</w>
			<w x="714">at</w>
			<w x="768">his</w>
			<w x="880">entry;</w>
			<w x="1007">Hector</w>
			<w x="1059">so,</w>
			<w x="1138">with</w>
			<w x="1374"><choice><orig>unextinguish'd</orig><reg>unextinguished</reg></choice></w>
			<w x="1474">spirit,</w>
		</line>
		<line c="1090" h="43" n="17">
			<w x="700">Stood</w>
			<w x="791">great</w>
			<w x="934">Achilles,</w>
			<w x="1040"><choice><orig>stirr'd</orig><reg>stirred</reg></choice></w>
			<w x="1087">no</w>
			<w x="1165">foot,</w>
			<w x="1227">but</w>
			<w x="1268">at</w>
			<w x="1327">the</w>
			<w x="1494">prominent</w>
			<w x="1592">turret</w>
		</line>
	</div>
</body>
