<body>
	<div id="2" group="1" x="499" y="440" width="293" height="60" type="underline" attribution="HM"
		sealts="277_1_b14" mode="commentary" section="intro">
		<line n="4" h="60" c="470">
			<blank x="1315"/>
			<w x="1513">cumbersome</w>
			<w x="1603">most</w>
		</line>
		<line n="5" h="57" c="530">
			<w x="723"><choice><orig>anti-Homeric</orig><reg>Homeric</reg></choice></w>
			<w x="882">Miltonism</w>
		</line>
	</div>
	<div id="4" group="2" x="499" y="944" width="1123" height="147" type="checkmark"
		attribution="HM" sealts="277_1_b14" mode="commentary" section="intro">
		<line c="973" h="49" n="14">
			<w x="566">like</w>
			<w x="597">a</w>
			<w x="687">rapid</w>
			<w x="825">original,</w>
			<w x="870">of</w>
			<w x="958">any;</w>
			<w x="1035">and</w>
			<w x="1082">in</w>
			<w x="1144">the</w>
			<w x="1326">uncommon</w>
			<w x="1496">excellence</w>
			<w x="1543">of</w>
			<w x="1605">the</w>
		</line>
		<line c="1022" h="48" n="15">
			<w x="588">more</w>
			<w x="716">finished</w>
			<w x="803">parts</w>
			<w x="883">goes</w>
			<w x="1005">beyond</w>
			<w x="1129">Fairfax</w>
			<w x="1173">or</w>
			<w x="1241">any</w>
			<w x="1285">of</w>
			<w x="1358"><choice><orig>'em.</orig><reg>them.</reg></choice></w>
			<w x="1469">The</w>
			<w x="1570"><choice><orig>metre</orig><reg>meter</reg></choice></w>
			<w x="1606">is</w>
		</line>
		<line c="1071" h="50" n="16">
			<w x="635">fourteen</w>
			<w x="783">syllables,</w>
			<w x="852">and</w>
			<w x="976">capable</w>
			<w x="1017">of</w>
			<w x="1061">all</w>
			<w x="1216">sweetness</w>
			<w x="1282">and</w>
			<w x="1439">grandeur.</w>
			<w x="1606">Cowper's</w>
		</line>
	</div>
	<div id="5" group="2" x="499" y="1092" width="1108" height="104" type="checkmark"
		attribution="HM" sealts="277_1_b14" mode="commentary" section="intro">
		<line n="17" h="52" c="1118">
			<w x="669">ponderous</w>
			<w x="763">blank</w>
			<w x="845">verse</w>
			<w x="966">detains</w>
			<w x="1026">you</w>
			<w x="1117">every</w>
			<w x="1184">step</w>
			<w x="1252">with</w>
			<w x="1340">some</w>
			<w x="1435">heavy</w>
			<w x="1606">Miltonism;</w>
		</line>
		<line n="18" h="52" c="1170">
			<w x="668">Chapman</w>
			<w x="788">gallops</w>
			<w x="835">off</w>
			<w x="913">with</w>
			<w x="979">you</w>
			<w x="1035">his</w>
			<w x="1108">own</w>
			<w x="1178">free</w>
			<w x="1266">pace,</w>
			<w x="1347">&amp;c."</w>
		</line>
	</div>
</body>
