<body>
	<div id="2" group="1" x="1116" y="428" width="252" height="56" type="underline" attribution="HM" sealts="277_1_1.052" section="2">
		<line n="4" h="56" c="456">
			<w x="1224"><choice><orig>walk'd</orig><reg>walked</reg></choice></w>
			<w x="1359">storming</w>
		</line>
	</div>
	<div id="3" group="2" x="559" y="532" width="875" height="46" type="checkmark" attribution="HM" sealts="277_1_1.052" section="2">
		<line n="6" h="46" c="555">
			<w x="667">Before</w>
			<w x="758">them</w>
			<w x="831">flew</w>
			<w x="872">as</w>
			<w x="914">if</w>
			<w x="938">a</w>
			<w x="999">fire</w>
			<w x="1058">fed</w>
			<w x="1105">on</w>
			<w x="1170">the</w>
			<w x="1327">trembling</w>
			<w x="1430">grass;</w>
		</line>
	</div>
	<div id="4" group="3" x="571" y="1225" width="589" height="46" type="underline" attribution="HM" sealts="277_1_1.052" section="2">
		<line n="20" h="46" c="1248">
			<w x="649">And</w>
			<w x="765"><choice><orig>fram'st</orig><reg>frame</reg></choice></w>
			<w x="830">thy</w>
			<w x="893">life</w>
			<w x="931">to</w>
			<w x="1027">times</w>
			<w x="1068">of</w>
			<w x="1158">peace,</w>
		</line>
	</div>
</body>
