<body>
	<div id="2" group="1" x="199" y="279" width="1100" height="198" type="wavyscore" attribution="HM" sealts="277_2_2.203" section="21">
		<line c="304" h="43" n="1">
			<w x="341">Maintain</w>
			<w x="528">contention;</w>
			<w x="685">wretched</w>
			<w x="761">men</w>
			<w x="831">that</w>
			<w x="955">flourish</w>
			<w x="1011">for</w>
			<w x="1040">a</w>
			<w x="1118">time</w>
		</line>
		<line c="359" h="53" n="2">
			<w x="276">Like</w>
			<w x="387">leaves,</w>
			<w x="446">eat</w>
			<w x="533">some</w>
			<w x="577">of</w>
			<w x="646">that</w>
			<w x="736">earth</w>
			<w x="845">yields,</w>
			<w x="905">and</w>
			<w x="986">give</w>
			<w x="1077">earth</w>
			<w x="1119">in</w>
			<w x="1200">their</w>
			<w x="1299">prime</w>
		</line>
		<line c="408" h="50" n="3">
			<w x="289">Their</w>
			<w x="387">whole</w>
			<w x="486">selves</w>
			<w x="541">for</w>
			<w x="583">it.</w>
			<w x="745">Quickly</w>
			<w x="824">then</w>
			<w x="875">let</w>
			<w x="919">us</w>
			<w x="970">fly</w>
			<w x="1053">fight</w>
			<w x="1107">for</w>
			<w x="1204">them,</w>
		</line>
		<line c="453" h="43" n="4">
			<w x="264">Nor</w>
			<w x="351">show</w>
			<w x="385">it</w>
			<w x="501"><choice><orig>offer'd.</orig><reg>offered.</reg></choice></w>
			<w x="597">Let</w>
			<w x="769">themselves</w>
			<w x="848">bear</w>
			<w x="908">out</w>
			<w x="993">their</w>
			<w x="1065">own</w>
			<w x="1227">extreme."</w>
		</line>
	</div>
</body>
