<body>
	<div id="2" group="1" x="184" y="723" width="1020" height="361" type="wavyscore" attribution="HM" sealts="277_1_1.145" section="6">
		<line c="760" h="47" n="10">
			<w x="237">To</w>
			<w x="297">bid</w>
			<w x="355">the</w>
			<w x="498">matrons.</w>
			<w x="596">She</w>
			<w x="713">herself</w>
			<w x="883">descended,</w>
			<w x="952">and</w>
			<w x="1089"><choice><orig>search'd</orig><reg>searched</reg></choice></w>
			<w x="1159">out,</w>
		</line>
		<line c="809" h="47" n="11">
			<w x="305">Within</w>
			<w x="335">a</w>
			<w x="424">place</w>
			<w x="497">that</w>
			<w x="634"><choice><orig>breath'd</orig><reg>breathed</reg></choice></w>
			<w x="792">perfumes,</w>
			<w x="854">the</w>
			<w x="969">richest</w>
			<w x="1047">robe</w>
			<w x="1109">she</w>
			<w x="1194">had;</w>
		</line>
		<line c="860" h="48" n="12">
			<w x="299">Which</w>
			<w x="357">lay</w>
			<w x="435">with</w>
			<w x="532">many</w>
			<w x="603">rich</w>
			<w x="681">ones</w>
			<w x="779">more,</w>
			<w x="864">most</w>
			<w x="1012">curiously</w>
			<w x="1105">made</w>
		</line>
		<line c="908" h="45" n="13">
			<w x="241">By</w>
			<w x="358">women</w>
			<w x="403">of</w>
			<w x="534">Sidonia,</w>
			<w x="636">which</w>
			<w x="727">Paris</w>
			<w x="860">brought</w>
			<w x="943">from</w>
			<w x="1064">thence,</w>
		</line>
		<line c="959" h="46" n="14">
			<w x="301">Sailing</w>
			<w x="360">the</w>
			<w x="458">broad</w>
			<w x="526">sea,</w>
			<w x="619">when</w>
			<w x="667">he</w>
			<w x="760">made</w>
			<w x="833">that</w>
			<w x="949">voyage</w>
			<w x="995">of</w>
			<w x="1107">offence</w>
		</line>
		<line c="1005" h="41" n="15">
			<w x="229">In</w>
			<w x="331">which</w>
			<w x="378">he</w>
			<w x="510">brought</w>
			<w x="603">home</w>
			<w x="735">Helena.</w>
			<w x="850">That</w>
			<w x="927">robe</w>
			<w x="1098"><choice><orig>transferr'd</orig><reg>transferred</reg></choice></w>
			<w x="1141">so</w>
			<w x="1196">far</w>
		</line>
		<line c="1057" h="45" n="16">
			<w x="280">(That</w>
			<w x="347">was</w>
			<w x="406">the</w>
			<w x="590">undermost)</w>
			<w x="652">she</w>
			<w x="748">took;</w>
			<w x="792">it</w>
			<w x="927"><choice><orig>glitter'd</orig><reg>glittered</reg></choice></w>
			<w x="994">like</w>
			<w x="1025">a</w>
			<w x="1110">star;</w>
		</line>
	</div>
</body>
