<body>
	<div id="2" group="1" x="551" y="493" width="1111" height="249" type="score" attribution="HM" sealts="277_1_1.098" section="4">
		<line c="523" h="42" n="5">
			<w x="622">But</w>
			<w x="735"><choice><orig>show'd</orig><reg>showed</reg></choice></w>
			<w x="832"><choice><orig>mix'd</orig><reg>mixed</reg></choice></w>
			<w x="959">tongues</w>
			<w x="1042">from</w>
			<w x="1138">many</w>
			<w x="1169">a</w>
			<w x="1246">land</w>
			<w x="1287">of</w>
			<w x="1359">men</w>
			<w x="1451"><choice><orig>call'd</orig><reg>called</reg></choice></w>
			<w x="1491">to</w>
			<w x="1576">their</w>
			<w x="1642">aid.</w>
		</line>
		<line c="572" h="42" n="6">
			<w x="644">Rude</w>
			<w x="731">Mars</w>
			<w x="796">had</w>
			<w x="843"><choice><orig>th'</orig><reg>the</reg></choice></w>
			<w x="981">ordering</w>
			<w x="1020">of</w>
			<w x="1100">their</w>
			<w x="1210">spirits;</w>
			<w x="1258">of</w>
			<w x="1378">Greeks,</w>
			<w x="1433">the</w>
			<w x="1556">learned</w>
			<w x="1652">Maid.</w>
		</line>
		<line c="621" h="40" n="7">
			<w x="623">But</w>
			<w x="735">Terror</w>
			<w x="863"><choice><orig>follow'd</orig><reg>followed</reg></choice></w>
			<w x="941">both</w>
			<w x="1000">the</w>
			<w x="1096">hosts,</w>
			<w x="1165">and</w>
			<w x="1282">Flight,</w>
			<w x="1352">and</w>
			<w x="1466">furious</w>
			<w x="1562">Strife</w>
		</line>
		<line c="672" h="41" n="8">
			<w x="640">(The</w>
			<w x="740">sister,</w>
			<w x="809">and</w>
			<w x="868">the</w>
			<w x="962">mate,</w>
			<w x="1007">of</w>
			<w x="1107">Mars)</w>
			<w x="1180">that</w>
			<w x="1261">spoil</w>
			<w x="1304">of</w>
			<w x="1416">human</w>
			<w x="1491">life;</w>
		</line>
		<line c="721" h="40" n="9">
			<w x="632">And</w>
			<w x="725">never</w>
			<w x="760">is</w>
			<w x="823">her</w>
			<w x="902">rage</w>
			<w x="944">at</w>
			<w x="1019">rest,</w>
			<w x="1062">at</w>
			<w x="1132">first</w>
			<w x="1193">she</w>
			<w x="1229">is</w>
			<w x="1292">but</w>
			<w x="1391">small,</w>
		</line>
	</div>
	<div id="3" group="2" x="551" y="793" width="1118" height="392" type="score" attribution="HM" sealts="277_1_1.098" section="4">
		<line c="814" h="47" n="11">
			<w x="649">That,</w>
			<w x="741">while</w>
			<w x="803">her</w>
			<w x="871">feet</w>
			<w x="960">move</w>
			<w x="1039">here</w>
			<w x="1081">in</w>
			<w x="1180">earth,</w>
			<w x="1243">her</w>
			<w x="1383">forehead</w>
			<w x="1419">is</w>
			<w x="1461">in</w>
			<w x="1594">heaven;</w>
		</line>
		<line c="866" h="37" n="12">
			<w x="634">And</w>
			<w x="700">this</w>
			<w x="767">was</w>
			<w x="828">she</w>
			<w x="902">that</w>
			<w x="993">made</w>
			<w x="1074">even</w>
			<w x="1154">then</w>
			<w x="1232">both</w>
			<w x="1319">hosts</w>
			<w x="1362">so</w>
			<w x="1473">deadly</w>
			<w x="1576">given.</w>
		</line>
		<line c="918" h="42" n="13">
			<w x="701">Through</w>
			<w x="794">every</w>
			<w x="880">troop</w>
			<w x="942">she</w>
			<w x="1060"><choice><orig>stalk'd,</orig><reg>stalked,</reg></choice></w>
			<w x="1126">and</w>
			<w x="1229"><choice><orig>stirr'd</orig><reg>stirred</reg></choice></w>
			<w x="1330">rough</w>
			<w x="1415">sighs</w>
			<w x="1462">up</w>
			<w x="1502">as</w>
			<w x="1560">she</w>
			<w x="1656">went;</w>
		</line>
		<line c="966" h="37" n="14">
			<w x="626">But</w>
			<w x="717">when</w>
			<w x="758">in</w>
			<w x="823">one</w>
			<w x="900">field</w>
			<w x="978">both</w>
			<w x="1037">the</w>
			<w x="1107">foes</w>
			<w x="1169">her</w>
			<w x="1243">fury</w>
			<w x="1303">did</w>
			<w x="1434">content,</w>
		</line>
		<line c="1014" h="39" n="15">
			<w x="636">And</w>
			<w x="714">both</w>
			<w x="803">came</w>
			<w x="904">under</w>
			<w x="998">reach</w>
			<w x="1042">of</w>
			<w x="1135">darts,</w>
			<w x="1215">then</w>
			<w x="1300">darts</w>
			<w x="1368">and</w>
			<w x="1481">shields</w>
			<w x="1606"><choice><orig>oppos'd</orig><reg>opposed</reg></choice></w>
		</line>
		<line c="1065" h="41" n="16">
			<w x="613">To</w>
			<w x="700">darts</w>
			<w x="769">and</w>
			<w x="900">shields;</w>
			<w x="1046">strength</w>
			<w x="1190"><choice><orig>answer'd</orig><reg>answered</reg></choice></w>
			<w x="1344">strength;</w>
			<w x="1430">then</w>
			<w x="1544">swords</w>
			<w x="1611">and</w>
		</line>
		<line c="1116" h="39" n="17">
			<w x="792">targets</w>
			<w x="887"><choice><orig>clos'd</orig><reg>closed</reg></choice></w>
		</line>
		<line c="1164" h="41" n="18">
			<w x="652">With</w>
			<w x="764">swords</w>
			<w x="832">and</w>
			<w x="964">targets;</w>
			<w x="1051">both</w>
			<w x="1129">with</w>
			<w x="1236">pikes;</w>
			<w x="1312">and</w>
			<w x="1390">then</w>
			<w x="1450">did</w>
			<w x="1560">tumult</w>
			<w x="1624">rise</w>
		</line>
	</div>
</body>
