<body>
	<div id="2" group="1" x="239" y="1360" width="1030" height="256" type="wavyscore" erasure="true"
		attribution="HM" sealts="277_2_2.039" section="14">
		<line c="1393" h="40" n="23">
			<w x="348">Whom</w>
			<w x="432">Jove</w>
			<w x="475">in</w>
			<w x="530">his</w>
			<w x="682">embraces</w>
			<w x="801">holds."</w>
			<w x="910">This</w>
			<w x="1036">spoken,</w>
			<w x="1098">she</w>
			<w x="1214">untied,</w>
		</line>
		<line c="1441" h="39" n="24">
			<w x="312">And</w>
			<w x="394">from</w>
			<w x="456">her</w>
			<w x="583">odorous</w>
			<w x="690">bosom</w>
			<w x="839">took,.her</w>
			<w x="964">Ceston,</w>
			<w x="1007">in</w>
			<w x="1108">whose</w>
			<w x="1219">sphere</w>
		</line>
		<line c="1494" h="40" n="25">
			<w x="331">Were</w>
			<w x="380">all</w>
			<w x="570">enticements</w>
			<w x="611">to</w>
			<w x="739">delight,</w>
			<w x="789">all</w>
			<w x="883">loves,</w>
			<w x="933">all</w>
			<w x="1074">longings</w>
			<w x="1167">were,</w>
		</line>
		<line c="1543" h="44" n="26">
			<w x="323">Kind</w>
			<w x="504">conference,</w>
			<w x="570">fair</w>
			<w x="690">speech,</w>
			<w x="794">whose</w>
			<w x="891"><choice><orig>pow'r</orig><reg>power</reg></choice></w>
			<w x="950">the</w>
			<w x="1052">wisest</w>
			<w x="1130">doth</w>
			<w x="1260">inflame.</w>
		</line>
		<line c="1594" h="42" n="27">
			<w x="315">This</w>
			<w x="380">she</w>
			<w x="531">resigning</w>
			<w x="572">to</w>
			<w x="634">her</w>
			<w x="743">hands,</w>
			<w x="820">thus</w>
			<w x="915"><choice><orig>urg'd</orig><reg>urged</reg></choice></w>
			<w x="977">her</w>
			<w x="1026">by</w>
			<w x="1088">her</w>
			<w x="1197">name:</w>
		</line>
	</div>
</body>
