<body>
	<div id="2" group="1" x="589" y="273" width="1082" height="301" type="score" attribution="HM" sealts="277_1_1.202" section="9">
		<line c="308" h="38" n="1">
			<w x="658">The</w>
			<w x="747">Gods</w>
			<w x="919">themselves</w>
			<w x="978">are</w>
			<w x="1107">flexible,</w>
			<w x="1210">whose</w>
			<w x="1332">virtues,</w>
			<w x="1473"><choice><orig>honours,</orig><reg>honors,</reg></choice></w>
			<w x="1609">powers,</w>
		</line>
		<line c="360" h="40" n="2">
			<w x="656">Are</w>
			<w x="742">more</w>
			<w x="821">than</w>
			<w x="919">thine,</w>
			<w x="979">yet</w>
			<w x="1057">they</w>
			<w x="1123">will</w>
			<w x="1207">bend</w>
			<w x="1292">their</w>
			<w x="1408">breasts</w>
			<w x="1451">as</w>
			<w x="1500">we</w>
			<w x="1585">bend</w>
			<w x="1668">ours.</w>
		</line>
		<line c="409" h="41" n="3">
			<w x="749">Perfumes,</w>
			<w x="864">benign</w>
			<w x="1023">devotions,</w>
			<w x="1147"><choice><orig>savours</orig><reg>savors</reg></choice></w>
			<w x="1192">of</w>
			<w x="1325"><choice><orig>offrings</orig><reg>offerings</reg></choice></w>
			<w x="1444">burn'd,</w>
		</line>
		<line c="458" h="40" n="4">
			<w x="664">And</w>
			<w x="741">holy</w>
			<w x="826">rites,</w>
			<w x="886">the</w>
			<w x="1013">engines</w>
			<w x="1073">are</w>
			<w x="1152">with</w>
			<w x="1253">which</w>
			<w x="1336">their</w>
			<w x="1438">hearts</w>
			<w x="1498">are</w>
			<w x="1602"><choice><orig>turn'd</orig><reg>turned</reg></choice></w>
		</line>
		<line c="508" h="40" n="5">
			<w x="645">By</w>
			<w x="719">men</w>
			<w x="791">that</w>
			<w x="870">pray</w>
			<w x="910">to</w>
			<w x="1006">them,</w>
			<w x="1109">whose</w>
			<w x="1191">faith</w>
			<w x="1274">their</w>
			<w x="1343">sins</w>
			<w x="1425">have</w>
			<w x="1563">falsified.</w>
		</line>
		<line c="556" h="41" n="6">
			<w x="654">For</w>
			<w x="782">Prayers</w>
			<w x="841">are</w>
			<w x="1000">daughters</w>
			<w x="1044">of</w>
			<w x="1131">great</w>
			<w x="1222">Jove,</w>
			<w x="1316">lame,</w>
			<w x="1470">wrinkled,</w>
			<w x="1574">ruddy</w>
			<w x="1660"><choice><orig>ey'd,</orig><reg>eyed,</reg></choice></w>
		</line>
	</div>
</body>
