<body>
	<div id="2" group="1" x="177" y="952" width="911" height="100" type="checkmark" attribution="HM" sealts="277_1_1.051" section="2">
		<line n="14" h="50" c="977">
			<w x="331">Prothous,</w>
			<w x="390">led</w>
			<w x="449">the</w>
			<w x="592">Magnets</w>
			<w x="692">forth,</w>
			<w x="760">who</w>
			<w x="847">near</w>
			<w x="898">the</w>
			<w x="997">shady</w>
			<w x="1084">earth</w>
		</line>
		<line n="15" h="50" c="1027">
			<w x="234">Of</w>
			<w x="347">Pelius,</w>
			<w x="413">and</w>
			<w x="562">Peneion,</w>
			<w x="670">dwelt;</w>
			<w x="760">forty</w>
			<div id="3" group="1" x="764" y="1010" width="232" height="45" type="underline"
				attribution="HM" sealts="277_1_1.051" section="2">
				<w x="930">revengeful</w>
				<w x="989">sail</w>
			</div>
		</line>
	</div>
	<div id="4" group="2" x="171" y="1239" width="1017" height="312" type="score" attribution="HM" sealts="277_1_1.051" section="2">
		<line c="1280" h="51" n="20">
			<w x="241">The</w>
			<w x="362">bravest</w>
			<w x="462">mares</w>
			<w x="522">did</w>
			<w x="617">bring</w>
			<w x="666">by</w>
			<w x="778">much;</w>
			<w x="941">Eumelius</w>
			<w x="1084"><choice><orig>manag'd</orig><reg>managed</reg></choice></w>
			<w x="1184">these,</w>
		</line>
		<line c="1323" h="61" n="21">
			<div id="5" group="2" x="173" y="1295" width="554" height="51" type="underline"
				attribution="HM" sealts="277_1_1.051" section="2">
				<w x="266">Swift</w>
				<w x="306">of</w>
				<w x="385">their</w>
				<w x="455">feet</w>
				<w x="497">as</w>
				<w x="589">birds</w>
				<w x="627">of</w>
				<w x="724">wings,</w>
			</div>
			<w x="808">both</w>
			<w x="853">of</w>
			<w x="913">one</w>
			<w x="986">hair</w>
			<w x="1045">did</w>
			<w x="1145">shine,</w>
		</line>
		<line c="1377" h="48" n="22">
			<w x="254">Both</w>
			<w x="299">of</w>
			<w x="343">an</w>
			<w x="419">age,</w>
			<w x="498">both</w>
			<w x="543">of</w>
			<w x="569">a</w>
			<w x="687">height,</w>
			<w x="731">as</w>
			<w x="879"><choice><orig>measur'd</orig><reg>measured</reg></choice></w>
			<w x="929">by</w>
			<w x="959">a</w>
			<w x="1034">line,</w>
		</line>
		<div id="6" group="2" x="170" y="1397" width="981" height="104" type="checkmark"
			attribution="HM" sealts="277_1_1.051" section="2">
			<line c="1425" h="47" n="23">
				<w x="282">Whom</w>
				<w x="481"><choice><orig>silver-bow'd</orig><reg>silver bow'd</reg><reg>silver bowed</reg><reg>silver-bowed</reg><reg>silver</reg><reg>bow'd</reg><reg>bowed</reg></choice></w>
				<w x="594">Apollo</w>
				<w x="677">bred</w>
				<w x="719">in</w>
				<w x="786">the</w>
				<w x="899">Pierian</w>
				<w x="1001">mead,</w>
			</line>
			<line n="24" h="52" c="1475">
				<w x="255">Both</w>
				<div id="7" group="2" x="255" y="1444" width="78" height="44" type="underline"
					attribution="HM" sealts="277_1_1.051" section="2">
					<w x="332">slick</w>
				</div>
				<w x="410">and</w>
				<w x="524">dainty,</w>
				<w x="583">yet</w>
				<w x="663">were</w>
				<w x="738">both</w>
				<w x="789">in</w>
				<w x="855">war</w>
				<w x="892">of</w>
				<w x="1048">wondrous</w>
				<w x="1145">dread.</w>
			</line>
		</div>
		<line c="1526" h="49" n="25">
			<w x="303">Great</w>
			<w x="390">Ajax</w>
			<w x="535">Telamon</w>
			<w x="589">for</w>
			<w x="726">strength</w>
			<w x="829"><choice><orig>pass'd</orig><reg>passed</reg></choice></w>
			<w x="877">all</w>
			<w x="936">the</w>
			<w x="1027">peers</w>
			<w x="1072">of</w>
			<w x="1144">war,</w>
		</line>
	</div>
</body>
