<body>
	<div id="2" group="1" x="198" y="1017" width="1107" height="549" type="wavyscore" attribution="HM" sealts="277_2_2.015" section="13">
		<line c="1045" h="44" n="16">
			<w x="242">Of</w>
			<w x="331">glory</w>
			<w x="373">in</w>
			<w x="555">Deiphobus,</w>
			<w x="632">thus</w>
			<w x="758">terribly</w>
			<w x="931"><choice><orig>exclaim'd:</orig><reg>exclaimed:</reg></choice></w>
		</line>
		<line c="1096" h="47" n="17">
			<w x="441">"Deiphobus,</w>
			<w x="516">now</w>
			<w x="593">may</w>
			<w x="646">we</w>
			<w x="739">think</w>
			<w x="811">that</w>
			<w x="863">we</w>
			<w x="923">are</w>
			<w x="1034">evenly</w>
			<w x="1131"><choice><orig>fam'd</orig><reg>famed</reg></choice></w>
		</line>
		<line c="1148" h="49" n="18">
			<div id="3" group="1" x="201" y="1119" width="553" height="47" type="xmark" type2="annotated"
				attribution="HM" sealts="277_2_2.015" section="13">
				<w x="278">That</w>
				<w x="368">three</w>
				<w x="422">for</w>
				<w x="489">one</w>
				<w x="565">have</w>
				<w x="639">sent</w>
				<w x="684">to</w>
				<w x="753">Dis.</w>
			</div>
			<w x="848">But</w>
			<w x="943">come,</w>
			<w x="1060">change</w>
			<w x="1152">blows</w>
			<w x="1230">with</w>
			<w x="1293">me,</w>
		</line>
		<line c="1196" h="45" n="19">
			<w x="264">Thy</w>
			<w x="373">vaunts</w>
			<w x="428">for</w>
			<w x="499">him</w>
			<w x="578">thou</w>
			<w x="690">slew'st</w>
			<w x="773">were</w>
			<w x="857">vain.</w>
			<w x="994">Come,</w>
			<w x="1119">wretch,</w>
			<w x="1192">that</w>
			<w x="1271">thou</w>
		</line>
		<line c="1244" h="40" n="20">
			<w x="419"><choice><orig>may'st</orig><reg>may</reg></choice></w>
			<w x="477">see</w>
		</line>
		<line c="1296" h="47" n="21">
			<w x="287">What</w>
			<w x="371">issue</w>
			<w x="454">Jove</w>
			<w x="544">hath.</w>
			<w x="656">Jove</w>
			<w x="752">begot</w>
			<w x="867">Minos,</w>
			<w x="927">the</w>
			<w x="1067">strength</w>
			<w x="1111">of</w>
			<w x="1219">Crete;</w>
		</line>
		<line c="1345" h="46" n="22">
			<w x="292">Minos</w>
			<w x="389">begot</w>
			<w x="570">Deucalion;</w>
			<w x="743">Deucalion</w>
			<w x="803">did</w>
			<w x="898">beget</w>
		</line>
		<line c="1397" h="51" n="23">
			<w x="249">Me</w>
			<w x="387">Idomen,</w>
			<w x="461">now</w>
			<w x="581">Creta's</w>
			<w x="673">king,</w>
			<w x="747">that</w>
			<w x="824">here</w>
			<w x="886">my</w>
			<w x="973">ships</w>
			<w x="1055">have</w>
			<w x="1187">brought</w>
		</line>
		<line c="1447" h="51" n="24">
			<w x="241">To</w>
			<w x="336">bring</w>
			<w x="458">thyself,</w>
			<w x="522">thy</w>
			<w x="633">father,</w>
			<w x="758">friends,</w>
			<w x="809">all</w>
			<w x="918">Ilion's</w>
			<w x="1022">pomp,</w>
			<w x="1065">to</w>
			<w x="1212"><choice><orig>nought."</orig><reg>naught."</reg></choice></w>
		</line>
		<line c="1494" h="47" n="25">
			<w x="399">Deiphobus</w>
			<w x="441">at</w>
			<w x="506">two</w>
			<w x="592">ways</w>
			<w x="691">stood,</w>
			<w x="735">in</w>
			<w x="832">doubt</w>
			<w x="873">to</w>
			<w x="939">call</w>
			<w x="1027">some</w>
			<w x="1101">one,</w>
		</line>
		<line c="1542" h="45" n="26">
			<w x="280">With</w>
			<w x="366">some</w>
			<w x="490">retreat,</w>
			<w x="531">to</w>
			<w x="579">be</w>
			<w x="635">his</w>
			<w x="703">aid,</w>
			<w x="748">or</w>
			<w x="805">try</w>
			<w x="864">the</w>
			<w x="980">chance</w>
			<w x="1080">alone.</w>
		</line>
	</div>
	<div id="4" group="2" x="244" y="1861" width="1177" height="103" type="annotation" type2="xmark" attribution="HM" sealts="277_2_2.015" section="13">
		<line n="1" h="114" c="1918">
			<w x="379">"See,</w>
			<w x="442">on</w>
			<w x="529">one</w>
			<w x="703">Greek,</w>
			<w x="833">three</w>
			<w x="1021">Trojan</w>
			<w x="1176">ghosts</w>
			<w x="1414">attend."</w>
		</line>
	</div>
</body>
