<body>
	<div id="2" group="1" x="589" y="482" width="735" height="95" type="checkmark" attribution="HM" sealts="277_1_b54" mode="commentary" section="frontverse">
		<line n="5" h="46" c="516">
			<w x="676">Saw</w>
			<w x="725">all</w>
			<w x="824">things</w>
			<w x="946"><choice><orig>spher'd</orig><reg>sphered</reg></choice></w>
			<w x="986">in</w>
			<w x="1110">nature,</w>
			<w x="1231">without</w>
			<w x="1317">eyes,</w>
		</line>
		<line n="6" h="47" c="561">
			<w x="717">And</w>
			<w x="821">raised</w>
			<w x="894">your</w>
			<w x="980">Troy</w>
			<w x="1030">up</w>
			<w x="1076">to</w>
			<w x="1136">the</w>
			<w x="1233">starry</w>
			<w x="1316">pole.'</w>
		</line>
	</div>
	<div id="3" group="2" x="1066" y="581" width="259" height="56" type="underline" attribution="HM" sealts="277_1_b54" mode="commentary" section="frontverse">
		<line n="7" h="56" c="609">
			<w x="1170">prince</w>
			<w x="1210">of</w>
			<w x="1317">ghosts,</w>
		</line>
	</div>
	<div id="4" group="3" x="720" y="1090" width="681" height="77" type="checkmark" attribution="HM" sealts="277_1_b54" mode="commentary" section="frontverse">
		<line n="17" h="38" c="1109">
			<w x="800">Now</w>
			<w x="870">hear</w>
			<w x="918">an</w>
			<w x="1014">Angel</w>
			<w x="1077">sing</w>
			<w x="1137">our</w>
			<w x="1227">poet's</w>
			<w x="1309">fame,</w>
		</line>
		<line n="18" h="38" c="1147">
			<w x="834">Whom</w>
			<w x="904">fate,</w>
			<w x="947">for</w>
			<w x="999">his</w>
			<w x="1092">divine</w>
			<w x="1173">song,</w>
			<w x="1246">gave</w>
			<w x="1314">that</w>
			<w x="1400">name.</w>
		</line>
	</div>
	<div id="5" group="4" x="1027" y="1623" width="230" height="47" type="underline" attribution="HM" sealts="277_1_b54" mode="commentary" section="frontverse">
		<line n="28" h="47" c="1646">
			<w x="1087">out</w>
			<w x="1124">of</w>
			<w x="1176">his</w>
			<w x="1249">star,</w>
		</line>
	</div>
</body>
