<body>
	<div id="2" group="1" x="199" y="1309" width="979" height="191" type="wavyscore" attribution="HM" sealts="277_1_1.233" section="11">
		<line c="1333" h="45" n="21">
			<w x="256">He</w>
			<w x="316">fell</w>
			<w x="384">and</w>
			<w x="467">slept</w>
			<w x="515">an</w>
			<w x="588">iron</w>
			<w x="692">sleep;</w>
			<w x="849">wretched</w>
			<w x="955">young</w>
			<w x="1041">man,</w>
			<w x="1089">he</w>
			<w x="1175">died,</w>
		</line>
		<line c="1383" h="45" n="22">
			<w x="264">Far</w>
			<w x="346">from</w>
			<w x="401">his</w>
			<w x="638"><choice><orig>newly-married</orig><reg>newly married</reg><reg>newly</reg><reg>married</reg></choice></w>
			<w x="720">wife,</w>
			<w x="763">in</w>
			<w x="822">aid</w>
			<w x="863">of</w>
			<w x="978">foreign</w>
			<w x="1076">pride,</w>
		</line>
		<line c="1433" h="46" n="23">
			<w x="273">And</w>
			<w x="341">saw</w>
			<w x="389">no</w>
			<w x="526">pleasure</w>
			<w x="571">of</w>
			<w x="623">his</w>
			<w x="714">love;</w>
			<w x="782">yet</w>
			<w x="849">was</w>
			<w x="912">her</w>
			<w x="1041">jointure</w>
			<w x="1143">great,</w>
		</line>
		<line c="1481" h="42" n="24">
			<w x="254">An</w>
			<w x="389">hundred</w>
			<w x="476">oxen</w>
			<w x="558">gave</w>
			<w x="605">he</w>
			<w x="678">her,</w>
			<w x="747">and</w>
			<w x="845"><choice><orig>vow'd</orig><reg>vowed</reg></choice></w>
			<w x="887">in</w>
			<w x="942">his</w>
			<w x="1056">retreat</w>
		</line>
	</div>
</body>
