<body>
	<div id="2" group="1" x="544" y="1388" width="1089" height="290" type="score" attribution="HM" sealts="277_2_2.184" section="21">
		<line c="1411" h="40" n="23">
			<w x="610">Out</w>
			<w x="652">at</w>
			<w x="707">his</w>
			<w x="808">navel.</w>
			<w x="897">On</w>
			<w x="955">his</w>
			<w x="1051">knees</w>
			<w x="1111">the</w>
			<w x="1191">poor</w>
			<w x="1297">prince</w>
			<w x="1408">crying</w>
			<w x="1474">fell,</w>
		</line>
		<line c="1462" h="44" n="24">
			<w x="617">And</w>
			<w x="757"><choice><orig>gather'd</orig><reg>gathered</reg></choice></w>
			<w x="835">with</w>
			<w x="890">his</w>
			<w x="1000">tender</w>
			<w x="1100">hands</w>
			<w x="1156">his</w>
			<w x="1280">entrails</w>
			<w x="1354">that</w>
			<w x="1414">did</w>
			<w x="1500">swell</w>
		</line>
		<line c="1509" h="42" n="25">
			<w x="635">Quite</w>
			<w x="770">through</w>
			<w x="829">the</w>
			<w x="911">wide</w>
			<w x="1031">wound,</w>
			<w x="1086">till</w>
			<w x="1117">a</w>
			<w x="1209">cloud</w>
			<w x="1252">as</w>
			<w x="1345">black</w>
			<w x="1389">as</w>
			<w x="1485">death</w>
			<w x="1635"><choice><orig>conceal'd</orig><reg></reg>concealed</choice></w>
		</line>
		<line c="1558" h="39" n="26">
			<w x="636">Their</w>
			<w x="733">sight,</w>
			<w x="802">and</w>
			<w x="851">all</w>
			<w x="912">the</w>
			<w x="1009">world</w>
			<w x="1091">from</w>
			<w x="1171">him.</w>
			<w x="1296">When</w>
			<w x="1416">Hector</w>
			<w x="1480">had</w>
			<w x="1591">beheld</w>
		</line>
		<line c="1607" h="37" n="27">
			<w x="606">His</w>
			<w x="728">brother</w>
			<w x="863">tumbled</w>
			<w x="905">so</w>
			<w x="947">to</w>
			<w x="1048">earth,</w>
			<w x="1104">his</w>
			<w x="1229">entrails</w>
			<w x="1297">still</w>
			<w x="1339">in</w>
			<w x="1436">hand,</w>
		</line>
		<line c="1657" h="39" n="28">
			<w x="630">Dark</w>
			<w x="741">sorrow</w>
			<w x="876">overcast</w>
			<w x="932">his</w>
			<w x="1020">eyes,</w>
			<w x="1084">nor</w>
			<w x="1139">far</w>
			<w x="1192">off</w>
			<w x="1281">could</w>
			<w x="1329">he</w>
			<w x="1423">stand</w>
		</line>
	</div>
</body>
