<body>
	<div id="2" group="1" x="192" y="913" width="1117" height="249" type="wavyscore" attribution="HM" sealts="277_1_1.229" section="11">
		<line c="939" h="36" n="13">
			<w x="265">But</w>
			<w x="356">when</w>
			<w x="398">in</w>
			<w x="617"><choice><orig>hill-environ'd</orig><reg>hill environ'd</reg><reg>hill environed</reg><reg>hill-environed</reg><reg>hill</reg><reg>environ'd</reg><reg>environed</reg></choice></w>
			<w x="702">Vales</w>
			<w x="762">the</w>
			<w x="967"><choice><orig>timber-feller</orig><reg>timber feller</reg><reg>timber</reg><reg>feller</reg></choice></w>
			<w x="1058">takes</w>
		</line>
		<line c="993" h="44" n="14">
			<w x="236">A</w>
			<w x="330">sharp</w>
			<w x="385">set</w>
			<w x="520">stomach</w>
			<w x="560">to</w>
			<w x="616">his</w>
			<w x="711">meat,</w>
			<w x="780">and</w>
			<w x="890">dinner</w>
			<w x="986">ready</w>
			<w x="1103">makes,</w>
			<w x="1301">so</w>
		</line>
		<line c="1043" h="46" n="15">
			<w x="263">His</w>
			<w x="372">sinews</w>
			<w x="512">fainting,</w>
			<w x="581">and</w>
			<w x="636">his</w>
			<w x="740">spirits</w>
			<w x="863">become</w>
			<w x="1036"><choice><orig>surcharg'd</orig><reg>surcharged</reg></choice></w>
			<w x="1104">and</w>
			<w x="1183">dull,</w>
		</line>
		<line c="1092" h="46" n="16">
			<w x="286">Time</w>
			<w x="331">of</w>
			<w x="505"><choice><orig>accustom'd</orig><reg>accustomed</reg></choice></w>
			<w x="579">ease</w>
			<w x="701"><choice><orig>arriv'd,</orig><reg>arrived,</reg></choice></w>
			<w x="758">his</w>
			<w x="859">hands</w>
			<w x="938">with</w>
			<w x="1046"><choice><orig>labour</orig><reg>labor</reg></choice></w>
			<w x="1118">full,</w>
		</line>
		<line c="1142" h="45" n="17">
			<w x="287">Then</w>
			<w x="331">by</w>
			<w x="405">their</w>
			<w x="514"><choice><orig>valours</orig><reg>valors</reg></choice></w>
			<w x="628">Greeks</w>
			<w x="720">brake</w>
			<w x="850">through</w>
			<w x="906">the</w>
			<w x="1017">Trojan</w>
			<w x="1118">ranks,</w>
			<w x="1184">and</w>
			<w x="1300"><choice><orig>cheer'd</orig><reg>cheered</reg></choice></w>
		</line>
	</div>
</body>
