<body>
	<div id="2" group="1" x="201" y="1390" width="972" height="415" type="wavyscore" attribution="HM" sealts="277_1_1.099" section="4">
		<line c="1421" h="49" n="23">
			<w x="257">Of</w>
			<w x="346">silver</w>
			<w x="468">Simois,</w>
			<w x="510">to</w>
			<w x="568">see</w>
			<w x="631">her</w>
			<w x="762">parents'</w>
			<w x="868">flocks,</w>
			<w x="947">with</w>
			<w x="1035">them</w>
		</line>
		<line c="1474" h="54" n="24">
			<w x="278">She,</w>
			<w x="395">feeling</w>
			<w x="539">suddenly</w>
			<w x="598">the</w>
			<w x="689">pains</w>
			<w x="733">of</w>
			<w x="913">child-birth,</w>
			<w x="965">by</w>
			<w x="1023">the</w>
			<w x="1136">stream</w>
		</line>
		<line c="1529" h="64" n="25">
			<w x="254">Of</w>
			<w x="322">that</w>
			<w x="427">bright</w>
			<w x="510">river</w>
			<w x="641">brought</w>
			<w x="710">him</w>
			<w x="811">forth;</w>
			<w x="888">and</w>
			<w x="930">so</w>
			<w x="989">(of</w>
			<w x="1112">Simois)</w>
		</line>
		<line c="1570" h="48" n="26">
			<w x="290">They</w>
			<w x="382"><choice><orig>call'd</orig><reg>called</reg></choice></w>
			<w x="452">him</w>
			<w x="615">Simoisius.</w>
			<w x="745">Sweet</w>
			<w x="810">was</w>
			<w x="883">that</w>
			<w x="968">birth</w>
			<w x="1013">of</w>
			<w x="1065">his</w>
		</line>
		<line c="1626" h="60" n="27">
			<w x="251">To</w>
			<w x="306">his</w>
			<w x="386">kind</w>
			<w x="517">parents,</w>
			<w x="586">and</w>
			<w x="641">his</w>
			<w x="758">growth</w>
			<w x="818">did</w>
			<w x="866">all</w>
			<w x="949">their</w>
			<w x="1024">care</w>
			<w x="1161">employ;</w>
		</line>
		<line c="1675" h="58" n="28">
			<w x="274">And</w>
			<w x="333">yet</w>
			<w x="422">those</w>
			<w x="500">rites</w>
			<w x="545">of</w>
			<w x="637">piety,</w>
			<w x="710">that</w>
			<w x="819">should</w>
			<w x="900">have</w>
			<w x="984">been</w>
			<w x="1039">his</w>
			<w x="1099">joy</w>
		</line>
		<line c="1722" h="55" n="29">
			<w x="248">To</w>
			<w x="316">pay</w>
			<w x="399">their</w>
			<w x="543"><choice><orig>honour'd</orig><reg>honored</reg></choice></w>
			<w x="634">years</w>
			<w x="730">again</w>
			<w x="772">in</w>
			<w x="815">as</w>
			<w x="997">affectionate</w>
			<w x="1075">sort,</w>
		</line>
		<line c="1772" h="58" n="30">
			<w x="255">He</w>
			<w x="346">could</w>
			<w x="407">not</w>
			<w x="573">graciously</w>
			<w x="713">perform,</w>
			<w x="769">his</w>
			<w x="863">sweet</w>
			<w x="922">life</w>
			<w x="989">was</w>
			<w x="1033">so</w>
			<w x="1131">short,</w>
		</line>
	</div>
</body>
