<body>
	<div id="2" group="1" x="621" y="342" width="1061" height="65" type="checkmark" attribution="HM" sealts="277_1_1.212" section="10">
		<line n="2" h="65" c="374">
			<w x="726">Speak,</w>
			<div id="3" group="1" x="734" y="353" width="440" height="56" type="underline"
				attribution="HM" sealts="277_1_1.212" section="10">
				<w x="823">come</w>
				<w x="877">not</w>
				<w x="972">silent</w>
				<w x="1101">towards</w>
				<w x="1171">me;</w>
			</div>
			<w x="1255">say,</w>
			<w x="1342">what</w>
			<w x="1479"><choice><orig>intend'st</orig><reg>intend</reg></choice></w>
			<w x="1562">thou</w>
			<w x="1675">here?"</w>
		</line>
	</div>
</body>
