<body>
	<div id="2" group="1" x="505" y="409" width="1080" height="296" type="score" attribution="HM" sealts="277_2_2.046" section="14">
		<line c="429" h="45" n="3">
			<w x="572">And</w>
			<w x="634">ran</w>
			<w x="676">in</w>
			<w x="718">at</w>
			<w x="776">the</w>
			<w x="874">upper</w>
			<w x="955">joint</w>
			<w x="998">of</w>
			<w x="1044">all</w>
			<w x="1103">the</w>
			<w x="1185">back</w>
			<w x="1263">long</w>
			<w x="1355">bone,</w>
		</line>
		<line c="477" h="43" n="4">
			<w x="562">Cut</w>
			<w x="640">both</w>
			<w x="699">the</w>
			<w x="816">nerves,</w>
			<w x="885">and</w>
			<w x="964">such</w>
			<w x="994">a</w>
			<w x="1068">load</w>
			<w x="1112">of</w>
			<w x="1246">strength</w>
			<w x="1313">laid</w>
			<w x="1400">Ajax</w>
			<w x="1449">on</w>
		</line>
		<line c="527" h="52" n="5">
			<w x="548">As</w>
			<w x="621">that</w>
			<w x="712">small</w>
			<w x="785">part</w>
			<w x="832">he</w>
			<w x="928"><choice><orig>seiz'd</orig><reg>seized</reg></choice></w>
			<w x="1104"><choice><orig>outweigh'd</orig><reg>outweighed</reg></choice></w>
			<w x="1153">all</w>
			<w x="1204"><choice><orig>th'</orig><reg>the</reg></choice></w>
			<w x="1305">under</w>
			<w x="1406">limbs,</w>
			<w x="1471">and</w>
			<w x="1576"><choice><orig>strook</orig><reg>struck</reg></choice></w>
		</line>
		<line c="577" h="51" n="6">
			<w x="564">His</w>
			<w x="651">heels</w>
			<w x="700">up</w>
			<w x="743">so</w>
			<w x="816">that</w>
			<w x="899">head</w>
			<w x="967">and</w>
			<w x="1038">face</w>
			<w x="1097">the</w>
			<w x="1211">earth's</w>
			<w x="1388">possessions</w>
			<w x="1475">took,</w>
		</line>
		<line c="626" h="49" n="7">
			<w x="602">When</w>
			<w x="651">all</w>
			<w x="710">the</w>
			<w x="774">low</w>
			<w x="860">parts</w>
			<w x="977">sprung</w>
			<w x="1019">in</w>
			<w x="1081">air,</w>
			<w x="1151">and</w>
			<w x="1226">thus</w>
			<w x="1286">did</w>
			<w x="1372">Ajax</w>
			<w x="1444">quit</w>
		</line>
		<line c="672" h="45" n="8">
			<w x="683">Panthuzdes'</w>
			<w x="793">brave:</w>
			<w x="929">"Now,</w>
			<w x="1075">Panthus'</w>
			<w x="1148">son,</w>
			<w x="1200">let</w>
			<w x="1261">thy</w>
			<w x="1413">prophetic</w>
			<w x="1472">wit</w>
		</line>
	</div>
</body>
