<body>
	<div id="2" group="1" x="604" y="1383" width="929" height="87" type="checkmark" attribution="HM"
		sealts="277_1_1.124" section="5">
		<line n="23" h="43" c="1405">
			<w x="708">Began</w>
			<w x="750">as</w>
			<w x="787">if</w>
			<w x="837">he</w>
			<w x="905">had</w>
			<w x="969">her</w>
			<w x="1071"><choice><orig>pow'r,</orig><reg>power,</reg></choice></w>
			<w x="1143">and</w>
			<w x="1253"><choice><orig>show'd</orig><reg>showed</reg></choice></w>
		</line>
		<div id="3" group="1" x="605" y="1383" width="257" height="41" type="underline"
			attribution="HM" sealts="277_1_1.124" section="5">
			<line n="23" h="43" c="1405">
				<blank x="1261"/>
				<w x="1323">the</w>
				<w x="1429">mortal</w>
				<w x="1514">state</w>
			</line>
			<line n="24" h="43" c="1448">
				<w x="651">Of</w>
				<w x="709">too</w>
				<w x="800">much</w>
				<w x="973">confidence</w>
				<w x="1018">in</w>
				<w x="1092">man,</w>
			</line>
		</div>
		<line n="24" h="43" c="1448">
			<w x="1179">with</w>
			<w x="1247">this</w>
			<w x="1429">superfluous</w>
			<w x="1531">brave:</w>
		</line>
	</div>
</body>
