<body>
	<div id="2" group="1" x="203" y="536" width="1054" height="290" type="wavyscore" attribution="HM" sealts="277_2_2.139" section="18">
		<line c="559" h="39" n="6">
			<w x="280">And</w>
			<w x="370">when</w>
			<w x="429">the</w>
			<w x="512">loser</w>
			<w x="556">of</w>
			<w x="613">my</w>
			<w x="713">friend</w>
			<w x="768">his</w>
			<w x="863">death</w>
			<w x="905">in</w>
			<w x="963">me</w>
			<w x="1045">shall</w>
			<w x="1123">find,</w>
		</line>
		<line c="608" h="39" n="7">
			<w x="268">Let</w>
			<w x="362">death</w>
			<w x="437">take</w>
			<w x="495">all.</w>
			<w x="613">Send</w>
			<w x="691">him,</w>
			<w x="740">ye</w>
			<w x="839">Gods,</w>
			<w x="898">I'll</w>
			<w x="973">give</w>
			<w x="1044">him</w>
			<w x="1105">my</w>
			<w x="1250">embrace.</w>
		</line>
		<line c="658" h="38" n="8">
			<w x="272">Not</w>
			<w x="419">Hercules</w>
			<w x="544">himself</w>
			<w x="672"><choice><orig>shunn'd</orig><reg>shunned</reg></choice></w>
			<w x="775">death,</w>
			<w x="895">though</w>
			<w x="1015">dearest</w>
			<w x="1056">in</w>
			<w x="1115">the</w>
			<w x="1211">grace</w>
		</line>
		<line c="708" h="40" n="9">
			<w x="256">Of</w>
			<w x="390">Jupiter;</w>
			<w x="479">even</w>
			<w x="549">him</w>
			<w x="631">Fate</w>
			<w x="759"><choice><orig>stoop'd,</orig><reg>stooped,</reg></choice></w>
			<w x="829">and</w>
			<w x="939">Juno's</w>
			<w x="1064">cruelty.</w>
		</line>
		<line c="757" h="40" n="10">
			<w x="278">And</w>
			<w x="315">if</w>
			<w x="391">such</w>
			<w x="459">fate</w>
			<w x="569">expect</w>
			<w x="629">my</w>
			<w x="698">life,</w>
			<w x="801">where</w>
			<w x="897">death</w>
			<w x="1007">strikes</w>
			<w x="1037">I</w>
			<w x="1103">will</w>
			<w x="1160">lie.</w>
		</line>
		<line c="807" h="40" n="11">
			<w x="362">Meantime</w>
			<w x="392">I</w>
			<w x="472">wish</w>
			<w x="502">a</w>
			<w x="587">good</w>
			<w x="718">renown,</w>
			<w x="791">that</w>
			<w x="879">these</w>
			<w x="1103"><choice><orig>deep-breasted</orig><reg>deep breasted</reg><reg>deep</reg><reg>breasted</reg></choice></w>
			<w x="1209">dames</w>
		</line>
	</div>
	<div id="3" group="2" x="213" y="973" width="363" height="51" type="underline" attribution="HM" sealts="277_2_2.139" section="18">
		<line n="15" h="51" c="999">
			<blank x="781"/>
			<w x="892">(seeing</w>
			<w x="951">my</w>
			<w x="1029">long</w>
			<w x="1143">retreat</w>
		</line>
		<line n="16" h="50" c="1054">
			<w x="274">But</w>
			<w x="414"><choice><orig>gather'd</orig><reg>gathered</reg></choice></w>
			<w x="558">strength,</w>
		</line>
	</div>
</body>
