<body>
	<div id="2" group="1" x="584" y="832" width="983" height="103" type="score" attribution="HM" sealts="277_2_2.162" section="19">
		<line c="859" h="46" n="12">
			<w x="652">Nor</w>
			<w x="719">will</w>
			<w x="754">it</w>
			<w x="854">aught</w>
			<w x="966">impair</w>
			<w x="996">a</w>
			<w x="1078">king</w>
			<w x="1119">to</w>
			<w x="1195">give</w>
			<w x="1226">a</w>
			<w x="1325">sound</w>
			<w x="1450">content</w>
		</line>
		<line c="907" h="53" n="13">
			<w x="633">To</w>
			<w x="701">any</w>
			<w x="820">subject</w>
			<w x="948">soundly</w>
			<w x="1112"><choice><orig>wrong'd."</orig><reg>wronged."</reg></choice></w>
			<w x="1203">"I</w>
			<w x="1291">joy,"</w>
			<w x="1410">replied</w>
			<w x="1470">the</w>
			<w x="1561">king,</w>
		</line>
	</div>
</body>
