<body>
	<div id="2" group="1" x="580" y="1764" width="1031" height="154" type="score" attribution="HM" sealts="277_1_1.076" section="3">
		<line c="1792" h="43" n="31">
			<w x="656">And</w>
			<w x="740">chid,</w>
			<w x="807">too,</w>
			<w x="850">in</w>
			<w x="916">this</w>
			<w x="1011">bitter</w>
			<w x="1105">kind:</w>
			<w x="1227">"And</w>
			<w x="1292">was</w>
			<w x="1355">thy</w>
			<w x="1511">cowardice</w>
			<w x="1600">such,</w>
		</line>
		<line c="1843" h="45" n="32">
			<w x="631">So</w>
			<w x="797"><choice><orig>conquer'd,</orig><reg>conquered,</reg></choice></w>
			<w x="838">to</w>
			<w x="885">be</w>
			<w x="962">seen</w>
			<w x="1066">alive?</w>
			<w x="1123">O</w>
			<w x="1224">would</w>
			<w x="1264">to</w>
			<w x="1349">God,</w>
			<w x="1412">thy</w>
			<w x="1471">life</w>
		</line>
		<line c="1894" h="46" n="33">
			<w x="660">Had</w>
			<w x="790"><choice><orig>perish'd</orig><reg>perished</reg></choice></w>
			<w x="839">by</w>
			<w x="893">his</w>
			<w x="1009">worthy</w>
			<w x="1095">hand</w>
			<w x="1135">to</w>
			<w x="1236">whom</w>
			<w x="1265">I</w>
			<w x="1336">first</w>
			<w x="1402">was</w>
			<w x="1491">wife!</w>
		</line>
	</div>
</body>
