<body>
	<div id="2" group="1" x="602" y="732" width="821" height="46" type="checkmark" attribution="HM" sealts="277_1_1.210" section="10">
		<line n="10" h="46" c="755">
			<w x="667">He</w>
			<w x="740">rent</w>
			<w x="795">his</w>
			<w x="873">hair</w>
			<w x="923">up</w>
			<w x="967">by</w>
			<w x="1028">the</w>
			<w x="1112">roots</w>
			<w x="1159">as</w>
			<w x="1290">sacrifice</w>
			<w x="1330">to</w>
			<w x="1420">Jove,</w>
		</line>
	</div>
	<div id="3" group="2" x="628" y="1768" width="1075" height="157" type="score" attribution="HM" sealts="277_1_1.210" section="10">
		<line n="31" h="52" c="1794">
			<w x="764"><choice><orig>Expos'd</orig><reg></reg>Exposed</choice></w>
			<w x="855">alone</w>
			<w x="895">to</w>
			<w x="949">all</w>
			<w x="1004">the</w>
			<w x="1095">fears</w>
			<w x="1160">that</w>
			<w x="1234">flow</w>
			<w x="1276">in</w>
			<w x="1400">gloomy</w>
			<w x="1500">night.</w>
		</line>
		<line n="32" h="52" c="1835">
			<w x="695">He</w>
			<w x="769">that</w>
			<w x="846">doth</w>
			<w x="907">this</w>
			<w x="993">must</w>
			<w x="1089">know</w>
			<w x="1178">death</w>
			<w x="1263">well,</w>
			<w x="1303">in</w>
			<w x="1409">which</w>
			<w x="1489">ends</w>
			<w x="1579">every</w>
			<w x="1696">fright."</w>
		</line>
		<line n="33" h="52" c="1898">
			<blank x="1007"/>
			<w x="1102">Quite--</w>
			<w x="1213">requite,</w>
			<w x="1267">put</w>
			<w x="1292">a</w>
			<w x="1358">stop</w>
			<w x="1401">to.</w>
		</line>
	</div>
</body>
