<body>
	<div id="2" group="1" x="498" y="686" width="1041" height="112" type="score" attribution="HM" sealts="277_1_1.008" section="1">
		<line n="9" h="56" c="714">
			<w x="588">Flow</w>
			<w x="630">in</w>
			<w x="696">thy</w>
			<w x="814">nerves,</w>
			<w x="889">God</w>
			<w x="979">gave</w>
			<w x="1053">thee</w>
			<w x="1104">it;</w>
			<w x="1175">and</w>
			<w x="1227">so</w>
			<w x="1283"><choice><orig>'tis</orig><reg>it is</reg><reg>it</reg><reg>is</reg></choice></w>
			<w x="1341">not</w>
			<w x="1425">thine</w>
			<w x="1507">own,</w>
		</line>
		<line n="10" h="56" c="770">
			<w x="579">But</w>
			<w x="618">in</w>
			<w x="673">his</w>
			<w x="770">hands</w>
			<w x="866">still.</w>
			<w x="981">What</w>
			<w x="1054">then</w>
			<w x="1126">lifts</w>
			<w x="1190">thy</w>
			<w x="1278">pride</w>
			<w x="1321">in</w>
			<w x="1386">this</w>
			<w x="1435">so</w>
			<w x="1529">high?</w>
		</line>
	</div>
	<div id="3" group="2" x="501" y="1283" width="1127" height="197" type="score" attribution="HM" sealts="277_1_1.008" section="1">
		<line c="1313" h="39" n="21">
			<w x="634">Bristled</w>
			<w x="689">his</w>
			<w x="804">bosom,</w>
			<w x="873">and</w>
			<w x="938">two</w>
			<w x="1024">ways</w>
			<w x="1111">drew</w>
			<w x="1166">his</w>
			<w x="1326">discursive</w>
			<w x="1417">part;</w>
		</line>
		<line c="1362" h="42" n="22">
			<w x="550">If,</w>
			<w x="634">from</w>
			<w x="690">his</w>
			<w x="784">thigh</w>
			<w x="839">his</w>
			<w x="934">sharp</w>
			<w x="1036">sword</w>
			<w x="1151">drawn,</w>
			<w x="1200">he</w>
			<w x="1311">should</w>
			<w x="1404">make</w>
			<w x="1493">room</w>
			<w x="1589">about</w>
		</line>
		<line c="1413" h="39" n="23">
			<w x="634">Atrides'</w>
			<w x="756">person,</w>
			<w x="953"><choice><orig>slaught'ring</orig><reg>slaughtering</reg></choice></w>
			<w x="1034">him,</w>
			<w x="1079">or</w>
			<w x="1127">sit</w>
			<w x="1182">his</w>
			<w x="1282">anger</w>
			<w x="1350">out,</w>
		</line>
		<line c="1462" h="42" n="24">
			<w x="580">And</w>
			<w x="656">curb</w>
			<w x="709">his</w>
			<w x="805">spirit.</w>
			<w x="939">While</w>
			<w x="1026">these</w>
			<w x="1166">thoughts</w>
			<w x="1271"><choice><orig>striv'd</orig><reg>strived</reg></choice></w>
			<w x="1309">in</w>
			<w x="1362">his</w>
			<w x="1451">blood</w>
			<w x="1515">and</w>
			<w x="1611">mind,</w>
		</line>
	</div>
	<div id="4" group="3" x="501" y="1682" width="884" height="98" type="score" attribution="HM" sealts="277_1_1.008" section="1">
		<line n="1" h="49" c="1707">
			<w x="642">Achilles</w>
			<w x="690">by</w>
			<w x="755">the</w>
			<w x="864">yellow</w>
			<w x="956">curls,</w>
			<w x="1029">and</w>
			<w x="1103">only</w>
			<w x="1186">gave</w>
			<w x="1251">her</w>
			<w x="1326">look</w>
		</line>
		<line n="30" h="49" c="1756">
			<w x="567">To</w>
			<w x="659">him;</w>
			<w x="842">appearance</w>
			<w x="903">not</w>
			<w x="935">a</w>
			<w x="1010">man</w>
			<w x="1050">of</w>
			<w x="1103">all</w>
			<w x="1165">the</w>
			<w x="1229">rest</w>
			<w x="1322">could</w>
			<w x="1380">see.</w>
		</line>
	</div>
</body>
