<body>
	<div id="2" group="1" x="572" y="463" width="942" height="51" type="underline" type2="checkmark"
		attribution="HM" sealts="277_1_1.150" section="6">
		<line n="5" h="51" c="488">
			<w x="681">Better</w>
			<w x="741">my</w>
			<w x="897">shoulders</w>
			<w x="1061">underwent</w>
			<w x="1126">the</w>
			<w x="1226">earth,</w>
			<w x="1308">than</w>
			<w x="1369">thy</w>
			<w x="1508">decease;</w>
		</line>
	</div>
	<div id="3" group="2" x="578" y="562" width="937" height="50" type="checkmark" attribution="HM" sealts="277_1_1.150" section="6">
		<line n="7" h="50" c="587">
			<div id="4" group="2" x="578" y="563" width="495" height="53" type="underline"
				attribution="HM" sealts="277_1_1.150" section="6">
				<w x="633">Of</w>
				<w x="731">griefs,</w>
				<w x="801">like</w>
				<w x="929">Greeks,</w>
				<w x="982">on</w>
				<w x="1068">Ilion.</w>
			</div>
			<w x="1202">Alas!</w>
			<w x="1324">What</w>
			<w x="1384">one</w>
			<w x="1511">survives</w>
		</line>
	</div>
	<div id="5" group="3" x="581" y="1551" width="979" height="200" type="score" attribution="HM" sealts="277_1_1.150" section="6">
		<line c="1578" h="43" n="27">
			<w x="667">Thou</w>
			<w x="772">amply</w>
			<w x="918"><choice><orig>render'st</orig><reg>render</reg></choice></w>
			<w x="984">all;</w>
			<w x="1055">thy</w>
			<w x="1114">life</w>
			<w x="1222">makes</w>
			<w x="1290">still</w>
			<w x="1350">my</w>
			<w x="1452">father</w>
			<w x="1508">be,</w>
		</line>
		<line c="1628" h="43" n="28">
			<w x="638">My</w>
			<w x="766">mother,</w>
			<w x="920">brothers;</w>
			<w x="997">and</w>
			<w x="1115">besides</w>
			<w x="1196">thou</w>
			<w x="1251">art</w>
			<w x="1311">my</w>
			<w x="1448">husband</w>
			<w x="1515">too,</w>
		</line>
		<line c="1676" h="41" n="29">
			<w x="661">Most</w>
			<w x="753"><choice><orig>lov'd,</orig><reg>loved,</reg></choice></w>
			<w x="838">most</w>
			<w x="963">worthy.</w>
			<w x="1070">Pity</w>
			<w x="1159">then,</w>
			<w x="1239">dear</w>
			<w x="1321">love,</w>
			<w x="1389">and</w>
			<w x="1433">do</w>
			<w x="1495">not</w>
			<w x="1553">go,</w>
		</line>
		<line c="1726" h="41" n="30">
			<div id="6" group="3" x="584" y="1702" width="535" height="44" type="underline" attribution="HM" sealts="277_1_1.150" section="6">
					<w x="647">For</w>
					<w x="723">thou</w>
					<w x="819">gone,</w>
					<w x="874">all</w>
					<w x="965">these</w>
					<w x="1015">go</w>
					<w x="1115">again;</w>				
			</div>
			<w x="1199">pity</w>
			<w x="1262">our</w>
			<w x="1398">common</w>
			<w x="1466">joy,</w>
		</line>
	</div>
</body>
