<body>
	<div id="2" group="1" x="501" y="1040" width="985" height="153" type="score" attribution="HM" sealts="277_2_2.014" section="13">
		<line c="1074" h="45" n="16">
			<w x="608">"Now</w>
			<w x="705">Asius</w>
			<w x="767">lies</w>
			<w x="828">not</w>
			<w x="1018"><choice><orig>unreveng'd,</orig><reg>unrevenged,</reg></choice></w>
			<w x="1083">nor</w>
			<w x="1162">doth</w>
			<w x="1217">his</w>
			<w x="1309">spirit</w>
			<w x="1393">want</w>
		</line>
		<line c="1119" h="57" n="17">
			<w x="564">The</w>
			<w x="624">joy</w>
			<w x="653">I</w>
			<w x="734">wish</w>
			<w x="777">it,</w>
			<w x="898">though</w>
			<w x="932">it</w>
			<w x="980">be</w>
			<w x="1053">now</w>
			<w x="1186"><choice><orig>ent'ring</orig><reg>entering</reg></choice></w>
			<w x="1245">the</w>
			<w x="1354">strong</w>
			<w x="1431">gate</w>
		</line>
		<line c="1170" h="39" n="18">
			<w x="546">Of</w>
			<w x="664">mighty</w>
			<w x="768">Pluto,</w>
			<w x="856">since</w>
			<w x="924">this</w>
			<w x="1012">hand</w>
			<w x="1093">hath</w>
			<w x="1167">sent</w>
			<w x="1237">him</w>
			<w x="1329">down</w>
			<w x="1359">a</w>
			<w x="1473">mate."</w>
		</line>
	</div>
</body>
