<body>
	<div id="2" group="1" x="211" y="902" width="1045" height="57" type="checkmark" attribution="HM" sealts="277_1_1.217" section="10">
		<line n="13" h="57" c="930">
			<w x="302">With</w>
			<w x="411">snowy</w>
			<w x="495">tusks</w>
			<w x="540">of</w>
			<w x="769"><choice><orig>white-mouth'd</orig><reg>white mouth'd</reg><reg>white mouthed</reg><reg>white-mouthed</reg><reg>white</reg><reg>mouth'd</reg><reg>mouthed</reg></choice></w>
			<w x="861">boars</w>
			<w x="957"><choice><orig>'twas</orig><reg>it was</reg><reg>it</reg><reg>was</reg></choice></w>
			<w x="1057">armed</w>
			<w x="1159">round</w>
			<w x="1250">about</w>
		</line>
	</div>
</body>
