<body>
	<div id="2" group="1" x="577" y="1259" width="1101" height="245" type="score" attribution="HM" sealts="277_2_2.190" section="21">
		<line c="1286" h="40" n="21">
			<w x="665">From</w>
			<w x="721">his</w>
			<w x="805"><choice><orig>lov'd</orig><reg>loved</reg></choice></w>
			<w x="947">country)</w>
			<w x="1022">bars</w>
			<w x="1084">not</w>
			<w x="1163">him.</w>
			<w x="1291">Come</w>
			<w x="1379">then,</w>
			<w x="1429">he</w>
			<w x="1503">now</w>
			<w x="1585">shall</w>
			<w x="1669">taste</w>
		</line>
		<line c="1335" h="38" n="22">
			<w x="641">The</w>
			<w x="725">head</w>
			<w x="770">of</w>
			<w x="880">Pelias,</w>
			<w x="950">and</w>
			<w x="1007">try</w>
			<w x="1045">if</w>
			<w x="1123">steel</w>
			<w x="1190">will</w>
			<w x="1280">down</w>
			<w x="1324">as</w>
			<w x="1391">fast</w>
		</line>
		<line c="1384" h="39" n="23">
			<w x="623">As</w>
			<w x="714">other</w>
			<w x="856">fortunes,</w>
			<w x="902">or</w>
			<w x="982">kind</w>
			<w x="1074">earth</w>
			<w x="1138">can</w>
			<w x="1206">any</w>
			<w x="1295">surer</w>
			<w x="1379">seize</w>
		</line>
		<line c="1434" h="39" n="24">
			<w x="627">On</w>
			<w x="683">his</w>
			<w x="739">sly</w>
			<w x="859">person,</w>
			<w x="962">whose</w>
			<w x="1071">strong</w>
			<w x="1157">arms</w>
			<w x="1239">have</w>
			<w x="1316">held</w>
			<w x="1408">down</w>
			<w x="1586">Hercules."</w>
		</line>
		<line c="1485" h="40" n="25">
			<w x="676">His</w>
			<w x="819">thoughts</w>
			<w x="896">thus</w>
			<w x="1000"><choice><orig>mov'd</orig><reg>moved</reg></choice></w>
			<w x="1091">while</w>
			<w x="1140">he</w>
			<w x="1230">stood</w>
			<w x="1326">firm;</w>
			<w x="1376">to</w>
			<w x="1436">see</w>
			<w x="1474">if</w>
			<w x="1527">he,</w>
			<w x="1576">he</w>
			<w x="1676">spied,</w>
		</line>
	</div>
</body>
