<body>
	<div id="2" group="1" x="440" y="4973" width="2749" height="575" type="score"
		attribution="HMorESM">
		<line c="5046" h="127" n="30">
			<w x="893">Christian</w>
			<w x="1442">countries?</w>
			<w x="1741">Not</w>
			<w x="1939">that</w>
			<w x="2177">they</w>
			<w x="2669">disbelieve</w>
			<w x="3216">
				<choice>
					<hyph>Christian-</hyph>
					<reg>Christianity;</reg>
				</choice>
			</w>
		</line>
		<line c="5196" h="156" n="31">
			<w x="663" endhyph="true">ity;</w>
			<w x="860">not</w>
			<w x="1123">they</w>
			<w x="1360">hold</w>
			<w x="1655">great</w>
			<w x="2021">errors,</w>
			<w x="2218">but</w>
			<w x="2430">that</w>
			<w x="2716">truth</w>
			<w x="2900">lies</w>
			<w x="3216">dead</w>
		</line>
		<line c="5338" h="125" n="32">
			<w x="754">within</w>
			<w x="1074">them.</w>
			<w x="1442">They</w>
			<w x="1660">use</w>
			<w x="1842">the</w>
			<w x="2106">most</w>
			<w x="2480">sacred</w>
			<w x="2777">words</w>
			<w x="3216">without</w>
		</line>
		<line c="5473" h="144" n="33">
			<w x="884">meaning.</w>
			<w x="1291">They</w>
			<w x="1519">hear</w>
			<w x="1663">of</w>
			<w x="2078">spiritual</w>
			<w x="2509">realities,</w>
			<w x="2790">awful</w>
			<w x="3198">enough</w>
		</line>
	</div>
</body>
