<body>
	<div id="2" group="1" x="690" y="4937" width="2726" height="405" type="score"
		attribution="HMorESM">
		<line c="5005" h="136" n="30">
			<w x="850">the</w>
			<w x="1162">surest</w>
			<w x="1386">way</w>
			<w x="1504">to</w>
			<w x="1943">dishonor</w>
			<w x="2106">it.</w>
			<w x="2429">True</w>
			<w x="2812">religion</w>
			<w x="2924">is</w>
			<w x="3113">not</w>
			<w x="3386">mere</w>
		</line>
		<line c="5145" h="126" n="31">
			<w x="1113">emotion,</w>
			<w x="1264">is</w>
			<w x="1441">not</w>
			<w x="1967">something</w>
			<w x="2699">communicated</w>
			<w x="2844">to</w>
			<w x="3388">us</w>
			<w x="3391">without</w>
		</line>
		<line c="5282" h="111" n="32">
			<w x="866">our</w>
			<w x="1096">own</w>
			<w x="1407">moral</w>
			<w x="1725">effort.</w>
			<w x="1906">It</w>
			<w x="2333">involves</w>
			<w x="2628">much</w>
			<w x="3154">
				<choice>
					<orig>self-denial</orig>
					<reg>self denial</reg>
					<reg>self</reg>
					<reg>denial</reg>
				</choice>
			</w>
			<w x="3392">Its</w>
		</line>
	</div>
</body>
