<body>
	<div id="2" group="1" x="708" y="820" width="2704" height="424" type="score"
		attribution="HMorESM">
		<line c="888" h="128" n="1">
			<w x="822">of</w>
			<w x="1009">his</w>
			<w x="1320">other</w>
			<w x="1844">attributes.</w>
			<w x="2262">Other</w>
			<w x="2605">things</w>
			<w x="2859">pass</w>
			<w x="3192">away,</w>
			<w x="3397">for</w>
		</line>
		<line c="1026" h="147" n="2">
			<w x="922">they</w>
			<w x="1177">
				<choice>
					<orig>fulfil</orig>
					<reg>fulfill</reg>
				</choice>
			</w>
			<w x="1433">their</w>
			<w x="1707">end;</w>
			<w x="1915">but</w>
			<w x="2099">the</w>
			<w x="2359">soul,</w>
			<w x="2679">which</w>
			<w x="2999">never</w>
			<w x="3424">reaches</w>
		</line>
		<line c="1178" h="127" n="3">
			<w x="824">its</w>
			<w x="1085">goal,</w>
			<w x="1420">whose</w>
			<w x="2104">
				<choice>
					<orig>developement</orig>
					<reg>development</reg>
				</choice>
			</w>
			<w x="2220">is</w>
			<w x="2999">never</w>
			<w x="2997">complete</w>
			<w x="3104">is</w>
			<w x="3398">never</w>
		</line>
	</div>
</body>
