<body>
	<div id="2" group="1" x="715" y="851" width="2728" height="2260" type="score"
		attribution="HMorESM">
		<line c="920" h="148" n="1">
			<w x="969">more</w>
			<w x="1606">distinguished</w>
			<w x="1760">by</w>
			<w x="1924">the</w>
			<w x="2242">spirit</w>
			<w x="2334">of</w>
			<w x="2667">liberty</w>
			<w x="2858">and</w>
			<w x="3420">innovation.</w>
		</line>
		<line c="1059" h="132" n="2">
			<w x="941">Old</w>
			<w x="1474">institutions</w>
			<w x="1704">and</w>
			<w x="2101">usages,</w>
			<w x="2334">the</w>
			<w x="2516">old</w>
			<w x="3054">restraints</w>
			<w x="3200">on</w>
			<w x="3421">the</w>
		</line>
		<line c="1205" h="154" n="3">
			<w x="1044">young,</w>
			<w x="1305">have</w>
			<w x="1581">been</w>
			<w x="1923">broken</w>
			<w x="2242">down.</w>
			<w x="2585">Men</w>
			<w x="2728">of</w>
			<w x="2894">all</w>
			<w x="3411">conditions</w>
		</line>
		<line c="1356" h="134" n="4">
			<w x="897">and</w>
			<w x="1165">ages</w>
			<w x="1495">think,</w>
			<w x="1835">speak,</w>
			<w x="2144">write,</w>
			<w x="2403">act,</w>
			<w x="2655">with</w>
			<w x="2759">a</w>
			<w x="3202">freedom</w>
			<w x="3414">
				<choice>
					<hyph>un-</hyph>
					<reg>unknown</reg>
				</choice>
			</w>
		</line>
		<line c="1487" h="152" n="5">
			<w x="1040" endhyph="true">known</w>
			<w x="1399">before.</w>
			<w x="1709">Our</w>
			<w x="2024">times</w>
			<w x="2272">have</w>
			<w x="2532">their</w>
			<w x="3112">advantages.</w>
			<w x="3418">But</w>
		</line>
		<line c="1644" h="158" n="6">
			<w x="867">we</w>
			<w x="1167">must</w>
			<w x="1399">not</w>
			<w x="1688">hide</w>
			<w x="1968">from</w>
			<w x="2474">ourselves</w>
			<w x="2693">our</w>
			<w x="2944">true</w>
			<w x="3406">position.</w>
		</line>
		<line c="1780" h="129" n="7">
			<w x="960">This</w>
			<w x="1381">increase</w>
			<w x="1545">of</w>
			<w x="1881">power</w>
			<w x="2103">and</w>
			<w x="2575">freedom,</w>
			<w x="2725">of</w>
			<w x="3046">which</w>
			<w x="3140">I</w>
			<w x="3416">have</w>
		</line>
		<line c="1921" h="126" n="8">
			<w x="1094">spoken,</w>
			<w x="1439">tends,</w>
			<w x="1590">in</w>
			<w x="1791">the</w>
			<w x="2027">first</w>
			<w x="2496">instance,</w>
			<w x="2657">to</w>
			<w x="3082">unsettle</w>
			<w x="3418">moral</w>
		</line>
		<line c="2052" h="157" n="9">
			<w x="1219">principles,</w>
			<w x="1356">to</w>
			<w x="1586">give</w>
			<w x="1715">to</w>
			<w x="2029">men's</w>
			<w x="2363">minds</w>
			<w x="2456">a</w>
			<w x="3061">restlessness,</w>
			<w x="3158">a</w>
			<w x="3416">want</w>
		</line>
		<line c="2195" h="140" n="10">
			<w x="840">of</w>
			<w x="1278">stability,</w>
			<w x="1378">a</w>
			<w x="1829">wildness</w>
			<w x="1986">of</w>
			<w x="2403">opinion,</w>
			<w x="2576">an</w>
			<w x="3240">extravagance</w>
			<w x="3414">of</w>
		</line>
		<line c="2343" h="153" n="11">
			<w x="1049">desire,</w>
			<w x="1144">a</w>
			<w x="1439">bold,</w>
			<w x="1712">rash,</w>
			<w x="2131">reckless</w>
			<w x="2468">spirit.</w>
			<w x="2896">These</w>
			<w x="3104">are</w>
			<w x="3422">times</w>
		</line>
		<line c="2490" h="139" n="12">
			<w x="843">of</w>
			<w x="1121">great</w>
			<w x="1422">moral</w>
			<w x="1799">danger.</w>
			<w x="2331">Outward</w>
			<w x="2794">restraints</w>
			<w x="2978">are</w>
			<w x="3422">removed</w>
		</line>
		<line c="2621" h="141" n="13">
			<w x="832">to</w>
			<w x="971">an</w>
			<w x="1697">unprecedented</w>
			<w x="2076">degree,</w>
			<w x="2282">and</w>
			<w x="2946">consequently</w>
			<w x="3244">there</w>
			<w x="3343">is</w>
			<w x="3424">a</w>
		</line>
		<line c="2768" h="138" n="14">
			<w x="964">need</w>
			<w x="1124">of</w>
			<w x="1480">inward</w>
			<w x="1963">restraint,</w>
			<w x="2134">of</w>
			<w x="2323">the</w>
			<w x="2890">controlling</w>
			<w x="3244">power</w>
			<w x="3410">of</w>
		</line>
		<line c="2911" h="142" n="15">
			<w x="795">a</w>
			<w x="1058">pure</w>
			<w x="1498">religion,</w>
			<w x="1880">beyond</w>
			<w x="2159">what</w>
			<w x="2392">was</w>
			<w x="2667">ever</w>
			<w x="3026">known</w>
			<w x="3411">before.</w>
		</line>
		<line c="3043" h="154" n="16">
			<w x="952">The</w>
			<w x="1439">principles</w>
			<w x="1588">of</w>
			<w x="1776">the</w>
			<w x="2120">young</w>
			<w x="2323">are</w>
			<w x="2765">exposed</w>
			<w x="2894">to</w>
			<w x="3230">fearful</w>
			<w x="3420">
				<choice>
					<hyph>as-</hyph>
					<reg>assaults</reg>
				</choice>
			</w>
		</line>
	</div>
</body>
