<body>
	<div id="2" group="1" x="705" y="2352" width="2726" height="2528" type="score"
		attribution="HMorESM">
		<line c="2413" h="151" n="12">
			<w x="1218">
				<choice>
					<hyph>provement</hyph>
					<reg>improvement</reg>
				</choice>
			</w>
			<w x="1357">on</w>
			<w x="1531">the</w>
			<w x="1938">present,</w>
			<w x="2049">if</w>
			<w x="2460">intellect</w>
			<w x="2574">is</w>
			<w x="2701">to</w>
			<w x="2853">be</w>
			<w x="3403">invigorated</w>
		</line>
		<line c="2563" h="123" n="13">
			<w x="893">and</w>
			<w x="1124">love</w>
			<w x="1611">expanded</w>
			<w x="1927">there,</w>
			<w x="2172">then</w>
			<w x="2626">memory,</w>
			<w x="2811">the</w>
			<w x="3404">fundamental</w>
		</line>
		<line c="2702" h="139" n="14">
			<w x="1018">power</w>
			<w x="1161">of</w>
			<w x="1347">the</w>
			<w x="1794">intellect,</w>
			<w x="2059">must</w>
			<w x="2237">act</w>
			<w x="2475">with</w>
			<w x="2720">new</w>
			<w x="3069">energy</w>
			<w x="3180">on</w>
			<w x="3399">the</w>
		</line>
		<line c="2843" h="149" n="15">
			<w x="947">past,</w>
			<w x="1158">and</w>
			<w x="1305">all</w>
			<w x="1502">the</w>
			<w x="2040">benevolent</w>
			<w x="2567">affections,</w>
			<w x="2885">which</w>
			<w x="3141">have</w>
			<w x="3397">been</w>
		</line>
		<line c="2974" h="135" n="16">
			<w x="1168">cherished</w>
			<w x="1438">here,</w>
			<w x="1693">must</w>
			<w x="1843">be</w>
			<w x="2338">quickened</w>
			<w x="2546">into</w>
			<w x="2627">a</w>
			<w x="2943">higher</w>
			<w x="3164">life.</w>
			<w x="3399">To</w>
		</line>
		<div id="3" group="1" x="707" y="3054" width="2731" height="723" type="questionmark"
			attribution="ESM">
			<line c="3124" h="131" n="17">
				<w x="1100">suppose</w>
				<w x="1293">the</w>
				<w x="1684">present</w>
				<w x="1953">state</w>
				<w x="2316">blotted</w>
				<w x="2522">out</w>
				<w x="2968">hereafter</w>
				<w x="3221">from</w>
				<w x="3404">the</w>
			</line>
			<line c="3266" h="116" n="18">
				<w x="992">mind,</w>
				<w x="1305">would</w>
				<w x="1454">be</w>
				<w x="1583">to</w>
				<w x="1966">destroy</w>
				<w x="2112">its</w>
				<w x="2338">use,</w>
				<w x="2668">would</w>
				<w x="2837">cut</w>
				<w x="3013">off</w>
				<w x="3163">all</w>
				<w x="3405">
					<choice>
						<hyph>con-</hyph>
						<reg>connexion</reg>
						<reg>connection</reg>
					</choice>
				</w>
			</line>
			<line c="3391" h="126" n="19">
				<w x="1040" endhyph="true">nexion</w>
				<w x="1481">between</w>
				<w x="1680">the</w>
				<w x="1910">two</w>
				<w x="2290">worlds,</w>
				<w x="2496">and</w>
				<w x="2816">would</w>
				<w x="3217">subvert</w>
				<w x="3405">
					<choice>
						<hyph>re-</hyph>
						<reg>responsibility</reg>
					</choice>
				</w>
			</line>
			<line c="3546" h="134" n="20">
				<w x="1309" endhyph="true">sponsibility;</w>
				<w x="1499">for</w>
				<w x="1752">how</w>
				<w x="1948">can</w>
				<w x="2491">retribution</w>
				<w x="2660">be</w>
				<w x="3106">awarded</w>
				<w x="3299">for</w>
				<w x="3406">a</w>
			</line>
			<line c="3692" h="122" n="21">
				<w x="1149">forgotten</w>
				<w x="1712">existence?</w>
				<w x="2033">No;</w>
				<w x="2226">we</w>
				<w x="2504">must</w>
				<w x="2810">carry</w>
				<w x="3009">the</w>
				<w x="3404">present</w>
			</line>
		</div>
		<line c="3828" h="136" n="22">
			<w x="930">with</w>
			<w x="1127">us,</w>
			<w x="1544">whether</w>
			<w x="1743">we</w>
			<w x="2043">enter</w>
			<w x="2249">the</w>
			<w x="2576">world</w>
			<w x="2746">of</w>
			<w x="3235">happiness</w>
			<w x="3407">or</w>
		</line>
		<line c="3961" h="156" n="23">
			<w x="951">woe.</w>
			<w x="1282">The</w>
			<w x="1565">good</w>
			<w x="1796">will</w>
			<w x="2136">indeed</w>
			<w x="2400">form</w>
			<w x="2658">new,</w>
			<w x="2997">holier,</w>
			<w x="3408">stronger</w>
		</line>
		<line c="4109" h="117" n="24">
			<w x="890">ties</w>
			<w x="1292">above;</w>
			<w x="1501">but</w>
			<w x="1835">under</w>
			<w x="2041">the</w>
			<w x="2564">expanding</w>
			<w x="3048">influence</w>
			<w x="3190">of</w>
			<w x="3409">that</w>
		</line>
		<line c="4250" h="116" n="25">
			<w x="1000">better</w>
			<w x="1355">world,</w>
			<w x="1541">the</w>
			<w x="1905">human</w>
			<w x="2181">heart</w>
			<w x="2384">will</w>
			<w x="2552">be</w>
			<w x="3047">capacious</w>
			<w x="3419">enough</w>
		</line>
		<line c="4399" h="125" n="26">
			<w x="821">to</w>
			<w x="1118">retain</w>
			<w x="1300">the</w>
			<w x="1483">old</w>
			<w x="1796">whilst</w>
			<w x="1912">it</w>
			<w x="2328">receives</w>
			<w x="2514">the</w>
			<w x="2771">new,</w>
			<w x="2906">to</w>
			<w x="3435">remember</w>
		</line>
		<line c="4530" h="137" n="27">
			<w x="871">its</w>
			<w x="1401">
				<choice>
					<orig>birth-place</orig>
					<reg>birth place</reg>
					<reg>birth</reg>
					<reg>place</reg>
				</choice>
			</w>
			<w x="1637">with</w>
			<w x="2162">tenderness</w>
			<w x="2473">whilst</w>
			<w x="2927">enjoying</w>
			<w x="3015">a</w>
			<w x="3416">maturer</w>
		</line>
		<line c="4678" h="124" n="28">
			<w x="899">and</w>
			<w x="1284">happier</w>
			<w x="1600">being.</w>
			<w x="1910">Did</w>
			<w x="2001">I</w>
			<w x="2275">think</w>
			<w x="2418">of</w>
			<w x="2703">those</w>
			<w x="2933">who</w>
			<w x="3115">are</w>
			<w x="3405">gone,</w>
		</line>
		<line c="4810" h="145" n="29">
			<w x="828">as</w>
			<w x="1118">dying</w>
			<w x="1252">to</w>
			<w x="1528">those</w>
			<w x="1766">they</w>
			<w x="1973">left,</w>
			<w x="2059">I</w>
			<w x="2399">should</w>
			<w x="2707">honor</w>
			<w x="2905">and</w>
			<w x="3139">love</w>
			<w x="3409">them</w>
		</line>
	</div>
	<div id="4" group="2" x="233" y="5549" width="3076" height="678" type="annotation"
		type2="questionmark" attribution="ESM">
		<line n="1" h="339" c="5759">
			<blank x="403"/>
			<w x="622">A</w>
			<w x="1463">question</w>
			<w x="1996">not</w>
			<w x="2399">so</w>
			<w x="3305">readily</w>
		</line>
		<line n="2" h="339" c="6057">
			<blank x="348"/>
			<w x="1085">settled</w>
		</line>
	</div>
</body>
