<body>
	<div id="2" group="1" x="379" y="2231" width="2537" height="2869" type="score"
		attribution="HMorESM">
		<line c="2292" h="113" n="12">
			<w x="526">on</w>
			<w x="734">this</w>
			<w x="1053">fruitful</w>
			<w x="1451">subject.</w>
			<w x="1731">Let</w>
			<w x="1924">me</w>
			<w x="2164">only</w>
			<w x="2394">say,</w>
			<w x="2611">that</w>
			<w x="2709">I</w>
			<w x="2937">see</w>
		</line>
		<line c="2417" h="131" n="13">
			<w x="924">everywhere</w>
			<w x="1053">in</w>
			<w x="1618">Christianity,</w>
			<w x="1826">this</w>
			<w x="2096">great</w>
			<w x="2418">design</w>
			<w x="2550">of</w>
			<w x="2930">
				<choice>
					<hyph>liberat-</hyph>
					<reg>liberating</reg>
				</choice>
			</w>
		</line>
		<line c="2544" h="120" n="14">
			<w x="557" endhyph="true">ing</w>
			<w x="752">and</w>
			<w x="1139">raising</w>
			<w x="1270">the</w>
			<w x="1609">human</w>
			<w x="1904">mind,</w>
			<w x="2058">on</w>
			<w x="2368">which</w>
			<w x="2480">I</w>
			<w x="2701">have</w>
			<w x="2940">
				<choice>
					<hyph>en-</hyph>
					<reg>enlarged.</reg>
				</choice>
			</w>
		</line>
		<line c="2674" h="132" n="15">
			<w x="706" endhyph="true">larged.</w>
			<w x="875">I</w>
			<w x="1084">see</w>
			<w x="1199">in</w>
			<w x="1739">Christianity</w>
			<w x="2112">nothing</w>
			<w x="2572">narrowing</w>
			<w x="2701">or</w>
			<w x="2940">
				<choice>
					<hyph>de-</hyph>
					<reg>depressing,</reg>
				</choice>
			</w>
		</line>
		<line c="2803" h="123" n="16">
			<w x="800" endhyph="true">pressing,</w>
			<w x="1155">nothing</w>
			<w x="1287">of</w>
			<w x="1461">the</w>
			<w x="1885">littleness</w>
			<w x="2027">of</w>
			<w x="2196">the</w>
			<w x="2582">systems</w>
			<w x="2895">which</w>
		</line>
		<line c="2928" h="148" n="17">
			<w x="701">human</w>
			<w x="941">fear,</w>
			<w x="1153">and</w>
			<w x="1431">craft,</w>
			<w x="1641">and</w>
			<w x="2060">ambition</w>
			<w x="2319">have</w>
			<w x="2941">engendered.</w>
		</line>
		<line c="3061" h="127" n="18">
			<w x="483">I</w>
			<w x="740">meet</w>
			<w x="1020">there</w>
			<w x="1187">no</w>
			<w x="1524">minute</w>
			<w x="2046">legislation,</w>
			<w x="2214">no</w>
			<w x="2769">descending</w>
			<w x="2938">to</w>
		</line>
		<line c="3202" h="110" n="19">
			<w x="725">precise</w>
			<w x="1067">details,</w>
			<w x="1212">no</w>
			<w x="1624">arbitrary</w>
			<w x="2154">injunctions,</w>
			<w x="2301">no</w>
			<w x="2568">yoke</w>
			<w x="2676">of</w>
			<w x="2890">
				<choice>
					<hyph>cer-</hyph>
					<reg>ceremonies,</reg>
				</choice>
			</w>
		</line>
		<line c="3327" h="122" n="20">
			<w x="794" endhyph="true">emonies,</w>
			<w x="968">no</w>
			<w x="1379">outward</w>
			<w x="1790">religion.</w>
			<w x="2179">Every</w>
			<w x="2466">thing</w>
			<w x="2938">breathes</w>
		</line>
		<div id="3" group="1" x="398" y="3387" width="2506" height="521" type="score"
			attribution="HMorESM">
			<line c="3501" h="219" n="21">
				<w x="795">freedom,</w>
				<w x="1265">liberality,</w>
				<w x="1864">enlargement.</w>
				<w x="2030">I</w>
				<w x="2295">meet</w>
				<w x="2608">there,</w>
				<w x="2794">not</w>
				<w x="2947">a</w>
			</line>
			<line c="3593" h="108" n="22">
				<w x="712">formal,</w>
				<w x="949">rigid</w>
				<w x="1255">creed,</w>
				<w x="1611">binding</w>
				<w x="1768">on</w>
				<w x="1933">the</w>
				<w x="2384">intellect,</w>
				<w x="2730">through</w>
				<w x="2886">all</w>
			</line>
			<line c="3720" h="115" n="23">
				<w x="645">ages,</w>
				<w x="824">the</w>
				<w x="1397">mechanical,</w>
				<w x="1769">passive</w>
				<w x="2245">repetition</w>
				<w x="2405">of</w>
				<w x="2595">the</w>
				<w x="2952">same</w>
			</line>
			<line c="3829" h="155" n="24">
				<w x="694">words,</w>
				<w x="885">and</w>
				<w x="1051">the</w>
				<w x="1302">same</w>
				<w x="1609">ideas;</w>
				<w x="1803">but</w>
				<w x="1885">I</w>
				<w x="2130">meet</w>
				<w x="2213">a</w>
				<w x="2402">few</w>
				<w x="2704">grand,</w>
				<w x="2969">
					<choice>
						<hyph>all-</hyph>
						<reg>all-comprehending</reg>
						<reg>all comprehending</reg>
						<reg>all</reg>
						<reg>comprehending</reg>
					</choice>
				</w>
			</line>
		</div>
		<line c="3962" h="159" n="25">
			<w x="1065" endhyph="true">comprehending</w>
			<w x="1374">truths,</w>
			<w x="1663">which</w>
			<w x="1832">are</w>
			<w x="2096">given</w>
			<w x="2216">to</w>
			<w x="2386">the</w>
			<w x="2626">soul,</w>
			<w x="2744">to</w>
			<w x="2884">be</w>
		</line>
		<line c="4113" h="115" n="26">
			<w x="845">developed</w>
			<w x="1048">and</w>
			<w x="1396">applied</w>
			<w x="1559">by</w>
			<w x="1856">itself;</w>
			<w x="2143">given</w>
			<w x="2259">to</w>
			<w x="2384">it,</w>
			<w x="2513">as</w>
			<w x="2759">seed</w>
			<w x="2882">to</w>
		</line>
		<line c="4246" h="108" n="27">
			<w x="557">the</w>
			<w x="876">sower,</w>
			<w x="1021">to</w>
			<w x="1182">be</w>
			<w x="1655">cherished</w>
			<w x="1871">and</w>
			<w x="2338">expanded</w>
			<w x="2506">by</w>
			<w x="2654">its</w>
			<w x="2883">own</w>
		</line>
		<line c="4374" h="112" n="28">
			<w x="755">thought,</w>
			<w x="1007">love,</w>
			<w x="1197">and</w>
			<w x="1668">obedience</w>
			<w x="1883">into</w>
			<w x="2156">more</w>
			<w x="2344">and</w>
			<w x="2616">more</w>
			<w x="2881">
				<choice>
					<hyph>glori-</hyph>
					<reg>glorious</reg>
				</choice>
			</w>
		</line>
		<line c="4503" h="114" n="29">
			<w x="557" endhyph="true">ous</w>
			<w x="836">fruits</w>
			<w x="958">of</w>
			<w x="1331">wisdom</w>
			<w x="1534">and</w>
			<w x="1862">virtue.</w>
			<w x="2032">I</w>
			<w x="2211">see</w>
			<w x="2326">it</w>
			<w x="2878">everywhere</w>
		</line>
		<line c="4633" h="132" n="30">
			<w x="876">inculcating</w>
			<w x="1007">an</w>
			<w x="1415">enlarged</w>
			<w x="1685">spirit</w>
			<w x="1814">of</w>
			<w x="2067">piety</w>
			<w x="2257">and</w>
			<w x="2874">philanthropy,</w>
		</line>
		<line c="4773" h="117" n="31">
			<w x="705">leaving</w>
			<w x="939">each</w>
			<w x="1070">of</w>
			<w x="1182">us</w>
			<w x="1304">to</w>
			<w x="1696">manifest</w>
			<w x="1888">this</w>
			<w x="2135">spirit</w>
			<w x="2608">according</w>
			<w x="2707">to</w>
			<w x="2878">the</w>
		</line>
		<line c="4892" h="121" n="32">
			<w x="813">monitions</w>
			<w x="947">of</w>
			<w x="1115">his</w>
			<w x="1557">individual</w>
			<w x="2090">conscience.</w>
			<w x="2255">I</w>
			<w x="2480">hear</w>
			<w x="2569">it</w>
			<w x="2879">
				<choice>
					<hyph>every-</hyph>
					<reg>everywhere</reg>
				</choice>
			</w>
		</line>
		<line c="5032" h="115" n="33">
			<w x="659" endhyph="true">where</w>
			<w x="974">calling</w>
			<w x="1139">the</w>
			<w x="1346">soul</w>
			<w x="1474">to</w>
			<w x="1859">freedom</w>
			<w x="2064">and</w>
			<w x="2418">power,</w>
			<w x="2568">by</w>
			<w x="2880">calling</w>
		</line>
	</div>
</body>
