<body>
	<div id="2" group="1" x="544" y="2230" width="2734" height="423" type="score"
		attribution="HMorESM">
		<line c="2302" h="126" n="11">
			<w x="818">
				<choice>
					<hyph>ward</hyph>
					<reg>outward</reg>
				</choice>
			</w>
			<w x="1296">conduct.</w>
			<w x="1629">The</w>
			<w x="2114">precept,</w>
			<w x="2552">"Resist</w>
			<w x="2781">not</w>
			<w x="3122">evil,"</w>
			<w x="3261">if</w>
		</line>
		<line c="2449" h="133" n="12">
			<w x="1014">
				<choice>
					<orig>practised</orig>
					<reg>practiced</reg>
				</choice>
			</w>
			<w x="1144">to</w>
			<w x="1317">the</w>
			<w x="1634">letter,</w>
			<w x="1951">would</w>
			<w x="2419">annihilate</w>
			<w x="2568">all</w>
			<w x="3150">government</w>
			<w x="3275">in</w>
		</line>
		<line c="2589" h="129" n="13">
			<w x="731">the</w>
			<w x="1053">family</w>
			<w x="1254">and</w>
			<w x="1440">the</w>
			<w x="1760">state;</w>
			<w x="1950">for</w>
			<w x="2053">it</w>
			<w x="2162">is</w>
			<w x="2346">the</w>
			<w x="2621">great</w>
			<w x="2896">work</w>
			<w x="3039">of</w>
			<w x="3274">
				<choice>
					<hyph>gov-</hyph>
					<reg>government</reg>
				</choice>
			</w>
		</line>
	</div>
</body>
