<body>
	<div id="2" group="1" x="3043" y="1108" width="587" height="646" type="annotation"
		attribution="ESM">
		<line n="1" h="215" c="1215">
			<blank x="3120"/>
			<w x="3415">See</w>
		</line>
		<line n="2" h="215" c="1440">
			<w x="3540">N.Y.</w>
		</line>
		<line n="3" h="215" c="1625">
			<w x="3620">Herald</w>
		</line>
	</div>
	<div id="3" group="2" x="465" y="1281" width="2535" height="654" type="score" type2="annotated"
		attribution="ESM">
		<line c="1347" h="125" n="5">
			<w x="581">to</w>
			<w x="1098">undermine</w>
			<w x="1340">than</w>
			<w x="1477">to</w>
			<w x="1834">restore</w>
			<w x="2014">his</w>
			<w x="2604">constitution.</w>
			<w x="2772">I</w>
			<w x="3033">was</w>
		</line>
		<line c="1477" h="126" n="6">
			<w x="666">also</w>
			<w x="1080">shocked</w>
			<w x="1245">by</w>
			<w x="1659">accounts</w>
			<w x="1805">of</w>
			<w x="2049">trials</w>
			<w x="2167">in</w>
			<w x="2357">the</w>
			<w x="2674">police</w>
			<w x="3032">court.</w>
		</line>
		<line c="1607" h="124" n="7">
			<w x="778">These</w>
			<w x="1027">were</w>
			<w x="1371">written</w>
			<w x="1507">in</w>
			<w x="1593">a</w>
			<w x="1846">style</w>
			<w x="2240">adapted</w>
			<w x="2360">to</w>
			<w x="2550">the</w>
			<w x="2798">most</w>
			<w x="3021">
				<choice>
					<hyph>un-</hyph>
					<reg>uncultivated</reg>
				</choice>
			</w>
		</line>
		<line c="1731" h="123" n="8">
			<w x="918" endhyph="true">cultivated</w>
			<w x="1262">minds,</w>
			<w x="1458">and</w>
			<w x="1885">intended</w>
			<w x="2026">to</w>
			<w x="2259">turn</w>
			<w x="2474">into</w>
			<w x="2853">matters</w>
			<w x="2986">of</w>
		</line>
		<line c="1866" h="159" n="9">
			<w x="717">sport</w>
			<w x="911">the</w>
			<w x="1180">most</w>
			<w x="1531">painful</w>
			<w x="1730">and</w>
			<w x="2286">humiliating</w>
			<w x="2622">events</w>
			<w x="2780">of</w>
			<w x="3013">life.</w>
		</line>
	</div>
</body>
