<body>
	<div id="2" group="1" x="571" y="2406" width="2733" height="702" type="score"
		attribution="HMorESM">
		<line c="2474" h="140" n="12">
			<w x="976">
				<choice>
					<hyph>viction.</hyph>
					<reg>conviction.</reg>
				</choice>
			</w>
			<w x="1600">Preaching</w>
			<w x="1724">is</w>
			<w x="1952">too</w>
			<w x="2264">often</w>
			<w x="2856">traditional,</w>
			<w x="3347">
				<choice>
					<hyph>conven-</hyph>
					<reg>conventional,</reg>
				</choice>
			</w>
		</line>
		<line c="2616" h="140" n="13">
			<w x="885" endhyph="true">tional,</w>
			<w x="1528">professional,</w>
			<w x="1718">the</w>
			<w x="2222">repetition</w>
			<w x="2384">of</w>
			<w x="2653">what</w>
			<w x="2790">is</w>
			<w x="3285">expected,</w>
		</line>
		<line c="2746" h="151" n="14">
			<w x="698">of</w>
			<w x="960">what</w>
			<w x="1082">it</w>
			<w x="1213">is</w>
			<w x="1432">the</w>
			<w x="1804">custom</w>
			<w x="1960">to</w>
			<w x="2234">say;</w>
			<w x="2468">not</w>
			<w x="2658">the</w>
			<w x="2928">free,</w>
			<w x="3325">natural</w>
		</line>
		<line c="2905" h="118" n="15">
			<w x="1022">utterance</w>
			<w x="1186">of</w>
			<w x="1755">persuasion,</w>
			<w x="1902">of</w>
			<w x="2491">experience,</w>
			<w x="2642">of</w>
			<w x="2954">truths</w>
			<w x="3294">which</w>
		</line>
		<line c="3040" h="150" n="16">
			<w x="806">have</w>
			<w x="900">a</w>
			<w x="1421">substantial</w>
			<w x="1712">being</w>
			<w x="2033">within</w>
			<w x="2251">our</w>
			<w x="2551">souls.</w>
			<w x="3296">Undoubtedly</w>
		</line>
	</div>
</body>
