<body>
	<div id="2" group="1" x="725" y="3041" width="2733" height="2417" type="score"
		attribution="HMorESM">
		<line c="3111" h="136" n="17">
			<div id="3" group="1" x="700" y="2909" width="2751" height="407" type="parenthesis"
				attribution="HMorESM">
				<line n="16" h="135" c="2976">
					<blank x="3058"/>
					<w x="3445">There</w>
				</line>
				<line n="17" h="135" c="3111">
					<w x="930">are</w>
					<w x="1372">seasons,</w>
					<w x="1685">when</w>
					<w x="1860">to</w>
					<w x="2035">be</w>
					<w x="2266">still</w>
					<w x="2726">demands</w>
					<w x="3436">immeasurably</w>
				</line>
				<line n="18" h="135" c="3246">
					<w x="1077">higher</w>
					<w x="1510">strength</w>
					<w x="1777">than</w>
					<w x="1925">to</w>
					<w x="2164">act.</w>
				</line>
			</div>
		</line>
		<line c="3254" h="126" n="18">
			<w x="2780">Composure</w>
			<w x="2964">is</w>
			<w x="3221">often</w>
			<w x="3432">the</w>
		</line>
		<line c="3390" h="145" n="19">
			<w x="1067">highest</w>
			<w x="1392">result</w>
			<w x="1564">of</w>
			<w x="1952">power.</w>
			<w x="2431">Think</w>
			<w x="2637">you</w>
			<w x="2775">it</w>
			<w x="3242">demands</w>
			<w x="3440">no</w>
		</line>
		<line c="3532" h="136" n="20">
			<w x="1032">power</w>
			<w x="1158">to</w>
			<w x="1419">calm</w>
			<w x="1620">the</w>
			<w x="1984">stormy</w>
			<w x="2431">elements</w>
			<w x="2592">of</w>
			<w x="3005">passion,</w>
			<w x="3143">to</w>
			<w x="3444">
				<choice>
					<hyph>mod-</hyph>
					<reg>moderate</reg>
				</choice>
			</w>
		</line>
		<line c="3673" h="142" n="21">
			<w x="976" endhyph="true">erate</w>
			<w x="1155">the</w>
			<w x="1712">vehemence</w>
			<w x="1857">of</w>
			<w x="2212">desire,</w>
			<w x="2348">to</w>
			<w x="2660">throw</w>
			<w x="2842">off</w>
			<w x="3025">the</w>
			<w x="3280">load</w>
			<w x="3420">of</w>
		</line>
		<line c="3815" h="133" n="22">
			<w x="1197">dejection,</w>
			<w x="1331">to</w>
			<w x="1768">suppress</w>
			<w x="2088">every</w>
			<w x="2520">repining</w>
			<w x="2939">thought,</w>
			<w x="3224">when</w>
			<w x="3441">the</w>
		</line>
		<line c="3957" h="134" n="23">
			<w x="1067">dearest</w>
			<w x="1410">hopes</w>
			<w x="1618">are</w>
			<w x="2120">withered,</w>
			<w x="2328">and</w>
			<w x="2484">to</w>
			<w x="2727">turn</w>
			<w x="2936">the</w>
			<w x="3443">wounded</w>
		</line>
		<line c="4093" h="139" n="24">
			<w x="976">spirit</w>
			<w x="1248">from</w>
			<w x="1801">dangerous</w>
			<w x="2207">reveries</w>
			<w x="2420">and</w>
			<w x="2785">wasting</w>
			<w x="3084">grief,</w>
			<w x="3218">to</w>
			<w x="3443">the</w>
		</line>
		<line c="4235" h="144" n="25">
			<w x="970">quiet</w>
			<w x="1464">discharge</w>
			<w x="1607">of</w>
			<w x="2040">ordinary</w>
			<w x="2467">duties?</w>
			<w x="2660">Is</w>
			<w x="2923">there</w>
			<w x="3095">no</w>
			<w x="3448">power</w>
		</line>
		<line c="4366" h="162" n="26">
			<w x="894">put</w>
			<w x="1179">forth,</w>
			<w x="1469">when</w>
			<w x="1560">a</w>
			<w x="1841">man,</w>
			<w x="2267">stripped</w>
			<w x="2420">of</w>
			<w x="2591">his</w>
			<w x="3086">property,</w>
			<w x="3238">of</w>
			<w x="3451">the</w>
		</line>
		<line c="4526" h="132" n="27">
			<w x="970">fruits</w>
			<w x="1115">of</w>
			<w x="1207">a</w>
			<w x="1464">life's</w>
			<w x="1769">labor,</w>
			<w x="2071">quells</w>
			<w x="2588">discontent</w>
			<w x="2789">and</w>
			<w x="3169">gloomy</w>
			<w x="3421">
				<choice>
					<hyph>fore-</hyph>
					<reg>forebodings,</reg>
				</choice>
			</w>
		</line>
		<line c="4664" h="118" n="28">
			<w x="1126" endhyph="true">bodings,</w>
			<w x="1336">and</w>
			<w x="1780">serenely</w>
			<w x="1984">and</w>
			<w x="2441">patiently</w>
			<w x="2798">returns</w>
			<w x="2946">to</w>
			<w x="3146">the</w>
			<w x="3448">tasks</w>
		</line>
		<line c="4808" h="130" n="29">
			<w x="1016">which</w>
			<w x="1661">Providence</w>
			<w x="2060">assigns?</w>
			<w x="2232">I</w>
			<w x="2535">doubt</w>
			<w x="2781">not,</w>
			<w x="3002">that</w>
			<w x="3208">the</w>
			<w x="3416">
				<choice>
					<hyph orig="all-seeing">all-</hyph>
					<reg>all-seeing</reg>
					<reg>all seeing</reg>
					<reg>all</reg>
					<reg>seeing</reg>
				</choice>
			</w>
		</line>
		<line c="4945" h="121" n="30">
			<w x="1038" endhyph="true">seeing</w>
			<w x="1230">eye</w>
			<w x="1410">of</w>
			<w x="1629">God</w>
			<w x="2151">sometimes</w>
			<w x="2570">discerns</w>
			<w x="2755">the</w>
			<w x="3227">sublimest</w>
			<w x="3410">
				<choice>
					<hyph>hu-</hyph>
					<reg>human</reg>
				</choice>
			</w>
		</line>
		<line c="5087" h="125" n="31">
			<w x="933" endhyph="true">man</w>
			<w x="1304">energy</w>
			<w x="1609">under</w>
			<w x="1730">a</w>
			<w x="2007">form</w>
			<w x="2234">and</w>
			<w x="2920">countenance,</w>
			<w x="3227">which</w>
			<w x="3451">by</w>
		</line>
		<line c="5222" h="141" n="32">
			<w x="957">their</w>
			<w x="1502">composure</w>
			<w x="1727">and</w>
			<w x="2290">
				<choice>
					<orig>tranquillity</orig>
					<reg>tranquility</reg>
				</choice>
			</w>
			<w x="2694">indicate</w>
			<w x="2851">to</w>
			<w x="3056">the</w>
			<w x="3450">human</w>
		</line>
		<line c="5362" h="138" n="33">
			<w x="1170">spectator</w>
			<w x="1405">only</w>
			<w x="1777">passive</w>
			<w x="2157">virtues.</w>
		</line>
	</div>
</body>
