<body>
	<div id="2" group="1" x="700" y="935" width="2725" height="992" type="score"
		attribution="HMorESM">
		<line c="1008" h="133" n="2">
			<w x="836">of</w>
			<w x="1024">the</w>
			<w x="1322">chief</w>
			<w x="1677">danger</w>
			<w x="1837">of</w>
			<w x="2072">this</w>
			<w x="2644">institution.</w>
			<w x="2780">I</w>
			<w x="3067">refer</w>
			<w x="3216">to</w>
			<w x="3466">the</w>
		</line>
		<line c="1145" h="146" n="3">
			<w x="1044">danger</w>
			<w x="1225">of</w>
			<w x="1822">mechanical</w>
			<w x="2322">teaching,</w>
			<w x="2504">by</w>
			<w x="2834">which</w>
			<w x="3057">the</w>
			<w x="3472">young</w>
		</line>
		<line c="1275" h="134" n="4">
			<w x="965">mind</w>
			<w x="1434">becomes</w>
			<w x="1763">worn,</w>
			<w x="2266">deadened</w>
			<w x="2418">to</w>
			<w x="2608">the</w>
			<w x="3054">greatest</w>
			<w x="3408">truths.</w>
		</line>
		<line c="1420" h="139" n="5">
			<w x="938">The</w>
			<w x="1396">Gospels,</w>
			<w x="1912">
				<choice>
					<orig>life-giving</orig>
					<reg>life giving</reg>
					<reg>life</reg>
					<reg>giving</reg>
				</choice>
			</w>
			<w x="2063">as</w>
			<w x="2323">they</w>
			<w x="2536">are,</w>
			<w x="2799">may</w>
			<w x="2947">be</w>
			<w x="3419">rendered</w>
		</line>
		<line c="1567" h="134" n="6">
			<w x="1042">wholly</w>
			<w x="1633">inoperative</w>
			<w x="1746">by</w>
			<w x="1930">the</w>
			<w x="2187">want</w>
			<w x="2345">of</w>
			<w x="2530">life</w>
			<w x="2678">in</w>
			<w x="2878">the</w>
			<w x="3409">instructor.</w>
		</line>
		<line c="1707" h="143" n="7">
			<w x="870">So</w>
			<w x="1142">great</w>
			<w x="1251">is</w>
			<w x="1443">my</w>
			<w x="1741">dread</w>
			<w x="1900">of</w>
			<w x="2181">tame,</w>
			<w x="2744">mechanical</w>
			<w x="3209">teaching,</w>
			<w x="3418">that</w>
		</line>
		<line c="1857" h="118" n="8">
			<w x="784">I</w>
			<w x="949">am</w>
			<w x="1477">sometimes</w>
			<w x="1818">almost</w>
			<w x="2232">tempted</w>
			<w x="2361">to</w>
			<w x="2780">question</w>
			<w x="2960">the</w>
			<w x="3243">utility</w>
			<w x="3405">of</w>
		</line>
	</div>
</body>
