<body>
	<div id="2" group="1" x="614" y="1284" width="2508" height="513" type="score"
		attribution="HMorESM">
		<line c="1349" h="116" n="5">
			<w x="717">as</w>
			<w x="830">a</w>
			<w x="1200">general</w>
			<w x="1464">rule,</w>
			<w x="1819">human</w>
			<w x="2134">nature</w>
			<w x="2479">cannot</w>
			<w x="2816">spread</w>
			<w x="2954">to</w>
			<w x="3104">its</w>
		</line>
		<line c="1463" h="147" n="6">
			<w x="781">just</w>
			<w x="984">and</w>
			<w x="1176">full</w>
			<w x="1730">proportions</w>
			<w x="2030">under</w>
			<w x="2280">their</w>
			<w x="2742">appalling,</w>
			<w x="3105">
				<choice>
					<hyph>enslav-</hyph>
					<reg>enslaving,</reg>
				</choice>
			</w>
		</line>
		<line c="1606" h="131" n="7">
			<w x="781" endhyph="true">ing,</w>
			<w x="1484">
				<choice>
					<orig>heart-withering</orig>
					<reg>heart withering</reg>
					<reg>heart</reg>
					<reg>withering</reg>
				</choice>
			</w>
			<w x="1872">control.</w>
			<w x="2155">We</w>
			<w x="2577">discover</w>
			<w x="2824">very</w>
			<w x="3103">
				<choice>
					<hyph>plain-</hyph>
					<reg>plainly,</reg>
				</choice>
			</w>
		</line>
		<line c="1721" h="142" n="8">
			<w x="732" endhyph="true">ly,</w>
			<w x="857">as</w>
			<w x="1015">we</w>
			<w x="1298">think,</w>
			<w x="1420">in</w>
			<w x="1589">the</w>
			<w x="1979">frequent</w>
			<w x="2294">torpor</w>
			<w x="2427">of</w>
			<w x="2599">the</w>
			<w x="3107">conscience</w>
		</line>
	</div>
	<div id="3" group="2" x="568" y="4023" width="2525" height="922" type="score"
		attribution="HMorESM">
		<line c="4091" h="130" n="26">
			<w x="984">dominate</w>
			<w x="1135">in</w>
			<w x="1358">this</w>
			<w x="1701">sacred</w>
			<w x="2029">place.</w>
			<div id="4" group="2" x="574" y="4022" width="2527" height="389" type="parenthesis"
				attribution="HMorESM">
				<blank x="2120"/>
				<w x="2274">A</w>
				<w x="2683">minister</w>
				<w x="2915">may</w>
				<w x="3086">be</w>
				<line n="2" h="129" c="4216">
					<w x="927">faithful</w>
					<w x="1082">to</w>
					<w x="1391">truth,</w>
					<w x="1777">without</w>
					<w x="2341">brandishing</w>
					<w x="2904">perpetually</w>
					<w x="3086">the</w>
				</line>
				<line n="3" h="129" c="4345">
					<w x="977">weapons</w>
					<w x="1126">of</w>
					<w x="1689">controversy.</w>
				</line>
			</div>
			<w x="2228">Occasional</w>
			<w x="2742">discussions</w>
			<w x="2873">of</w>
			<w x="3071">
				<choice>
					<hyph>dis-</hyph>
					<reg>disputed</reg>
				</choice>
			</w>
		</line>
		<line c="4474" h="133" n="29">
			<w x="832" endhyph="true">puted</w>
			<w x="1275">doctrines</w>
			<w x="1463">are</w>
			<w x="1807">indeed</w>
			<w x="2282">demanded</w>
			<w x="2443">by</w>
			<w x="2611">the</w>
			<w x="2831">zeal</w>
			<w x="3123">with</w>
		</line>
		<line c="4611" h="125" n="30">
			<w x="846">which</w>
			<w x="1117">error</w>
			<w x="1218">is</w>
			<w x="1742">maintained.</w>
			<w x="2019">But</w>
			<w x="2114">it</w>
			<w x="2520">becomes</w>
			<w x="2704">the</w>
			<w x="3067">
				<choice>
					<hyph>preach-</hyph>
					<reg>preacher</reg>
				</choice>
			</w>
		</line>
		<line c="4744" h="121" n="31">
			<w x="679" endhyph="true">er</w>
			<w x="793">to</w>
			<w x="1314">remember,</w>
			<w x="1497">that</w>
			<w x="1769">there</w>
			<w x="1872">is</w>
			<w x="1955">a</w>
			<w x="2241">silent,</w>
			<w x="2610">indirect</w>
			<w x="3061">influence,</w>
		</line>
		<line c="4880" h="131" n="32">
			<w x="809">more</w>
			<w x="1021">sure</w>
			<w x="1209">and</w>
			<w x="1620">powerful</w>
			<w x="1835">than</w>
			<w x="2126">direct</w>
			<w x="2443">assault</w>
			<w x="2581">on</w>
			<w x="2806">false</w>
			<w x="3058">
				<choice>
					<hyph>opin-</hyph>
					<reg>opinions.</reg>
				</choice>
			</w>
		</line>
		<line c="4999" h="131" n="33">
			<w x="790" endhyph="true">ions.</w>
			<w x="1096">The</w>
			<w x="1359">most</w>
			<w x="1781">effectual</w>
			<w x="2154">method</w>
			<w x="2311">of</w>
			<w x="2759">expelling</w>
			<w x="3062">error,</w>
		</line>
	</div>
</body>
