<body>
	<div id="2" group="1" x="454" y="2239" width="2596" height="1467" type="score"
		attribution="HMorESM">
		<line c="2308" h="117" n="12">
			<w x="582">It</w>
			<w x="700">is</w>
			<w x="947">only</w>
			<w x="1095">by</w>
			<w x="1432">putting</w>
			<w x="1680">forth</w>
			<w x="1891">this</w>
			<w x="2235">inward</w>
			<w x="2450">and</w>
			<w x="3082">self-forming</w>
		</line>
		<line c="2446" h="134" n="13">
			<w x="807">power,</w>
			<w x="1015">that</w>
			<w x="1175">we</w>
			<w x="1531">emerge</w>
			<w x="1776">from</w>
			<w x="2291">childhood.</w>
			<w x="2557">He</w>
			<w x="2790">who</w>
			<w x="3029">
				<choice>
					<hyph>con-</hyph>
					<reg>continues</reg>
				</choice>
			</w>
		</line>
		<line c="2567" h="126" n="14">
			<w x="754" endhyph="true">tinues</w>
			<w x="883">to</w>
			<w x="1043">be</w>
			<w x="1494">passively</w>
			<w x="1934">
				<choice>
					<orig>moulded,</orig>
					<reg>molded,</reg>
				</choice>
			</w>
			<w x="2384">prolongs</w>
			<w x="2538">his</w>
			<w x="2908">infancy</w>
			<w x="3030">to</w>
		</line>
		<line c="2712" h="123" n="15">
			<w x="633">the</w>
			<w x="931">tomb.</w>
			<w x="1333">There</w>
			<w x="1438">is</w>
			<w x="1685">deep</w>
			<w x="2058">wisdom</w>
			<w x="2175">in</w>
			<w x="2345">the</w>
			<w x="2893">declaration</w>
			<w x="3023">of</w>
		</line>
		<line c="2836" h="130" n="16">
			<w x="754">Jesus,</w>
			<w x="991">that</w>
			<w x="1107">to</w>
			<w x="1249">be</w>
			<w x="1406">his</w>
			<w x="1812">disciple,</w>
			<w x="1976">we</w>
			<w x="2235">must</w>
			<w x="2544">"hate</w>
			<w x="2814">father</w>
			<w x="3026">and</w>
		</line>
		<line c="2973" h="110" n="17">
			<w x="953">mother";</w>
			<w x="1147">or,</w>
			<w x="1255">in</w>
			<w x="1553">other</w>
			<w x="1879">words,</w>
			<w x="2102">that</w>
			<w x="2280">we</w>
			<w x="2551">must</w>
			<w x="3086">surrender</w>
		</line>
		<line c="3103" h="116" n="18">
			<w x="634">the</w>
			<w x="1134">prejudices</w>
			<w x="1255">of</w>
			<w x="1717">education</w>
			<w x="1837">to</w>
			<w x="2006">the</w>
			<w x="2224">new</w>
			<w x="2489">lights</w>
			<w x="2790">which</w>
			<w x="3028">God</w>
		</line>
		<line c="3232" h="143" n="19">
			<w x="718">gives</w>
			<w x="913">us;</w>
			<w x="1138">that</w>
			<w x="1309">the</w>
			<w x="1559">love</w>
			<w x="1691">of</w>
			<w x="1944">truth</w>
			<w x="2210">must</w>
			<w x="2588">triumph</w>
			<w x="2833">over</w>
			<w x="3026">the</w>
		</line>
		<line c="3372" h="108" n="20">
			<w x="927">influences</w>
			<w x="1067">of</w>
			<w x="1255">our</w>
			<w x="1470">best</w>
			<w x="1680">and</w>
			<w x="2050">earliest</w>
			<w x="2433">friends;</w>
			<w x="2688">that,</w>
			<w x="3026">
				<choice>
					<hyph>forsak-</hyph>
					<reg>forsaking</reg>
				</choice>
			</w>
		</line>
		<line c="3519" h="146" n="21">
			<w x="630" endhyph="true">ing</w>
			<w x="798">the</w>
			<w x="1170">maxims</w>
			<w x="1325">of</w>
			<w x="1702">society,</w>
			<w x="1870">we</w>
			<w x="2113">must</w>
			<w x="2412">frame</w>
			<w x="2852">ourselves</w>
			<w x="3028">
				<choice>
					<hyph>ac-</hyph>
					<reg>according</reg>
				</choice>
			</w>
		</line>
		<line c="3641" h="114" n="22">
			<w x="826" endhyph="true">cording</w>
			<w x="961">to</w>
			<w x="1146">the</w>
			<w x="1570">standard</w>
			<w x="1727">of</w>
			<w x="2018">moral</w>
			<w x="2524">perfection</w>
			<w x="2715">set</w>
			<w x="3072">before</w>
		</line>
	</div>
</body>
