<body>
	<div id="2" group="1" x="458" y="909" width="2567" height="261" type="score"
		attribution="HMorESM">
		<line c="980" h="108" n="2">
			<w x="870">
				<choice>
					<hyph>straint.</hyph>
					<reg>restraint.</reg>
				</choice>
			</w>
			<w x="1074">But</w>
			<w x="1219">to</w>
			<w x="1575">impute</w>
			<w x="1854">these</w>
			<w x="2192">unholy</w>
			<w x="2562">motives</w>
			<w x="2681">to</w>
			<w x="2768">a</w>
			<w x="2984">man</w>
		</line>
		<line c="1109" h="129" n="3">
			<w x="581">of</w>
			<w x="818">pure</w>
			<w x="1046">life,</w>
			<w x="1156">is</w>
			<w x="1297">to</w>
			<w x="1596">judge</w>
			<w x="1953">rashly,</w>
			<w x="2139">and</w>
			<w x="2253">it</w>
			<w x="2488">may</w>
			<w x="2626">be</w>
			<w x="2982">
				<choice>
					<hyph>unrigh-</hyph>
					<reg>unrighteously</reg>
				</choice>
			</w>
		</line>
	</div>
</body>
