<body>
	<div id="2" group="1" x="670" y="4776" width="2510" height="253" type="bars2" type2="score"
		attribution="HMorESM">
		<line n="1" h="126" c="4839">
			<blank x="1458"/>
			<w x="1644">To</w>
			<w x="2001">educate</w>
			<w x="2099">is</w>
			<w x="2573">something</w>
			<w x="2828">more</w>
			<w x="3048">than</w>
			<w x="3170">to</w>
		</line>
		<line n="2" h="126" c="4965">
			<w x="959">teach</w>
			<w x="1228">those</w>
			<w x="1653">elements</w>
			<w x="1805">of</w>
			<w x="2329">knowledge</w>
			<w x="2632">which</w>
			<w x="2823">are</w>
			<w x="3156">needed</w>
		</line>
	</div>
</body>
