<body>
	<div id="2" group="1" x="645" y="1730" width="2510" height="247" type="score"
		attribution="HMorESM">
		<line c="1789" h="107" n="8">
			<w x="814">that</w>
			<w x="1000">the</w>
			<w x="1273">great</w>
			<w x="1754">revelation</w>
			<w x="2067">which</w>
			<w x="2311">man</w>
			<w x="2554">now</w>
			<w x="2883">needs,</w>
			<w x="3020">is</w>
			<w x="3133">a</w>
		</line>
		<line c="1913" h="127" n="9">
			<w x="1072">revelation</w>
			<w x="1203">of</w>
			<w x="1418">man</w>
			<w x="1573">to</w>
			<w x="1942">himself.</w>
			<w x="2263">The</w>
			<w x="2492">faith</w>
			<w x="2792">which</w>
			<w x="2887">is</w>
			<w x="3134">most</w>
		</line>
	</div>
</body>
