<body>
	<div id="2" group="1" x="749" y="1365" width="2764" height="850" type="score"
		attribution="HMorESM">
		<line c="1429" h="139" n="4">
			<w x="1228">indulging,</w>
			<w x="1950">
				<choice>
					<orig>self-displaying</orig>
					<reg>self displaying</reg>
					<reg>self</reg>
					<reg>displaying</reg>
				</choice>
			</w>
			<w x="2281">land?</w>
			<w x="2456">I</w>
			<w x="2832">confess</w>
			<w x="3073">that</w>
			<w x="3200">to</w>
			<w x="3381">me</w>
			<w x="3489">it</w>
		</line>
		<line c="1565" h="129" n="5">
			<w x="844">is</w>
			<w x="937">a</w>
			<w x="1346">comfort</w>
			<w x="1475">to</w>
			<w x="1669">see</w>
			<w x="1950">some</w>
			<w x="2411">outbreak</w>
			<w x="2555">of</w>
			<w x="3125">enthusiasm,</w>
			<w x="3488">
				<choice>
					<hyph>wheth-</hyph>
					<reg>whether</reg>
				</choice>
			</w>
		</line>
		<line c="1725" h="126" n="6">
			<w x="869" endhyph="true">er</w>
			<w x="1620">transcendental,</w>
			<w x="2320">philanthropic,</w>
			<w x="2469">or</w>
			<w x="2957">religious,</w>
			<w x="3094">as</w>
			<w x="3191">a</w>
			<w x="3491">proof</w>
		</line>
		<line c="1870" h="126" n="7">
			<w x="954">that</w>
			<w x="1160">the</w>
			<w x="1534">human</w>
			<w x="1834">spirit</w>
			<w x="1972">is</w>
			<w x="2196">not</w>
			<w x="2571">wholly</w>
			<w x="2978">
				<choice>
					<orig>ingulfed</orig>
					<reg>engulfed</reg>
				</choice>
			</w>
			<w x="3135">in</w>
			<w x="3500">matter</w>
		</line>
		<line c="2013" h="152" n="8">
			<w x="941">and</w>
			<w x="1403">business,</w>
			<w x="1629">that</w>
			<w x="1733">it</w>
			<w x="1935">can</w>
			<w x="2120">lift</w>
			<w x="2276">up</w>
			<w x="2371">a</w>
			<w x="2621">little</w>
			<w x="2808">the</w>
			<w x="3342">mountains</w>
			<w x="3489">of</w>
		</line>
		<line c="2155" h="132" n="9">
			<w x="1301">worldliness</w>
			<w x="1536">and</w>
			<w x="1860">sense</w>
			<w x="2103">with</w>
			<w x="2419">which</w>
			<w x="2526">it</w>
			<w x="2636">is</w>
			<w x="2799">so</w>
			<w x="3137">
				<choice>
					<orig>borne</orig>
					<reg>born</reg>
				</choice>
			</w>
			<w x="3495">down.</w>
		</line>
	</div>
</body>
