<body>
	<div id="2" group="1" x="460" y="816" width="2740" height="288" type="score"
		attribution="HMorESM">
		<line n="1" h="144" c="888">
			<w x="700">can</w>
			<w x="1116">follow.</w>
			<w x="1344">Be</w>
			<w x="1640">clear,</w>
			<w x="1848">and</w>
			<w x="2088">you</w>
			<w x="2312">will</w>
			<w x="2464">do</w>
			<w x="2788">much</w>
			<w x="3188">towards</w>
		</line>
		<line n="2" h="144" c="1032">
			<w x="768">being</w>
			<w x="1288">interesting</w>
			<w x="1760">teachers.</w>
		</line>
	</div>
	<div id="3" group="2" x="444" y="1968" width="2744" height="272" type="score2"
		attribution="HMorESM">
		<line n="1" h="136" c="2036">
			<w x="800">which</w>
			<w x="1036">you</w>
			<w x="1296">wish</w>
			<w x="1456">to</w>
			<w x="1876">impart;</w>
			<w x="2124">and</w>
			<w x="2324">no</w>
			<w x="2648">lesson</w>
			<w x="2800">is</w>
			<w x="2944">so</w>
			<w x="3180">well</w>
		</line>
		<line n="2" h="136" c="2172">
			<w x="892">learned,</w>
			<w x="1020">as</w>
			<w x="1248">that</w>
			<w x="1552">which</w>
			<w x="1648">a</w>
			<w x="1884">man</w>
			<w x="2020">or</w>
			<w x="2152">a</w>
			<w x="2408">child</w>
			<w x="2784">teaches</w>
			<w x="3176">himself.</w>
		</line>
	</div>
	<div id="4" group="3" x="448" y="3816" width="2768" height="1540" type="score"
		attribution="HMorESM">
		<line c="3874" h="128" n="22">
			<w x="786">points,</w>
			<w x="978">the</w>
			<w x="1269">great</w>
			<w x="1588">ideas.</w>
			<w x="1879">Do</w>
			<w x="2065">not</w>
			<w x="2526">confound</w>
			<w x="2717">the</w>
			<w x="3216">essential</w>
		</line>
		<line c="4014" h="116" n="23">
			<w x="638">and</w>
			<w x="848">the</w>
			<w x="1458">unessential,</w>
			<w x="1636">or</w>
			<w x="1940">insist</w>
			<w x="2224">With</w>
			<w x="2421">the</w>
			<w x="2726">same</w>
			<w x="3208">
				<choice>
					<hyph>earnest-</hyph>
					<reg>earnestness</reg>
				</choice>
			</w>
		</line>
		<line c="4154" h="128" n="24">
			<w x="692" endhyph="true">ness</w>
			<w x="855">on</w>
			<w x="1209">grand,</w>
			<w x="2016">comprehensive,</w>
			<w x="2560">
				<choice>
					<orig>life-giving</orig>
					<reg>life giving</reg>
					<reg>life</reg>
					<reg>giving</reg>
				</choice>
			</w>
			<w x="2906">truths,</w>
			<w x="3156">and</w>
		</line>
		<line c="4297" h="135" n="25">
			<w x="585">on</w>
			<w x="1093">disputable</w>
			<w x="1464">articles</w>
			<w x="1608">of</w>
			<w x="1897">faith.</w>
			<w x="2431">Immense</w>
			<w x="2870">injury</w>
			<w x="2904">is</w>
			<w x="3153">done</w>
		</line>
		<line c="4448" h="137" n="26">
			<w x="589">by</w>
			<w x="1014">teaching</w>
			<w x="1447">doubtful</w>
			<w x="1610">or</w>
			<w x="2145">secondary</w>
			<w x="2608">doctrines</w>
			<w x="2795">as</w>
			<w x="2906">if</w>
			<w x="3158">they</w>
		</line>
		<line c="4583" h="127" n="27">
			<w x="696">were</w>
			<w x="880">the</w>
			<w x="1388">weightiest</w>
			<w x="1774">matters</w>
			<w x="1931">of</w>
			<w x="2772">Christianity;</w>
			<w x="2795">for,</w>
			<w x="2909">as</w>
			<w x="3152">time</w>
		</line>
		<line c="4723" h="129" n="28">
			<w x="667">rolls</w>
			<w x="931">over</w>
			<w x="1111">the</w>
			<w x="1429">child,</w>
			<w x="1639">and</w>
			<w x="1810">his</w>
			<w x="2101">mind</w>
			<w x="2504">unfolds,</w>
			<w x="2663">he</w>
			<w x="3151">discovers</w>
		</line>
		<line c="4854" h="144" n="29">
			<w x="672">that</w>
			<w x="880">one</w>
			<w x="1106">and</w>
			<w x="1522">another</w>
			<w x="1923">dogma,</w>
			<w x="2266">which</w>
			<w x="2424">he</w>
			<w x="2672">was</w>
			<w x="2996">taught</w>
			<w x="3149">to</w>
		</line>
		<line c="5010" h="128" n="30">
			<w x="765">regard</w>
			<w x="926">as</w>
			<w x="1592">fundamental,</w>
			<w x="1741">is</w>
			<w x="2246">
				<choice>
					<orig>uncertian</orig>
					<reg>uncertain</reg>
				</choice>
			</w>
			<w x="2386">if</w>
			<w x="2600">not</w>
			<w x="2908">false,</w>
			<w x="3148">and</w>
		</line>
		<line c="5157" h="132" n="31">
			<w x="593">his</w>
			<w x="1155">skepticism</w>
			<w x="1291">is</w>
			<w x="1509">apt</w>
			<w x="1665">to</w>
			<w x="2034">spread</w>
			<w x="2312">from</w>
			<w x="2541">this</w>
			<w x="2858">weak</w>
			<w x="3150">point</w>
		</line>
		<line c="5296" h="145" n="32">
			<w x="667">over</w>
			<w x="878">the</w>
			<w x="1226">whole</w>
			<w x="1719">Christian</w>
			<w x="2176">system.</w>
			<w x="2536">Make</w>
			<w x="2657">it</w>
			<w x="2930">your</w>
			<w x="3149">aim</w>
		</line>
	</div>
</body>
