<body>
	<div id="2" group="1" x="441" y="2115" width="2543" height="913" type="score"
		attribution="HMorESM">
		<line c="2173" h="133" n="11">
			<w x="533">It</w>
			<w x="887">appeals</w>
			<w x="1081">too</w>
			<w x="1583">constantly</w>
			<w x="1705">to</w>
			<w x="1876">the</w>
			<w x="2189">lowest</w>
			<w x="2623">principle</w>
			<w x="2770">of</w>
			<w x="2954">
				<choice>
					<hyph>hu-</hyph>
					<reg>human</reg>
				</choice>
			</w>
		</line>
		<line c="2311" h="110" n="12">
			<w x="630" endhyph="true">man</w>
			<w x="992">nature;</w>
			<w x="1086">I</w>
			<w x="1354">mean</w>
			<w x="1539">the</w>
			<w x="1980">principle</w>
			<w x="2112">of</w>
			<w x="2349">fear,</w>
			<w x="2651">which</w>
			<w x="2953">under</w>
		</line>
		<line c="2441" h="133" n="13">
			<w x="841">judicious</w>
			<w x="1376">excitement</w>
			<w x="1496">is</w>
			<w x="1837">indeed</w>
			<w x="1990">of</w>
			<w x="2247">great</w>
			<w x="2447">and</w>
			<w x="2954">undoubted</w>
		</line>
		<line c="2564" h="143" n="14">
			<w x="627">use,</w>
			<w x="810">but</w>
			<w x="1134">which,</w>
			<w x="1261">as</w>
			<w x="1561">every</w>
			<w x="1872">parent</w>
			<w x="2206">knows,</w>
			<w x="2479">when</w>
			<w x="2954">habitually</w>
		</line>
		<line c="2697" h="138" n="15">
			<w x="912">awakened,</w>
			<w x="1022">is</w>
			<w x="1347">always</w>
			<w x="1626">found</w>
			<w x="1747">to</w>
			<w x="2110">debase</w>
			<w x="2243">the</w>
			<w x="2546">mind,</w>
			<w x="2672">to</w>
			<w x="2955">break</w>
		</line>
		<line c="2831" h="142" n="16">
			<w x="589">the</w>
			<w x="903">spirit,</w>
			<w x="1048">to</w>
			<w x="1304">give</w>
			<w x="1747">tameness</w>
			<w x="1890">to</w>
			<w x="2110">the</w>
			<w x="2595">character,</w>
			<w x="2804">and</w>
			<w x="2952">to</w>
		</line>
		<line c="2963" h="119" n="17">
			<w x="643">chill</w>
			<w x="841">the</w>
			<w x="1086">best</w>
			<w x="1587">affections.</w>
			<w x="2065">Perhaps</w>
			<w x="2292">one</w>
			<w x="2595">cause</w>
			<w x="2757">of</w>
			<w x="2954">the</w>
		</line>
	</div>
</body>
