<body>
	<div id="2" group="1" x="670" y="3393" width="2538" height="1586" type="score"
		attribution="HMorESM">
		<line c="3456" h="131" n="21">
			<w x="902">more</w>
			<w x="1120">than</w>
			<w x="1387">this;</w>
			<w x="1491">I</w>
			<w x="1808">mean,</w>
			<w x="2008">that</w>
			<w x="2288">frigid</w>
			<w x="2724">tameness</w>
			<w x="2874">of</w>
			<w x="3156">mind,</w>
		</line>
		<line c="3584" h="129" n="22">
			<w x="822">too</w>
			<w x="1228">common</w>
			<w x="1361">in</w>
			<w x="1789">Christian</w>
			<w x="2226">teachers,</w>
			<w x="2524">which</w>
			<w x="2992">confounds</w>
			<w x="3218">the</w>
		</line>
		<line c="3721" h="140" n="23">
			<w x="941">actual</w>
			<w x="1128">and</w>
			<w x="1297">the</w>
			<w x="1736">possible;</w>
			<w x="2046">which</w>
			<w x="2354">cannot</w>
			<w x="2605">burst</w>
			<w x="2770">the</w>
			<w x="3160">shackles</w>
		</line>
		<line c="3849" h="134" n="24">
			<w x="790">of</w>
			<w x="1200">custom;</w>
			<w x="1513">which</w>
			<w x="1802">never</w>
			<w x="2133">kindles</w>
			<w x="2250">at</w>
			<w x="2414">the</w>
			<w x="2781">thought</w>
			<w x="2912">of</w>
			<w x="3166">great</w>
		</line>
		<line c="3988" h="152" n="25">
			<w x="1298">improvements</w>
			<w x="1431">of</w>
			<w x="1754">human</w>
			<w x="2108">nature;</w>
			<w x="2419">which</w>
			<w x="2524">is</w>
			<w x="2898">satisfied</w>
			<w x="3005">if</w>
			<w x="3166">
				<choice>
					<hyph>re-</hyph>
					<reg>religion</reg>
				</choice>
			</w>
		</line>
		<line c="4117" h="154" n="26">
			<w x="932" endhyph="true">ligion</w>
			<w x="1300">receive</w>
			<w x="1432">an</w>
			<w x="1814">outward</w>
			<w x="2210">respect,</w>
			<w x="2402">and</w>
			<w x="2694">never</w>
			<w x="3033">dreams</w>
			<w x="3166">of</w>
		</line>
		<line c="4248" h="138" n="27">
			<w x="1152">enthroning</w>
			<w x="1247">it</w>
			<w x="1356">in</w>
			<w x="1641">men's</w>
			<w x="1955">souls;</w>
			<w x="2268">which</w>
			<w x="2533">looks</w>
			<w x="2675">on</w>
			<w x="2837">the</w>
			<w x="3172">
				<choice>
					<hyph>strong-</hyph>
					<reg>strongholds</reg>
				</choice>
			</w>
		</line>
		<line c="4371" h="134" n="28">
			<w x="928" endhyph="true">holds</w>
			<w x="1062">of</w>
			<w x="1223">sin</w>
			<w x="1439">with</w>
			<w x="1839">despair;</w>
			<w x="2149">which</w>
			<w x="2426">utters</w>
			<w x="2569">by</w>
			<w x="2778">rote</w>
			<w x="2965">the</w>
			<w x="3174">
				<choice>
					<hyph>sol-</hyph>
					<reg>solemn</reg>
				</choice>
			</w>
		</line>
		<line c="4505" h="156" n="29">
			<w x="886" endhyph="true">emn</w>
			<w x="1098">and</w>
			<w x="1639">magnificent</w>
			<w x="2073">language</w>
			<w x="2235">of</w>
			<w x="2416">the</w>
			<w x="2820">Gospel,</w>
			<w x="3260">without</w>
		</line>
		<line c="4642" h="152" n="30">
			<w x="1125">expecting</w>
			<w x="1244">it</w>
			<w x="1388">to</w>
			<w x="1744">"work</w>
			<w x="2296">mightily";</w>
			<w x="2607">which</w>
			<w x="2841">sees</w>
			<w x="2985">in</w>
			<w x="3226">the</w>
		</line>
		<line c="4761" h="167" n="31">
			<w x="1056">ministry</w>
			<w x="1141">a</w>
			<w x="1373">part</w>
			<w x="1522">of</w>
			<w x="1691">the</w>
			<w x="2238">mechanism</w>
			<w x="2392">of</w>
			<w x="2767">society,</w>
			<w x="2877">a</w>
			<w x="3234">useful</w>
		</line>
		<line c="4889" h="174" n="32">
			<w x="1070">guardian</w>
			<w x="1200">of</w>
			<w x="1522">public</w>
			<w x="1804">order,</w>
			<w x="1980">but</w>
			<w x="2272">never</w>
			<w x="2664">suspects</w>
			<w x="2832">the</w>
			<w x="3183">powers</w>
		</line>
	</div>
</body>
