<body>
	<div id="2" group="1" x="663" y="4055" width="2768" height="568" type="score"
		attribution="HMorESM">
		<line n="24" h="142" c="4126">
			<w x="980">takes</w>
			<w x="1168">the</w>
			<w x="1440">place</w>
			<w x="1592">of</w>
			<w x="1920">higher</w>
			<w x="2472">affections.</w>
			<w x="2616">I</w>
			<w x="2880">have</w>
			<w x="3160">often</w>
			<w x="3424">been</w>
		</line>
		<line n="25" h="142" c="4268">
			<w x="1028">struck</w>
			<w x="1164">by</w>
			<w x="1328">the</w>
			<w x="1760">contrast</w>
			<w x="2176">between</w>
			<w x="2376">the</w>
			<w x="2552">use</w>
			<w x="2820">made</w>
			<w x="2948">of</w>
			<w x="3136">the</w>
			<w x="3416">cross</w>
		</line>
		<line n="26" h="142" c="4410">
			<w x="828">in</w>
			<w x="1068">the</w>
			<w x="1396">pulpit,</w>
			<w x="1620">and</w>
			<w x="1848">the</w>
			<w x="2148">calm,</w>
			<w x="2888">unimpassioned</w>
			<w x="3276">manner</w>
			<w x="3424">in</w>
		</line>
		<line n="27" h="142" c="4552">
			<w x="1020">which</w>
			<w x="1204">the</w>
			<w x="1680">sufferings</w>
			<w x="1832">of</w>
			<w x="2132">Jesus</w>
			<w x="2320">are</w>
			<w x="2736">detailed</w>
			<w x="2912">by</w>
			<w x="3108">the</w>
			<w x="3424">
				<choice>
					<hyph>Evan-</hyph>
					<reg>Evangelists</reg>
				</choice>
			</w>
		</line>
	</div>
</body>
