<body>
	<div id="2" group="1" x="503" y="3168" width="2757" height="420" type="score"
		attribution="HMorESM">
		<line c="3246" h="117" n="16">
			<w x="691">rise</w>
			<w x="1059">chiefly</w>
			<w x="1221">by</w>
			<w x="1408">the</w>
			<w x="1667">care</w>
			<w x="2162">bestowed</w>
			<w x="2339">on</w>
			<w x="2554">the</w>
			<w x="2924">young.</w>
			<w x="3230">Not</w>
		</line>
		<line c="3379" h="131" n="17">
			<w x="695">that</w>
			<w x="790">I</w>
			<w x="1111">would</w>
			<w x="1362">say,</w>
			<w x="1500">as</w>
			<w x="1616">is</w>
			<w x="2164">sometimes</w>
			<w x="2474">rashly</w>
			<w x="2731">said,</w>
			<w x="2978">that</w>
			<w x="3227">none</w>
		</line>
		<line c="3529" h="126" n="18">
			<w x="675">but</w>
			<w x="855">the</w>
			<w x="1230">young</w>
			<w x="1423">can</w>
			<w x="1894">improve.</w>
			<w x="2074">I</w>
			<w x="2332">give</w>
			<w x="2506">up</w>
			<w x="2658">no</w>
			<w x="2854">age</w>
			<w x="2987">as</w>
			<w x="3223">
				<choice>
					<hyph>des-</hyph>
					<reg>desperate</reg>
				</choice>
			</w>
		</line>
	</div>
	<div id="3" group="2" x="494" y="4030" width="2753" height="564" type="score"
		attribution="HMorESM">
		<line c="4090" h="146" n="22">
			<w x="794">desire</w>
			<w x="886">a</w>
			<w x="1264">pledge,</w>
			<w x="1489">that</w>
			<w x="1654">his</w>
			<w x="1935">labor</w>
			<w x="2145">will</w>
			<w x="2332">not</w>
			<w x="2472">be</w>
			<w x="2604">in</w>
			<w x="2867">vain.</w>
			<w x="3225">None</w>
		</line>
		<line c="4241" h="126" n="23">
			<w x="662">are</w>
			<w x="847">too</w>
			<w x="1052">old</w>
			<w x="1187">to</w>
			<w x="1509">learn.</w>
			<w x="1844">The</w>
			<w x="2200">world,</w>
			<w x="2448">from</w>
			<w x="2663">our</w>
			<w x="2900">first</w>
			<w x="3033">to</w>
			<w x="3226">our</w>
		</line>
		<line c="4371" h="138" n="24">
			<w x="675">last</w>
			<w x="980">hour,</w>
			<w x="1099">is</w>
			<w x="1318">our</w>
			<w x="1713">school,</w>
			<w x="1924">and</w>
			<w x="2132">the</w>
			<w x="2448">whole</w>
			<w x="2615">of</w>
			<w x="2800">life</w>
			<w x="3013">has</w>
			<w x="3224">but</w>
		</line>
		<line c="4523" h="130" n="25">
			<w x="682">one</w>
			<w x="976">great</w>
			<w x="1446">purpose,</w>
			<w x="1992">education.</w>
			<w x="2355">Still,</w>
			<w x="2542">the</w>
			<w x="2878">child,</w>
			<w x="3222">
				<choice>
					<hyph>uncor-</hyph>
					<reg>uncorrupted</reg>
				</choice>
			</w>
		</line>
	</div>
</body>
