<body>
	<div id="2" group="1" x="636" y="2164" width="2555" height="297" type="bar"
		attribution="HMorESM">
		<line c="2248" h="147" n="12">
			<blank x="2015"/>
			<w x="2171">We</w>
			<w x="2510">cannot</w>
			<w x="2666">be</w>
			<w x="2984">happy</w>
			<w x="3161">
				<choice>
					<hyph>be-</hyph>
					<reg>beyond</reg>
				</choice>
			</w>
		</line>
		<line c="2384" h="159" n="13">
			<w x="885" endhyph="true">yond</w>
			<w x="1065">our</w>
			<w x="1368">love.</w>
		</line>
	</div>
</body>
