<body>
	<div id="2" group="1" x="754" y="2604" width="2748" height="275" type="score"
		attribution="HMorESM">
		<line n="13" h="137" c="2673">
			<w x="1184">personal</w>
			<w x="1581">liberty.</w>
			<w x="1838">No</w>
			<w x="2216">matter,</w>
			<w x="2436">that</w>
			<w x="2641">our</w>
			<w x="2975">chains</w>
			<w x="3157">are</w>
			<w x="3501">woven</w>
		</line>
		<line n="14" h="137" c="2810">
			<w x="926">of</w>
			<w x="1222">silk.</w>
			<w x="1585">They</w>
			<w x="1772">are</w>
			<w x="1939">as</w>
			<w x="2216">iron,</w>
			<w x="2636">because</w>
			<w x="2913">they</w>
			<w x="3143">are</w>
			<w x="3496">chains.</w>
		</line>
	</div>
</body>
