<body>
	<div id="2" group="1" x="677" y="1808" width="2731" height="1000" type="score"
		attribution="HMorESM">
		<line c="1879" h="123" n="8">
			<w x="907">their</w>
			<w x="1136">own</w>
			<w x="1893">understandings.</w>
			<w x="2196">Let</w>
			<w x="2578">religion</w>
			<w x="2728">be</w>
			<w x="3048">seized</w>
			<w x="3212">on</w>
			<w x="3375">by</w>
		</line>
		<line c="2012" h="135" n="9">
			<w x="1183">individuals</w>
			<w x="1350">or</w>
			<w x="1647">sects,</w>
			<w x="1799">as</w>
			<w x="2053">their</w>
			<w x="2412">special</w>
			<w x="2933">province;</w>
			<w x="3109">let</w>
			<w x="3380">them</w>
		</line>
		<line c="2155" h="131" n="10">
			<w x="977">clothe</w>
			<w x="1539">themselves</w>
			<w x="1776">with</w>
			<w x="2101">God's</w>
			<w x="2679">prerogative</w>
			<w x="2841">of</w>
			<w x="3443">judgment;</w>
		</line>
		<line c="2299" h="144" n="11">
			<w x="814">let</w>
			<w x="1077">them</w>
			<w x="1485">succeed</w>
			<w x="1609">in</w>
			<w x="2078">enforcing</w>
			<w x="2330">their</w>
			<w x="2621">creed</w>
			<w x="2798">by</w>
			<w x="3226">penalties</w>
			<w x="3374">of</w>
		</line>
		<line c="2443" h="134" n="12">
			<w x="893">law,</w>
			<w x="1027">or</w>
			<w x="1469">penalties</w>
			<w x="1604">of</w>
			<w x="2048">opinion;</w>
			<w x="2225">let</w>
			<w x="2480">them</w>
			<w x="2886">succeed</w>
			<w x="3009">in</w>
			<w x="3380">fixing</w>
			<w x="3457">a</w>
		</line>
		<line c="2583" h="128" n="13">
			<w x="960">brand</w>
			<w x="1111">on</w>
			<w x="1520">virtuous</w>
			<w x="1789">men,</w>
			<w x="2122">whose</w>
			<w x="2360">only</w>
			<w x="2664">crime</w>
			<w x="2778">is</w>
			<w x="3004">free</w>
			<w x="3385">
				<choice>
					<hyph>investi-</hyph>
					<reg>investigation;</reg>
				</choice>
			</w>
		</line>
		<line c="2734" h="140" n="14">
			<w x="1049" endhyph="true">gation;</w>
			<w x="1264">and</w>
			<w x="1643">religion</w>
			<w x="2085">becomes</w>
			<w x="2266">the</w>
			<w x="2554">most</w>
			<w x="2991">blighting</w>
			<w x="3381">tyranny</w>
		</line>
	</div>
	<div id="3" group="2" x="695" y="5066" width="2755" height="435" type="score"
		attribution="HMorESM">
		<line c="5128" h="126" n="31">
			<w x="972">death</w>
			<w x="1114">in</w>
			<w x="1296">the</w>
			<w x="1590">cause</w>
			<w x="1735">of</w>
			<w x="1999">truth</w>
			<w x="2200">and</w>
			<w x="2554">human</w>
			<w x="2925">rights.</w>
		</line>
		<div id="4" group="2" x="712" y="5066" width="2722" height="425" type="bar"
			attribution="HMorESM">
			<line n="1" h="141" c="5136">
				<blank x="2932"/>
				<w x="3160">But</w>
				<w x="3424">there</w>
			</line>
			<line n="32" h="141" c="5277">
				<w x="916">are</w>
				<w x="1204">other</w>
				<w x="1596">victims</w>
				<w x="1724">of</w>
				<w x="2312">intolerance,</w>
				<w x="2480">on</w>
				<w x="2796">whom</w>
				<w x="2940">I</w>
				<w x="3200">look</w>
				<w x="3424">with</w>
			</line>
			<line n="33" h="141" c="5418">
				<w x="1148">unmixed</w>
				<w x="1560">sorrow.</w>
			</line>
		</div>
		<line c="5418" h="127" n="33">
			<w x="3271">
				<choice>
					<orig>spell-bound</orig>
					<reg>spell bound</reg>
					<reg>spell</reg>
					<reg>bound</reg>
				</choice>
			</w>
			<w x="3404">by</w>
		</line>
		<div id="5" group="2" x="732" y="5347" width="2688" height="134" type="underline"
			attribution="HMorESM">
			<line n="33" h="134" c="5414">
				<blank x="1624"/>
				<w x="1920">They</w>
				<w x="2108">are</w>
				<w x="2428">those,</w>
				<w x="2708">who,</w>
			</line>
		</div>
	</div>
</body>
