<body>
	<div id="2" group="1" x="477" y="1953" width="2790" height="556" type="score"
		attribution="HMorESM">
		<line c="2019" h="143" n="9">
			<w x="882">course,</w>
			<w x="1207">would</w>
			<w x="1489">not</w>
			<w x="1833">weaken.</w>
			<w x="2208">We</w>
			<w x="2408">must</w>
			<w x="2614">not</w>
			<w x="2984">neglect</w>
			<w x="3286">their</w>
		</line>
		<line c="2163" h="150" n="10">
			<w x="846">bodies</w>
			<w x="1204">under</w>
			<w x="1643">
				<choice>
					<orig>pretence</orig>
					<reg>pretense</reg>
				</choice>
			</w>
			<w x="1816">of</w>
			<w x="2193">caring</w>
			<w x="2376">for</w>
			<w x="2680">their</w>
			<w x="3015">souls;</w>
			<w x="3300">nor</w>
		</line>
		<line c="2308" h="167" n="11">
			<w x="773">must</w>
			<w x="974">we,</w>
			<w x="1134">on</w>
			<w x="1334">the</w>
			<w x="1616">other</w>
			<w x="1930">hand,</w>
			<w x="2388">imagine,</w>
			<w x="2589">that</w>
			<w x="2772">in</w>
			<w x="3237">providing</w>
		</line>
		<line c="2446" h="126" n="12">
			<w x="682">for</w>
			<w x="933">their</w>
			<w x="1370">outward</w>
			<w x="1698">wants,</w>
			<w x="1875">we</w>
			<w x="2149">have</w>
			<w x="2595">acquitted</w>
			<w x="3082">ourselves</w>
			<w x="3226">of</w>
		</line>
	</div>
</body>
