<body>
	<div id="2" group="1" x="640" y="2693" width="2703" height="423" type="score"
		attribution="HMorESM">
		<line c="2765" h="129" n="14">
			<w x="759">of</w>
			<w x="1003">very</w>
			<w x="1462">laborious</w>
			<w x="1802">study.</w>
			<w x="2013">It</w>
			<w x="2330">shows</w>
			<w x="2584">how</w>
			<w x="2989">strongly</w>
			<w x="3137">he</w>
			<w x="3328">felt</w>
		</line>
		<line c="2905" h="146" n="15">
			<w x="822">that</w>
			<w x="1250">progress</w>
			<w x="1464">was</w>
			<w x="1648">the</w>
			<w x="1849">law</w>
			<w x="2051">and</w>
			<w x="2260">end</w>
			<w x="2402">of</w>
			<w x="2566">his</w>
			<w x="2888">being,</w>
			<w x="3098">and</w>
			<w x="3375">how</w>
		</line>
		<line c="3053" h="127" n="16">
			<w x="758">he</w>
			<w x="1250">continued</w>
			<w x="1403">to</w>
			<w x="1706">make</w>
			<w x="2152">progress</w>
			<w x="2286">to</w>
			<w x="2470">the</w>
			<w x="2700">last</w>
			<w x="2997">hour.</w>
			<w x="3370">The</w>
		</line>
	</div>
</body>
