<body>
	<div id="2" group="1" x="476" y="3114" width="2571" height="382" type="score"
		attribution="HMorESM">
		<line c="3182" h="136" n="19">
			<w x="979">overgrown</w>
			<w x="1381">children</w>
			<w x="1673">rather</w>
			<w x="1893">than</w>
			<w x="2157">men.</w>
			<w x="2417">To</w>
			<w x="2674">build</w>
			<w x="2813">up</w>
			<w x="3078">that</w>
		</line>
		<line c="3313" h="128" n="20">
			<w x="861">strength</w>
			<w x="994">of</w>
			<w x="1278">mind,</w>
			<w x="1575">which</w>
			<w x="2103">apprehends</w>
			<w x="2288">and</w>
			<w x="2640">cleaves</w>
			<w x="2758">to</w>
			<w x="3012">great</w>
		</line>
		<line c="3439" h="132" n="21">
			<w x="909">universal</w>
			<w x="1241">truths,</w>
			<w x="1350">is</w>
			<w x="1538">the</w>
			<w x="1900">highest</w>
			<w x="2418">intellectual</w>
			<w x="3010">
				<choice>
					<orig>self-culture;</orig>
					<reg>self culture;</reg>
					<reg>self</reg>
					<reg>culture;</reg>
				</choice>
			</w>
		</line>
	</div>
</body>
