<body>
	<div id="2" group="1" x="688" y="3990" width="2719" height="130" type="score"
		attribution="HMorESM">
		<line n="23" h="130" c="4055">
			<w x="840">to</w>
			<w x="1168">repeat</w>
			<w x="1424">what</w>
			<w x="1764">others</w>
			<w x="2036">have</w>
			<w x="2416">taught.</w>
			<w x="2588">I</w>
			<w x="2872">know</w>
			<w x="3044">not</w>
			<w x="3140">a</w>
			<w x="3400">more</w>
		</line>
	</div>
	<div id="3" group="2" x="700" y="4696" width="2726" height="416" type="score"
		attribution="HMorESM">
		<line c="4765" h="127" n="28">
			<w x="1002">
				<choice>
					<hyph>stitute</hyph>
					<reg>substitute</reg>
				</choice>
			</w>
			<w x="1171">for</w>
			<w x="1427">your</w>
			<w x="1688">own.</w>
			<w x="1869">It</w>
			<w x="1976">is</w>
			<w x="2410">intended</w>
			<w x="2567">by</w>
			<w x="2762">our</w>
			<w x="3196">Creator,</w>
			<w x="3404">that</w>
		</line>
		<line c="4910" h="129" n="29">
			<w x="943">truth</w>
			<w x="1283">should</w>
			<w x="1434">be</w>
			<w x="1626">our</w>
			<w x="1859">own</w>
			<w x="2383">discovery,</w>
			<w x="2592">and</w>
			<w x="3068">therefore</w>
			<w x="3215">he</w>
			<w x="3406">has</w>
		</line>
		<line c="5048" h="118" n="30">
			<w x="1238">surrounded</w>
			<w x="1366">us</w>
			<w x="1597">with</w>
			<w x="1930">fallible</w>
			<w x="2295">beings,</w>
			<w x="2612">whom</w>
			<w x="2783">we</w>
			<w x="2966">are</w>
			<w x="3406">impelled</w>
		</line>
	</div>
	<div id="4" group="2" x="692" y="5123" width="2720" height="129" type="score2"
		attribution="HMorESM">
		<line n="1" h="129" c="5187">
			<w x="848">to</w>
			<w x="1288">distrust.</w>
			<w x="1984">Paradoxical</w>
			<w x="2132">as</w>
			<w x="2252">it</w>
			<w x="2496">may</w>
			<w x="2828">seem,</w>
			<w x="3008">we</w>
			<w x="3296">ought</w>
			<w x="3408">to</w>
		</line>
	</div>
	<div id="5" group="2" x="704" y="5270" width="2725" height="270" type="score"
		attribution="HMorESM">
		<line n="1" h="135" c="5337">
			<w x="1136">discover</w>
			<w x="1304">the</w>
			<w x="1596">truths</w>
			<w x="1904">which</w>
			<w x="2060">we</w>
			<w x="2324">have</w>
			<w x="2584">been</w>
			<w x="2892">taught</w>
			<w x="3064">by</w>
			<w x="3416">others;</w>
		</line>
		<line n="2" h="135" c="5472">
			<w x="880">for</w>
			<w x="1108">the</w>
			<w x="1356">light</w>
			<w x="1692">which</w>
			<w x="1912">our</w>
			<w x="2172">own</w>
			<w x="2552">earnest</w>
			<w x="2816">free</w>
			<w x="3228">thought</w>
			<w x="3424">will</w>
		</line>
	</div>
</body>
