<body>
	<div id="2" group="1" x="736" y="1668" width="2715" height="1268" type="score2"
		attribution="HMorESM">
		<line c="1737" h="126" n="7">
			<w x="998">As</w>
			<w x="1202">the</w>
			<w x="1450">first</w>
			<w x="1790">means</w>
			<w x="1932">of</w>
			<w x="2507">establishing</w>
			<w x="2669">an</w>
			<w x="3140">influence</w>
			<w x="3408">over</w>
		</line>
		<line c="1883" h="159" n="8">
			<w x="882">the</w>
			<w x="1232">young,</w>
			<w x="1340">I</w>
			<w x="1650">would</w>
			<w x="1893">say,</w>
			<w x="2109">you</w>
			<w x="2363">must</w>
			<w x="2592">love</w>
			<w x="2912">them.</w>
			<w x="3407">Nothing</w>
		</line>
		<line c="2012" h="116" n="9">
			<w x="1075">attracts</w>
			<w x="1304">like</w>
			<w x="1575">love.</w>
			<w x="2063">Children</w>
			<w x="2243">are</w>
			<w x="2463">said</w>
			<w x="2591">to</w>
			<w x="2742">be</w>
			<w x="3114">shrewd</w>
			<w x="3406">
				<choice>
					<hyph>phys-</hyph>
					<reg>physiognomists,</reg>
				</choice>
			</w>
		</line>
		<line c="2151" h="134" n="10">
			<w x="1272" endhyph="true">iognomists,</w>
			<w x="1473">and</w>
			<w x="1722">read</w>
			<w x="1885">as</w>
			<w x="2045">by</w>
			<w x="2441">instinct</w>
			<w x="2653">our</w>
			<w x="3052">feelings</w>
			<w x="3205">in</w>
			<w x="3409">our</w>
		</line>
		<line c="2295" h="145" n="11">
			<w x="1419">countenances;</w>
			<w x="1661">they</w>
			<w x="1936">know</w>
			<w x="2134">and</w>
			<w x="2315">are</w>
			<w x="2639">drawn</w>
			<w x="2769">to</w>
			<w x="3021">their</w>
			<w x="3400">friends.</w>
		</line>
		<line c="2440" h="136" n="12">
			<w x="792">I</w>
			<w x="1222">recently</w>
			<w x="1556">asked,</w>
			<w x="1794">how</w>
			<w x="1888">a</w>
			<w x="2370">singularly</w>
			<w x="2874">successful</w>
			<w x="3267">teacher</w>
			<w x="3409">in</w>
		</line>
		<line c="2575" h="128" n="13">
			<w x="1086">religion</w>
			<w x="1547">obtained</w>
			<w x="1742">his</w>
			<w x="2325">remarkable</w>
			<w x="2921">ascendency</w>
			<w x="3198">over</w>
			<w x="3407">the</w>
		</line>
		<line c="2709" h="145" n="14">
			<w x="1049">young.</w>
			<w x="1406">The</w>
			<w x="1679">reply</w>
			<w x="1939">was,</w>
			<w x="2143">that</w>
			<w x="2331">his</w>
			<w x="2640">whole</w>
			<w x="3200">intercourse</w>
			<w x="3406">
				<choice>
					<hyph>ex-</hyph>
					<reg>expressed</reg>
				</choice>
			</w>
		</line>
		<line c="2860" h="127" n="15">
			<w x="1091" endhyph="true">pressed</w>
			<w x="1560">affection.</w>
			<w x="1852">His</w>
			<w x="2174">secret</w>
			<w x="2382">was</w>
			<w x="2477">a</w>
			<w x="2839">sincere</w>
			<w x="3100">love.</w>
		</line>
	</div>
	<div id="3" group="2" x="740" y="4332" width="2700" height="1135" type="score"
		attribution="HMorESM">
		<line c="4406" h="157" n="26">
			<w x="1255">Another</w>
			<w x="1752">important</w>
			<w x="1992">rule</w>
			<w x="2169">is,</w>
			<div id="4" group="2" x="736" y="4336" width="2704" height="402" type="bar"
				attribution="HMorESM">
				<line n="26" h="134" c="4403">
					<blank x="2164"/>
					<w x="2408">Let</w>
					<w x="2668">your</w>
					<w x="3092">teaching</w>
					<w x="3252">be</w>
					<w x="3436">
						<choice>
							<hyph>in-</hyph>
							<reg>intelligible.</reg>
						</choice>
					</w>
				</line>
				<line n="27" h="134" c="4537">
					<w x="1212" endhyph="true">telligible.</w>
					<w x="1728">Children</w>
					<w x="1956">will</w>
					<w x="2164">not</w>
					<w x="2448">listen</w>
					<w x="2604">to</w>
					<w x="2928">words</w>
					<w x="3240">which</w>
					<w x="3424">
						<choice>
							<hyph>ex-</hyph>
							<reg>excite</reg>
						</choice>
					</w>
				</line>
				<line n="28" h="134" c="4671">
					<w x="952" endhyph="true">cite</w>
					<w x="1132">no</w>
					<w x="1464">ideas,</w>
					<w x="1648">or</w>
					<w x="1912">only</w>
					<w x="2236">vague</w>
					<w x="2476">and</w>
					<w x="2812">misty</w>
					<w x="3416">conceptions.</w>
				</line>
			</div>
			<line c="4819" h="152" n="29">
				<w x="1048">Speak</w>
				<w x="1177">to</w>
				<w x="1443">them</w>
				<w x="1585">in</w>
				<w x="1768">the</w>
				<w x="2181">familiar,</w>
				<w x="2525">simple</w>
				<w x="2986">language</w>
				<w x="3129">of</w>
				<w x="3449">
					<choice>
						<hyph>com-</hyph>
						<reg>common</reg>
					</choice>
				</w>
			</line>
			<line c="4973" h="126" n="30">
				<w x="950" endhyph="true">mon</w>
				<w x="1228">life,</w>
				<w x="1438">and</w>
				<w x="1581">if</w>
				<w x="1779">the</w>
				<w x="2124">lesson</w>
				<w x="2409">have</w>
				<w x="2829">difficult</w>
				<w x="3189">terms,</w>
				<w x="3413">
					<choice>
						<hyph>de-</hyph>
						<reg>define</reg>
					</choice>
				</w>
			</line>
			<line c="5100" h="136" n="31">
				<w x="915" endhyph="true">fine</w>
				<w x="1222">them.</w>
				<w x="1754">Children</w>
				<w x="2004">love</w>
				<w x="2275">light,</w>
				<w x="2467">not</w>
				<w x="2936">darkness.</w>
				<w x="3463">Choose</w>
			</line>
			<line c="5252" h="129" n="32">
				<w x="1028">topics</w>
				<w x="1191">of</w>
				<w x="1815">conversation</w>
				<w x="1967">to</w>
				<w x="2285">which</w>
				<w x="2554">their</w>
				<w x="2873">minds</w>
				<w x="3075">are</w>
				<w x="3415">equal,</w>
			</line>
			<line c="5395" h="130" n="33">
				<w x="917">and</w>
				<w x="1149">pass</w>
				<w x="1422">from</w>
				<w x="1625">one</w>
				<w x="1752">to</w>
				<w x="2158">another</w>
				<w x="2315">by</w>
				<w x="2586">steps</w>
				<w x="2899">which</w>
				<w x="3096">the</w>
				<w x="3487">young</w>
			</line>
		</line>
	</div>
</body>
