<body>
	<div id="2" group="1" x="669" y="811" width="2734" height="295" type="score"
		type2="questionmark" attribution="HMorESM">
		<line n="1" h="147" c="884">
			<w x="1011">battle,</w>
			<w x="1127">a</w>
			<w x="1454">wound</w>
			<w x="1575">is</w>
			<w x="1749">not</w>
			<w x="1975">felt,</w>
			<w x="2186">and</w>
			<w x="2412">that</w>
			<w x="2692">men,</w>
			<w x="2992">dying</w>
			<w x="3161">for</w>
			<w x="3403">their</w>
		</line>
		<line n="2" h="147" c="1031">
			<w x="932">faith</w>
			<w x="1069">by</w>
			<w x="1638">instruments</w>
			<w x="1775">of</w>
			<w x="2165">torture,</w>
			<w x="2402">have</w>
			<w x="2792">expired</w>
			<w x="3024">with</w>
			<w x="3403">triumph</w>
		</line>
	</div>
	<div id="3" group="2" x="675" y="2376" width="2751" height="1979" type="score"
		attribution="HMorESM">
		<line c="2449" h="118" n="12">
			<w x="943">agent</w>
			<w x="1200">only</w>
			<w x="1566">springs</w>
			<w x="1675">a</w>
			<w x="1975">mine,</w>
			<w x="2069">a</w>
			<w x="2475">fountain</w>
			<w x="2799">within</w>
			<w x="2991">us.</w>
			<w x="3205">0</w>
			<w x="3390">the</w>
		</line>
		<line c="2590" h="117" n="13">
			<w x="927">great</w>
			<w x="1187">deep</w>
			<w x="1333">of</w>
			<w x="1777">suffering</w>
			<w x="1920">in</w>
			<w x="2218">every</w>
			<w x="2566">human</w>
			<w x="2968">breast!</w>
			<w x="3389">
				<choice>
					<hyph>Proba-</hyph>
					<reg>Probably</reg>
				</choice>
			</w>
		</line>
		<line c="2724" h="134" n="14">
			<w x="840" endhyph="true">bly</w>
			<w x="1091">most</w>
			<w x="1236">of</w>
			<w x="1377">us</w>
			<w x="1628">have</w>
			<w x="2235">experienced</w>
			<w x="2512">pains</w>
			<w x="2792">more</w>
			<w x="3156">intense</w>
			<w x="3398">than</w>
		</line>
		<line c="2873" h="119" n="15">
			<w x="856">any</w>
			<w x="1318">pleasures</w>
			<w x="1511">we</w>
			<w x="1795">have</w>
			<w x="2065">ever</w>
			<w x="2529">enjoyed.</w>
			<w x="2764">In</w>
			<w x="2976">the</w>
			<w x="3387">present</w>
		</line>
		<line c="3017" h="125" n="16">
			<w x="924">stage</w>
			<w x="1068">of</w>
			<w x="1270">our</w>
			<w x="1612">being,</w>
			<w x="1800">the</w>
			<w x="2248">capacity</w>
			<w x="2392">of</w>
			<w x="2712">agony</w>
			<w x="2935">gets</w>
			<w x="3134">the</w>
			<w x="3384">start</w>
		</line>
		<line c="3156" h="118" n="17">
			<w x="815">of,</w>
			<w x="961">or</w>
			<w x="1094">is</w>
			<w x="1390">more</w>
			<w x="1772">largely</w>
			<w x="2336">developed,</w>
			<w x="2578">than</w>
			<w x="2783">the</w>
			<w x="3227">capacity</w>
			<w x="3371">of</w>
		</line>
		<line c="3300" h="124" n="18">
			<w x="1130">rapturous</w>
			<w x="1372">joy.</w>
			<w x="1684">Our</w>
			<w x="1951">most</w>
			<w x="2440">vehement</w>
			<w x="2896">emotions</w>
			<w x="3100">are</w>
			<w x="3385">those</w>
		</line>
		<line c="3438" h="121" n="19">
			<w x="808">of</w>
			<w x="1228">sorrow;</w>
			<w x="1447">nor</w>
			<w x="1584">is</w>
			<w x="1856">there</w>
			<w x="2081">any</w>
			<w x="2311">way</w>
			<w x="2455">of</w>
			<w x="2900">escaping</w>
			<w x="3378">suffering.</w>
		</line>
		<line c="3581" h="123" n="20">
			<w x="1070">Among</w>
			<w x="1248">the</w>
			<w x="1541">most</w>
			<w x="2146">prosperous,</w>
			<w x="2335">the</w>
			<w x="2636">heart</w>
			<w x="2932">often</w>
			<w x="3278">aches,</w>
			<w x="3391">it</w>
		</line>
		<line c="3717" h="138" n="21">
			<w x="986">knows</w>
			<w x="1195">not</w>
			<w x="1457">why.</w>
			<w x="1869">Sighs</w>
			<w x="2047">are</w>
			<w x="2414">heaved</w>
			<w x="2677">from</w>
			<w x="2882">the</w>
			<w x="3202">breast</w>
			<w x="3390">
				<choice>
					<hyph>ap-</hyph>
					<reg>apparently</reg>
				</choice>
			</w>
		</line>
		<line c="3869" h="125" n="22">
			<w x="1073" endhyph="true">parently</w>
			<w x="1452">without</w>
			<w x="1775">cause.</w>
			<w x="2197">Every</w>
			<w x="2424">soul</w>
			<w x="2611">has</w>
			<w x="2757">its</w>
			<w x="3027">night</w>
			<w x="3154">as</w>
			<w x="3387">well</w>
		</line>
		<line c="4008" h="121" n="23">
			<w x="789">as</w>
			<w x="958">its</w>
			<w x="1229">day;</w>
			<w x="1450">and</w>
			<w x="1543">a</w>
			<w x="1986">darkness</w>
			<w x="2534">sometimes</w>
			<w x="2925">gathers</w>
			<w x="3178">over</w>
			<w x="3384">
				<choice>
					<hyph>na-</hyph>
					<reg>nature</reg>
				</choice>
			</w>
		</line>
		<line c="4136" h="132" n="24">
			<w x="932" endhyph="true">ture</w>
			<w x="1084">and</w>
			<w x="1287">life</w>
			<w x="1602">which</w>
			<w x="1886">must</w>
			<w x="2176">come</w>
			<w x="2435">from</w>
			<w x="2810">within,</w>
			<w x="2987">for</w>
			<w x="3388">nothing</w>
		</line>
		<line c="4293" h="118" n="25">
			<w x="1011">abroad</w>
			<w x="1199">has</w>
			<w x="1628">occurred</w>
			<w x="1790">to</w>
			<w x="2185">depress</w>
			<w x="2362">us.</w>
		</line>
	</div>
</body>
