<body>
	<div id="2" group="1" x="455" y="881" width="2511" height="1036" type="score"
		attribution="HMorESM">
		<line c="938" h="130" n="1">
			<w x="687">
				<choice>
					<hyph>press</hyph>
					<reg>express</reg>
				</choice>
			</w>
			<w x="784">a</w>
			<w x="1059">future</w>
			<w x="1440">felicity;</w>
			<w x="1631">but</w>
			<w x="1797">the</w>
			<w x="2359">blessedness</w>
			<w x="2500">of</w>
			<w x="2663">the</w>
			<w x="2995">future</w>
		</line>
		<line c="1075" h="110" n="2">
			<w x="710">world</w>
			<w x="851">is</w>
			<w x="1099">only</w>
			<w x="1209">a</w>
			<w x="1784">continuance</w>
			<w x="1955">of</w>
			<w x="2200">what</w>
			<w x="2331">is</w>
			<w x="2663">begun</w>
			<w x="2999">here.</w>
		</line>
		<line c="1200" h="135" n="3">
			<w x="742">There</w>
			<w x="864">is</w>
			<w x="1074">but</w>
			<w x="1290">one</w>
			<w x="1521">true</w>
			<w x="2029">happiness,</w>
			<w x="2230">that</w>
			<w x="2391">of</w>
			<w x="2481">a</w>
			<w x="2759">mind</w>
			<w x="3001">
				<choice>
					<hyph>un-</hyph>
					<reg>unfolding</reg>
				</choice>
			</w>
		</line>
		<line c="1332" h="126" n="4">
			<w x="761" endhyph="true">folding</w>
			<w x="930">its</w>
			<w x="1182">best</w>
			<w x="1594">powers,</w>
			<w x="1807">and</w>
			<w x="2268">attaching</w>
			<w x="2535">itself</w>
			<w x="2697">to</w>
			<w x="3014">great</w>
		</line>
		<line c="1461" h="138" n="5">
			<w x="831">objects;</w>
			<w x="1039">and</w>
			<w x="1372">Christ</w>
			<w x="1654">gives</w>
			<w x="2043">heaven,</w>
			<w x="2301">only</w>
			<w x="2436">in</w>
			<w x="3017">proportion</w>
		</line>
		<line c="1596" h="134" n="6">
			<w x="556">as</w>
			<w x="694">he</w>
			<w x="969">gives</w>
			<w x="1176">this</w>
			<w x="1619">elevation</w>
			<w x="1771">of</w>
			<w x="2240">character.</w>
			<w x="2547">The</w>
			<w x="3011">
				<choice>
					<hyph>disinter-</hyph>
					<reg>disinterestedness,</reg>
				</choice>
			</w>
		</line>
		<line c="1723" h="125" n="7">
			<w x="904" endhyph="true">estedness,</w>
			<w x="1122">and</w>
			<w x="1446">moral</w>
			<w x="1870">strength,</w>
			<w x="2086">and</w>
			<w x="2331">filial</w>
			<w x="2603">piety</w>
			<w x="2763">of</w>
			<w x="3009">the</w>
		</line>
		<line c="1849" h="147" n="8">
			<w x="895">Christian,</w>
			<w x="1088">are</w>
			<w x="1285">not</w>
			<w x="1560">mere</w>
			<w x="1882">means</w>
			<w x="2036">of</w>
			<w x="2407">heaven,</w>
			<w x="2595">but</w>
			<w x="3013">heaven</w>
		</line>
	</div>
</body>
