<body>
	<div id="2" group="1" x="490" y="1279" width="2556" height="1055" type="score"
		attribution="HMorESM">
		<line c="1346" h="112" n="5">
			<w x="648">we</w>
			<w x="924">must</w>
			<w x="1222">never</w>
			<w x="1656">wander?</w>
			<w x="1998">Such</w>
			<w x="2096">a</w>
			<w x="2470">religion</w>
			<w x="2623">as</w>
			<w x="3019">Christ's</w>
		</line>
		<line c="1454" h="184" n="6">
			<w x="907">demands</w>
			<w x="1098">the</w>
			<w x="1467">highest</w>
			<w x="1867">possible</w>
			<w x="2250">activity</w>
			<w x="2458">and</w>
			<w x="2863">freedom</w>
			<w x="3015">of</w>
		</line>
		<line c="1609" h="140" n="7">
			<w x="662">the</w>
			<w x="900">soul.</w>
			<w x="1292">Every</w>
			<w x="1503">new</w>
			<w x="1790">gleam</w>
			<w x="1922">of</w>
			<w x="2150">light</w>
			<w x="2478">should</w>
			<w x="2616">be</w>
			<w x="3021">
				<choice>
					<hyph>welcom-</hyph>
					<reg>welcomed.</reg>
				</choice>
			</w>
		</line>
		<line c="1739" h="148" n="8">
			<w x="654" endhyph="true">ed.</w>
			<w x="880">with</w>
			<w x="1101">joy.</w>
			<w x="1493">Every</w>
			<w x="1695">hint</w>
			<w x="2026">should</w>
			<w x="2190">be</w>
			<w x="2610">followed</w>
			<w x="2789">out</w>
			<w x="3065">with</w>
		</line>
		<line c="1872" h="144" n="9">
			<w x="974">eagerness.</w>
			<w x="1361">Every</w>
			<w x="1756">whisper</w>
			<w x="1906">of</w>
			<w x="2087">the</w>
			<w x="2409">divine</w>
			<w x="2686">voice</w>
			<w x="2838">in</w>
			<w x="3060">the</w>
		</line>
		<line c="1989" h="123" n="10">
			<w x="708">soul</w>
			<w x="1059">should</w>
			<w x="1231">be</w>
			<w x="1569">heard.</w>
			<w x="1879">The</w>
			<w x="2131">love</w>
			<w x="2294">of</w>
			<w x="2747">Christian</w>
			<w x="3056">truth</w>
		</line>
		<line c="2123" h="136" n="11">
			<w x="811">should</w>
			<w x="948">be</w>
			<w x="1078">so</w>
			<w x="1450">intense,</w>
			<w x="1578">as</w>
			<w x="1703">to</w>
			<w x="1971">make</w>
			<w x="2117">us</w>
			<w x="2460">willing</w>
			<w x="2579">to</w>
			<w x="2789">part</w>
			<w x="3064">with</w>
		</line>
		<line c="2261" h="138" n="12">
			<w x="654">all</w>
			<w x="895">other</w>
			<w x="1191">things</w>
			<w x="1352">for</w>
			<w x="1450">a</w>
			<w x="1725">better</w>
			<w x="2426">comprehension</w>
			<w x="2560">of</w>
			<w x="2686">it.</w>
			<w x="3062">Who</w>
		</line>
	</div>
</body>
