<body>
	<div id="2" group="1" x="379" y="1875" width="2536" height="2360" type="score"
		attribution="HMorESM">
		<line c="1941" h="133" n="9">
			<w x="674">We</w>
			<w x="1134">conceive</w>
			<w x="1367">that</w>
			<w x="1853">Christians</w>
			<w x="2112">have</w>
			<w x="2558">generally</w>
			<w x="2950">leaned</w>
		</line>
		<line c="2075" h="128" n="10">
			<w x="732">towards</w>
			<w x="824">a</w>
			<w x="1076">very</w>
			<w x="1498">injurious</w>
			<w x="1758">view</w>
			<w x="1909">of</w>
			<w x="2079">the</w>
			<w x="2538">Supreme</w>
			<w x="2882">Being.</w>
		</line>
		<line c="2211" h="126" n="11">
			<w x="642">They</w>
			<w x="892">have</w>
			<w x="1087">too</w>
			<w x="1362">often</w>
			<w x="1581">felt,</w>
			<w x="1709">as</w>
			<w x="1848">if</w>
			<w x="1989">he</w>
			<w x="2239">were</w>
			<w x="2580">raised,</w>
			<w x="2734">by</w>
			<w x="2888">his</w>
		</line>
		<line c="2346" h="151" n="12">
			<w x="786">greatness</w>
			<w x="978">and</w>
			<w x="1559">sovereignty,</w>
			<w x="1852">above</w>
			<w x="2044">the</w>
			<w x="2538">principles</w>
			<w x="2680">of</w>
			<w x="2890">
				<choice>
					<hyph>mo-</hyph>
					<reg>morality,</reg>
				</choice>
			</w>
		</line>
		<line c="2470" h="114" n="13">
			<w x="648" endhyph="true">rality,</w>
			<w x="941">above</w>
			<w x="1206">those</w>
			<w x="1546">eternal</w>
			<w x="1767">laws</w>
			<w x="1921">of</w>
			<w x="2229">equity</w>
			<w x="2419">and</w>
			<w x="2883">rectitude,</w>
		</line>
		<line c="2595" h="127" n="14">
			<w x="475">to</w>
			<w x="772">which</w>
			<w x="926">all</w>
			<w x="1184">other</w>
			<w x="1513">beings</w>
			<w x="1709">are</w>
			<w x="2201">subjected.</w>
			<w x="2485">We</w>
			<w x="2883">believe,</w>
		</line>
		<line c="2736" h="107" n="15">
			<w x="558">that</w>
			<w x="702">in</w>
			<w x="870">no</w>
			<w x="1167">being</w>
			<w x="1297">is</w>
			<w x="1496">the</w>
			<w x="1790">sense</w>
			<w x="1980">of</w>
			<w x="2230">right</w>
			<w x="2374">so</w>
			<w x="2734">strong,</w>
			<w x="2889">so</w>
		</line>
		<line c="2870" h="115" n="16">
			<w x="910">omnipotent,</w>
			<w x="1035">as</w>
			<w x="1153">in</w>
			<w x="1412">God.</w>
			<w x="1699">We</w>
			<w x="2061">believe</w>
			<w x="2285">that</w>
			<w x="2476">his</w>
			<w x="2893">almighty</w>
		</line>
		<line c="2991" h="125" n="17">
			<w x="666">power</w>
			<w x="786">is</w>
			<w x="1173">entirely</w>
			<w x="1644">submitted</w>
			<w x="1783">to</w>
			<w x="1956">his</w>
			<w x="2520">perceptions</w>
			<w x="2676">of</w>
			<w x="2937">
				<choice>
					<hyph>rec-</hyph>
					<reg>rectitude;</reg>
				</choice>
			</w>
		</line>
		<line c="3116" h="137" n="18">
			<w x="702" endhyph="true">titude;</w>
			<w x="908">and</w>
			<w x="1111">this</w>
			<w x="1232">is</w>
			<w x="1405">the</w>
			<w x="1761">ground</w>
			<w x="1895">of</w>
			<w x="2081">our</w>
			<w x="2397">piety.</w>
			<w x="2592">It</w>
			<w x="2694">is</w>
			<w x="2926">not</w>
		</line>
		<line c="3260" h="150" n="19">
			<w x="741">because</w>
			<w x="902">he</w>
			<w x="1004">is</w>
			<w x="1186">our</w>
			<w x="1560">Creator</w>
			<w x="1947">merely,</w>
			<w x="2120">but</w>
			<w x="2497">because</w>
			<w x="2656">he</w>
			<w x="2939">
				<choice>
					<hyph>cre-</hyph>
					<reg>created</reg>
				</choice>
			</w>
		</line>
		<line c="3391" h="110" n="20">
			<w x="580" endhyph="true">ated</w>
			<w x="709">us</w>
			<w x="868">for</w>
			<w x="1150">good</w>
			<w x="1339">and</w>
			<w x="1587">holy</w>
			<w x="2064">purposes;</w>
			<w x="2207">it</w>
			<w x="2304">is</w>
			<w x="2494">not</w>
			<w x="2926">because</w>
		</line>
		<line c="3512" h="131" n="21">
			<w x="522">his</w>
			<w x="718">will</w>
			<w x="832">is</w>
			<w x="1377">irresistible,</w>
			<w x="1576">but</w>
			<w x="1981">because</w>
			<w x="2148">his</w>
			<w x="2344">will</w>
			<w x="2463">is</w>
			<w x="2655">the</w>
			<w x="2926">
				<choice>
					<hyph>per-</hyph>
					<reg>perfection</reg>
				</choice>
			</w>
		</line>
		<line c="3643" h="135" n="22">
			<w x="687" endhyph="true">fection</w>
			<w x="824">of</w>
			<w x="1144">virtue,</w>
			<w x="1345">that</w>
			<w x="1503">we</w>
			<w x="1695">pay</w>
			<w x="1892">him</w>
			<w x="2384">allegiance.</w>
			<w x="2668">We</w>
			<w x="2935">
				<choice>
					<hyph>can-</hyph>
					<reg>cannot</reg>
				</choice>
			</w>
		</line>
		<line c="3783" h="143" n="23">
			<w x="536" endhyph="true">not</w>
			<w x="777">bow</w>
			<w x="1083">before</w>
			<w x="1189">a</w>
			<w x="1507">being,</w>
			<w x="1961">however</w>
			<w x="2209">great</w>
			<w x="2419">and</w>
			<w x="2937">powerful,</w>
		</line>
		<line c="3913" h="119" n="24">
			<w x="576">who</w>
			<w x="947">governs</w>
			<w x="1518">tyrannically.</w>
			<w x="1803">We</w>
			<w x="2173">respect</w>
			<w x="2523">nothing</w>
			<w x="2695">but</w>
			<w x="2935">
				<choice>
					<hyph>ex-</hyph>
					<reg>excellence,</reg>
				</choice>
			</w>
		</line>
		<line c="4034" h="121" n="25">
			<w x="784" endhyph="true">cellence,</w>
			<w x="1168">whether</w>
			<w x="1309">on</w>
			<w x="1562">earth</w>
			<w x="1690">or</w>
			<w x="1801">in</w>
			<w x="2182">heaven.</w>
			<w x="2470">We</w>
			<w x="2888">venerate</w>
		</line>
		<line c="4177" h="107" n="26">
			<w x="543">not</w>
			<w x="755">the</w>
			<w x="1148">loftiness</w>
			<w x="1307">of</w>
			<w x="1614">God's</w>
			<w x="1982">throne,</w>
			<w x="2180">but</w>
			<w x="2366">the</w>
			<w x="2702">equity</w>
			<w x="2890">and</w>
		</line>
	</div>
</body>
