<body>
	<div id="2" group="1" x="444" y="5201" width="2740" height="311" type="score"
		attribution="HMorESM">
		<line n="32" h="155" c="5278">
			<w x="700">give</w>
			<w x="1008">light,</w>
			<w x="1236">life,</w>
			<w x="1636">strength</w>
			<w x="1776">to</w>
			<w x="1956">the</w>
			<w x="2420">immortal</w>
			<w x="2736">soul.</w>
			<w x="2976">He</w>
			<w x="3184">who</w>
		</line>
		<line n="33" h="155" c="5433">
			<w x="740">rears</w>
			<w x="916">up</w>
			<w x="1120">one</w>
			<w x="1412">child</w>
			<w x="1552">in</w>
			<w x="2024">Christian</w>
			<w x="2368">virtue,</w>
			<w x="2544">or</w>
			<w x="3000">recovers</w>
			<w x="3184">one</w>
		</line>
	</div>
</body>
