<body>
	<div id="2" group="1" x="401" y="3679" width="2517" height="263" type="score"
		attribution="HMorESM">
		<line c="3750" h="131" n="23">
			<w x="545">the</w>
			<w x="782">soul.</w>
			<w x="1096">Men</w>
			<w x="1306">are</w>
			<w x="1585">flying</w>
			<w x="1842">from</w>
			<w x="1978">an</w>
			<w x="2385">outward</w>
			<w x="2633">hell,</w>
			<w x="2902">when</w>
		</line>
		<line c="3889" h="146" n="24">
			<w x="492">in</w>
			<w x="759">truth</w>
			<w x="1014">they</w>
			<w x="1306">carry</w>
			<w x="1626">within</w>
			<w x="1904">them</w>
			<w x="2102">the</w>
			<w x="2324">hell</w>
			<w x="2646">which</w>
			<w x="2962">they</w>
		</line>
	</div>
</body>
