<body>
	<div id="2" group="1" x="604" y="2599" width="2504" height="259" type="score"
		attribution="HMorESM">
		<line c="2671" h="113" n="15">
			<w x="912">places,</w>
			<w x="1143">with</w>
			<w x="1434">which</w>
			<w x="1669">even</w>
			<w x="2125">childhood</w>
			<w x="2228">is</w>
			<w x="2620">satiated.</w>
			<w x="3156">Religion</w>
		</line>
		<line c="2792" h="120" n="16">
			<w x="823">must</w>
			<w x="958">be</w>
			<w x="1185">seen</w>
			<w x="1304">to</w>
			<w x="1443">be</w>
			<w x="1611">the</w>
			<w x="1896">friend</w>
			<w x="2082">and</w>
			<w x="2542">quickener</w>
			<w x="2676">of</w>
			<w x="3088">intellect.</w>
		</line>
	</div>
</body>
