<body>
	<div id="3" group="1" x="681" y="2101" width="2733" height="418" type="score" type2="annotated"
		attribution="HMorESM">
		<line c="2173" h="122" n="10">
			<w x="996">
				<choice>
					<hyph>lander</hyph>
					<reg>Laplander</reg>
				</choice>
			</w>
			<w x="1454">dwelling</w>
			<w x="1607">in</w>
			<w x="1859">huts</w>
			<w x="2100">and</w>
			<w x="2406">living</w>
			<w x="2585">on</w>
			<w x="2874">food</w>
			<w x="3392">compared</w>
		</line>
		<line c="2307" h="144" n="11">
			<w x="908">with</w>
			<w x="1206">which</w>
			<w x="1381">the</w>
			<w x="2180">accommodations</w>
			<w x="2315">of</w>
			<w x="2496">our</w>
			<w x="2739">poor</w>
			<w x="2905">are</w>
			<w x="3385">abundant,</w>
		</line>
		<line c="2458" h="121" n="12">
			<w x="844">are</w>
			<w x="1127">more</w>
			<w x="1358">than</w>
			<w x="1773">content.</w>
			<w x="2160">They</w>
			<w x="2484">would</w>
			<w x="2673">not</w>
			<w x="3152">exchange</w>
			<w x="3393">their</w>
		</line>
	</div>
	<div id="3" group="2" x="60" y="2018" width="580" height="643" type="annotation"
		attribution="ESM">
		<line n="1" h="321" c="2211">
			<w x="378">Yes,</w>
			<w x="636">but</w>
		</line>
		<line n="11" h="322" c="2413">
			<blank x="181"/>
			<w x="641">why?</w>
		</line>
	</div>
</body>
