<body>
	<div id="2" group="1" x="453" y="4181" width="2504" height="910" type="score"
		attribution="HMorESM">
		<line c="4246" h="119" n="27">
			<w x="695">With</w>
			<w x="943">such</w>
			<w x="1050">a</w>
			<w x="1468">Creator,</w>
			<w x="1662">the</w>
			<w x="1900">idea</w>
			<w x="2050">of</w>
			<w x="2368">mercy</w>
			<w x="2704">cannot</w>
			<w x="2941">
				<choice>
					<hyph>coa-</hyph>
					<reg>coalesce;</reg>
				</choice>
			</w>
		</line>
		<line c="4377" h="122" n="28">
			<w x="736" endhyph="true">lesce;</w>
			<w x="956">and</w>
			<w x="1053">I</w>
			<w x="1257">will</w>
			<w x="1450">say</w>
			<w x="1738">more,</w>
			<w x="1962">that,</w>
			<w x="2247">under</w>
			<w x="2492">such</w>
			<w x="2575">a</w>
			<w x="2943">
				<choice>
					<hyph>govern-</hyph>
					<reg>government,</reg>
				</choice>
			</w>
		</line>
		<line c="4503" h="110" n="29">
			<w x="706" endhyph="true">ment,</w>
			<w x="932">man</w>
			<w x="1219">would</w>
			<w x="1478">need</w>
			<w x="1616">no</w>
			<w x="1977">mercy;</w>
			<w x="2153">for</w>
			<w x="2287">he</w>
			<w x="2584">would</w>
			<w x="2794">owe</w>
			<w x="2935">no</w>
		</line>
		<line c="4624" h="122" n="30">
			<w x="880">allegiance</w>
			<w x="1035">to</w>
			<w x="1290">such</w>
			<w x="1392">a</w>
			<w x="1738">maker,</w>
			<w x="1948">and</w>
			<w x="2246">could</w>
			<w x="2452">not</w>
			<w x="2596">of</w>
			<w x="2936">course</w>
		</line>
		<line c="4761" h="139" n="31">
			<w x="811">contract</w>
			<w x="979">the</w>
			<w x="1230">guilt</w>
			<w x="1361">of</w>
			<w x="1766">violating</w>
			<w x="1917">it;</w>
			<w x="2152">and,</w>
			<w x="2518">without</w>
			<w x="2787">guilt,</w>
			<w x="2936">no</w>
		</line>
		<line c="4910" h="147" n="32">
			<w x="691">grace</w>
			<w x="816">or</w>
			<w x="1144">pardon</w>
			<w x="1436">would</w>
			<w x="1574">be</w>
			<w x="1938">wanted.</w>
			<w x="2244">The</w>
			<w x="2582">severity</w>
			<w x="2748">of</w>
			<w x="2936">this</w>
		</line>
		<line c="5031" h="123" n="33">
			<w x="763">system</w>
			<w x="1092">would</w>
			<w x="1350">place</w>
			<w x="1566">him</w>
			<w x="1722">on</w>
			<w x="1917">the</w>
			<w x="2276">ground</w>
			<w x="2424">of</w>
			<w x="2582">an</w>
			<w x="2935">injured</w>
		</line>
	</div>
</body>
