<body>
	<div id="2" group="1" x="696" y="4575" width="2724" height="401" type="score"
		type2="parenthesis" attribution="HMorESM">
		<line c="4647" h="143" n="29">
			<blank x="1133"/>
			<w x="1447">Never</w>
			<w x="1641">will</w>
			<w x="1923">there</w>
			<w x="2067">be</w>
			<w x="2386">peace,</w>
			<w x="2631">until</w>
			<w x="3131">Christians</w>
			<w x="3417">agree</w>
		</line>
		<line c="4780" h="119" n="30">
			<w x="795">to</w>
			<w x="1102">differ,</w>
			<w x="1315">and</w>
			<w x="1613">agree</w>
			<w x="1738">to</w>
			<w x="1973">look</w>
			<w x="2139">for</w>
			<w x="2315">the</w>
			<w x="2803">evidences</w>
			<w x="2940">of</w>
			<w x="3446">Christian</w>
		</line>
		<line c="4918" h="106" n="31">
			<w x="1155">character</w>
			<w x="1275">in</w>
			<w x="1454">the</w>
			<w x="1813">temper</w>
			<w x="2016">and</w>
			<w x="2192">the</w>
			<w x="2400">life.</w>
		</line>
	</div>
</body>
