<body>
	<div id="2" group="1" x="623" y="1534" width="2557" height="1454" type="score"
		attribution="HMorESM">
		<line c="1606" h="124" n="7">
			<w x="985">without</w>
			<w x="1507">departures</w>
			<w x="1768">from</w>
			<w x="2072">truth.</w>
			<w x="2364">All</w>
			<w x="2663">these</w>
			<w x="3205">processes</w>
		</line>
		<line c="1737" h="120" n="8">
			<w x="871">must</w>
			<w x="1126">have</w>
			<w x="1234">a</w>
			<w x="1662">blighting</w>
			<w x="1968">effect</w>
			<w x="2130">on</w>
			<w x="2329">the</w>
			<w x="2608">mind</w>
			<w x="2836">and</w>
			<w x="3145">heart.</w>
		</line>
		<line c="1875" h="114" n="9">
			<w x="912">They</w>
			<w x="1222">impair</w>
			<w x="1800">
				<choice>
					<orig>self-respect.</orig>
					<reg>self respect.</reg>
					<reg>self</reg>
					<reg>respect.</reg>
				</choice>
			</w>
			<w x="2167">They</w>
			<w x="2440">cloud</w>
			<w x="2631">the</w>
			<w x="3153">intellectual</w>
		</line>
		<line c="2001" h="125" n="10">
			<w x="859">eye.</w>
			<w x="1207">They</w>
			<w x="1666">accustom</w>
			<w x="1909">men</w>
			<w x="2056">to</w>
			<w x="2410">tamper</w>
			<w x="2650">with</w>
			<w x="2934">truth.</w>
			<w x="3152">In</w>
		</line>
		<line c="2128" h="133" n="11">
			<w x="1116">proportion</w>
			<w x="1239">as</w>
			<w x="1317">a</w>
			<w x="1537">man</w>
			<w x="1892">dilutes</w>
			<w x="2056">his</w>
			<w x="2431">thought</w>
			<w x="2639">and</w>
			<w x="3148">suppresses</w>
		</line>
		<line c="2258" h="119" n="12">
			<w x="784">his</w>
			<w x="1317">conviction,</w>
			<w x="1462">to</w>
			<w x="1714">save</w>
			<w x="1892">his</w>
			<w x="2398">orthodoxy</w>
			<w x="2635">from</w>
			<w x="3148">suspicion;</w>
		</line>
		<line c="2397" h="115" n="13">
			<w x="747">in</w>
			<w x="1255">proportion</w>
			<w x="1376">as</w>
			<w x="1512">he</w>
			<w x="1898">borrows</w>
			<w x="2075">his</w>
			<w x="2386">words</w>
			<w x="2642">from</w>
			<w x="2994">others,</w>
			<w x="3151">
				<choice>
					<hyph>in-</hyph>
					<reg>instead</reg>
				</choice>
			</w>
		</line>
		<line c="2522" h="124" n="14">
			<w x="888" endhyph="true">stead</w>
			<w x="1027">of</w>
			<w x="1432">speaking</w>
			<w x="1572">in</w>
			<w x="1762">his</w>
			<w x="1977">own</w>
			<w x="2378">tongue;</w>
			<w x="2522">in</w>
			<w x="3012">proportion</w>
			<w x="3151">as</w>
		</line>
		<line c="2651" h="131" n="15">
			<w x="770">he</w>
			<w x="1144">distorts</w>
			<w x="1567">language</w>
			<w x="1827">from</w>
			<w x="1963">its</w>
			<w x="2368">common</w>
			<w x="2608">use,</w>
			<w x="2803">that</w>
			<w x="2936">he</w>
			<w x="3153">may</w>
		</line>
		<line c="2787" h="111" n="16">
			<w x="891">stand</w>
			<w x="1124">well</w>
			<w x="1366">with</w>
			<w x="1518">his</w>
			<w x="1829">party;</w>
			<w x="1964">in</w>
			<w x="2165">that</w>
			<w x="2671">proportion</w>
			<w x="2826">he</w>
			<w x="3155">clouds</w>
		</line>
		<line c="2920" h="116" n="17">
			<w x="821">and</w>
			<w x="1251">degrades</w>
			<w x="1430">his</w>
			<w x="1872">intellect,</w>
			<w x="2023">as</w>
			<w x="2263">well</w>
			<w x="2413">as</w>
			<w x="2966">undermines</w>
			<w x="3154">the</w>
		</line>
	</div>
</body>
