<body>
	<div id="2" group="1" x="707" y="1817" width="2694" height="274" type="score"
		attribution="HMorESM">
		<line n="8" h="137" c="1885">
			<w x="940">light</w>
			<w x="1067">to</w>
			<w x="1300">the</w>
			<w x="1740">meteor.</w>
			<w x="2122">Truth</w>
			<w x="2258">is</w>
			<w x="2465">the</w>
			<w x="2808">power</w>
			<w x="3129">which</w>
			<w x="3265">is</w>
			<w x="3397">to</w>
		</line>
		<line n="9" h="137" c="2022">
			<w x="1125">conquer</w>
			<w x="1331">the</w>
			<w x="1713">world;</w>
			<w x="1946">and</w>
			<w x="2179">you</w>
			<w x="2549">cannot</w>
			<w x="2764">toil</w>
			<w x="2953">too</w>
			<w x="3269">much</w>
			<w x="3392">to</w>
		</line>
	</div>
	<div id="3" group="2" x="689" y="2671" width="2730" height="1257" type="score"
		attribution="HMorESM">
		<line c="2744" h="144" n="14">
			<w x="1004">faintly</w>
			<w x="1682">apprehended.</w>
			<w x="1954">On</w>
			<w x="2152">the</w>
			<w x="2472">subject</w>
			<w x="2705">of</w>
			<w x="3124">religion,</w>
			<w x="3463">most</w>
		</line>
		<line c="2878" h="145" n="15">
			<w x="907">men</w>
			<w x="1195">walk</w>
			<w x="1308">in</w>
			<w x="1400">a</w>
			<w x="1664">mist.</w>
			<w x="2011">The</w>
			<w x="2347">words</w>
			<w x="2491">of</w>
			<w x="2683">the</w>
			<w x="2996">Bible</w>
			<w x="3216">and</w>
			<w x="3381">of</w>
		</line>
		<line c="3003" h="123" n="16">
			<w x="856">the</w>
			<w x="1322">preacher</w>
			<w x="1657">convey</w>
			<w x="1862">to</w>
			<w x="2412">multitudes</w>
			<w x="2590">no</w>
			<w x="2987">definite</w>
			<w x="3382">import.</w>
		</line>
		<line c="3154" h="116" n="17">
			<w x="1059">Theology,</w>
			<w x="1439">being</w>
			<w x="1922">generally</w>
			<w x="2324">taught</w>
			<w x="2729">without</w>
			<w x="3167">method,</w>
			<w x="3389">and</w>
		</line>
		<line c="3309" h="138" n="18">
			<w x="803">as</w>
			<w x="902">a</w>
			<w x="1231">matter</w>
			<w x="1376">of</w>
			<w x="1866">authority,</w>
			<w x="2076">and</w>
			<w x="2407">before</w>
			<w x="2592">the</w>
			<w x="2885">mind</w>
			<w x="3099">can</w>
			<w x="3394">
				<choice>
					<hyph>com-</hyph>
					<reg>comprehend</reg>
				</choice>
			</w>
		</line>
		<line c="3435" h="113" n="19">
			<w x="1085" endhyph="true">prehend</w>
			<w x="1220">it,</w>
			<w x="1336">is</w>
			<w x="1525">too</w>
			<w x="1817">often</w>
			<w x="2012">the</w>
			<w x="2412">darkest</w>
			<w x="2644">and</w>
			<w x="2953">most</w>
			<w x="3394">confused</w>
		</line>
		<line c="3578" h="122" n="20">
			<w x="814">of</w>
			<w x="950">all</w>
			<w x="1149">the</w>
			<w x="1563">subjects</w>
			<w x="1705">of</w>
			<w x="2154">thought.</w>
			<w x="2491">How</w>
			<w x="2740">little</w>
			<w x="3116">distinct</w>
			<w x="3391">
				<choice>
					<hyph>com-</hyph>
					<reg>comprehension</reg>
				</choice>
			</w>
		</line>
		<line c="3721" h="120" n="21">
			<w x="1214" endhyph="true">prehension</w>
			<w x="1346">is</w>
			<w x="1735">carried</w>
			<w x="2012">away</w>
			<w x="2168">by</w>
			<w x="2683">multitudes</w>
			<w x="2944">from</w>
			<w x="3138">our</w>
			<w x="3394">most</w>
		</line>
		<line c="3862" h="124" n="22">
			<w x="1192">important</w>
			<w x="1735">discourses.</w>
			<w x="2031">My</w>
			<w x="2491">Brother,</w>
			<w x="2754">help</w>
			<w x="3034">men</w>
			<w x="3169">to</w>
			<w x="3381">see.</w>
		</line>
	</div>
</body>
