<body>
	<div id="2" group="1" x="716" y="1407" width="2745" height="1413" type="score"
		attribution="HMorESM">
		<line c="1474" h="126" n="5">
			<w x="1262">Another</w>
			<w x="1498">rule</w>
			<w x="1665">is,</w>
			<w x="1976">Carry</w>
			<w x="2067">a</w>
			<w x="2476">cheerful</w>
			<w x="2765">spirit</w>
			<w x="2980">into</w>
			<w x="3430">religious</w>
		</line>
		<line c="1616" h="124" n="6">
			<w x="1163">teaching.</w>
			<w x="1448">Do</w>
			<w x="1651">not</w>
			<w x="2032">merely</w>
			<w x="2346">speak</w>
			<w x="2507">of</w>
			<w x="3098">Christianity</w>
			<w x="3232">as</w>
			<w x="3431">the</w>
		</line>
		<line c="1762" h="133" n="7">
			<w x="949">only</w>
			<w x="1367">fountain</w>
			<w x="1512">of</w>
			<w x="2037">happiness.</w>
			<w x="2340">Let</w>
			<w x="2592">your</w>
			<w x="2892">tones</w>
			<w x="3112">and</w>
			<w x="3430">words</w>
		</line>
		<line c="1899" h="126" n="8">
			<w x="954">bear</w>
			<w x="1328">witness</w>
			<w x="1458">to</w>
			<w x="1603">its</w>
			<w x="2119">benignant,</w>
			<w x="2559">cheering</w>
			<w x="3033">influence.</w>
			<w x="3435">Youth</w>
		</line>
		<line c="2054" h="148" n="9">
			<w x="846">is</w>
			<w x="1031">the</w>
			<w x="1242">age</w>
			<w x="1384">of</w>
			<w x="1574">joy</w>
			<w x="1781">and</w>
			<w x="2096">hope,</w>
			<w x="2301">and</w>
			<w x="2726">nothing</w>
			<w x="3039">repels</w>
			<w x="3144">it</w>
			<w x="3434">more</w>
		</line>
		<line c="2185" h="137" n="10">
			<w x="947">than</w>
			<w x="1319">gloom.</w>
			<w x="1604">Do</w>
			<w x="1793">not</w>
			<w x="2086">array</w>
			<w x="2472">religion</w>
			<w x="2593">in</w>
			<w x="2950">terror.</w>
			<w x="3234">Do</w>
			<w x="3439">not</w>
		</line>
		<line c="2330" h="149" n="11">
			<w x="1021">make</w>
			<w x="1248">God</w>
			<w x="1342">a</w>
			<w x="1692">painful</w>
			<w x="2082">thought</w>
			<w x="2232">by</w>
			<w x="2675">speaking</w>
			<w x="2813">of</w>
			<w x="3028">him</w>
			<w x="3178">as</w>
			<w x="3436">
				<choice>
					<hyph>pres-</hyph>
					<reg>present</reg>
				</choice>
			</w>
		</line>
		<line c="2475" h="139" n="12">
			<w x="920" endhyph="true">ent</w>
			<w x="1151">only</w>
			<w x="1280">to</w>
			<w x="1486">see</w>
			<w x="1691">and</w>
			<w x="2072">punish</w>
			<w x="2279">sin.</w>
			<w x="2703">Speak</w>
			<w x="2843">of</w>
			<w x="3015">his</w>
			<w x="3438">fatherly</w>
		</line>
		<line c="2614" h="146" n="13">
			<w x="1098">interest</w>
			<w x="1222">in</w>
			<w x="1419">the</w>
			<w x="1743">young</w>
			<w x="2001">with</w>
			<w x="2091">a</w>
			<w x="2405">warm</w>
			<w x="2703">heart</w>
			<w x="2888">and</w>
			<w x="2998">a</w>
			<w x="3438">beaming</w>
		</line>
		<line c="2753" h="133" n="14">
			<w x="990">eye,</w>
			<w x="1178">and</w>
			<w x="1717">encourage</w>
			<w x="2001">their</w>
			<w x="2268">filial</w>
			<w x="2760">approach</w>
			<w x="2980">and</w>
			<w x="3426">prayers.</w>
		</line>
	</div>
	<div id="3" group="2" x="728" y="3236" width="2752" height="1856" type="score"
		attribution="HMorESM">
		<line c="3315" h="154" n="18">
			<w x="1052">before</w>
			<w x="1272">the</w>
			<w x="1680">young."</w>
			<w x="1912">Do</w>
			<w x="2163">not,</w>
			<w x="2321">to</w>
			<w x="2680">attract</w>
			<w x="2966">them</w>
			<w x="3126">to</w>
			<w x="3476">duty,</w>
		</line>
		<line c="3457" h="144" n="19">
			<w x="1196">represent</w>
			<w x="1299">it</w>
			<w x="1431">as</w>
			<w x="1520">a</w>
			<w x="1896">smooth</w>
			<w x="2116">and</w>
			<w x="2501">flowery</w>
			<w x="2768">path.</w>
			<w x="3051">Do</w>
			<w x="3243">not</w>
			<w x="3488">tell</w>
		</line>
		<line c="3594" h="140" n="20">
			<w x="997">them</w>
			<w x="1224">that</w>
			<w x="1479">they</w>
			<w x="1701">can</w>
			<w x="2117">become</w>
			<w x="2436">good,</w>
			<w x="2929">excellent,</w>
			<w x="3486">generous,</w>
		</line>
		<line c="3724" h="169" n="21">
			<w x="997">holy,</w>
			<w x="1410">without</w>
			<w x="1726">effort</w>
			<w x="1957">and</w>
			<w x="2252">pain.</w>
			<w x="2692">Teach</w>
			<w x="2990">them</w>
			<w x="3232">that</w>
			<w x="3480">the</w>
		</line>
		<line c="3865" h="146" n="22">
			<w x="1155">sacrifice</w>
			<w x="1308">of</w>
			<w x="1761">
				<choice>
					<orig>self-will,</orig>
					<reg>self will,</reg>
					<reg>self</reg>
					<reg>will,</reg>
				</choice>
			</w>
			<w x="1930">of</w>
			<w x="2292">private</w>
			<w x="2726">interest,</w>
			<w x="2953">and</w>
			<w x="3480">pleasure,</w>
		</line>
		<line c="4016" h="141" n="23">
			<w x="858">to</w>
			<w x="1228">others'</w>
			<w x="1527">rights</w>
			<w x="1751">and</w>
			<w x="2305">happiness,</w>
			<w x="2435">to</w>
			<w x="2652">the</w>
			<w x="3048">dictates</w>
			<w x="3192">of</w>
			<w x="3484">
				<choice>
					<hyph>con-</hyph>
					<reg>conscience,</reg>
				</choice>
			</w>
		</line>
		<line c="4157" h="135" n="24">
			<w x="1155" endhyph="true">science,</w>
			<w x="1277">to</w>
			<w x="1463">the</w>
			<w x="1672">will</w>
			<w x="1816">of</w>
			<w x="2104">God,</w>
			<w x="2221">is</w>
			<w x="2404">the</w>
			<w x="2652">very</w>
			<w x="3047">essence</w>
			<w x="3190">of</w>
			<w x="3489">piety</w>
		</line>
		<line c="4300" h="150" n="25">
			<w x="931">and</w>
			<w x="1440">goodness.</w>
			<w x="1746">But</w>
			<w x="1890">at</w>
			<w x="2100">the</w>
			<w x="2363">same</w>
			<w x="2621">time</w>
			<w x="2905">teach</w>
			<w x="3229">them,</w>
			<w x="3495">that</w>
		</line>
		<line c="4444" h="140" n="26">
			<w x="1003">there</w>
			<w x="1155">is</w>
			<w x="1250">a</w>
			<w x="1551">pure,</w>
			<w x="1819">calm</w>
			<w x="2041">joy,</w>
			<w x="2191">an</w>
			<w x="2564">inward</w>
			<w x="2941">peace,</w>
			<w x="3060">in</w>
			<w x="3491">
				<choice>
					<hyph>surren-</hyph>
					<reg>surrendering</reg>
				</choice>
			</w>
		</line>
		<line c="4577" h="157" n="27">
			<w x="1061" endhyph="true">dering</w>
			<w x="1372">every</w>
			<w x="1656">thing</w>
			<w x="1806">to</w>
			<w x="2100">duty,</w>
			<w x="2421">which</w>
			<w x="2639">can</w>
			<w x="2816">be</w>
			<w x="3134">found</w>
			<w x="3268">in</w>
			<w x="3496">no</w>
		</line>
		<line c="4722" h="131" n="28">
			<w x="1057">selfish</w>
			<w x="1474">success.</w>
			<w x="1830">Help</w>
			<w x="2094">them</w>
			<w x="2218">to</w>
			<w x="2767">sympathize</w>
			<w x="2998">with</w>
			<w x="3179">the</w>
			<w x="3444">toils,</w>
		</line>
		<line c="4866" h="147" n="29">
			<w x="1048">pains,</w>
			<w x="1532">sacrifices</w>
			<w x="1712">of</w>
			<w x="1896">the</w>
			<w x="2630">philanthropist,</w>
			<w x="2837">the</w>
			<w x="3240">martyr,</w>
			<w x="3484">the</w>
		</line>
		<line c="5009" h="156" n="30">
			<w x="1114">patriot,</w>
			<w x="1345">and</w>
			<w x="1720">inspire</w>
			<w x="2226">contempt</w>
			<w x="2387">of</w>
			<w x="2618">fear</w>
			<w x="2827">and</w>
			<w x="3099">peril</w>
			<w x="3246">in</w>
			<w x="3481">
				<choice>
					<hyph>ad-</hyph>
					<reg>adhering</reg>
				</choice>
			</w>
		</line>
	</div>
</body>
