<body>
	<div id="2" group="1" x="544" y="842" width="2785" height="995" type="score"
		attribution="HMorESM">
		<line c="919" h="137" n="1">
			<w x="858">
				<choice>
					<hyph>timate</hyph>
					<reg>intimate</reg>
				</choice>
			</w>
			<w x="1392">
				<choice>
					<orig>connexion</orig>
					<reg>connection</reg>
				</choice>
			</w>
			<w x="1614">with</w>
			<w x="1872">their</w>
			<w x="2354">prevalent</w>
			<w x="2725">feelings</w>
			<w x="2939">and</w>
			<w x="3292">modes</w>
		</line>
		<line c="1053" h="160" n="2">
			<w x="700">of</w>
			<w x="1101">thought.</w>
			<w x="1697">Generally</w>
			<w x="2186">speaking,</w>
			<w x="2443">that,</w>
			<w x="2656">and</w>
			<w x="2877">that</w>
			<w x="3137">only,</w>
			<w x="3292">is</w>
		</line>
		<line c="1199" h="156" n="3">
			<w x="794">truth</w>
			<w x="923">to</w>
			<w x="1037">a</w>
			<w x="1292">man</w>
			<w x="1614">which</w>
			<w x="2019">accords</w>
			<w x="2260">with</w>
			<w x="2442">the</w>
			<w x="2896">common</w>
			<w x="3137">tone</w>
			<w x="3292">of</w>
		</line>
		<line c="1333" h="157" n="4">
			<w x="700">his</w>
			<w x="1007">mind,</w>
			<w x="1256">with</w>
			<w x="1459">the</w>
			<w x="1728">mass</w>
			<w x="1872">of</w>
			<w x="2047">his</w>
			<w x="2673">impressions,</w>
			<w x="2925">with</w>
			<w x="3120">the</w>
			<w x="3296">
				<choice>
					<hyph>re-</hyph>
					<reg>results</reg>
				</choice>
			</w>
		</line>
		<line c="1483" h="160" n="5">
			<w x="779" endhyph="true">sults</w>
			<w x="923">of</w>
			<w x="1101">his</w>
			<w x="1711">experience,</w>
			<w x="1958">with</w>
			<w x="2136">his</w>
			<w x="2586">measure</w>
			<w x="2731">of</w>
			<w x="3343">intellectual</w>
		</line>
		<line c="1631" h="160" n="6">
			<w x="1212">development,</w>
			<w x="1451">and</w>
			<w x="1989">especially</w>
			<w x="2264">with</w>
			<w x="2578">those</w>
			<w x="2876">deep</w>
			<w x="3343">
				<choice>
					<hyph>convic-</hyph>
					<reg>convictions</reg>
				</choice>
			</w>
		</line>
		<line c="1771" h="113" n="7">
			<w x="798" endhyph="true">tions</w>
			<w x="1005">and</w>
			<w x="1329">biases</w>
			<w x="1646">which</w>
			<w x="2145">constitute</w>
			<w x="2410">what</w>
			<w x="2572">we</w>
			<w x="2781">call</w>
			<w x="3295">character.</w>
		</line>
	</div>
</body>
