<body>
	<div id="2" group="1" x="605" y="2674" width="2536" height="391" type="parenthesis"
		attribution="HMorESM">
		<line c="2746" h="146" n="15">
			<blank x="1629"/>
			<w x="1912">that</w>
			<w x="2140">God</w>
			<w x="2344">can</w>
			<w x="2638">never</w>
			<w x="3130">contradict</w>
		</line>
		<line c="2856" h="125" n="16">
			<w x="704">in</w>
			<w x="878">his</w>
			<w x="1183">Word</w>
			<w x="1423">what</w>
			<w x="1560">he</w>
			<w x="1737">has</w>
			<w x="2115">himself</w>
			<w x="2462">written</w>
			<w x="2638">on</w>
			<w x="2793">the</w>
			<w x="3128">human</w>
		</line>
		<line c="2995" h="137" n="17">
			<w x="876">heart,</w>
		</line>
	</div>
</body>
