<body>
	<div id="2" group="1" x="670" y="2192" width="2525" height="527" type="score"
		attribution="HMorESM">
		<line c="2264" h="115" n="12">
			<w x="994">refresh</w>
			<w x="1171">our</w>
			<w x="1478">spirits</w>
			<w x="1634">for</w>
			<w x="1986">coming</w>
			<w x="2239">toils.</w>
			<w x="2440">It</w>
			<w x="2542">is</w>
			<w x="2718">not</w>
			<w x="2959">only</w>
			<w x="3208">
				<choice>
					<hyph>pos-</hyph>
					<reg>possible</reg>
				</choice>
			</w>
		</line>
		<line c="2390" h="135" n="13">
			<w x="890" endhyph="true">sible</w>
			<w x="1028">to</w>
			<w x="1479">reconcile</w>
			<w x="2022">amusement</w>
			<w x="2245">with</w>
			<w x="2501">duty,</w>
			<w x="2683">but</w>
			<w x="2800">to</w>
			<w x="3066">make</w>
			<w x="3211">it</w>
		</line>
		<line c="2523" h="128" n="14">
			<w x="823">the</w>
			<w x="1125">means</w>
			<w x="1278">of</w>
			<w x="1536">more</w>
			<w x="1976">animated</w>
			<w x="2424">exertion,</w>
			<w x="2686">more</w>
			<w x="3019">faithful</w>
			<w x="3234">
				<choice>
					<hyph>at-</hyph>
					<reg>attachments,</reg>
				</choice>
			</w>
		</line>
		<line c="2650" h="128" n="15">
			<w x="1155" endhyph="true">tachments,</w>
			<w x="1443">more</w>
			<w x="1832">grateful</w>
			<w x="2140">piety.</w>
			<w x="2517">True</w>
			<w x="2912">religion</w>
			<w x="3042">is</w>
			<w x="3211">at</w>
		</line>
	</div>
</body>
