<body>
	<div id="2" group="1" x="621" y="762" width="2514" height="393" type="score"
		attribution="HMorESM">
		<line c="896" h="264" n="1">
			<w x="823">who</w>
			<w x="1147">makes</w>
			<w x="1273">us</w>
			<w x="1587">abject</w>
			<w x="1793">and</w>
			<w x="2045">base.</w>
			<w x="2383">That</w>
			<w x="2682">moral</w>
			<w x="3189">principle</w>
		</line>
		<line c="962" h="123" n="2">
			<w x="904">within</w>
			<w x="1082">us,</w>
			<w x="1377">which</w>
			<w x="1619">calls</w>
			<w x="1768">us</w>
			<w x="1904">to</w>
			<w x="2195">watch</w>
			<w x="2425">over</w>
			<w x="2626">and</w>
			<w x="2761">to</w>
			<w x="3122">perfect</w>
		</line>
		<line c="1092" h="121" n="3">
			<w x="811">our</w>
			<w x="1018">own</w>
			<w x="1294">souls,</w>
			<w x="1402">is</w>
			<w x="1566">an</w>
			<w x="2066">inspiration,</w>
			<w x="2367">which</w>
			<w x="2524">no</w>
			<w x="2926">teaching</w>
			<w x="3124">can</w>
		</line>
	</div>
</body>
