<body>
	<div id="2" group="1" x="440" y="3541" width="2748" height="559" type="score"
		attribution="HMorESM">
		<line c="3611" h="140" n="20">
			<w x="591">of</w>
			<w x="1026">society?</w>
			<w x="1689">Christianity</w>
			<w x="1956">does</w>
			<w x="2175">not</w>
			<w x="2560">create,</w>
			<w x="2756">but</w>
			<w x="3200">
				<choice>
					<hyph>presup-</hyph>
					<reg>presupposes</reg>
				</choice>
			</w>
		</line>
		<line c="3750" h="128" n="21">
			<w x="744" endhyph="true">poses</w>
			<w x="952">the</w>
			<w x="1200">idea</w>
			<w x="1344">of</w>
			<w x="1659">duty;</w>
			<w x="1880">and</w>
			<w x="2083">the</w>
			<w x="2373">same</w>
			<w x="2649">may</w>
			<w x="2778">be</w>
			<w x="3022">said</w>
			<w x="3197">of</w>
		</line>
		<line c="3892" h="164" n="22">
			<w x="726">other</w>
			<w x="985">great</w>
			<w x="1568">convictions.</w>
			<w x="2220">Revelation,</w>
			<w x="2485">then,</w>
			<w x="2727">does</w>
			<w x="2905">not</w>
			<w x="3201">stand</w>
		</line>
		<line c="4034" h="122" n="23">
			<w x="780">alone,</w>
			<w x="962">nor</w>
			<w x="1092">is</w>
			<w x="1198">it</w>
			<w x="1717">addressed</w>
			<w x="1865">to</w>
			<w x="1957">a</w>
			<w x="2247">blank</w>
			<w x="2471">and</w>
			<w x="2863">passive</w>
			<w x="3195">mind.</w>
		</line>
	</div>
	<div id="3" group="2" x="470" y="4950" width="2711" height="408" type="score"
		attribution="HMorESM">
		<line c="5006" h="135" n="30">
			<w x="741">come</w>
			<w x="1018">from</w>
			<w x="1228">the</w>
			<w x="1712">Creator;</w>
			<w x="1995">and,</w>
			<w x="2640">accordingly,</w>
			<w x="2760">a</w>
			<w x="3207">religion</w>
		</line>
		<line c="5104" h="244" n="31">
			<w x="880">claiming</w>
			<w x="1033">to</w>
			<w x="1209">be</w>
			<w x="1485">from</w>
			<w x="1795">God,</w>
			<w x="1997">can</w>
			<w x="2248">give</w>
			<w x="2424">no</w>
			<w x="2717">surer</w>
			<w x="3017">proof</w>
			<w x="3165">of</w>
		</line>
		<line c="5299" h="126" n="32">
			<w x="930">falsehood</w>
			<w x="1189">than</w>
			<w x="1375">by</w>
			<w x="2050">contradicting</w>
			<w x="2358">those</w>
			<w x="2978">previous</w>
			<w x="3237">truths</w>
		</line>
	</div>
</body>
