<body>
	<div id="2" group="1" x="581" y="3960" width="2514" height="1177" type="score"
		attribution="HMorESM">
		<line c="4018" h="137" n="14">
			<w x="856">world.</w>
			<w x="1171">And</w>
			<w x="1420">shall</w>
			<w x="1654">man</w>
			<w x="1889">dare</w>
			<w x="2027">to</w>
			<w x="2474">interpose</w>
			<w x="2886">between</w>
			<w x="3112">me</w>
		</line>
		<line c="4153" h="132" n="15">
			<w x="757">and</w>
			<w x="932">my</w>
			<w x="1347">heavenly</w>
			<w x="1614">guide</w>
			<w x="1826">and</w>
			<w x="2255">
				<choice>
					<orig>Saviour,</orig>
					<reg>Savior,</reg>
				</choice>
			</w>
			<w x="2472">and</w>
			<w x="2923">prescribe</w>
			<w x="3112">to</w>
		</line>
		<line c="4281" h="129" n="16">
			<w x="751">me</w>
			<w x="915">the</w>
			<w x="1286">articles</w>
			<w x="1444">of</w>
			<w x="1636">my</w>
			<w x="2083">Christian</w>
			<w x="2402">faith?</w>
			<w x="2762">What</w>
			<w x="2879">is</w>
			<w x="3122">the</w>
		</line>
		<line c="4408" h="129" n="17">
			<w x="786">state</w>
			<w x="917">of</w>
			<w x="1169">mind</w>
			<w x="1284">in</w>
			<w x="1587">which</w>
			<w x="1663">I</w>
			<w x="1893">shall</w>
			<w x="2120">best</w>
			<w x="2381">learn</w>
			<w x="2561">the</w>
			<w x="2882">truth?</w>
			<w x="3071">It</w>
		</line>
		<line c="4542" h="119" n="18">
			<w x="658">is</w>
			<w x="888">that,</w>
			<w x="1006">in</w>
			<w x="1300">which</w>
			<w x="1383">I</w>
			<w x="1731">forsake</w>
			<w x="1890">all</w>
			<w x="2168">other</w>
			<w x="2576">teachers</w>
			<w x="2735">for</w>
			<w x="3068">Christ,</w>
		</line>
		<line c="4679" h="124" n="19">
			<w x="673">in</w>
			<w x="961">which</w>
			<w x="1156">my</w>
			<w x="1406">mind</w>
			<w x="1534">is</w>
			<w x="1922">brought</w>
			<w x="2283">nearest</w>
			<w x="2403">to</w>
			<w x="2656">him;</w>
			<w x="2773">it</w>
			<w x="2876">is</w>
			<w x="3074">that</w>
		</line>
		<line c="4822" h="124" n="20">
			<w x="672">in</w>
			<w x="967">which</w>
			<w x="1051">I</w>
			<w x="1213">lay</w>
			<w x="1541">myself</w>
			<w x="1790">open</w>
			<w x="2033">most</w>
			<w x="2408">entirely</w>
			<w x="2527">to</w>
			<w x="2694">the</w>
			<w x="3076">
				<choice>
					<hyph>impres-</hyph>
					<reg>impressions</reg>
				</choice>
			</w>
		</line>
		<line c="4944" h="118" n="21">
			<w x="763" endhyph="true">sions</w>
			<w x="943">of</w>
			<w x="1101">his</w>
			<w x="1400">mind.</w>
			<w x="1680">Let</w>
			<w x="1844">me</w>
			<w x="2001">go</w>
			<w x="2157">to</w>
			<w x="2439">Jesus</w>
			<w x="2677">with</w>
			<w x="2764">a</w>
			<w x="3121">human</w>
		</line>
		<line c="5069" h="129" n="22">
			<w x="830">voice</w>
			<w x="1264">sounding</w>
			<w x="1374">in</w>
			<w x="1547">my</w>
			<w x="1788">ears,</w>
			<w x="1992">and</w>
			<w x="2311">telling</w>
			<w x="2493">me</w>
			<w x="2755">what</w>
			<w x="2839">I</w>
			<w x="3128">must</w>
		</line>
	</div>
</body>
