<body>
	<div id="2" group="1" x="478" y="2436" width="2752" height="278" type="score"
		attribution="HMorESM">
		<line c="2508" h="144" n="12">
			<w x="658">we</w>
			<w x="859">can</w>
			<w x="1147">make</w>
			<w x="1357">him</w>
			<w x="1796">happier.</w>
			<div id="3" group="1" x="486" y="2436" width="2748" height="289" type="bar"
				type2="parenthesis" attribution="HMorESM">
				<line n="12" h="144" c="2508">
					<blank x="1868"/>
					<w x="2141">We</w>
					<w x="2327">are</w>
					<w x="2562">poor</w>
					<w x="2923">judges</w>
					<w x="3043">of</w>
					<w x="3228">
						<choice>
							<hyph>an-</hyph>
							<reg>another's</reg>
						</choice>
					</w>
				</line>
				<line n="2" h="144" c="2652">
					<w x="885" endhyph="true">other's</w>
					<w x="1415">happiness.</w>
				</line>
			</div>
		</line>
		<line c="2650" h="137" n="13">
			<blank x="1412"/>
			<w x="1667">He</w>
			<w x="1918">was</w>
			<w x="2220">made</w>
			<w x="2380">to</w>
			<w x="2691">work</w>
			<w x="2824">it</w>
			<w x="3030">out</w>
			<w x="3220">for</w>
		</line>
	</div>
	<div id="4" group="2" x="499" y="3852" width="2756" height="715" type="score"
		attribution="HMorESM">
		<line c="3933" h="130" n="22">
			<w x="946">Wrongs,</w>
			<w x="1154">and</w>
			<w x="1355">this</w>
			<w x="1750">changes</w>
			<w x="2008">their</w>
			<w x="2361">nature.</w>
			<div id="5" group="2" x="509" y="3858" width="2738" height="284" type="parenthesis"
				attribution="HMorESM">
				<line n="22" h="142" c="3929">
					<blank x="2430"/>
					<w x="2724">Pain</w>
					<w x="2875">as</w>
					<w x="3132">pain,</w>
					<w x="3242">is</w>
				</line>
				<line n="23" h="142" c="4071">
					<w x="899">nothing</w>
					<w x="1444">compared</w>
					<w x="1729">with</w>
					<w x="1976">pain</w>
					<w x="2270">when</w>
					<w x="2408">it</w>
					<w x="2536">is</w>
					<w x="2664">a</w>
					<w x="3041">wrong.</w>
				</line>
			</div>
			<w x="3225">A</w>
		</line>
		<line c="4214" h="140" n="24">
			<w x="787">blow,</w>
			<w x="1079">given</w>
			<w x="1301">me</w>
			<w x="1459">by</w>
			<w x="1931">accident,</w>
			<w x="2174">may</w>
			<w x="2356">fell</w>
			<w x="2538">me</w>
			<w x="2670">to</w>
			<w x="2863">the</w>
			<w x="3226">earth;</w>
		</line>
		<line c="4350" h="151" n="25">
			<w x="708">but,</w>
			<w x="965">after</w>
			<w x="1150">all,</w>
			<w x="1263">it</w>
			<w x="1392">is</w>
			<w x="1506">a</w>
			<w x="1824">trifle.</w>
			<w x="2048">A</w>
			<w x="2338">slight</w>
			<w x="2651">blow,</w>
			<w x="3132">inflicted</w>
			<w x="3228">in</w>
		</line>
		<line c="4497" h="138" n="26">
			<w x="786">scorn</w>
			<w x="919">or</w>
			<w x="1157">with</w>
			<w x="1598">injurious</w>
			<w x="1952">intent,</w>
			<w x="2071">is</w>
			<w x="2218">an</w>
			<w x="2476">evil,</w>
			<w x="2832">which,</w>
			<w x="3231">without</w>
		</line>
	</div>
</body>
