<body>
	<div id="2" group="1" x="660" y="4072" width="2732" height="264" type="score"
		attribution="HMorESM">
		<line n="24" h="132" c="4138">
			<w x="1032">human</w>
			<w x="1524">progress.</w>
			<w x="1800">We</w>
			<w x="1980">do</w>
			<w x="2176">not</w>
			<w x="2376">say</w>
			<w x="2480">to</w>
			<w x="2668">the</w>
			<w x="2972">spirit</w>
			<w x="3092">of</w>
			<w x="3384">truth,</w>
		</line>
		<line n="25" h="132" c="4270">
			<w x="1084">"Thus</w>
			<w x="1272">far</w>
			<w x="1488">and</w>
			<w x="1644">no</w>
			<w x="2108">farther."</w>
			<w x="2400">We</w>
			<w x="2868">reprobate</w>
			<w x="3076">the</w>
			<w x="3376">
				<choice>
					<hyph>exclu-</hyph>
					<reg>exclusive,</reg>
				</choice>
			</w>
		</line>
		<line c="4420" h="151" n="26">
			<w x="908" endhyph="true">sive,</w>
			<w x="1414">tyrannical</w>
			<w x="1691">spirit</w>
			<w x="1832">of</w>
			<w x="2040">the</w>
			<w x="2475">churches</w>
			<w x="2617">of</w>
			<w x="2824">this</w>
			<w x="3076">age,</w>
			<w x="3376">which</w>
		</line>
		<line c="4554" h="151" n="27">
			<w x="1133">denounce</w>
			<w x="1292">as</w>
			<w x="1447">an</w>
			<w x="1809">enemy</w>
			<w x="1940">to</w>
			<w x="2579">Christianity,</w>
			<w x="3030">whoever</w>
			<w x="3170">in</w>
			<w x="3373">the</w>
		</line>
		<line c="4704" h="124" n="28">
			<w x="846">use</w>
			<w x="1012">of</w>
			<w x="1186">his</w>
			<w x="1759">intellectual</w>
			<w x="2160">liberty,</w>
			<w x="2368">and</w>
			<w x="2511">in</w>
			<w x="2695">the</w>
			<w x="3376">interpretation</w>
		</line>
		<line c="4851" h="158" n="29">
			<w x="809">of</w>
			<w x="1134">God's</w>
			<w x="1429">word</w>
			<w x="1619">for</w>
			<w x="2040">himself,</w>
			<w x="2296">may</w>
			<w x="2579">differ</w>
			<w x="2860">from</w>
			<w x="3063">the</w>
			<w x="3374">
				<choice>
					<hyph>tradi-</hyph>
					<reg>traditions</reg>
				</choice>
			</w>
		</line>
		<line c="4985" h="138" n="30">
			<w x="916" endhyph="true">tions</w>
			<w x="1118">and</w>
			<w x="1478">creeds</w>
			<w x="1797">which</w>
			<w x="2088">have</w>
			<w x="2326">been</w>
			<w x="2784">received</w>
			<w x="3029">from</w>
			<w x="3373">fallible</w>
		</line>
		<line c="5121" h="112" n="31">
			<w x="1216">forefathers.</w>
			<w x="1525">We</w>
			<w x="1768">rear</w>
			<w x="2088">these</w>
			<w x="2353">walls</w>
			<w x="2562">not</w>
			<w x="2690">to</w>
			<w x="2781">a</w>
			<w x="3032">sect,</w>
			<w x="3224">but</w>
			<w x="3374">to</w>
		</line>
		<line c="5274" h="144" n="32">
			<w x="1122">religious,</w>
			<w x="1485">moral,</w>
			<w x="2071">intellectual,</w>
			<w x="2668">Protestant,</w>
			<w x="3152">Christian</w>
			<w x="3379">
				<choice>
					<hyph>lib-</hyph>
					<reg>liberty.</reg>
				</choice>
			</w>
		</line>
		<line c="5413" h="139" n="33">
			<w x="933" endhyph="true">erty.</w>
		</line>
	</div>
</body>
