<body>
	<div id="2" group="1" x="652" y="774" width="2493" height="405" type="score"
		attribution="HMorESM">
		<line c="842" h="137" n="1">
			<w x="911">brings</w>
			<w x="1181">them</w>
			<w x="1741">
				<choice>
					<orig>tranquillity,</orig>
					<reg>tranquility,</reg>
				</choice>
			</w>
			<w x="1882">by</w>
			<w x="2047">the</w>
			<w x="2389">eternal</w>
			<w x="2595">and</w>
			<w x="3138">magnificent</w>
		</line>
		<line c="986" h="110" n="2">
			<w x="927">truths,</w>
			<w x="1151">the</w>
			<w x="1498">solemn</w>
			<w x="1741">and</w>
			<w x="2229">unbounded</w>
			<w x="2725">prospects,</w>
			<w x="3023">which</w>
			<w x="3138">it</w>
		</line>
		<line c="1117" h="112" n="3">
			<w x="987">unfolds.</w>
			<w x="1311">This</w>
			<w x="1612">fitness</w>
			<w x="1745">of</w>
			<w x="1928">our</w>
			<w x="2297">religion</w>
			<w x="2421">to</w>
			<w x="2679">more</w>
			<w x="3135">advanced</w>
		</line>
	</div>
</body>
