<body>
	<div id="2" group="1" x="414" y="2397" width="2594" height="2565" type="brokenscore"
		attribution="HMorESM">
		<line c="2487" h="111" n="13">
			<w x="682">upon</w>
			<w x="810">it</w>
			<w x="1022">for</w>
			<w x="1198">the</w>
			<w x="1729">instruction</w>
			<w x="1887">or</w>
			<w x="2458">gratification</w>
			<w x="2622">of</w>
			<w x="2997">others.</w>
		</line>
		<line c="2621" h="113" n="14">
			<w x="611">To</w>
			<w x="882">place</w>
			<w x="999">it</w>
			<w x="1347">clearly</w>
			<w x="1657">before</w>
			<w x="1994">others,</w>
			<w x="2140">he</w>
			<w x="2375">feels</w>
			<w x="2549">the</w>
			<w x="2992">necessity</w>
		</line>
		<line c="2754" h="110" n="15">
			<w x="562">of</w>
			<w x="939">viewing</w>
			<w x="1056">it</w>
			<w x="1331">more</w>
			<w x="1687">vividly</w>
			<w x="2080">himself.</w>
			<w x="2337">By</w>
			<w x="2850">attempting</w>
			<w x="3012">to</w>
		</line>
		<line c="2890" h="118" n="16">
			<w x="682">seize</w>
			<w x="862">his</w>
			<w x="1316">thoughts,</w>
			<w x="1525">and</w>
			<w x="1687">fix</w>
			<w x="1961">them</w>
			<w x="2099">in</w>
			<w x="2259">an</w>
			<w x="2693">enduring</w>
			<w x="3008">form,</w>
		</line>
		<line c="3020" h="110" n="17">
			<w x="572">he</w>
			<w x="840">finds</w>
			<w x="1127">them</w>
			<w x="1442">vague</w>
			<w x="1661">and</w>
			<w x="2381">unsatisfactory,</w>
			<w x="2516">to</w>
			<w x="2632">a</w>
			<w x="3010">degree</w>
		</line>
		<line c="3153" h="110" n="18">
			<w x="728">which</w>
			<w x="883">he</w>
			<w x="1059">did</w>
			<w x="1252">not</w>
			<w x="1662">suspect,</w>
			<w x="1858">and</w>
			<w x="2091">toils</w>
			<w x="2271">for</w>
			<w x="2358">a</w>
			<w x="2796">precision</w>
			<w x="2987">and</w>
		</line>
		<line c="3285" h="116" n="19">
			<w x="851">harmony</w>
			<w x="1010">of</w>
			<w x="1330">views,</w>
			<w x="1493">of</w>
			<w x="1799">which</w>
			<w x="1959">he</w>
			<w x="2262">never</w>
			<w x="2595">before</w>
			<w x="2796">felt</w>
			<w x="3007">the</w>
		</line>
		<line c="3421" h="112" n="20">
			<w x="720">need.</w>
			<w x="964">He</w>
			<w x="1272">places</w>
			<w x="1450">his</w>
			<w x="1799">subject</w>
			<w x="1935">in</w>
			<w x="2165">new</w>
			<w x="2486">lights;</w>
			<w x="2871">submits</w>
			<w x="2991">it</w>
		</line>
		<line c="3555" h="108" n="21">
			<w x="553">to</w>
			<w x="640">a</w>
			<w x="1085">searching</w>
			<w x="1530">analysis;</w>
			<w x="2003">compares</w>
			<w x="2208">and</w>
			<w x="2644">connects</w>
			<w x="2871">with</w>
			<w x="2991">it</w>
		</line>
		<line c="3687" h="108" n="22">
			<w x="592">his</w>
			<w x="930">various</w>
			<w x="1487">knowledge;</w>
			<w x="1779">seeks</w>
			<w x="1943">for</w>
			<w x="2042">it</w>
			<w x="2258">new</w>
			<w x="2794">illustrations</w>
			<w x="2988">and</w>
		</line>
		<line c="3823" h="112" n="23">
			<w x="915">analogies;</w>
			<w x="1264">weighs</w>
			<w x="1828">objections;</w>
			<w x="2069">and,</w>
			<w x="2468">through</w>
			<w x="2765">these</w>
			<w x="3008">
				<choice>
					<hyph>pro-</hyph>
					<reg>processes,</reg>
				</choice>
			</w>
		</line>
		<line c="3952" h="107" n="24">
			<w x="769" endhyph="true">cesses,</w>
			<w x="1055">often</w>
			<w x="1413">arrives</w>
			<w x="1554">at</w>
			<w x="1889">higher</w>
			<w x="2197">truths</w>
			<w x="2444">than</w>
			<w x="2628">he</w>
			<w x="2757">at</w>
			<w x="3002">first</w>
		</line>
		<line c="4086" h="111" n="25">
			<w x="721">aimed</w>
			<w x="839">to</w>
			<w x="1277">illustrate.</w>
			<w x="1567">Dim</w>
			<w x="2127">conceptions</w>
			<w x="2384">grow.</w>
			<w x="2696">bright.</w>
			<w x="3009">
				<choice>
					<hyph>Glo-</hyph>
					<reg>Glorious</reg>
				</choice>
			</w>
		</line>
		<line c="4221" h="116" n="26">
			<w x="677" endhyph="true">rious</w>
			<w x="1139">thoughts,</w>
			<w x="1471">which</w>
			<w x="1684">had</w>
			<w x="2030">darted</w>
			<w x="2212">as</w>
			<w x="2592">meteors</w>
			<w x="2988">through</w>
		</line>
		<line c="4352" h="119" n="27">
			<w x="599">the</w>
			<w x="898">mind,</w>
			<w x="1077">are</w>
			<w x="1530">arrested,</w>
			<w x="1709">and</w>
			<w x="2160">gradually</w>
			<w x="2418">shine</w>
			<w x="2643">with</w>
			<w x="2749">a</w>
			<w x="3005">
				<choice>
					<hyph orig="sun-like">sun-</hyph>
					<reg>sun-like</reg>
					<reg>sun like</reg>
					<reg>sun</reg>
					<reg>like</reg>
				</choice>
			</w>
		</line>
		<line c="4480" h="119" n="28">
			<w x="631" endhyph="true">like</w>
			<w x="1082">splendor,</w>
			<w x="1314">with</w>
			<w x="1670">prolific</w>
			<w x="2054">energy,</w>
			<w x="2203">on</w>
			<w x="2390">the</w>
			<w x="2797">intellect</w>
			<w x="3007">and</w>
		</line>
		<line c="4611" h="139" n="29">
			<w x="726">heart.</w>
			<w x="916">It</w>
			<w x="1064">is</w>
			<w x="1269">one</w>
			<w x="1432">of</w>
			<w x="1609">the</w>
			<w x="1900">chief</w>
			<w x="2440">distinctions</w>
			<w x="2604">of</w>
			<w x="2705">a</w>
			<w x="2986">great</w>
		</line>
		<line c="4752" h="117" n="30">
			<w x="724">mind,</w>
			<w x="917">that</w>
			<w x="1030">it</w>
			<w x="1134">is</w>
			<w x="1419">prone</w>
			<w x="1560">to</w>
			<w x="1786">rush</w>
			<w x="2005">into</w>
			<w x="2387">twilight</w>
			<w x="2787">regions,</w>
			<w x="2984">and</w>
		</line>
		<line c="4882" h="112" n="31">
			<w x="549">to</w>
			<w x="852">catch</w>
			<w x="1111">faint</w>
			<w x="1709">glimmerings</w>
			<w x="1864">of</w>
			<w x="2211">distant</w>
			<w x="2434">and</w>
			<w x="3004">unbounded</w>
		</line>
	</div>
</body>
