<body>
	<div id="2" group="1" x="674" y="3270" width="2726" height="277" type="parenthesis"
		attribution="HMorESM">
		<line n="18" h="138" c="3339">
			<blank x="1704"/>
			<w x="1868">to</w>
			<w x="2313">sacrifice</w>
			<w x="2972">individuality,</w>
			<w x="3119">to</w>
			<w x="3401">
				<choice>
					<hyph>iden-</hyph>
					<reg>identify</reg>
				</choice>
			</w>
		</line>
		<line n="19" h="138" c="3477">
			<w x="858" endhyph="true">tify</w>
			<w x="1394">themselves</w>
			<w x="1627">with</w>
			<w x="1970">parties</w>
			<w x="2170">and</w>
			<w x="2456">sects.</w>
		</line>
	</div>
</body>
