<body>
	<div id="2" group="1" x="616" y="1829" width="2512" height="252" type="score"
		attribution="HMorESM">
		<line c="1900" h="133" n="9">
			<w x="882">which</w>
			<w x="1001">it</w>
			<w x="1448">exercises</w>
			<w x="1599">so</w>
			<w x="1870">often</w>
			<w x="2120">over</w>
			<w x="2312">the</w>
			<w x="2650">human</w>
			<w x="2949">mind.</w>
			<w x="3149">I</w>
		</line>
		<line c="2024" h="118" n="10">
			<w x="1030">
				<choice>
					<orig>recognise</orig>
					<reg>recognize</reg>
				</choice>
			</w>
			<w x="1191">no</w>
			<w x="1609">peculiar</w>
			<w x="2006">sanctity</w>
			<w x="2120">in</w>
			<w x="2402">those</w>
			<w x="2618">who</w>
			<w x="2958">sustain</w>
			<w x="3149">it.</w>
		</line>
	</div>
</body>
