<body>
	<div id="2" group="1" x="730" y="3899" width="2507" height="1177" type="score"
		attribution="HMorESM">
		<line c="3933" h="46" n="25">
			<w x="1017">Do</w>
			<w x="1200">not</w>
			<w x="1409">say,</w>
			<w x="1632">that</w>
			<w x="1705">I</w>
			<w x="2230">exaggerate</w>
			<w x="2430">your</w>
			<w x="2885">exposure</w>
			<w x="3035">to</w>
			<w x="3207">
				<choice>
					<hyph>in-</hyph>
					<reg>intemperance.</reg>
				</choice>
			</w>
		</line>
		<line c="4097" h="125" n="26">
			<w x="1264" endhyph="true">temperance.</w>
			<w x="1552">Let</w>
			<w x="1705">no</w>
			<w x="1941">man</w>
			<w x="2158">say,</w>
			<w x="2421">when</w>
			<w x="2573">he</w>
			<w x="2885">thinks</w>
			<w x="3035">of</w>
			<w x="3207">the</w>
		</line>
		<line c="4220" h="136" n="27">
			<w x="1154">drunkard,</w>
			<w x="1490">broken</w>
			<w x="1605">in</w>
			<w x="1895">health</w>
			<w x="2102">and</w>
			<w x="2459">spoiled</w>
			<w x="2604">of</w>
			<w x="3007">intellect,</w>
			<w x="3210">"I</w>
		</line>
		<line c="4357" h="138" n="28">
			<w x="891">can</w>
			<w x="1166">never</w>
			<w x="1294">so</w>
			<w x="1550">fall."</w>
			<w x="1805">He</w>
			<w x="2160">thought</w>
			<w x="2284">as</w>
			<w x="2504">little</w>
			<w x="2637">of</w>
			<w x="2942">falling</w>
			<w x="3055">in</w>
			<w x="3210">his</w>
		</line>
		<line c="4495" h="129" n="29">
			<w x="1017">earlier</w>
			<w x="1325">years.</w>
			<w x="1632">The</w>
			<w x="2040">promise</w>
			<w x="2172">of</w>
			<w x="2328">his</w>
			<w x="2605">youth</w>
			<w x="2802">was</w>
			<w x="2930">as</w>
			<w x="3212">bright</w>
		</line>
		<line c="4612" h="137" n="30">
			<w x="830">as</w>
			<w x="1155">yours;</w>
			<w x="1355">and</w>
			<w x="1589">even</w>
			<w x="1816">after</w>
			<w x="1951">he</w>
			<w x="2230">began</w>
			<w x="2387">his</w>
			<w x="2863">downward</w>
			<w x="3208">course,</w>
		</line>
		<line c="4748" h="120" n="31">
			<w x="848">he</w>
			<w x="1042">was</w>
			<w x="1186">as</w>
			<w x="1778">unsuspicious</w>
			<w x="1926">as</w>
			<w x="2104">the</w>
			<w x="2448">firmest</w>
			<w x="2796">around</w>
			<w x="3007">him,</w>
			<w x="3214">and</w>
		</line>
		<line c="4878" h="134" n="32">
			<w x="1006">would</w>
			<w x="1268">have</w>
			<w x="1673">repelled</w>
			<w x="1811">as</w>
			<w x="2343">indignantly</w>
			<w x="2527">the</w>
			<w x="3063">admonition</w>
			<w x="3212">to</w>
		</line>
		<line c="5012" h="131" n="33">
			<w x="1058">beware</w>
			<w x="1189">of</w>
			<w x="1823">intemperance.</w>
			<w x="2128">The</w>
			<w x="2469">danger</w>
			<w x="2600">of</w>
			<w x="2789">this</w>
			<w x="3007">vice</w>
			<w x="3213">lies</w>
		</line>
	</div>
</body>
