<body>
	<div id="2" group="1" x="575" y="2368" width="2736" height="658" type="score"
		attribution="HMorESM">
		<line c="2436" h="114" n="12">
			<w x="922">funeral</w>
			<w x="1133">pall</w>
			<w x="1269">as</w>
			<w x="1414">its</w>
			<w x="1976">appropriate</w>
			<w x="2250">garb.</w>
			<w x="2589">Now,</w>
			<w x="2770">too</w>
			<w x="3052">many</w>
			<w x="3287">
				<choice>
					<hyph>con-</hyph>
					<reg>conceive</reg>
				</choice>
			</w>
		</line>
		<line c="2559" h="133" n="13">
			<w x="841" endhyph="true">ceive</w>
			<w x="982">of</w>
			<w x="1376">religion</w>
			<w x="1534">as</w>
			<w x="2050">something</w>
			<w x="2470">gloomy,</w>
			<w x="2675">and</w>
			<w x="3005">never</w>
			<w x="3126">to</w>
			<w x="3288">be</w>
		</line>
		<line c="2689" h="142" n="14">
			<w x="905">named</w>
			<w x="1098">but</w>
			<w x="1329">with</w>
			<w x="1475">an</w>
			<w x="1967">unaltered</w>
			<w x="2195">tone</w>
			<w x="2399">and</w>
			<w x="3064">countenance;</w>
			<w x="3288">and</w>
		</line>
		<line c="2828" h="120" n="15">
			<w x="891">where</w>
			<w x="1142">they</w>
			<w x="1381">miss</w>
			<w x="1662">these</w>
			<w x="2136">imagined</w>
			<w x="2424">signs</w>
			<w x="2561">of</w>
			<w x="2852">piety,</w>
			<w x="3093">they</w>
			<w x="3288">can</w>
		</line>
		<line c="2960" h="119" n="16">
			<w x="898">hardly</w>
			<w x="1311">believe</w>
			<w x="1478">that</w>
			<w x="1569">a</w>
			<w x="1847">sense</w>
			<w x="1988">of</w>
			<w x="2199">God</w>
			<w x="2521">dwells</w>
			<w x="2642">in</w>
			<w x="2818">the</w>
			<w x="3149">heart.</w>
		</line>
	</div>
</body>
