<body>
	<div id="2" group="1" x="728" y="772" width="2740" height="456" type="score"
		attribution="HMorESM">
		<line c="862" h="131" n="1">
			<w x="1481">
				<choice>
					<orig>fellow-creature</orig>
					<reg>fellow creature</reg>
					<reg>fellow</reg>
					<reg>creature</reg>
				</choice>
			</w>
			<w x="1610">to</w>
			<w x="1914">God,</w>
			<w x="2232">builds</w>
			<w x="2340">a</w>
			<w x="2709">temple</w>
			<w x="2989">more</w>
			<w x="3434">precious</w>
		</line>
		<line c="1006" h="134" n="2">
			<w x="960">than</w>
			<w x="1493">Solomon's</w>
			<w x="1633">or</w>
			<w x="1810">St.</w>
			<w x="2232">Peter's,</w>
			<w x="2506">more</w>
			<w x="2939">enduring</w>
			<w x="3165">than</w>
			<w x="3435">earth</w>
		</line>
		<line c="1147" h="129" n="3">
			<w x="863">or</w>
			<w x="1253">heaven.</w>
		</line>
	</div>
	<div id="3" group="2" x="716" y="4036" width="2751" height="696" type="score"
		attribution="HMorESM">
		<line c="4111" h="127" n="23">
			<w x="1015">On</w>
			<w x="1421">looking</w>
			<w x="1698">back</w>
			<w x="1844">to</w>
			<w x="2048">my</w>
			<w x="2312">early</w>
			<w x="2630">years,</w>
			<w x="2727">I</w>
			<w x="2967">can</w>
			<w x="3429">distinctly</w>
		</line>
		<line c="4241" h="138" n="24">
			<w x="1164">recollect</w>
			<w x="1594">unhappy</w>
			<w x="2091">influences</w>
			<w x="2493">exerted</w>
			<w x="2630">on</w>
			<w x="2816">my</w>
			<w x="3094">mind</w>
			<w x="3251">by</w>
			<w x="3430">the</w>
		</line>
		<line c="4392" h="118" n="25">
			<w x="1093">general</w>
			<w x="1348">tone</w>
			<w x="1492">of</w>
			<w x="1868">religion</w>
			<w x="2026">in</w>
			<w x="2244">this</w>
			<w x="2546">town.</w>
			<w x="2723">I</w>
			<w x="2938">can</w>
			<w x="3429">recollect,</w>
		</line>
		<line c="4524" h="136" n="26">
			<w x="943">"too,</w>
			<w x="1030">a</w>
			<w x="1551">corruption</w>
			<w x="1693">of</w>
			<w x="2022">morals</w>
			<w x="2368">among</w>
			<w x="2646">those</w>
			<w x="2802">of</w>
			<w x="2978">my</w>
			<w x="3199">own</w>
			<w x="3428">age,</w>
		</line>
		<line c="4663" h="136" n="27">
			<w x="1032">which</w>
			<w x="1320">made</w>
			<w x="1761">boyhood</w>
			<w x="1851">a</w>
			<w x="2246">critical,</w>
			<w x="2648">perilous</w>
			<w x="3019">season.</w>
			<w x="3344">Still</w>
			<w x="3435">I</w>
		</line>
	</div>
</body>
