<body>
	<div id="2" group="1" x="669" y="1032" width="2561" height="3435" type="score"
		attribution="HMorESM">
		<line c="1106" h="126" n="3">
			<w x="963">
				<choice>
					<hyph>selves</hyph>
					<reg>ourselves</reg>
				</choice>
			</w>
			<w x="1142">by</w>
			<w x="1837">indiscriminate,</w>
			<w x="2195">servile</w>
			<w x="2699">imitation;</w>
			<w x="2899">for</w>
			<w x="3251">much</w>
		</line>
		<line c="1237" h="123" n="4">
			<w x="962">which</w>
			<w x="1065">is</w>
			<w x="1315">good</w>
			<w x="1450">in</w>
			<w x="1844">another,</w>
			<w x="1954">is</w>
			<w x="2205">good</w>
			<w x="2322">in</w>
			<w x="2525">him</w>
			<w x="2839">alone,</w>
			<w x="3210">belongs</w>
		</line>
		<line c="1369" h="126" n="5">
			<w x="792">to</w>
			<w x="989">his</w>
			<w x="1364">peculiar</w>
			<w x="1944">constitution,</w>
			<w x="2122">has</w>
			<w x="2365">been</w>
			<w x="2534">the</w>
			<w x="2902">growth</w>
			<w x="3048">of</w>
			<w x="3247">his</w>
		</line>
		<line c="1501" h="123" n="6">
			<w x="1056">peculiar</w>
			<w x="1616">experience,</w>
			<w x="1726">is</w>
			<w x="2257">harmonious</w>
			<w x="2449">and</w>
			<w x="2854">beautiful</w>
			<w x="3093">only</w>
			<w x="3211">in</w>
		</line>
		<line c="1625" h="119" n="7">
			<w x="1244">combination</w>
			<w x="1462">with</w>
			<w x="1634">his</w>
			<w x="1915">other</w>
			<w x="2400">attributes,</w>
			<w x="2595">and</w>
			<w x="2895">would</w>
			<w x="3034">be</w>
			<w x="3258">
				<choice>
					<hyph>un-</hyph>
					<reg>unnatural,</reg>
				</choice>
			</w>
		</line>
		<line c="1754" h="128" n="8">
			<w x="1033" endhyph="true">natural,</w>
			<w x="1492">awkward,</w>
			<w x="1687">and</w>
			<w x="2002">forced</w>
			<w x="2114">in</w>
			<w x="2200">a</w>
			<w x="2518">servile</w>
			<w x="2919">imitator.</w>
			<w x="3211">The</w>
		</line>
		<line c="1897" h="122" n="9">
			<w x="903">very</w>
			<w x="1280">strength</w>
			<w x="1415">of</w>
			<w x="1833">emotion,</w>
			<w x="2135">which</w>
			<w x="2252">in</w>
			<w x="2443">one</w>
			<w x="2662">man</w>
			<w x="2767">is</w>
			<w x="3087">virtue,</w>
			<w x="3244">in</w>
		</line>
		<line c="2027" h="117" n="10">
			<w x="1033">another</w>
			<w x="1321">would</w>
			<w x="1492">be</w>
			<w x="1812">defect;</w>
			<w x="1989">for</w>
			<w x="2299">virtue</w>
			<w x="2662">depends</w>
			<w x="2823">on</w>
			<w x="2990">the</w>
			<w x="3289">
				<choice>
					<hyph>bal-</hyph>
					<reg>balance</reg>
				</choice>
			</w>
		</line>
		<line c="2157" h="111" n="11">
			<w x="906" endhyph="true">ance</w>
			<w x="1203">which</w>
			<w x="1482">exists</w>
			<w x="1894">between</w>
			<w x="2064">the</w>
			<w x="2414">various</w>
			<w x="2896">principles</w>
			<w x="3031">of</w>
			<w x="3206">the</w>
		</line>
		<line c="2288" h="111" n="12">
			<w x="941">soul;</w>
			<w x="1148">and</w>
			<w x="1344">that</w>
			<w x="1868">intenseness</w>
			<w x="2000">of</w>
			<w x="2356">feeling,</w>
			<w x="2684">which,</w>
			<w x="2956">when</w>
			<w x="3208">
				<choice>
					<hyph>join-</hyph>
					<reg>joined</reg>
				</choice>
			</w>
		</line>
		<line c="2419" h="119" n="13">
			<w x="816" endhyph="true">ed</w>
			<w x="1039">with</w>
			<w x="1314">force</w>
			<w x="1464">of</w>
			<w x="1830">thought</w>
			<w x="2042">and</w>
			<w x="2484">purpose,</w>
			<w x="2595">is</w>
			<w x="3000">healthful</w>
			<w x="3242">and</w>
		</line>
		<line c="2551" h="130" n="14">
			<w x="1244">invigorating,</w>
			<w x="1572">would</w>
			<w x="1846">prove</w>
			<w x="1951">a</w>
			<w x="2340">disease,</w>
			<w x="2475">or</w>
			<w x="2758">might</w>
			<w x="3235">approach</w>
		</line>
		<line c="2686" h="116" n="15">
			<w x="1075">insanity,</w>
			<w x="1198">in</w>
			<w x="1282">a</w>
			<w x="1544">weak</w>
			<w x="1734">and</w>
			<w x="2141">sensitive</w>
			<w x="2429">mind.</w>
			<w x="2678">No</w>
			<w x="2896">man</w>
			<w x="3247">should</w>
		</line>
		<line c="2809" h="137" n="16">
			<w x="882">part</w>
			<w x="1107">with</w>
			<w x="1275">his</w>
			<w x="1896">individuality,</w>
			<w x="2091">and</w>
			<w x="2304">aim</w>
			<w x="2421">to</w>
			<w x="2798">become</w>
			<w x="3246">another.</w>
		</line>
		<line c="2941" h="135" n="17">
			<w x="847">No</w>
			<w x="1233">process</w>
			<w x="1338">is</w>
			<w x="1470">so</w>
			<w x="1687">fatal</w>
			<w x="1823">as</w>
			<w x="2042">that</w>
			<w x="2346">which</w>
			<w x="2634">would</w>
			<w x="2863">cast</w>
			<w x="3008">all</w>
			<w x="3215">men</w>
		</line>
		<line c="3081" h="111" n="18">
			<w x="877">into</w>
			<w x="1069">one</w>
			<w x="1400">
				<choice>
					<orig>mould.</orig>
					<reg>mold.</reg>
				</choice>
			</w>
			<w x="1751">Every</w>
			<w x="2077">human</w>
			<w x="2346">being</w>
			<w x="2449">is</w>
			<w x="2856">intended</w>
			<w x="2987">to</w>
			<w x="3214">have</w>
		</line>
		<line c="3214" h="111" n="19">
			<w x="765">a</w>
			<w x="1221">character</w>
			<w x="1366">of</w>
			<w x="1529">his</w>
			<w x="1792">own,</w>
			<w x="1920">to</w>
			<w x="2077">be</w>
			<w x="2323">what</w>
			<w x="2478">no</w>
			<w x="2770">other</w>
			<w x="2926">is,</w>
			<w x="3048">to</w>
			<w x="3212">do</w>
		</line>
		<line c="3341" h="99" n="20">
			<w x="919">what</w>
			<w x="1072">no</w>
			<w x="1355">other</w>
			<w x="1562">can</w>
			<w x="1748">do.</w>
			<w x="2061">Our</w>
			<w x="2483">common</w>
			<w x="2802">nature</w>
			<w x="2924">is</w>
			<w x="3057">to</w>
			<w x="3212">be</w>
		</line>
		<line c="3476" h="108" n="21">
			<w x="1081">unfolded</w>
			<w x="1196">in</w>
			<w x="1702">unbounded</w>
			<w x="2203">diversities.</w>
			<w x="2407">It</w>
			<w x="2507">is</w>
			<w x="2739">rich</w>
			<w x="3059">enough</w>
			<w x="3214">for</w>
		</line>
		<line c="3601" h="96" n="22">
			<w x="1000">infinite</w>
			<w x="1672">manifestations.</w>
			<w x="1870">It</w>
			<w x="1984">is</w>
			<w x="2106">to</w>
			<w x="2351">wear</w>
			<w x="2912">innumerable</w>
			<w x="3209">forms</w>
		</line>
		<line c="3741" h="110" n="23">
			<w x="810">of</w>
			<w x="1138">beauty</w>
			<w x="1343">and</w>
			<w x="1646">glory.</w>
			<w x="2037">Every</w>
			<w x="2373">human</w>
			<w x="2667">being</w>
			<w x="2866">has</w>
			<w x="2953">a</w>
			<w x="3208">work</w>
		</line>
		<line c="3873" h="113" n="24">
			<w x="825">to</w>
			<w x="1082">carry</w>
			<w x="1225">on</w>
			<w x="1558">within,</w>
			<w x="1852">duties</w>
			<w x="1976">to</w>
			<w x="2364">perform</w>
			<w x="2739">abroad,</w>
			<w x="3209">influences</w>
		</line>
		<line c="4002" h="111" n="25">
			<w x="802">to</w>
			<w x="1094">exert,</w>
			<w x="1396">which</w>
			<w x="1587">are</w>
			<w x="2073">peculiarly</w>
			<w x="2287">his,</w>
			<w x="2501">and</w>
			<w x="2810">which</w>
			<w x="2970">no</w>
			<w x="3210">
				<choice>
					<hyph>con-</hyph>
					<reg>conscience</reg>
				</choice>
			</w>
		</line>
		<line c="4139" h="122" n="26">
			<w x="1036" endhyph="true">science</w>
			<w x="1209">but</w>
			<w x="1365">his</w>
			<w x="1601">own</w>
			<w x="1787">can</w>
			<w x="2099">teach.</w>
			<w x="2382">Let</w>
			<w x="2579">him</w>
			<w x="2782">not,</w>
			<w x="3038">then,</w>
			<w x="3216">
				<choice>
					<hyph>en-</hyph>
					<reg>enslave</reg>
				</choice>
			</w>
		</line>
		<line c="4259" h="105" n="27">
			<w x="934" endhyph="true">slave</w>
			<w x="1090">his</w>
			<w x="1602">conscience</w>
			<w x="1722">to</w>
			<w x="2053">others,</w>
			<w x="2236">but</w>
			<w x="2402">act</w>
			<w x="2624">with</w>
			<w x="2791">the</w>
			<w x="3213">freedom,</w>
		</line>
		<line c="4397" h="113" n="28">
			<w x="1095">strength,</w>
			<w x="1290">and</w>
			<w x="1626">dignity</w>
			<w x="1759">of</w>
			<w x="1984">one,</w>
			<w x="2296">whose</w>
			<w x="2658">highest</w>
			<w x="2843">law</w>
			<w x="2947">is</w>
			<w x="3064">in</w>
			<w x="3216">his</w>
		</line>
	</div>
</body>
