<body>
	<div id="2" group="1" x="672" y="1787" width="2748" height="1001" type="score"
		attribution="HMorESM">
		<line c="1874" h="145" n="8">
			<w x="794">in</w>
			<w x="975">the</w>
			<w x="1211">fear</w>
			<w x="1352">of</w>
			<w x="1635">God.</w>
			<w x="1940">But</w>
			<w x="2080">if,</w>
			<w x="2337">after</w>
			<w x="2459">a</w>
			<w x="2986">deliberate</w>
			<w x="3177">and</w>
			<w x="3385">
				<choice>
					<hyph>im-</hyph>
					<reg>impartial</reg>
				</choice>
			</w>
		</line>
		<line c="2011" h="129" n="9">
			<w x="1013" endhyph="true">partial</w>
			<w x="1214">use</w>
			<w x="1376">of</w>
			<w x="1577">our</w>
			<w x="1825">best</w>
			<w x="2303">faculties,</w>
			<w x="2402">a</w>
			<w x="2874">professed</w>
			<w x="3389">revelation</w>
		</line>
		<line c="2143" h="130" n="10">
			<w x="986">seems</w>
			<w x="1146">to</w>
			<w x="1310">us</w>
			<w x="1679">plainly</w>
			<w x="1807">to</w>
			<w x="2258">disagree</w>
			<w x="2496">with</w>
			<w x="2802">itself</w>
			<w x="2952">or</w>
			<w x="3093">to</w>
			<w x="3391">clash</w>
		</line>
		<line c="2300" h="142" n="11">
			<w x="911">with</w>
			<w x="1214">great</w>
			<w x="1786">principles</w>
			<w x="2102">which</w>
			<w x="2312">we</w>
			<w x="2702">cannot</w>
			<w x="3193">question,</w>
			<w x="3451">we</w>
		</line>
		<line c="2434" h="163" n="12">
			<w x="967">ought</w>
			<w x="1153">not</w>
			<w x="1293">to</w>
			<w x="1703">hesitate</w>
			<w x="1824">to</w>
			<w x="2264">withhold</w>
			<w x="2530">from</w>
			<w x="2654">it</w>
			<w x="2869">your</w>
			<w x="3209">belief.</w>
			<w x="3394">I</w>
		</line>
		<line c="2570" h="130" n="13">
			<w x="848">am</w>
			<w x="1154">surer</w>
			<w x="1442">that</w>
			<w x="1613">my</w>
			<w x="2026">rational</w>
			<w x="2392">nature</w>
			<w x="2530">is</w>
			<w x="2806">from</w>
			<w x="3093">God,</w>
			<w x="3392">than</w>
		</line>
		<line c="2717" h="122" n="14">
			<w x="887">that</w>
			<w x="1108">any</w>
			<w x="1376">book</w>
			<w x="1488">is</w>
			<w x="1655">an</w>
			<w x="2195">expression</w>
			<w x="2337">of</w>
			<w x="2512">his</w>
			<w x="2769">will.</w>
			<w x="3125">This</w>
			<w x="3393">light</w>
		</line>
	</div>
	<div id="3" group="2" x="672" y="4615" width="2745" height="561" type="score"
		attribution="HMorESM">
		<line c="4691" h="116" n="28">
			<w x="867">she</w>
			<w x="1150">holds</w>
			<w x="1693">unalterable</w>
			<w x="2164">concord.</w>
			<w x="2749">Whenever</w>
			<w x="3210">doctrines</w>
			<w x="3438">are</w>
		</line>
		<line c="4828" h="132" n="29">
			<w x="994">taught</w>
			<w x="1262">you</w>
			<w x="1518">from</w>
			<w x="1724">the</w>
			<w x="2215">Christian</w>
			<w x="2667">records,</w>
			<w x="3156">opposing</w>
			<w x="3488">any</w>
		</line>
		<line c="4966" h="132" n="30">
			<w x="943">clear</w>
			<w x="1512">conviction</w>
			<w x="1653">of</w>
			<w x="1993">reason</w>
			<w x="2208">and</w>
			<w x="2814">conscience,</w>
			<w x="2986">be</w>
			<w x="3441">assured</w>
		</line>
		<line c="5104" h="142" n="31">
			<w x="912">that</w>
			<w x="1024">it</w>
			<w x="1158">is</w>
			<w x="1366">not</w>
			<w x="1574">the</w>
			<w x="2030">teaching</w>
			<w x="2200">of</w>
			<w x="2536">Christ</w>
			<w x="2880">which</w>
			<w x="3088">you</w>
			<w x="3447">hear.</w>
		</line>
	</div>
</body>
