<body>
	<div id="2" group="1" x="736" y="1647" width="2715" height="416" type="score"
		attribution="HMorESM">
		<line c="1719" h="140" n="7">
			<w x="1126">conflict.</w>
			<w x="1302">I</w>
			<w x="1456">do</w>
			<w x="1643">not</w>
			<w x="1887">say,</w>
			<w x="2092">that</w>
			<w x="2338">God</w>
			<w x="2540">can</w>
			<w x="2766">find</w>
			<w x="2918">no</w>
			<w x="3271">school</w>
			<w x="3432">for</w>
		</line>
		<line c="1858" h="128" n="8">
			<w x="1190">character</w>
			<w x="1392">but</w>
			<w x="1982">temptation,</w>
			<w x="2194">and</w>
			<w x="2473">trial,</w>
			<w x="2680">and</w>
			<w x="3028">strong</w>
			<w x="3494">desire;</w>
		</line>
		<line c="2003" h="136" n="9">
			<w x="903">but</w>
			<w x="1011">I</w>
			<w x="1165">do</w>
			<w x="1408">say,</w>
			<w x="1629">that</w>
			<w x="1829">the</w>
			<w x="2227">present</w>
			<w x="2508">state</w>
			<w x="2640">is</w>
			<w x="2752">a</w>
			<w x="2902">fit</w>
			<w x="3149">and</w>
			<w x="3434">noble</w>
		</line>
	</div>
	<div id="3" group="2" x="718" y="3059" width="2753" height="422" type="score"
		attribution="HMorESM">
		<line c="3140" h="121" n="17">
			<w x="1005">then,</w>
			<w x="1325">would</w>
			<w x="1855">conscience</w>
			<w x="2162">assert</w>
			<w x="2302">its</w>
			<w x="2928">supremacy?</w>
			<w x="3240">God</w>
			<w x="3430">has</w>
		</line>
		<line c="3279" h="133" n="18">
			<w x="1206">implanted</w>
			<w x="1495">blind</w>
			<w x="1908">desires,</w>
			<w x="2231">which</w>
			<w x="2501">often</w>
			<w x="2706">rise</w>
			<w x="2912">up</w>
			<w x="3214">against</w>
			<w x="3431">
				<choice>
					<hyph>rea-</hyph>
					<reg>reason</reg>
				</choice>
			</w>
		</line>
		<line c="3417" h="125" n="19">
			<w x="909" endhyph="true">son</w>
			<w x="1110">and</w>
			<w x="1689">conscience,</w>
			<w x="1908">that</w>
			<w x="2044">he</w>
			<w x="2283">may</w>
			<w x="2500">give</w>
			<w x="2622">to</w>
			<w x="2903">these</w>
			<w x="3133">high</w>
			<w x="3449">
				<choice>
					<hyph>facul-</hyph>
					<reg>faculties</reg>
				</choice>
			</w>
		</line>
	</div>
</body>
