<body>
	<div id="2" group="1" x="608" y="2718" width="2569" height="291" type="bars2"
		attribution="HMorESM">
		<line c="2805" h="128" n="16">
			<blank x="2681"/>
			<w x="2875">We</w>
			<w x="3152">must</w>
		</line>
		<line c="2932" h="131" n="17">
			<w x="884">judge</w>
			<w x="1232">others,</w>
			<w x="1427">not</w>
			<w x="1572">by</w>
			<w x="1768">our</w>
			<w x="2026">light,</w>
			<w x="2207">but</w>
			<w x="2360">by</w>
			<w x="2600">their</w>
			<w x="2930">own.</w>
		</line>
	</div>
</body>
