<body>
	<div id="2" group="1" x="612" y="805" width="2491" height="411" type="score"
		attribution="HMorESM">
		<line c="900" h="165" n="1">
			<w x="1037">
				<choice>
					<hyph>pressions,</hyph>
					<reg>impressions,</reg>
				</choice>
			</w>
			<w x="1230">for</w>
			<w x="1536">which</w>
			<w x="1691">all</w>
			<w x="1965">other</w>
			<w x="2279">things</w>
			<w x="2469">are</w>
			<w x="2780">made.</w>
			<w x="3096">It's</w>
		</line>
		<line c="1032" h="165" n="2">
			<w x="770">no</w>
			<w x="1007">small</w>
			<w x="1465">objection</w>
			<w x="1610">to</w>
			<w x="2321">Trinitarianism,</w>
			<w x="2544">that</w>
			<w x="2658">it</w>
			<w x="2776">is</w>
			<w x="2931">an</w>
			<w x="3101">
				<choice>
					<hyph>in-</hyph>
					<reg>insulated</reg>
				</choice>
			</w>
		</line>
		<line c="1145" h="145" n="3">
			<w x="923" endhyph="true">sulated</w>
			<w x="1369">doctrine,</w>
			<w x="1559">that</w>
			<w x="1670">it</w>
			<w x="2023">reveals</w>
			<w x="2127">a</w>
			<w x="2370">God</w>
			<w x="2671">whom</w>
			<w x="2829">we</w>
			<w x="3103">meet</w>
		</line>
	</div>
</body>
