<body>
	<div id="2" group="1" x="626" y="4255" width="2519" height="809" type="score"
		attribution="HMorESM">
		<line c="4333" h="112" n="27">
			<w x="1116">Another</w>
			<w x="1596">important</w>
			<w x="1922">means</w>
			<w x="2082">of</w>
			<w x="2634">
				<choice>
					<orig>self-culture,</orig>
					<reg>self culture,</reg>
					<reg>self</reg>
					<reg>culture,</reg>
				</choice>
			</w>
			<w x="2758">is</w>
			<w x="2899">to</w>
			<w x="3128">free</w>
		</line>
		<line c="4469" h="114" n="28">
			<w x="1040">ourselves</w>
			<w x="1297">from</w>
			<w x="1479">the</w>
			<w x="1786">power</w>
			<w x="1931">of</w>
			<w x="2256">human</w>
			<w x="2621">opinion</w>
			<w x="2862">and</w>
			<w x="3124">
				<choice>
					<hyph>exam-</hyph>
					<reg>example,</reg>
				</choice>
			</w>
		</line>
		<line c="4600" h="117" n="29">
			<w x="865" endhyph="true">ple,</w>
			<w x="1137">except</w>
			<w x="1277">as</w>
			<w x="1432">far</w>
			<w x="1573">as</w>
			<w x="1779">this</w>
			<w x="1901">is</w>
			<w x="2404">sanctioned</w>
			<w x="2556">by</w>
			<w x="2735">our</w>
			<w x="2948">own</w>
			<w x="3125">
				<choice>
					<hyph>de-</hyph>
					<reg>deliberate</reg>
				</choice>
			</w>
		</line>
		<line c="4725" h="138" n="30">
			<w x="962" endhyph="true">liberate</w>
			<w x="1442">judgment.</w>
			<w x="1728">We</w>
			<w x="1916">are</w>
			<w x="2054">all</w>
			<w x="2355">prone</w>
			<w x="2477">to</w>
			<w x="2719">keep</w>
			<w x="2888">the</w>
			<w x="3126">level</w>
		</line>
		<line c="4857" h="121" n="31">
			<w x="736">of</w>
			<w x="998">those</w>
			<w x="1167">we</w>
			<w x="1375">live</w>
			<w x="1645">with,</w>
			<w x="1772">to</w>
			<w x="2078">repeat</w>
			<w x="2325">their</w>
			<w x="2664">words,</w>
			<w x="2856">and</w>
			<w x="3122">dress</w>
		</line>
		<line c="4989" h="126" n="32">
			<w x="784">our</w>
			<w x="1094">minds</w>
			<w x="1239">as</w>
			<w x="1482">well</w>
			<w x="1630">as</w>
			<w x="1986">bodies</w>
			<w x="2234">after</w>
			<w x="2497">their</w>
			<w x="2917">fashion;</w>
			<w x="3122">and</w>
		</line>
	</div>
</body>
