<body>
	<div id="2" group="1" x="452" y="1825" width="2531" height="783" type="score"
		attribution="HMorESM">
		<line c="1889" h="112" n="9">
			<w x="533">it</w>
			<w x="1062">universally.</w>
			<w x="1372">The</w>
			<w x="1579">true</w>
			<w x="2016">inference</w>
			<w x="2246">from</w>
			<w x="2415">the</w>
			<w x="2752">almost</w>
			<w x="3020">
				<choice>
					<hyph>end-</hyph>
					<reg>endless</reg>
				</choice>
			</w>
		</line>
		<line c="2006" h="126" n="10">
			<w x="631" endhyph="true">less</w>
			<w x="956">errors,</w>
			<w x="1256">which</w>
			<w x="1507">have</w>
			<w x="1960">darkened</w>
			<w x="2414">theology,</w>
			<w x="2556">is,</w>
			<w x="2740">not</w>
			<w x="2978">that</w>
		</line>
		<line c="2152" h="113" n="11">
			<w x="596">we</w>
			<w x="766">are</w>
			<w x="884">to</w>
			<w x="1228">neglect</w>
			<w x="1411">and</w>
			<w x="1851">disparage</w>
			<w x="2031">our</w>
			<w x="2404">powers,</w>
			<w x="2586">but</w>
			<w x="2718">to</w>
			<w x="2980">exert</w>
		</line>
		<line c="2271" h="129" n="12">
			<w x="686">them</w>
			<w x="982">more</w>
			<w x="1456">patiently,</w>
			<w x="2159">circumspectly,</w>
			<w x="2639">uprightly.</w>
			<w x="2975">The</w>
		</line>
		<line c="2411" h="108" n="13">
			<w x="712">worst</w>
			<w x="1045">errors,</w>
			<w x="1279">after</w>
			<w x="1445">all,</w>
			<w x="1768">having</w>
			<w x="2120">sprung</w>
			<w x="2260">up</w>
			<w x="2381">in</w>
			<w x="2581">that</w>
			<w x="2979">church,</w>
		</line>
		<line c="2544" h="112" n="14">
			<w x="727">which</w>
			<w x="1224">proscribes</w>
			<w x="1556">reason,</w>
			<w x="1750">and</w>
			<w x="2162">demands</w>
			<w x="2400">from</w>
			<w x="2537">its</w>
			<w x="3006">members</w>
		</line>
	</div>
</body>
