<body>
	<div id="2" group="1" x="693" y="795" width="2719" height="713" type="score"
		attribution="HMorESM">
		<line c="878" h="153" n="1">
			<w x="1021" endhyph="true">itianity,</w>
			<w x="1397">though</w>
			<w x="1761">mixed</w>
			<w x="2008">and</w>
			<w x="2640">encumbered</w>
			<w x="2928">with</w>
			<w x="3247">error,</w>
			<w x="3384">is</w>
		</line>
		<line c="1016" h="159" n="2">
			<w x="869">still</w>
			<w x="1272">divine;</w>
			<w x="1498">and</w>
			<w x="1729">that</w>
			<w x="1995">sects</w>
			<w x="2316">which</w>
			<w x="2652">assign</w>
			<w x="3084">different</w>
			<w x="3384">ranks</w>
		</line>
		<line c="1154" h="140" n="3">
			<w x="792">to</w>
			<w x="1124">Jesus</w>
			<w x="1522">Christ,</w>
			<w x="1787">may</w>
			<w x="2026">still</w>
			<w x="2354">adore</w>
			<w x="2603">that</w>
			<w x="3035">godlike</w>
			<w x="3396">virtue,</w>
		</line>
		<line c="1299" h="153" n="4">
			<w x="1004">which</w>
			<w x="1547">constituted</w>
			<w x="1759">him</w>
			<w x="1948">the</w>
			<w x="2355">glorious</w>
			<w x="3072">representative</w>
			<w x="3209">of</w>
			<w x="3384">his</w>
		</line>
		<line c="1437" h="128" n="5">
			<w x="1042">Father.</w>
			<w x="1475">Under</w>
			<w x="1672">the</w>
			<w x="2139">disguises</w>
			<w x="2303">of</w>
			<w x="2624">Papal</w>
			<w x="2847">and</w>
			<w x="3388">Protestant</w>
		</line>
	</div>
</body>
