<body>
	<div id="2" group="1" x="568" y="699" width="2609" height="3846" type="score"
		attribution="HMorESM">
		<line c="781" h="115" n="1">
			<w x="704">a</w>
			<w x="952">man.</w>
			<w x="1208">In</w>
			<w x="1725">hardening</w>
			<w x="1892">his</w>
			<w x="2189">heart</w>
			<w x="2557">against</w>
			<w x="2776">his</w>
			<w x="3125">
				<choice>
					<hyph orig="fellow-creatures">fellow-</hyph>
					<reg>fellow creatures,</reg>
					<reg>fellow</reg>
					<reg>creatures</reg>
				</choice>
			</w>
		</line>
		<line c="914" h="117" n="2">
			<w x="1051" endhyph="true">creatures,</w>
			<w x="1193">he</w>
			<w x="1464">sears</w>
			<w x="1582">it</w>
			<w x="1720">to</w>
			<w x="1876">all</w>
			<w x="2100">true</w>
			<w x="2330">joy.</w>
			<w x="2549">In</w>
			<w x="2949">shutting</w>
			<w x="3123">his</w>
		</line>
		<line c="1048" h="120" n="3">
			<w x="760">ear</w>
			<w x="1086">against</w>
			<w x="1282">the</w>
			<w x="1522">voice</w>
			<w x="1658">of</w>
			<w x="2011">justice,</w>
			<w x="2154">he</w>
			<w x="2415">shuts</w>
			<w x="2609">out</w>
			<w x="2746">all</w>
			<w x="2913">the</w>
			<w x="3123">
				<choice>
					<hyph>har-</hyph>
					<reg>harmonies</reg>
				</choice>
			</w>
		</line>
		<line c="1172" h="108" n="4">
			<w x="926" endhyph="true">monies</w>
			<w x="1096">of</w>
			<w x="1289">the</w>
			<w x="1727">universe,</w>
			<w x="1945">and</w>
			<w x="2221">turns</w>
			<w x="2420">the</w>
			<w x="2722">voice</w>
			<w x="2885">of</w>
			<w x="3125">God</w>
		</line>
		<line c="1312" h="119" n="5">
			<w x="884">within</w>
			<w x="1090">him</w>
			<w x="1298">into</w>
			<w x="1673">rebuke.</w>
			<w x="1932">He</w>
			<w x="2171">may</w>
			<w x="2566">prosper,</w>
			<w x="2907">indeed,</w>
			<w x="3124">and</w>
		</line>
		<line c="1448" h="124" n="6">
			<w x="813">hold</w>
			<w x="1080">faster</w>
			<w x="1282">the</w>
			<w x="1539">slave</w>
			<w x="1684">by</w>
			<w x="1979">whom</w>
			<w x="2116">he</w>
			<w x="2566">prospers;</w>
			<w x="2769">but</w>
			<w x="2907">he</w>
			<w x="3120">
				<choice>
					<hyph>riv-</hyph>
					<reg>rivets</reg>
				</choice>
			</w>
		</line>
		<line c="1574" h="112" n="7">
			<w x="738" endhyph="true">ets</w>
			<w x="1092">heavier</w>
			<w x="1282">and</w>
			<w x="1529">more</w>
			<w x="2080">ignominious</w>
			<w x="2387">chains</w>
			<w x="2532">on</w>
			<w x="2689">his</w>
			<w x="2907">own</w>
			<w x="3122">soul</w>
		</line>
		<line c="1708" h="118" n="8">
			<w x="804">than</w>
			<w x="936">he</w>
			<w x="1157">lays</w>
			<w x="1314">on</w>
			<w x="1665">others.</w>
			<w x="1914">No</w>
			<w x="2470">punishment</w>
			<w x="2591">is</w>
			<w x="2747">so</w>
			<w x="3121">terrible</w>
		</line>
		<line c="1840" h="119" n="9">
			<w x="704">as</w>
			<w x="1235">prosperous</w>
			<w x="1516">guilt.</w>
			<w x="1761">No</w>
			<w x="2033">fiend,</w>
			<w x="2536">exhausting</w>
			<w x="2674">on</w>
			<w x="2804">us</w>
			<w x="2944">all</w>
			<w x="3119">his</w>
		</line>
		<line c="1974" h="123" n="10">
			<w x="889">power</w>
			<w x="1022">of</w>
			<w x="1390">torture,</w>
			<w x="1524">is</w>
			<w x="1652">so</w>
			<w x="1980">fearful</w>
			<w x="2112">as</w>
			<w x="2270">an</w>
			<w x="2762">oppressed</w>
			<w x="3118">
				<choice>
					<hyph orig="fellow-creature">fellow-</hyph>
					<reg>fellow creature.</reg>
					<reg>fellow</reg>
					<reg>creature.</reg>
				</choice>
			</w>
		</line>
		<line c="2104" h="114" n="11">
			<w x="995" endhyph="true">creature.</w>
			<w x="1306">The</w>
			<w x="1486">cry</w>
			<w x="1620">of</w>
			<w x="1794">the</w>
			<w x="2296">oppressed,</w>
			<w x="2680">unheard</w>
			<w x="2826">on</w>
			<w x="3111">earth,</w>
		</line>
		<line c="2230" h="123" n="12">
			<w x="683">is</w>
			<w x="958">heard</w>
			<w x="1092">in</w>
			<w x="1523">heaven.</w>
			<w x="1791">God</w>
			<w x="1915">is</w>
			<w x="2156">just,</w>
			<w x="2357">and</w>
			<w x="2482">if</w>
			<w x="2806">justice</w>
			<w x="3111">reign,</w>
		</line>
		<line c="2376" h="128" n="13">
			<w x="800">then</w>
			<w x="992">the</w>
			<w x="1308">unjust</w>
			<w x="1579">must</w>
			<w x="1964">terribly</w>
			<w x="2283">suffer.</w>
			<w x="2648">Then</w>
			<w x="2806">no</w>
			<w x="3119">being</w>
		</line>
		<line c="2501" h="115" n="14">
			<w x="763">can</w>
			<w x="1033">profit</w>
			<w x="1175">by</w>
			<w x="1688">
				<choice>
					<orig>evil-doing.</orig>
					<reg>evil doing.</reg>
					<reg>evil</reg>
					<reg>doing.</reg>
				</choice>
			</w>
			<w x="2027">Then</w>
			<w x="2186">all</w>
			<w x="2355">the</w>
			<w x="2580">laws</w>
			<w x="2715">of</w>
			<w x="2890">the</w>
			<w x="3116">
				<choice>
					<hyph>uni-</hyph>
					<reg>universe</reg>
				</choice>
			</w>
		</line>
		<line c="2630" h="109" n="15">
			<w x="839" endhyph="true">verse</w>
			<w x="1006">are</w>
			<w x="1520">ordinances</w>
			<w x="1876">against</w>
			<w x="2140">guilt.</w>
			<w x="2503">Then</w>
			<w x="2805">every</w>
			<w x="3117">
				<choice>
					<hyph>enjoy-</hyph>
					<reg>enjoyment</reg>
				</choice>
			</w>
		</line>
		<line c="2765" h="114" n="16">
			<w x="824" endhyph="true">ment</w>
			<w x="1135">gained</w>
			<w x="1283">by</w>
			<w x="1855">
				<choice>
					<orig>wrong-doing</orig>
					<reg>wrong doing</reg>
					<reg>wrong</reg>
					<reg>doing</reg>
				</choice>
			</w>
			<w x="2048">will</w>
			<w x="2186">be</w>
			<w x="2505">turned</w>
			<w x="2725">into</w>
			<w x="2812">a</w>
			<w x="3118">curse.</w>
		</line>
		<line c="2896" h="110" n="17">
			<w x="730">No</w>
			<w x="967">laws</w>
			<w x="1103">of</w>
			<w x="1409">nature</w>
			<w x="1600">are</w>
			<w x="1751">so</w>
			<w x="2291">irrepealable</w>
			<w x="2415">as</w>
			<w x="2616">that</w>
			<w x="2822">law</w>
			<w x="3118">which</w>
		</line>
		<line c="3028" h="112" n="18">
			<w x="837">binds</w>
			<w x="1088">guilt</w>
			<w x="1304">and</w>
			<w x="1685">misery.</w>
			<w x="2002">God</w>
			<w x="2133">is</w>
			<w x="2383">just.</w>
			<w x="2747">Then</w>
			<w x="2916">all</w>
			<w x="3116">the</w>
		</line>
		<line c="3150" h="127" n="19">
			<w x="1010">
				<choice>
					<orig>defences,</orig>
					<reg>defenses,</reg>
				</choice>
			</w>
			<w x="1309">which</w>
			<w x="1473">the</w>
			<w x="1958">oppressor</w>
			<w x="2232">rears</w>
			<w x="2588">against</w>
			<w x="2782">the</w>
			<w x="3117">
				<choice>
					<hyph>conse-</hyph>
					<reg>consequences</reg>
				</choice>
			</w>
		</line>
		<line c="3295" h="116" n="20">
			<w x="954" endhyph="true">quences</w>
			<w x="1109">of</w>
			<w x="1718">
				<choice>
					<orig>wrong-doing,</orig>
					<reg>wrong doing,</reg>
					<reg>wrong</reg>
					<reg>doing,</reg>
				</choice>
			</w>
			<w x="1912">are</w>
			<w x="2159">vain,</w>
			<w x="2289">as</w>
			<w x="2510">vain</w>
			<w x="2653">as</w>
			<w x="2956">would</w>
			<w x="3116">be</w>
		</line>
		<line c="3422" h="109" n="21">
			<w x="730">his</w>
			<w x="1146">strivings</w>
			<w x="1284">to</w>
			<w x="1587">arrest</w>
			<w x="1751">by</w>
			<w x="1927">his</w>
			<w x="2229">single</w>
			<w x="2455">arm</w>
			<w x="2648">the</w>
			<w x="2966">ocean</w>
			<w x="3117">or</w>
		</line>
		<line c="3546" h="124" n="22">
			<w x="1061">whirlwind.</w>
			<w x="1318">He</w>
			<w x="1554">may</w>
			<w x="1877">disarm</w>
			<w x="2050">the</w>
			<w x="2356">slave.</w>
			<w x="2653">Can</w>
			<w x="2790">he</w>
			<w x="3144">disarm</w>
		</line>
		<line c="3686" h="110" n="23">
			<w x="778">that</w>
			<w x="1114">slave's</w>
			<w x="1569">Creator?</w>
			<w x="1825">He</w>
			<w x="2035">can</w>
			<w x="2334">crush</w>
			<w x="2520">the</w>
			<w x="2795">spirit</w>
			<w x="2958">of</w>
			<w x="3113">
				<choice>
					<hyph>in-</hyph>
					<reg>insurrection</reg>
				</choice>
			</w>
		</line>
		<line c="3822" h="115" n="24">
			<w x="1040" endhyph="true">surrection</w>
			<w x="1175">in</w>
			<w x="1285">a</w>
			<w x="1918">
				<choice>
					<orig>fellow-being.</orig>
					<reg>fellow being.</reg>
					<reg>fellow</reg>
					<reg>being.</reg>
				</choice>
			</w>
			<w x="2187">Can</w>
			<w x="2340">he</w>
			<w x="2632">crush</w>
			<w x="2824">the</w>
			<w x="3115">awful</w>
		</line>
		<line c="3940" h="133" n="25">
			<w x="852">spirit</w>
			<w x="963">of</w>
			<w x="1285">justice</w>
			<w x="1490">and</w>
			<w x="2008">retribution</w>
			<w x="2142">in</w>
			<w x="2328">the</w>
			<w x="2855">Almighty?</w>
			<w x="3112">He</w>
		</line>
		<line c="4081" h="105" n="26">
			<w x="759">can</w>
			<w x="950">still</w>
			<w x="1135">the</w>
			<w x="1533">murmur</w>
			<w x="1684">of</w>
			<w x="2168">discontent</w>
			<w x="2303">in</w>
			<w x="2476">his</w>
			<w x="2814">victim.</w>
			<w x="3113">Can</w>
		</line>
		<line c="4211" h="115" n="27">
			<w x="710">he</w>
			<w x="1060">silence</w>
			<w x="1270">that</w>
			<w x="1534">voice</w>
			<w x="1830">which</w>
			<w x="2175">speaks</w>
			<w x="2293">in</w>
			<w x="2687">thunder,</w>
			<w x="2884">and</w>
			<w x="2989">is</w>
			<w x="3112">to</w>
		</line>
		<line c="4341" h="122" n="28">
			<w x="852">break</w>
			<w x="1016">the</w>
			<w x="1289">sleep</w>
			<w x="1423">of</w>
			<w x="1595">the</w>
			<w x="1945">grave?</w>
			<w x="2234">Can</w>
			<w x="2371">he</w>
			<w x="2708">always</w>
			<w x="2923">still</w>
			<w x="3112">the</w>
		</line>
		<line c="4480" h="108" n="29">
			<w x="1051">reproving,</w>
			<w x="1473">avenging</w>
			<w x="1742">voice</w>
			<w x="1859">in</w>
			<w x="2016">his</w>
			<w x="2234">own</w>
			<w x="2588">breast?</w>
		</line>
	</div>
</body>
