<body>
	<div id="2" group="1" x="682" y="4415" width="2714" height="980" type="score"
		attribution="HMorESM">
		<line c="4492" h="132" n="26">
			<w x="862">To</w>
			<w x="1063">this</w>
			<w x="1343">class</w>
			<w x="1488">of</w>
			<w x="2005">objections</w>
			<w x="2100">I</w>
			<w x="2363">have</w>
			<w x="2450">a</w>
			<w x="2725">short</w>
			<w x="3051">reply.</w>
			<w x="3233">I</w>
			<w x="3426">
				<choice>
					<hyph>in-</hyph>
					<reg>insist</reg>
				</choice>
			</w>
		</line>
		<line c="4623" h="139" n="27">
			<w x="880" endhyph="true">sist</w>
			<w x="1075">that</w>
			<w x="1350">these</w>
			<w x="1789">offensive</w>
			<w x="2256">doctrines</w>
			<w x="2412">do</w>
			<w x="2600">not</w>
			<w x="2946">belong</w>
			<w x="3067">to</w>
			<w x="3428">
				<choice>
					<hyph>Chris-</hyph>
					<reg>Christianity,</reg>
				</choice>
			</w>
		</line>
		<line c="4763" h="118" n="28">
			<w x="1032" endhyph="true">tianity,</w>
			<w x="1226">but</w>
			<w x="1429">are</w>
			<w x="1795">human</w>
			<w x="2294">additions,</w>
			<w x="2525">and</w>
			<w x="2995">therefore</w>
			<w x="3190">do</w>
			<w x="3397">not</w>
		</line>
		<line c="4897" h="127" n="29">
			<w x="1104">derogate</w>
			<w x="1370">from</w>
			<w x="1508">its</w>
			<w x="2234">reasonableness</w>
			<w x="2432">and</w>
			<w x="2714">truth.</w>
			<w x="3110">What</w>
			<w x="3221">is</w>
			<w x="3392">the</w>
		</line>
		<line c="5042" h="151" n="30">
			<w x="1087">doctrine</w>
			<w x="1370">most</w>
			<w x="1892">frequently</w>
			<w x="2324">adduced</w>
			<w x="2484">to</w>
			<w x="2653">fix</w>
			<w x="2855">the</w>
			<w x="3226">charge</w>
			<w x="3414">of</w>
		</line>
		<line c="5201" h="140" n="31">
			<w x="1249">irrationality"</w>
			<w x="1384">on</w>
			<w x="1566">the</w>
			<w x="2018">Gospel?</w>
			<w x="2225">It</w>
			<w x="2334">is</w>
			<w x="2516">the</w>
			<w x="2930">Trinity.</w>
			<w x="3284">This</w>
			<w x="3412">is</w>
		</line>
		<line c="5327" h="145" n="32">
			<w x="1247">pronounced</w>
			<w x="1424">by</w>
			<w x="1607">the</w>
			<w x="2123">unbeliever</w>
			<w x="2213">a</w>
			<w x="2487">gross</w>
			<w x="2879">
				<choice>
					<orig>offence</orig>
					<reg>offense</reg>
				</choice>
			</w>
			<w x="3011">to</w>
			<w x="3424">reason.</w>
		</line>
	</div>
</body>
