<body>
	<div id="2" group="1" x="736" y="3484" width="2760" height="2148" type="score"
		attribution="HMorESM">
		<line c="3550" h="120" n="19">
			<w x="1172">Purity</w>
			<w x="1316">of</w>
			<w x="1576">heart</w>
			<w x="1781">and</w>
			<w x="1998">life,</w>
			<w x="2404">Christ's</w>
			<w x="2688">spirit</w>
			<w x="2830">of</w>
			<w x="3053">love</w>
			<w x="3504">towards</w>
		</line>
		<line c="3685" h="138" n="20">
			<w x="959">God</w>
			<w x="1163">and</w>
			<w x="1483">man;</w>
			<w x="1706">this</w>
			<w x="1851">is</w>
			<w x="2035">all</w>
			<w x="2160">in</w>
			<w x="2341">all.</w>
			<w x="2696">This</w>
			<w x="2833">is</w>
			<w x="3043">the</w>
			<w x="3284">only</w>
			<w x="3514">
				<choice>
					<hyph>es-</hyph>
					<reg>essential</reg>
				</choice>
			</w>
		</line>
		<line c="3826" h="141" n="21">
			<w x="1045" endhyph="true">sential</w>
			<w x="1344">thing.</w>
			<w x="1679">The</w>
			<w x="2077">church</w>
			<w x="2211">is</w>
			<w x="2729">important</w>
			<w x="2970">only</w>
			<w x="3104">as</w>
			<w x="3210">it</w>
			<w x="3468">
				<choice>
					<hyph>min-</hyph>
					<reg>ministers</reg>
				</choice>
			</w>
		</line>
		<line c="3978" h="117" n="22">
			<w x="995" endhyph="true">isters</w>
			<w x="1127">to</w>
			<w x="1398">this;</w>
			<w x="1630">and</w>
			<w x="1954">every</w>
			<w x="2317">church</w>
			<w x="2635">which</w>
			<w x="2776">so</w>
			<w x="3255">ministers</w>
			<w x="3367">is</w>
			<w x="3465">a</w>
		</line>
		<line c="4111" h="142" n="23">
			<w x="978">good</w>
			<w x="1218">one,</w>
			<w x="1378">no</w>
			<w x="1752">matter</w>
			<w x="2040">how,</w>
			<w x="2366">when,</w>
			<w x="2514">or</w>
			<w x="2836">where</w>
			<w x="2967">it</w>
			<w x="3267">grew</w>
			<w x="3458">up,</w>
		</line>
		<line c="4255" h="134" n="24">
			<w x="864">no</w>
			<w x="1207">matter</w>
			<w x="1624">whether</w>
			<w x="1744">it</w>
			<w x="2142">worship</w>
			<w x="2307">on</w>
			<w x="2456">its</w>
			<w x="2764">knees</w>
			<w x="2906">or</w>
			<w x="3056">on</w>
			<w x="3208">its</w>
			<w x="3459">feet,</w>
		</line>
		<line c="4405" h="138" n="25">
			<w x="852">or</w>
			<w x="1269">whether</w>
			<w x="1437">its</w>
			<w x="1915">ministers</w>
			<w x="2123">are</w>
			<w x="2591">ordained</w>
			<w x="2767">by</w>
			<w x="3056">pope,</w>
			<w x="3459">bishop,</w>
		</line>
		<line c="4544" h="133" n="26">
			<w x="1228">presbyter,</w>
			<w x="1398">or</w>
			<w x="1837">people;</w>
			<w x="2142">these</w>
			<w x="2347">are</w>
			<w x="2892">secondary</w>
			<w x="3255">things,</w>
			<w x="3471">and</w>
		</line>
		<line c="4692" h="125" n="27">
			<w x="856">of</w>
			<w x="1013">no</w>
			<w x="1630">comparative</w>
			<w x="2098">moment.</w>
			<w x="2435">The</w>
			<w x="2820">church</w>
			<w x="3140">which</w>
			<w x="3470">opens</w>
		</line>
		<line c="4836" h="121" n="28">
			<w x="866">on</w>
			<w x="1252">heaven</w>
			<w x="1367">is</w>
			<w x="1618">that,</w>
			<w x="1831">and</w>
			<w x="2050">that</w>
			<w x="2323">only,</w>
			<w x="2455">in</w>
			<w x="2815">which</w>
			<w x="2992">the</w>
			<w x="3294">spirit</w>
			<w x="3463">of</w>
		</line>
		<line c="4983" h="122" n="29">
			<w x="1082">heaven</w>
			<w x="1478">dwells.</w>
			<w x="1816">The</w>
			<w x="2213">church</w>
			<w x="2576">whose</w>
			<w x="3014">worship</w>
			<w x="3306">rises</w>
			<w x="3470">to</w>
		</line>
		<line c="5118" h="133" n="30">
			<w x="1042">God's</w>
			<w x="1233">ear</w>
			<w x="1344">is</w>
			<w x="1597">that,</w>
			<w x="1811">and</w>
			<w x="2028">that</w>
			<w x="2303">only,</w>
			<w x="2625">where</w>
			<w x="2800">the</w>
			<w x="3028">soul</w>
			<w x="3465">ascends.</w>
		</line>
		<line c="5273" h="128" n="31">
			<w x="894">No</w>
			<w x="1239">matter</w>
			<w x="1655">whether</w>
			<w x="1759">it</w>
			<w x="1909">be</w>
			<w x="2384">gathered</w>
			<w x="2510">in</w>
			<w x="2979">cathedral</w>
			<w x="3142">or</w>
			<w x="3477">barn;</w>
		</line>
		<line c="5415" h="122" n="32">
			<w x="1131">whether</w>
			<w x="1235">it</w>
			<w x="1408">sit</w>
			<w x="1556">in</w>
			<w x="1974">silence,</w>
			<w x="2120">or</w>
			<w x="2404">send</w>
			<w x="2583">up</w>
			<w x="2676">a</w>
			<w x="3040">hymn;</w>
			<w x="3476">whether</w>
		</line>
		<line c="5559" h="124" n="33">
			<w x="917">the</w>
			<w x="1349">minister</w>
			<w x="1678">speak</w>
			<w x="1966">from</w>
			<w x="2456">carefully</w>
			<w x="2950">prepared</w>
			<w x="3299">notes,</w>
			<w x="3472">or</w>
		</line>
	</div>
</body>
