<body>
	<div id="2" group="1" x="710" y="1740" width="2737" height="567" type="score"
		attribution="HMorESM">
		<line c="1800" h="144" n="7">
			<w x="1118">teaching</w>
			<w x="1318">us,</w>
			<w x="1556">that</w>
			<w x="1760">the</w>
			<w x="2223">kingdom</w>
			<w x="2401">of</w>
			<w x="2757">heaven</w>
			<w x="2893">is</w>
			<w x="3220">within</w>
			<w x="3427">us,</w>
		</line>
		<line c="1944" h="154" n="8">
			<w x="896">and</w>
			<w x="1467">proposing,</w>
			<w x="1616">as</w>
			<w x="1829">its</w>
			<w x="2136">great</w>
			<w x="2382">end,</w>
			<w x="2541">to</w>
			<w x="2914">rescue</w>
			<w x="3129">the</w>
			<w x="3435">mind</w>
		</line>
		<line c="2082" h="150" n="9">
			<w x="958">from</w>
			<w x="1235">evil,</w>
			<w x="1464">and</w>
			<w x="1624">to</w>
			<w x="1987">endue</w>
			<w x="2128">it</w>
			<w x="2394">with</w>
			<w x="2814">strength</w>
			<w x="3048">and</w>
			<w x="3436">dignity</w>
		</line>
		<line c="2234" h="135" n="10">
			<w x="1062">worthy</w>
			<w x="1207">its</w>
			<w x="1552">divine</w>
			<w x="2046">origin.&#8212;</w>
			<w x="2406">Again,</w>
			<w x="2695">when</w>
			<w x="2776">I</w>
			<w x="3023">look</w>
			<w x="3260">into</w>
			<w x="3439">the</w>
		</line>
	</div>
	<div id="3" group="2" x="707" y="2589" width="2765" height="131" type="parenthesis"
		attribution="HMorESM">
		<line c="2666" h="147" n="13">
			<w x="789">I</w>
			<w x="976">see</w>
			<w x="1354">desires</w>
			<w x="1672">which</w>
			<w x="1904">find</w>
			<w x="2056">no</w>
			<w x="2506">adequate</w>
			<w x="2799">good</w>
			<w x="2954">on</w>
			<w x="3298">earth.</w>
		</line>
	</div>
</body>
