<body>
	<div id="2" group="1" x="420" y="3352" width="2695" height="137" type="underline"
		type2="annotated" attribution="ESM">
		<line n="19" h="137" c="3420">
			<blank x="1649"/>
			<w x="1880">But</w>
			<w x="2130">that</w>
			<w x="2324">day</w>
			<w x="2448">is</w>
			<w x="2721">gone</w>
			<w x="2938">by,</w>
		</line>
	</div>
	<div id="3" group="2" x="3156" y="3299" width="545" height="464" type="annotation"
		attribution="ESM">
		<line n="19" h="214" c="3382">
			<blank x="3243"/>
			<w x="3590">Alas</w>
		</line>
		<line n="20" h="214" c="3562">
			<w x="3419">not</w>
			<w x="3687">yet!</w>
		</line>
	</div>
</body>
