<body>
	<div id="2" group="1" x="686" y="3673" width="2135" height="196" type="annotated"
		attribution="ESM">
		<line n="1" h="196" c="3771">
			<w x="892">but</w>
			<w x="1205">would</w>
			<w x="1397">we</w>
			<w x="1663">keep</w>
			<w x="1892">him</w>
			<w x="2079">for</w>
			<w x="2350">ever</w>
			<w x="2458">a</w>
			<w x="2808">child?</w>
		</line>
	</div>
	<div id="3" group="2" x="139" y="3657" width="352" height="218" type="annotation"
		attribution="ESM">
		<line n="1" h="218" c="3766">
			<w x="491">Yes.</w>
		</line>
	</div>
</body>
