<body>
	<div id="2" group="1" x="655" y="780" width="2839" height="4849" type="brokenscore"
		attribution="HMorESM">
		<line c="874" h="145" n="1">
			<w x="914">I</w>
			<w x="1101">call</w>
			<w x="1317">that</w>
			<w x="1584">mind</w>
			<w x="1858">free,</w>
			<w x="2178">which</w>
			<w x="2621">escapes</w>
			<w x="2801">the</w>
			<w x="3244">bondage</w>
			<w x="3438">of</w>
		</line>
		<line c="1019" h="145" n="2">
			<w x="1076">matter,</w>
			<w x="1415">which,</w>
			<w x="1786">instead</w>
			<w x="1937">of</w>
			<w x="2362">stopping</w>
			<w x="2535">at</w>
			<w x="2747">the</w>
			<w x="3197">material</w>
			<w x="3428">
				<choice>
					<hyph>uni-</hyph>
					<reg>universe</reg>
				</choice>
			</w>
		</line>
		<line c="1164" h="145" n="3">
			<w x="986" endhyph="true">verse</w>
			<w x="1191">and</w>
			<w x="1559">making</w>
			<w x="1663">it</w>
			<w x="1760">a</w>
			<w x="2070">prison</w>
			<w x="2340">wall,</w>
			<w x="2653">passes</w>
			<w x="3046">beyond</w>
			<w x="3147">it</w>
			<w x="3291">to</w>
			<w x="3420">its</w>
		</line>
		<line c="1309" h="145" n="4">
			<w x="1130">Author,</w>
			<w x="1382">and</w>
			<w x="1660">finds</w>
			<w x="1850">in</w>
			<w x="2066">the</w>
			<w x="2445">radiant</w>
			<w x="2981">signatures</w>
			<w x="3302">which</w>
			<w x="3428">it</w>
		</line>
		<line c="1442" h="172" n="5">
			<w x="1264">everywhere</w>
			<w x="1539">bears</w>
			<w x="1682">of</w>
			<w x="1868">the</w>
			<w x="2296">Infinite</w>
			<w x="2597">Spirit,</w>
			<w x="2879">helps</w>
			<w x="3020">to</w>
			<w x="3176">its</w>
			<w x="3402">own</w>
		</line>
		<line c="1611" h="118" n="6">
			<w x="1090">spiritual</w>
			<w x="1716">enlargement.</w>
		</line>
		<line c="1705" h="190" n="7">
			<w x="706">I</w>
			<w x="1094">call</w>
			<w x="1311">that</w>
			<w x="1578">mind</w>
			<w x="1846">free,</w>
			<w x="2181">which</w>
			<w x="2631">jealously</w>
			<w x="2974">guards</w>
			<w x="3132">its</w>
			<w x="3421">
				<choice>
					<hyph>intel-</hyph>
					<reg>intellectual</reg>
				</choice>
			</w>
		</line>
		<line c="1881" h="127" n="8">
			<w x="1026" endhyph="true">lectual</w>
			<w x="1351">rights</w>
			<w x="1587">and</w>
			<w x="2023">powers,</w>
			<w x="2351">which</w>
			<w x="2597">ca1ls</w>
			<w x="2749">no</w>
			<w x="3000">man</w>
			<w x="3399">master,</w>
		</line>
		<line c="2006" h="146" n="9">
			<w x="1006">which</w>
			<w x="1257">does</w>
			<w x="1484">not</w>
			<w x="1865">content</w>
			<w x="2149">itself</w>
			<w x="2394">with</w>
			<w x="2486">a</w>
			<w x="2861">passive</w>
			<w x="3042">or</w>
			<w x="3404">
				<choice>
					<hyph>heredi-</hyph>
					<reg>hereditary</reg>
				</choice>
			</w>
		</line>
		<line c="2164" h="136" n="10">
			<w x="909" endhyph="true">tary</w>
			<w x="1181">faith,</w>
			<w x="1508">which</w>
			<w x="1850">opens</w>
			<w x="2129">itself</w>
			<w x="2287">to</w>
			<w x="2563">light</w>
			<w x="3286">whencesoever</w>
			<w x="3424">it</w>
		</line>
		<line c="2300" h="145" n="11">
			<w x="937">may</w>
			<w x="1238">come,</w>
			<w x="1550">which</w>
			<w x="2008">receives</w>
			<w x="2239">new</w>
			<w x="2525">truth</w>
			<w x="2666">as</w>
			<w x="2835">an</w>
			<w x="3133">angel</w>
			<w x="3409">from</w>
		</line>
		<line c="2443" h="126" n="12">
			<w x="1088">heaven,</w>
			<w x="1466">which,</w>
			<w x="1815">whilst</w>
			<w x="2348">consulting</w>
			<w x="2730">others,</w>
			<w x="3165">inquires</w>
			<w x="3424">still</w>
		</line>
		<line c="2585" h="126" n="13">
			<w x="975">more</w>
			<w x="1108">of</w>
			<w x="1291">the</w>
			<w x="1648">oracle</w>
			<w x="2007">within</w>
			<w x="2321">itself,</w>
			<w x="2553">and</w>
			<w x="2809">uses</w>
			<w x="3413">instructions</w>
		</line>
		<line c="2730" h="131" n="14">
			<w x="954">from</w>
			<w x="1291">abroad,</w>
			<w x="1520">not</w>
			<w x="1650">to</w>
			<w x="2152">supersede</w>
			<w x="2349">but</w>
			<w x="2494">to</w>
			<w x="2945">quicken</w>
			<w x="3127">and</w>
			<w x="3415">exalt</w>
		</line>
		<line c="2879" h="112" n="15">
			<w x="833">its</w>
			<w x="1089">own</w>
			<w x="1511">energies.</w>
		</line>
		<line c="3001" h="154" n="16">
			<w x="915">I</w>
			<w x="1104">call</w>
			<w x="1317">that</w>
			<w x="1592">mind</w>
			<w x="1834">free,</w>
			<w x="2157">which</w>
			<w x="2357">sets</w>
			<w x="2518">no</w>
			<w x="2879">bounds</w>
			<w x="2998">to</w>
			<w x="3150">its</w>
			<w x="3408">love,</w>
		</line>
		<line c="3155" h="125" n="17">
			<w x="1006">which</w>
			<w x="1118">is</w>
			<w x="1308">not</w>
			<w x="1858">imprisoned</w>
			<w x="1983">in</w>
			<w x="2274">itself</w>
			<w x="2434">or</w>
			<w x="2544">in</w>
			<w x="2619">a</w>
			<w x="2880">sect,</w>
			<w x="3190">which</w>
			<w x="3416">
				<choice>
					<hyph orig="recognises">rec-</hyph>
					<reg>recognises</reg>
					<reg>recognizes</reg>
				</choice>
			</w>
		</line>
		<line c="3297" h="126" n="18">
			<w x="1070" endhyph="true">ognises.</w>
			<w x="1206">in</w>
			<w x="1389">all</w>
			<w x="1774">human</w>
			<w x="2110">beings</w>
			<w x="2296">the</w>
			<w x="2609">image</w>
			<w x="2751">of</w>
			<w x="3010">God</w>
			<w x="3237">and</w>
			<w x="3450">the</w>
		</line>
		<line c="3434" h="133" n="19">
			<w x="990">rights</w>
			<w x="1136">of</w>
			<w x="1310">his</w>
			<w x="1774">children,</w>
			<w x="2091">which</w>
			<w x="2500">delights</w>
			<w x="2634">in</w>
			<w x="2942">virtue</w>
			<w x="3421">and</w>
			<w x="3450">
				<choice>
					<hyph>sym-</hyph>
					<reg>sympathizes</reg>
				</choice>
			</w>
		</line>
		<line c="3580" h="124" n="20">
			<w x="1110" endhyph="true">pathizes</w>
			<w x="1371">with</w>
			<w x="1830">suffering</w>
			<w x="2318">wherever</w>
			<w x="2594">they</w>
			<w x="2801">are</w>
			<w x="3094">seen,</w>
			<w x="3452">which</w>
		</line>
		<line c="3726" h="136" n="21">
			<w x="1149">conquers</w>
			<w x="1479">pride,</w>
			<w x="1808">anger,</w>
			<w x="2016">and</w>
			<w x="2326">sloth,</w>
			<w x="2534">and</w>
			<w x="2850">offers</w>
			<w x="3146">itself</w>
			<w x="3308">up</w>
			<w x="3421">a</w>
		</line>
		<line c="3868" h="131" n="22">
			<w x="1038">willing</w>
			<w x="1363">victim</w>
			<w x="1495">to</w>
			<w x="1680">the</w>
			<w x="1978">cause</w>
			<w x="2122">of</w>
			<w x="2594">mankind.</w>
		</line>
		<line c="3987" h="161" n="23">
			<w x="906">I</w>
			<w x="1127">call</w>
			<w x="1367">that</w>
			<w x="1661">mind</w>
			<w x="1919">free,</w>
			<w x="2242">which</w>
			<w x="2373">is</w>
			<w x="2582">not</w>
			<w x="3421">framed</w>
		</line>
		<div id="3" group="1" x="708" y="3932" width="2748" height="136" type="underline"
			attribution="HMorESM">
			<line n="23" h="136" c="4000">
				<blank x="2620"/>
				<w x="3080">passively</w>
			</line>
		</div>
		<line c="4148" h="119" n="24">
			<w x="852">by</w>
			<w x="1266">outward</w>
			<w x="2002">circumstances,</w>
			<w x="2323">which</w>
			<w x="2434">is</w>
			<w x="2634">not</w>
			<w x="2968">swept</w>
			<w x="3267">away</w>
			<w x="3422">by</w>
		</line>
		<line c="4296" h="126" n="25">
			<w x="877">the</w>
			<w x="1233">torrent</w>
			<w x="1373">of</w>
			<w x="1743">events,</w>
			<w x="2065">which</w>
			<w x="2181">is</w>
			<w x="2367">not</w>
			<w x="2566">the</w>
			<w x="3021">creature</w>
			<w x="3153">of</w>
			<w x="3424">
				<choice>
					<hyph>acci-</hyph>
					<reg>accidental</reg>
				</choice>
			</w>
		</line>
		<line c="4436" h="118" n="26">
			<w x="1036" endhyph="true">dental</w>
			<w x="1453">impulse,</w>
			<w x="1639">but</w>
			<w x="1950">which</w>
			<w x="2277">bends</w>
			<w x="2628">events</w>
			<w x="2800">to</w>
			<w x="2954">its</w>
			<w x="3208">own</w>
			<w x="3421">
				<choice>
					<hyph>im-</hyph>
					<reg>improvement,</reg>
				</choice>
			</w>
		</line>
		<line c="4575" h="115" n="27">
			<w x="1262" endhyph="true">provement,</w>
			<w x="1473">and</w>
			<w x="1694">acts</w>
			<w x="1950">from</w>
			<w x="2093">an</w>
			<w x="2447">inward</w>
			<w x="2801">spring,</w>
			<w x="3064">from</w>
			<w x="3421">
				<choice>
					<hyph>immu-</hyph>
					<reg>immutable</reg>
				</choice>
			</w>
		</line>
		<line c="4714" h="113" n="28">
			<w x="984" endhyph="true">table</w>
			<w x="1455">principles</w>
			<w x="1776">which</w>
			<w x="1878">it</w>
			<w x="2061">has</w>
			<w x="2647">deliberately</w>
			<w x="3141">espoused.</w>
		</line>
		<line c="4851" h="121" n="29">
			<w x="911">I</w>
			<w x="1114">call</w>
			<w x="1324">that</w>
			<w x="1591">mind</w>
			<w x="1849">free,</w>
			<w x="2160">which</w>
			<w x="2584">protects</w>
			<w x="2880">itself</w>
			<w x="3254">against</w>
			<w x="3421">the</w>
		</line>
		<line c="4997" h="118" n="30">
			<w x="1269">usurpations</w>
			<w x="1421">of</w>
			<w x="1821">society,</w>
			<w x="2144">which</w>
			<w x="2391">does</w>
			<w x="2600">not</w>
			<w x="2945">cower</w>
			<w x="3080">to</w>
			<w x="3422">human</w>
		</line>
		<line c="5141" h="128" n="31">
			<w x="1125">opinion,</w>
			<w x="1441">which</w>
			<w x="1690">feels</w>
			<w x="1968">itself</w>
			<w x="2562">accountable</w>
			<w x="2693">to</w>
			<w x="2800">a</w>
			<w x="3120">higher</w>
			<w x="3419">
				<choice>
					<hyph>tribu-</hyph>
					<reg>tribunal</reg>
				</choice>
			</w>
		</line>
		<line c="5285" h="131" n="32">
			<w x="874" endhyph="true">nal</w>
			<w x="1125">than</w>
			<w x="1441">man's,</w>
			<w x="1756">which</w>
			<w x="2170">respects</w>
			<w x="2260">a</w>
			<w x="2592">higher</w>
			<w x="2789">law</w>
			<w x="3021">than</w>
			<w x="3417">fashion,</w>
		</line>
		<line c="5421" h="148" n="33">
			<w x="1016">which</w>
			<w x="1441">respects</w>
			<w x="1694">itself</w>
			<w x="1900">too</w>
			<w x="2216">much</w>
			<w x="2368">to</w>
			<w x="2528">be</w>
			<w x="2731">the</w>
			<w x="3021">slave</w>
			<w x="3190">or</w>
			<w x="3435">tool</w>
		</line>
		<line c="5557" h="119" n="34">
			<w x="852">of</w>
			<w x="1036">the</w>
			<w x="1325">many</w>
			<w x="1464">or</w>
			<w x="1644">the</w>
			<w x="1877">few.</w>
		</line>
	</div>
</body>
