<body>
	<div id="2" group="1" height="4416" width="2600" x="418" y="802" type="score"
		attribution="HMorESM">
		<line c="2716" h="124" n="16">
			<w x="714">power.</w>
			<w x="997">The</w>
			<w x="1528">consistency</w>
			<w x="1658">of</w>
			<w x="1918">great</w>
			<w x="2174">error</w>
			<w x="2389">with</w>
			<w x="2653">great</w>
			<w x="2987">virtue</w>
		</line>
		<line c="2836" h="109" n="17">
			<w x="502">is</w>
			<w x="699">one</w>
			<w x="829">of</w>
			<w x="995">the</w>
			<w x="1353">lessons</w>
			<w x="1482">of</w>
			<w x="1910">universal</w>
			<w x="2283">history.</w>
			<w x="2547">But</w>
			<w x="2821">error</w>
			<w x="2938">is</w>
		</line>
		<line c="2958" h="141" n="18">
			<w x="572">not</w>
			<w x="827">made</w>
			<w x="1241">harmless</w>
			<w x="1379">by</w>
			<w x="1610">such</w>
			<w x="2199">associations.</w>
			<w x="2480">The</w>
			<w x="2730">false</w>
			<w x="2938">
				<choice>
					<hyph>the-</hyph>
					<reg>theories</reg>
				</choice>
			</w>
		</line>
		<line c="3079" h="123" n="19">
			<w x="675" endhyph="true">ories</w>
			<w x="769">of</w>
			<w x="1055">which</w>
			<w x="1129">I</w>
			<w x="1365">have</w>
			<w x="1739">spoken,</w>
			<w x="2074">though</w>
			<w x="2245">not</w>
			<w x="2765">thoroughly</w>
			<w x="2976">
				<choice>
					<hyph>be-</hyph>
					<reg>believed,</reg>
				</choice>
			</w>
		</line>
		<line c="3206" h="116" n="20">
			<w x="708" endhyph="true">lieved,</w>
			<w x="943">have</w>
			<w x="1332">wrought</w>
			<w x="1620">much,</w>
			<w x="1825">evil.</w>
			<w x="2160">They</w>
			<w x="2393">have</w>
			<w x="2640">done</w>
			<w x="2931">much,</w>
		</line>
		<line c="3324" h="120" n="21">
			<w x="466">I</w>
			<w x="745">think,</w>
			<w x="859">to</w>
			<w x="1348">perpetuate</w>
			<w x="1600">those</w>
			<w x="1884">abject</w>
			<w x="2157">views</w>
			<w x="2284">of</w>
			<w x="2590">human</w>
			<w x="2931">nature,</w>
		</line>
		<line c="3453" h="117" n="22">
			<w x="675">which</w>
			<w x="928">keep</w>
			<w x="1019">it</w>
			<w x="1313">where</w>
			<w x="1408">it</w>
			<w x="1538">is,</w>
			<w x="1829">which</w>
			<w x="2114">check</w>
			<w x="2402">men's</w>
			<w x="2984">aspirations,</w>
		</line>
		<line c="3579" h="122" n="23">
			<w x="580">and</w>
			<w x="1004">reconcile</w>
			<w x="1249">them</w>
			<w x="1361">to</w>
			<w x="1598">their</w>
			<w x="1944">present</w>
			<w x="2173">poor</w>
			<w x="2472">modes</w>
			<w x="2590">of</w>
			<w x="2964">thought</w>
		</line>
		<line c="3701" h="118" n="24">
			<w x="574">and</w>
			<w x="870">action</w>
			<w x="995">as</w>
			<w x="1160">the</w>
			<w x="1404">fixed</w>
			<w x="1922">unalterable</w>
			<w x="2147">laws</w>
			<w x="2279">of</w>
			<w x="2518">their</w>
			<w x="2810">being.</w>
		</line>
	</div>
</body>
