<body>
	<div id="2" group="1" x="494" y="3267" width="2544" height="1569" type="score"
		attribution="HMorESM">
		<line c="3337" h="113" n="20">
			<w x="658">On</w>
			<w x="1111">observing</w>
			<w x="1325">how</w>
			<w x="1727">common</w>
			<w x="1824">it</w>
			<w x="1926">is</w>
			<w x="2104">for</w>
			<w x="2319">men</w>
			<w x="2453">of</w>
			<w x="2579">all</w>
			<w x="3007">countries</w>
		</line>
		<line c="3459" h="113" n="21">
			<w x="676">and</w>
			<w x="1027">names,</w>
			<w x="1416">whether</w>
			<w x="1933">Christians,</w>
			<w x="2237">Jews,</w>
			<w x="2371">or</w>
			<w x="3002">
				<choice>
					<orig>Mahometans,</orig>
					<reg>Mohammedans,</reg>
					<reg>Mahommedans,</reg>
					<reg>Mahomedans,</reg>
				</choice>
			</w>
		</line>
		<line c="3597" h="109" n="22">
			<w x="611">to</w>
			<w x="987">receive</w>
			<w x="1204">the</w>
			<w x="1571">religion</w>
			<w x="1729">of</w>
			<w x="1977">their</w>
			<w x="2351">fathers,</w>
			<w x="2467">I</w>
			<w x="2731">have</w>
			<w x="3011">again</w>
		</line>
		<line c="3729" h="109" n="23">
			<w x="679">and</w>
			<w x="944">again</w>
			<w x="1226">asked</w>
			<w x="1590">myself,</w>
			<w x="1980">whether</w>
			<w x="2063">I</w>
			<w x="2233">too</w>
			<w x="1391">was</w>
			<w x="2606">not</w>
			<w x="2707">a</w>
			<w x="3005">slave,</w>
		</line>
		<line c="3864" h="113" n="24">
			<w x="871">whether</w>
			<w x="978">I</w>
			<w x="1173">too</w>
			<w x="1386">was</w>
			<w x="1562">not</w>
			<w x="1915">blindly</w>
			<w x="2279">walking</w>
			<w x="2418">in</w>
			<w x="2602">the</w>
			<w x="2849">path</w>
			<w x="3004">of</w>
		</line>
		<line c="3992" h="106" n="25">
			<w x="912">tradition,</w>
			<w x="1106">and</w>
			<w x="1502">yielding</w>
			<w x="1848">myself</w>
			<w x="1976">as</w>
			<w x="2424">passively</w>
			<w x="2546">as</w>
			<w x="2862">others</w>
			<w x="3011">to</w>
		</line>
		<line c="4123" h="113" n="26">
			<w x="623">an</w>
			<w x="1137">hereditary</w>
			<w x="1378">faith.</w>
			<w x="1543">I</w>
			<w x="1915">distrust</w>
			<w x="2116">and</w>
			<w x="2348">fear</w>
			<w x="2534">the</w>
			<w x="2855">power</w>
			<w x="3005">of</w>
		</line>
		<line c="4243" h="128" n="27">
			<w x="889">numbers</w>
			<w x="1114">and</w>
			<w x="1273">of</w>
			<w x="1643">general</w>
			<w x="2034">opinion</w>
			<w x="2291">over</w>
			<w x="2494">my</w>
			<w x="3011">judgment;</w>
		</line>
		<line c="4387" h="117" n="28">
			<w x="682">and</w>
			<w x="883">few</w>
			<w x="1174">things</w>
			<w x="1445">incite</w>
			<w x="1609">me</w>
			<w x="1883">more</w>
			<w x="2003">to</w>
			<w x="2280">repel</w>
			<w x="2378">a</w>
			<w x="2793">doctrine</w>
			<w x="3013">than</w>
		</line>
		<line c="4511" h="111" n="29">
			<w x="936">intolerant</w>
			<w x="1354">attempts</w>
			<w x="1513">to</w>
			<w x="1830">force</w>
			<w x="1939">it</w>
			<w x="2116">on</w>
			<w x="2327">my</w>
			<w x="3070">understanding.</w>
		</line>
		<line c="4645" h="111" n="30">
			<w x="888">Perhaps</w>
			<w x="1085">my</w>
			<w x="1530">Christian</w>
			<w x="2001">education</w>
			<w x="2213">and</w>
			<w x="2748">
				<choice>
					<orig>connexions</orig>
					<reg>connections</reg>
				</choice>
			</w>
			<w x="3070">have</w>
		</line>
		<line c="4773" h="116" n="31">
			<w x="888">inclined</w>
			<w x="1051">me</w>
			<w x="1172">to</w>
			<w x="1714">skepticism,</w>
			<w x="2014">rather</w>
			<w x="2251">than</w>
			<w x="2575">bowed</w>
			<w x="2764">my</w>
			<w x="3015">mind</w>
		</line>
	</div>
</body>
