<body>
	<div id="2" group="1" height="4554" width="2633" x="367" y="558" type="score"
		attribution="HMorESM">
		<line c="2826" h="108" n="16">
			<w x="460">an</w>
			<w x="827">infinite</w>
			<w x="1316">unknown.</w>
			<w x="1599">Nor</w>
			<w x="1867">ought</w>
			<w x="2065">our</w>
			<w x="2547">ignorance</w>
			<w x="2698">to</w>
			<w x="2898">
				<choice>
					<orig>dis-</orig>
					<reg>discourage</reg>
				</choice>
			</w>
		</line>
		<line c="2940" h="131" n="17">
			<w x="726" endhyph="true">courage</w>
			<w x="909">us,</w>
			<w x="1059">as</w>
			<w x="1186">if</w>
			<w x="1339">we</w>
			<w x="1599">were</w>
			<w x="1802">left</w>
			<w x="1940">to</w>
			<w x="2361">hopeless</w>
			<w x="2941">skepticism.</w>
		</line>
		<line c="3073" h="114" n="18">
			<w x="658">There</w>
			<w x="814">are</w>
			<w x="1076">great</w>
			<w x="1406">truths,</w>
			<w x="1699">which</w>
			<w x="1979">every</w>
			<w x="2290">honest</w>
			<w x="2549">heart</w>
			<w x="2763">may</w>
			<w x="2898">be</w>
		</line>
		<line c="3199" h="119" n="19">
			<w x="706">assured</w>
			<w x="851">of.</w>
			<w x="1226">There</w>
			<w x="1328">is</w>
			<w x="1560">such</w>
			<w x="1647">a</w>
			<w x="1926">thing,</w>
			<w x="2059">as</w>
			<w x="2146">a</w>
			<w x="2494">serene,</w>
			<w x="2900">
				<choice>
					<hyph>immova-</hyph>
					<reg>immovable</reg>
				</choice>
			</w>
		</line>
		<line c="3317" h="111" n="20">
			<w x="506" endhyph="true">ble</w>
			<w x="1020">conviction.</w>
			<w x="1383">Faith</w>
			<w x="1483">is</w>
			<w x="1560">a</w>
			<w x="1840">deep</w>
			<w x="2081">want</w>
			<w x="2213">of</w>
			<w x="2378">the</w>
			<w x="2623">soul.</w>
			<w x="2897">We</w>
		</line>
		<line c="3443" h="118" n="21">
			<w x="578">have</w>
			<w x="974">faculties</w>
			<w x="1128">for</w>
			<w x="1291">the</w>
			<w x="1705">spiritual,</w>
			<w x="1830">as</w>
			<w x="2071">truly</w>
			<w x="2194">as</w>
			<w x="2349">for</w>
			<w x="2512">the</w>
			<w x="2898">outward</w>
		</line>
		<line c="3562" h="128" n="22">
			<w x="648">world.</w>
			<w x="955">God,</w>
			<w x="1165">the</w>
			<w x="1669">foundation</w>
			<w x="1822">of</w>
			<w x="1972">all</w>
			<w x="2459">existence,</w>
			<w x="2701">may</w>
			<w x="2897">
				<choice>
					<hyph>be-</hyph>
					<reg>become</reg>
				</choice>
			</w>
		</line>
	</div>
</body>
