<body>
	<div id="2" group="1" x="503" y="3515" width="2548" height="921" type="score"
		attribution="HMorESM">
		<line c="3586" h="127" n="22">
			<div id="3" group="2" x="508" y="3515" width="2529" height="269" type="score"
				attribution="HMorESM">
				<line n="1" h="134" c="3582">
					<w x="809">power</w>
					<w x="949">of</w>
					<w x="1340">bringing</w>
					<w x="1454">it</w>
					<w x="1672">out.</w>
					<w x="1879">A</w>
					<w x="2131">man,</w>
					<w x="2270">of</w>
					<w x="2529">more</w>
					<w x="2769">than</w>
					<w x="3083">
						<choice>
							<hyph>ordi-</hyph>
							<reg>ordinary</reg>
						</choice>
					</w>
				</line>
				<line c="3712" h="132" n="23">
					<w x="730" endhyph="true">nary</w>
					<w x="1264">intellectual</w>
					<w x="1613">vigor,</w>
					<w x="1859">may,</w>
					<w x="2048">for</w>
					<w x="2319">want</w>
					<w x="2472">of</w>
					<w x="3084">expression,</w>
				</line>
			</div>
			<line c="3848" h="109" n="24">
				<w x="639">be</w>
				<w x="724">a</w>
				<w x="1055">cipher,</w>
				<w x="1426">without</w>
				<w x="2009">significance,</w>
				<w x="2132">in</w>
				<w x="2522">society.</w>
				<w x="2837">And</w>
				<w x="3048">not</w>
			</line>
			<line c="3984" h="116" n="25">
				<w x="719">only</w>
				<w x="953">does</w>
				<w x="1038">a</w>
				<w x="1254">man</w>
				<w x="1674">influence</w>
				<w x="2009">others,</w>
				<w x="2184">but</w>
				<w x="2319">he</w>
				<w x="2651">greatly</w>
				<w x="2860">aids</w>
				<w x="3054">his</w>
			</line>
			<line c="4113" h="113" n="26">
				<w x="717">own</w>
				<w x="1127">intellect,</w>
				<w x="1279">by</w>
				<w x="1574">giving</w>
				<w x="1927">distinct</w>
				<w x="2115">and</w>
				<w x="2468">forcible</w>
				<w x="2908">utterance</w>
				<w x="3032">to</w>
			</line>
			<line c="4242" h="105" n="27">
				<w x="656">his</w>
				<w x="1085">thoughts.</w>
				<w x="1374">We</w>
				<w x="1874">understand</w>
				<w x="2309">ourselves</w>
				<w x="2629">better,</w>
				<w x="2802">our</w>
				<w x="3054">
					<choice>
						<hyph>con-</hyph>
						<reg>conceptions</reg>
					</choice>
				</w>
			</line>
			<line c="4374" h="107" n="28">
				<w x="892" endhyph="true">ceptions</w>
				<w x="1165">grow</w>
				<w x="1527">clearer,</w>
				<w x="1678">by</w>
				<w x="1843">the</w>
				<w x="2073">very</w>
				<w x="2344">effort</w>
				<w x="2474">to</w>
				<w x="2760">make</w>
				<w x="3028">them</w>
			</line>
		</line>
	</div>
</body>
