<body>
	<div id="2" group="1" x="634" y="3427" width="2517" height="390" type="score"
		attribution="HMorESM">
		<line c="3489" h="131" n="21">
			<w x="758">no</w>
			<w x="1108">anxiety</w>
			<w x="1226">to</w>
			<w x="1715">propagate.</w>
			<w x="2001">We</w>
			<w x="2330">regard</w>
			<w x="2592">them</w>
			<w x="2717">as</w>
			<w x="2883">the</w>
			<w x="3137">
				<choice>
					<hyph>high-</hyph>
					<reg>highest,</reg>
				</choice>
			</w>
		</line>
		<line c="3621" h="125" n="22">
			<w x="807" endhyph="true">est,</w>
			<w x="1056">most</w>
			<w x="1550">important,</w>
			<w x="1798">most</w>
			<w x="2172">efficient</w>
			<w x="2503">truths,</w>
			<w x="2692">and</w>
			<w x="3136">therefore</w>
		</line>
		<line c="3755" h="119" n="23">
			<w x="1120">demanding</w>
			<w x="1202">a</w>
			<w x="1405">firm</w>
			<w x="1926">testimony,</w>
			<w x="2104">and</w>
			<w x="2446">earnest</w>
			<w x="2761">efforts</w>
			<w x="2866">to</w>
			<w x="3132">make</w>
		</line>
	</div>
	<div id="3" group="2" x="638" y="4342" width="2511" height="393" type="bar"
		attribution="HMorESM">
		<line n="1" h="131" c="4408">
			<blank x="1679"/>
			<w x="1907">We</w>
			<w x="2126">hold</w>
			<w x="2469">nothing</w>
			<w x="2585">to</w>
			<w x="2737">be</w>
			<w x="3144">essential,</w>
		</line>
		<line n="2" h="131" c="4539">
			<w x="829">but</w>
			<w x="1009">the</w>
			<w x="1360">simple</w>
			<w x="1588">and</w>
			<w x="2015">supreme</w>
			<w x="2509">dedication</w>
			<w x="2665">of</w>
			<w x="2853">the</w>
			<w x="3144">mind,</w>
		</line>
		<line n="3" h="131" c="4670">
			<w x="929">heart,</w>
			<w x="1145">and</w>
			<w x="1352">life</w>
			<w x="1500">to</w>
			<w x="1747">God</w>
			<w x="1959">and</w>
			<w x="2070">to</w>
			<w x="2270">his</w>
			<w x="2493">will.</w>
		</line>
	</div>
</body>
