<body>
	<div id="2" group="1" x="624" y="2114" width="2534" height="3015" type="score"
		attribution="HMorESM">
		<line c="2173" h="123" n="11">
			<w x="838">5.</w>
			<w x="1185">Again,</w>
			<w x="1389">that</w>
			<w x="1555">the</w>
			<w x="1962">ministry</w>
			<w x="2179">may</w>
			<w x="2316">be</w>
			<w x="2671">imbued</w>
			<w x="2891">with</w>
			<w x="3119">new</w>
		</line>
		<line c="2322" h="160" n="12">
			<w x="931">power,</w>
			<w x="1032">it</w>
			<w x="1307">needs</w>
			<w x="1395">a</w>
			<w x="1652">spirit</w>
			<w x="1785">of</w>
			<w x="2242">enterprise</w>
			<w x="2428">and</w>
			<w x="2782">reform.</w>
			<w x="3118">They</w>
		</line>
		<line c="2446" h="149" n="13">
			<w x="812">who</w>
			<w x="1069">enter</w>
			<w x="1168">it</w>
			<w x="1475">should</w>
			<w x="1687">feel</w>
			<w x="1903">that</w>
			<w x="1996">it</w>
			<w x="2224">may</w>
			<w x="2348">be</w>
			<w x="2829">improved.</w>
			<w x="3115">We</w>
		</line>
		<line c="2583" h="153" n="14">
			<w x="791">live</w>
			<w x="928">in</w>
			<w x="987">a</w>
			<w x="1360">stirring,</w>
			<w x="1831">advancing</w>
			<w x="2087">age;</w>
			<w x="2296">and</w>
			<w x="2542">shall</w>
			<w x="2735">not</w>
			<w x="2918">the</w>
			<w x="3114">
				<choice>
					<hyph>no-</hyph>
					<reg>noblest</reg>
				</choice>
			</w>
		</line>
		<line c="2701" h="131" n="15">
			<w x="846" endhyph="true">blest</w>
			<w x="1220">function</w>
			<w x="1364">on</w>
			<w x="1618">earth</w>
			<w x="1971">partake</w>
			<w x="2119">of</w>
			<w x="2278">the</w>
			<w x="2627">general</w>
			<w x="3115">progress?</w>
		</line>
		<line c="2831" h="133" n="16">
			<w x="870">Why</w>
			<w x="970">is</w>
			<w x="1158">the</w>
			<w x="1464">future</w>
			<w x="1866">ministry</w>
			<w x="1989">to</w>
			<w x="2128">be</w>
			<w x="2214">a</w>
			<w x="2539">servile</w>
			<w x="3121">continuation</w>
		</line>
		<line c="2963" h="129" n="17">
			<w x="741">of</w>
			<w x="914">the</w>
			<w x="1214">past?</w>
			<w x="1563">Have</w>
			<w x="1746">all</w>
			<w x="1931">the</w>
			<w x="2360">methods</w>
			<w x="2512">of</w>
			<w x="2966">operating</w>
			<w x="3122">on</w>
		</line>
		<line c="3084" h="147" n="18">
			<w x="928">human</w>
			<w x="1231">beings</w>
			<w x="1481">been</w>
			<w x="1710">tried</w>
			<w x="1895">and</w>
			<w x="2427">exhausted?</w>
			<w x="2712">Are</w>
			<w x="2965">there</w>
			<w x="3123">no</w>
		</line>
		<line c="3230" h="141" n="19">
			<w x="1081">unessayed</w>
			<w x="1483">passages</w>
			<w x="1607">to</w>
			<w x="1775">the</w>
			<w x="2110">human</w>
			<w x="2480">heart?</w>
			<w x="2659">If</w>
			<w x="2828">we</w>
			<w x="3010">live</w>
			<w x="3129">in</w>
		</line>
		<line c="3366" h="141" n="20">
			<w x="706">a</w>
			<w x="904">new</w>
			<w x="1098">era,</w>
			<w x="1362">must</w>
			<w x="1523">not</w>
			<w x="1886">religion</w>
			<w x="2020">be</w>
			<w x="2457">exhibited</w>
			<w x="2737">under</w>
			<w x="2967">new</w>
			<w x="3127">
				<choice>
					<hyph>as-</hyph>
					<reg>aspects,</reg>
				</choice>
			</w>
		</line>
		<line c="3516" h="182" n="21">
			<w x="903" endhyph="true">pects,</w>
			<w x="1032">or</w>
			<w x="1153">in</w>
			<w x="1368">new</w>
			<w x="1832">relations?</w>
			<w x="2020">Is</w>
			<w x="2205">not</w>
			<w x="2714">skepticism</w>
			<w x="3032">taking</w>
			<w x="3133">a</w>
		</line>
		<line c="3612" h="117" n="22">
			<w x="825">new</w>
			<w x="1127">form?</w>
			<w x="1415">Has</w>
			<w x="1610">not</w>
			<w x="2166">Christianity</w>
			<w x="2377">new</w>
			<w x="2597">foes</w>
			<w x="2736">to</w>
			<w x="3132">contend</w>
		</line>
		<line c="3746" h="150" n="23">
			<w x="900">with?</w>
			<w x="1204">And</w>
			<w x="1402">are</w>
			<w x="1679">there</w>
			<w x="1837">no</w>
			<w x="2067">new</w>
			<w x="2471">weapons</w>
			<w x="2659">and</w>
			<w x="2992">modes</w>
			<w x="3126">of</w>
		</line>
		<line c="3886" h="146" n="24">
			<w x="1002">warfare,</w>
			<w x="1144">by</w>
			<w x="1432">which</w>
			<w x="1584">its</w>
			<w x="2013">triumphs</w>
			<w x="2206">are</w>
			<w x="2336">to</w>
			<w x="2498">be</w>
			<w x="2925">insured?</w>
			<w x="3125">If</w>
		</line>
		<line c="4018" h="143" n="25">
			<w x="935">human</w>
			<w x="1272">nature</w>
			<w x="1410">is</w>
			<w x="1968">manifesting</w>
			<w x="2257">itself</w>
			<w x="2382">in</w>
			<w x="2620">new</w>
			<w x="2923">lights,</w>
			<w x="3135">and</w>
		</line>
		<line c="4150" h="147" n="26">
			<w x="968">passing</w>
			<w x="1350">through</w>
			<w x="1432">a</w>
			<w x="1639">new</w>
			<w x="1824">and</w>
			<w x="2083">most</w>
			<w x="2593">interesting</w>
			<w x="2846">stage</w>
			<w x="2998">of</w>
			<w x="3136">its</w>
		</line>
		<line c="4281" h="145" n="27">
			<w x="1050">progress,</w>
			<w x="1282">shall</w>
			<w x="1376">it</w>
			<w x="1523">be</w>
			<w x="1962">described</w>
			<w x="2106">by</w>
			<w x="2260">the</w>
			<w x="2964">commonplaces,</w>
			<w x="3140">and</w>
		</line>
		<line c="4411" h="141" n="28">
			<w x="1040">appealed</w>
			<w x="1159">to</w>
			<w x="1685">exclusively</w>
			<w x="1831">by</w>
			<w x="1998">the</w>
			<w x="2401">motives,</w>
			<w x="2704">which</w>
			<w x="3144">belonged</w>
		</line>
		<line c="4538" h="129" n="29">
			<w x="745">to</w>
			<w x="1059">earlier</w>
			<w x="1415">periods</w>
			<w x="1558">of</w>
			<w x="1970">society?</w>
			<w x="2264">May</w>
			<w x="2436">not</w>
			<w x="2620">the</w>
			<w x="2892">mind</w>
			<w x="3144">have</w>
		</line>
		<line c="4672" h="132" n="30">
			<w x="996">become</w>
			<w x="1547">susceptible</w>
			<w x="1709">of</w>
			<w x="2054">nobler</w>
			<w x="2605">incitements</w>
			<w x="2853">than</w>
			<w x="3146">those</w>
		</line>
		<line c="4804" h="130" n="31">
			<w x="918">which</w>
			<w x="1211">suited</w>
			<w x="1478">ruder</w>
			<w x="1805">times?</w>
			<w x="2144">Shall</w>
			<w x="2312">the</w>
			<w x="2692">minister</w>
			<w x="2976">linger</w>
			<w x="3149">
				<choice>
					<hyph>be-</hyph>
					<reg>behind</reg>
				</choice>
			</w>
		</line>
		<line c="4934" h="131" n="32">
			<w x="848" endhyph="true">hind</w>
			<w x="1002">his</w>
			<w x="1210">age,</w>
			<w x="1395">and</w>
			<w x="1535">be</w>
			<w x="1909">dragged</w>
			<w x="2202">along,</w>
			<w x="2316">as</w>
			<w x="2447">he</w>
			<w x="2699">often</w>
			<w x="2874">has</w>
			<w x="3146">been,</w>
		</line>
		<line c="5064" h="125" n="33">
			<w x="749">in</w>
			<w x="912">the</w>
			<w x="1096">last</w>
			<w x="1363">ranks</w>
			<w x="1496">of</w>
			<w x="2176">improvement?</w>
			<w x="2447">Let</w>
			<w x="2724">those</w>
			<w x="2982">who</w>
			<w x="3153">are</w>
		</line>
	</div>
</body>
