<body>
	<div id="2" group="1" x="422" y="843" width="2732" height="2104" type="score"
		attribution="HMorESM">
		<line c="912" h="195" n="1">
			<w x="691">early</w>
			<w x="1200">prejudice,</w>
			<w x="1343">or</w>
			<w x="1522">by</w>
			<w x="2148">intimidations</w>
			<w x="2427">from</w>
			<w x="2608">the</w>
			<w x="2919">pulpit</w>
			<w x="3139">and</w>
		</line>
		<line c="1055" h="143" n="2">
			<w x="600">the</w>
			<w x="942">press,</w>
			<w x="2026">who</w>
			<w x="2520">anxiously</w>
			<w x="2807">stifle</w>
			<w x="3141">every</w>
		</line>
		<div id="3" group="1" x="425" y="987" width="2720" height="134" type="underline"
			attribution="HMorESM">
			<line n="2" h="134" c="1054">
				<blank x="991"/>
				<w x="1248">dare</w>
				<w x="1456">not</w>
				<w x="1804">think;</w>
			</line>
		</div>
		<line c="1191" h="138" n="3">
			<w x="720">doubt</w>
			<w x="881">or</w>
			<w x="1377">misgiving</w>
			<w x="1520">in</w>
			<w x="1857">regard</w>
			<w x="1999">to</w>
			<w x="2273">their</w>
			<w x="2751">opinions,</w>
			<w x="2889">as</w>
			<w x="3004">if</w>
			<w x="3140">to</w>
		</line>
		<line c="1336" h="137" n="4">
			<w x="721">doubt</w>
			<w x="991">were</w>
			<w x="1082">a</w>
			<w x="1445">crime;</w>
			<w x="1696">who</w>
			<w x="2022">shrink</w>
			<w x="2296">from</w>
			<w x="2490">the</w>
			<w x="2879">seekers</w>
			<w x="3142">after</w>
		</line>
		<line c="1483" h="119" n="5">
			<w x="678">truth</w>
			<w x="808">as</w>
			<w x="1082">from</w>
			<w x="1573">infection;</w>
			<w x="1826">who</w>
			<w x="2090">deny</w>
			<w x="2275">all</w>
			<w x="2568">virtue,</w>
			<w x="2888">which</w>
			<w x="3149">does</w>
		</line>
		<line c="1626" h="117" n="6">
			<w x="606">not</w>
			<w x="867">wear</w>
			<w x="1067">the</w>
			<w x="1374">livery</w>
			<w x="1515">of</w>
			<w x="1773">their</w>
			<w x="2019">own</w>
			<w x="2326">sect;</w>
			<w x="2614">who,</w>
			<w x="3142">
				<choice>
					<hyph>surrender-</hyph>
					<reg>surrendering</reg>
				</choice>
			</w>
		</line>
		<line c="1768" h="120" n="7">
			<w x="599" endhyph="true">ing</w>
			<w x="746">to</w>
			<w x="1082">others</w>
			<w x="1360">their</w>
			<w x="1609">best</w>
			<w x="2033">powers,</w>
			<w x="2416">receive</w>
			<w x="3054">unresistingly</w>
			<w x="3144">a</w>
		</line>
		<line c="1910" h="121" n="8">
			<w x="844">teaching</w>
			<w x="1200">which</w>
			<w x="1483">wars</w>
			<w x="1880">against</w>
			<w x="2275">reason</w>
			<w x="2492">and</w>
			<w x="3140">conscience;</w>
		</line>
		<line c="2039" h="140" n="9">
			<w x="645">and</w>
			<w x="878">who</w>
			<w x="1154">think</w>
			<w x="1254">it</w>
			<w x="1344">a</w>
			<w x="1628">merit</w>
			<w x="1757">to</w>
			<w x="2125">impose</w>
			<w x="2275">on</w>
			<w x="2526">such</w>
			<w x="2657">as</w>
			<w x="2866">live</w>
			<w x="3141">
				<choice>
					<hyph>with-</hyph>
					<reg>within</reg>
				</choice>
			</w>
		</line>
		<line c="2185" h="126" n="10">
			<w x="549" endhyph="true">in</w>
			<w x="831">their</w>
			<w x="1349">influence,</w>
			<w x="1584">the</w>
			<w x="2019">grievous</w>
			<w x="2507">bondage,</w>
			<w x="2864">which</w>
			<w x="3144">they</w>
		</line>
		<line c="2333" h="124" n="11">
			<w x="696">bear,</w>
			<w x="1282">themselves.</w>
			<w x="1675">How</w>
			<w x="2004">much</w>
			<w x="2173">to</w>
			<w x="2379">be</w>
			<w x="2832">deplored</w>
			<w x="2971">is</w>
			<w x="3138">it,</w>
		</line>
		<line c="2473" h="119" n="12">
			<w x="637">that</w>
			<w x="1089">religion,</w>
			<w x="1289">the</w>
			<w x="1564">very</w>
			<w x="2046">principle</w>
			<w x="2387">which</w>
			<w x="2520">is</w>
			<w x="2984">designed</w>
			<w x="3144">to</w>
		</line>
		<line c="2608" h="128" n="13">
			<w x="676">raise</w>
			<w x="912">men</w>
			<w x="1224">above</w>
			<w x="1407">the</w>
			<w x="1879">judgment</w>
			<w x="2076">and</w>
			<w x="2405">power</w>
			<w x="2545">of</w>
			<w x="2798">man,</w>
			<w x="3145">should</w>
		</line>
		<line c="2758" h="125" n="14">
			<w x="820">become</w>
			<w x="1041">the</w>
			<w x="1361">chief</w>
			<w x="1914">instrument</w>
			<w x="2095">of</w>
			<w x="2638">usurpation</w>
			<w x="2927">over</w>
			<w x="3144">the</w>
		</line>
		<line c="2900" h="116" n="15">
			<w x="676">soul.</w>
		</line>
	</div>
	<div id="4" group="2" x="2256" y="5215" width="696" height="155" type="underline"
		attribution="HMorESM">
		<line n="1" h="155" c="5292">
			<w x="2561">close</w>
			<w x="2755">our</w>
			<w x="2937">lips</w>
		</line>
	</div>
	<div id="5" group="3" x="468" y="5359" width="2683" height="163" type="score"
		type2="questionmark" attribution="HMorESM">
		<line n="1" h="163" c="5440">
			<div id="6" group="3" x="469" y="5358" width="812" height="164" type="underline"
				attribution="HMorESM">
				<w x="702">chill</w>
				<w x="920">our</w>
				<w x="1273">hearts,</w>
			</div>
			<w x="1425">as</w>
			<w x="1577">an</w>
			<w x="1915">armed</w>
			<w x="2121">and</w>
			<w x="2812">
				<choice>
					<orig>hundred-eyed</orig>
					<reg>hundred eyed</reg>
					<reg>hundred</reg>
					<reg>eyed</reg>
				</choice>
			</w>
			<w x="3147">police.</w>
		</line>
	</div>
</body>
