<body>
	<div id="2" group="1" x="647" y="4440" width="2532" height="256" type="score"
		attribution="HMorESM">
		<line c="4503" h="110" n="29">
			<w x="977">beings,</w>
			<w x="1169">and</w>
			<w x="1289">to</w>
			<w x="1576">purer</w>
			<w x="1766">and</w>
			<w x="2128">happier</w>
			<w x="2489">worlds.</w>
			<w x="2784">The</w>
			<w x="3189">minister</w>
		</line>
		<line c="4621" h="146" n="30">
			<w x="952">should</w>
			<w x="1184">look</w>
			<w x="1398">with</w>
			<w x="1868">reverence</w>
			<w x="2007">on</w>
			<w x="2178">the</w>
			<w x="2499">human</w>
			<w x="2704">soul</w>
			<w x="2829">as</w>
			<w x="3203">having</w>
		</line>
	</div>
</body>
