<body>
	<div id="2" group="1" x="443" y="4163" width="2760" height="276" type="score"
		attribution="HMorESM">
		<line n="24" h="138" c="4232">
			<w x="664">are</w>
			<w x="812">no</w>
			<w x="1080">such</w>
			<w x="1541">barriers.</w>
			<w x="1790">All</w>
			<w x="2114">minds</w>
			<w x="2317">are</w>
			<w x="2843">essentially</w>
			<w x="2981">of</w>
			<w x="3184">one</w>
		</line>
		<line n="25" h="138" c="4370">
			<w x="821">origin,</w>
			<w x="1043">one</w>
			<w x="1403">nature,</w>
			<w x="1790">kindled</w>
			<w x="2077">from</w>
			<w x="2326">one</w>
			<w x="2649">divine</w>
			<w x="2991">flame,</w>
			<w x="3194">and</w>
		</line>
	</div>
</body>
