<body>
	<div id="2" group="1" x="454" y="1220" width="2560" height="792" type="score"
		attribution="HMorESM">
		<line c="1296" h="118" n="4">
			<w x="605">on</w>
			<w x="755">his</w>
			<w x="979">own</w>
			<w x="1376">powers.</w>
			<w x="1706">One</w>
			<w x="1976">good</w>
			<w x="2299">action,</w>
			<w x="2748">springing</w>
			<w x="3030">from</w>
		</line>
		<line c="1427" h="121" n="5">
			<w x="620">our</w>
			<w x="839">own</w>
			<w x="1185">minds,</w>
			<w x="1653">performed</w>
			<w x="1894">from</w>
			<w x="1998">a</w>
			<w x="2435">principle</w>
			<w x="2769">within,</w>
			<w x="3039">
				<choice>
					<hyph>per-</hyph>
					<reg>performed</reg>
				</choice>
			</w>
		</line>
		<line c="1561" h="123" n="6">
			<w x="788" endhyph="true">formed</w>
			<w x="1145">without</w>
			<w x="1313">the</w>
			<w x="1835">excitement</w>
			<w x="1980">of</w>
			<w x="2123">an</w>
			<w x="2435">urging</w>
			<w x="2618">and</w>
			<w x="2992">
				<choice>
					<hyph>approv-</hyph>
					<reg>approving</reg>
				</choice>
			</w>
		</line>
		<line c="1690" h="128" n="7">
			<w x="604" endhyph="true">ing</w>
			<w x="902">voice</w>
			<w x="1171">from</w>
			<w x="1564">abroad,</w>
			<w x="1691">is</w>
			<w x="1999">worth</w>
			<w x="2286">more</w>
			<w x="2528">than</w>
			<w x="2992">hundreds</w>
		</line>
		<line c="1828" h="113" n="8">
			<w x="732">which</w>
			<w x="983">grow</w>
			<w x="1221">from</w>
			<w x="1747">mechanical</w>
			<w x="2207">imitation,</w>
			<w x="2344">or</w>
			<w x="2583">from</w>
			<w x="2757">the</w>
			<w x="2997">heat</w>
		</line>
		<line c="1960" h="110" n="9">
			<w x="622">and</w>
			<w x="994">impulse</w>
			<w x="1293">which</w>
			<w x="1708">numbers</w>
			<w x="1925">give</w>
			<w x="2084">us.</w>
			<w x="2305">In</w>
			<w x="2580">truth,</w>
			<w x="2728">all</w>
			<w x="2997">great</w>
		</line>
	</div>
</body>
