<body>
	<div id="2" group="1" x="447" y="757" width="2572" height="978" type="brokenscore"
		attribution="HMorESM">
		<line c="866" h="119" n="1">
			<w x="720">show</w>
			<w x="959">forth</w>
			<w x="1154">the</w>
			<w x="1725">conceptions</w>
			<w x="2048">which</w>
			<w x="2257">are</w>
			<w x="2677">dawning</w>
			<w x="2813">in</w>
			<w x="3036">his</w>
		</line>
		<line c="996" h="127" n="2">
			<w x="720">mind.</w>
			<w x="1059">Both</w>
			<w x="1287">are</w>
			<w x="1515">inert</w>
			<w x="1985">materials.</w>
			<w x="2300">The</w>
			<w x="2671">power,</w>
			<w x="3044">which</w>
		</line>
		<line c="1131" h="113" n="3">
			<w x="862">pervades</w>
			<w x="1183">them,</w>
			<w x="1524">comes</w>
			<w x="1799">from</w>
			<w x="2011">the</w>
			<w x="2295">soul;</w>
			<w x="2519">and</w>
			<w x="2750">the</w>
			<w x="3006">same</w>
		</line>
		<line c="1272" h="116" n="4">
			<w x="821">creative</w>
			<w x="1189">energy</w>
			<w x="1320">is</w>
			<w x="1839">manifested</w>
			<w x="1998">in</w>
			<w x="2208">the</w>
			<w x="2741">production</w>
			<w x="2907">of</w>
			<w x="3005">a</w>
		</line>
		<line c="1404" h="114" n="5">
			<w x="710">noble</w>
			<w x="1001">style,</w>
			<w x="1128">as</w>
			<w x="1246">in</w>
			<w x="1721">extracting</w>
			<w x="2137">beautiful</w>
			<w x="2440">forms</w>
			<w x="2667">from</w>
			<w x="2999">lifeless</w>
		</line>
		<line c="1535" h="107" n="6">
			<w x="730">stone.</w>
			<w x="1053">How</w>
			<w x="1517">unfaithful,</w>
			<w x="1764">then,</w>
			<w x="1866">is</w>
			<w x="1954">a</w>
			<w x="2255">nation</w>
			<w x="2376">to</w>
			<w x="2514">its</w>
			<w x="2736">own</w>
			<w x="3009">
				<choice>
					<hyph>intel-</hyph>
					<reg>intellect,</reg>
				</choice>
			</w>
		</line>
		<line c="1665" h="133" n="7">
			<w x="685" endhyph="true">lect,</w>
			<w x="779">in</w>
			<w x="1080">which</w>
			<w x="1335">grace</w>
			<w x="1525">and</w>
			<w x="1784">force</w>
			<w x="1911">of</w>
			<w x="2136">style</w>
			<w x="2494">receive</w>
			<w x="2630">no</w>
			<w x="3010">culture.</w>
		</line>
	</div>
</body>
