<body>
	<div id="2" group="2" x="213" y="1347" width="1077" height="830" type="brokenscore"
		type2="xmark" type3="annotated" erasure="true" attribution="HM">
		<line n="19" h="55" c="1374">
			<w x="452">Compare</w>
			<w x="555">next</w>
			<w x="674">these</w>
			<w x="787">views</w>
			<w x="845">of</w>
			<w x="979">Christ</w>
			<w x="1074">with</w>
			<w x="1144">his</w>
			<w x="1279">station</w>
		</line>
		<line n="20" h="55" c="1429">
			<w x="278">in</w>
			<w x="372">life.</w>
			<w x="472">He</w>
			<w x="570">was</w>
			<w x="628">of</w>
			<w x="778">humble</w>
			<w x="891">birth</w>
			<w x="978">and</w>
			<w x="1188">education,</w>
			<w x="1282">with</w>
		</line>
		<line n="21" h="55" c="1484">
			<w x="371">nothing</w>
			<w x="421">in</w>
			<w x="494">his</w>
			<w x="572">lot,</w>
			<w x="664">with</w>
			<w x="724">no</w>
			<w x="909">extensive</w>
			<w x="1053">means,</w>
			<w x="1113">no</w>
			<w x="1228">rank,</w>
			<w x="1283">or</w>
		</line>
		<line n="22" h="55" c="1539">
			<w x="376">wealth,</w>
			<w x="437">or</w>
			<w x="656">patronage,</w>
			<w x="705">to</w>
			<w x="841">infuse</w>
			<w x="934">vast</w>
			<w x="1111">thoughts</w>
			<w x="1204">and</w>
			<w x="1282">
				<choice>
					<hyph>ex-</hyph>
					<reg>extravagant</reg>
				</choice>
			</w>
		</line>
		<line n="23" h="55" c="1594">
			<w x="414" endhyph="true">travagant</w>
			<w x="551">plans.</w>
			<w x="665">The</w>
			<w x="770">shop</w>
			<w x="826">of</w>
			<w x="868">a</w>
			<w x="1075">carpenter,</w>
			<w x="1150">the</w>
			<w x="1279">village</w>
		</line>
		<line n="24" h="55" c="1649">
			<w x="278">of</w>
			<w x="467">Nazareth,</w>
			<w x="577">were</w>
			<w x="652">not</w>
			<w x="755">spots</w>
			<w x="822">for</w>
			<w x="980">ripening</w>
			<w x="1022">a</w>
			<w x="1177">scheme</w>
			<w x="1282">more</w>
		</line>
		<line n="25" h="55" c="1704">
			<w x="380">aspiring</w>
			<w x="465">and</w>
			<w x="665">extensive</w>
			<w x="760">than</w>
			<w x="838">had</w>
			<w x="939">ever</w>
			<w x="1043">been</w>
			<w x="1218">formed.</w>
			<w x="1284">It</w>
		</line>
		<line n="26" h="55" c="1759">
			<w x="274">is</w>
			<w x="316">a</w>
			<w x="513">principle</w>
			<w x="567">of</w>
			<w x="713">human</w>
			<w x="859">nature,</w>
			<w x="966">that,</w>
			<w x="1125">except</w>
			<w x="1184">in</w>
			<w x="1283">case</w>
		</line>
		<line n="27" h="55" c="1814">
			<w x="283">of</w>
			<w x="457">insanity,</w>
			<w x="573">some</w>
			<w x="795">proportion</w>
			<w x="847">is</w>
			<w x="1033">observed</w>
			<w x="1210">between</w>
			<w x="1284">the</w>
		</line>
		<line n="28" h="55" c="1869">
			<w x="351">power</w>
			<w x="406">of</w>
			<w x="463">an</w>
			<w x="673">individual,</w>
			<w x="754">and</w>
			<w x="828">his</w>
			<w x="932">plans</w>
			<w x="1020">and</w>
			<w x="1178">hopes.</w>
			<w x="1283">The</w>
		</line>
		<line n="29" h="55" c="1924">
			<w x="395">purpose,</w>
			<w x="444">to</w>
			<w x="567">which</w>
			<w x="679">Jesus</w>
			<w x="840">devoted</w>
			<w x="993">himself,</w>
			<w x="1076">was</w>
			<w x="1121">as</w>
			<w x="1169">ill</w>
			<w x="1283">suited</w>
		</line>
		<line n="30" h="55" c="1979">
			<w x="276">to</w>
			<w x="356">his</w>
			<w x="548">condition</w>
			<w x="608">as</w>
			<w x="671">an</w>
			<w x="828">attempt</w>
			<w x="893">to</w>
			<w x="1041">change</w>
			<w x="1119">the</w>
			<w x="1282">seasons,</w>
		</line>
		<line n="31" h="55" c="2034">
			<w x="280">or</w>
			<w x="338">to</w>
			<w x="457">make</w>
			<w x="543">the</w>
			<w x="628">sun</w>
			<w x="717">rise</w>
			<w x="769">in</w>
			<w x="855">the</w>
			<w x="977">west.</w>
			<w x="1112">That</w>
			<w x="1157">a</w>
			<w x="1284">young</w>
		</line>
		<line n="32" h="55" c="2089">
			<w x="330">man,</w>
			<w x="380">in</w>
			<w x="549">obscure</w>
			<w x="634">life,</w>
			<w x="821">belonging</w>
			<w x="878">to</w>
			<w x="938">an</w>
			<div id="3" group="2" x="940" y="2061" width="341" height="67" type="underline"
				erasure="true" attribution="HM">
				<w x="1141">oppressed</w>
				<w x="1277">nation,</w>
			</div>
		</line>
		<line n="33" h="55" c="2144">
			<w x="360">should</w>
			<w x="541">seriously</w>
			<w x="658">think</w>
			<w x="721">of</w>
			<w x="936">subverting</w>
			<w x="1009">the</w>
			<w x="1281">
				<choice>
					<orig>time-hallowed</orig>
					<reg>time</reg>
					<reg>hallowed</reg>
				</choice>
			</w>
		</line>
	</div>
	<div id="4" group="3" x="66" y="2185" width="1356" height="330" type="annotation" type2="xmark"
		erasure="true" attribution="HM">
		<line n="1" h="82" c="2226">
			<blank x="154"/>
			<w x="333">Could</w>
			<w x="478">not</w>
			<w x="660">this</w>
			<w x="891">point</w>
			<w x="1077">with</w>
			<w x="1240">still</w>
			<w x="1416">more</w>
		</line>
		<line n="2" h="82" c="2308">
			<w x="257">force</w>
			<w x="344">be</w>
			<w x="527">applied</w>
			<w x="613">to</w>
			<w x="1031">
				<choice>
					<orig>Mahomet?&#8212;</orig>
					<reg>Muhammad?&#8212;</reg>
				</choice>
			</w>
			<w x="1174">who</w>
			<w x="1347">after</w>
		</line>
		<line n="3" h="82" c="2390">
			<w x="171">age</w>
			<w x="341">forty</w>
			<w x="399">&amp;</w>
			<w x="517">less</w>
			<w x="745">probably</w>
			<w x="908">mad,</w>
			<w x="1062">first</w>
			<w x="1388">delivered</w>
		</line>
		<line n="4" h="82" c="2472">
			<w x="213">his</w>
			<w x="491">Gospel?</w>
		</line>
	</div>
	<div id="5" group="4" x="590" y="2420" width="905" height="95" type="annotation"
		type2="checkmark" erasure="true" attribution="HM">
		<line n="1" h="95" c="2467">
			<blank x="670"/>
			<w x="891">Essentially</w>
			<w x="1016">true</w>
			<w x="1075">as</w>
			<w x="1149">to</w>
			<w x="1338">
				<choice>
					<orig>Mahs</orig>
					<reg>Mah's</reg>
					<reg>Mahomets</reg>
					<reg>Mahomet's</reg>
					<reg>Muhammads</reg>
					<reg>Muhammad's</reg>
				</choice>
			</w>
			<w x="1491">tribe.</w>
		</line>
	</div>

</body>
