<body>
	<div id="2" group="1" x="451" y="1262" width="2748" height="417" type="score"
		attribution="HMorESM">
		<line c="1326" h="136" n="4">
			<w x="671">own</w>
			<w x="930">soul.</w>
			<w x="1262">The</w>
			<w x="1847">profoundest</w>
			<w x="2182">books</w>
			<w x="2400">that</w>
			<w x="2673">have</w>
			<w x="2934">ever</w>
			<w x="3178">been</w>
		</line>
		<line c="1475" h="123" n="5">
			<w x="837">written,</w>
			<w x="999">do</w>
			<w x="1400">nothing</w>
			<w x="1693">more</w>
			<w x="1947">than</w>
			<w x="2229">bring</w>
			<w x="2448">out,</w>
			<w x="2742">place</w>
			<w x="2888">in</w>
			<w x="3182">clear</w>
		</line>
		<line c="1614" h="137" n="6">
			<w x="734">light,</w>
			<w x="982">what</w>
			<w x="1094">is</w>
			<w x="1469">passing</w>
			<w x="1612">in</w>
			<w x="1891">each</w>
			<w x="2036">of</w>
			<w x="2294">your</w>
			<w x="2656">minds.</w>
			<w x="2922">So</w>
			<w x="3238">near</w>
		</line>
	</div>
</body>
