<body>
	<div id="2" group="1" x="676" y="738" width="2525" height="262" type="score"
		attribution="HMorESM">
		<line c="799" h="136" n="1">
			<w x="877">hear</w>
			<w x="1134">from</w>
			<w x="1327">the</w>
			<w x="1637">Great</w>
			<w x="2075">Teacher,</w>
			<w x="2270">and</w>
			<w x="2511">how</w>
			<w x="2692">can</w>
			<w x="2777">I</w>
			<w x="3037">listen</w>
			<w x="3174">to</w>
		</line>
		<line c="936" h="136" n="2">
			<w x="836">him</w>
			<w x="992">in</w>
			<w x="1468">singleness</w>
			<w x="1620">of</w>
			<w x="1968">heart?</w>
			<w x="2225">All</w>
			<w x="2738">Protestant</w>
			<w x="3000">sects</w>
			<w x="3176">
				<choice>
					<hyph>in-</hyph>
					<reg>indeed</reg>
				</choice>
			</w>
		</line>
	</div>
</body>
