<body>
    <div id="2" group="1" x="737" y="4258" width="2734" height="442" type="checkmark"
        attribution="HMorESM">
        <line n="1" h="147" c="4331">
            <w x="934">the</w>
            <w x="1179">plan</w>
            <w x="1335">of</w>
            <w x="1571">that</w>
            <w x="2239">distinguished</w>
            <w x="2803">statesman,</w>
            <w x="3151">Rufus</w>
            <w x="3460">King,</w>
        </line>
        <line n="2" h="147" c="4478">
            <w x="906">for</w>
            <w x="1190">large</w>
            <w x="1896">appropriations</w>
            <w x="2049">of</w>
            <w x="2244">the</w>
            <w x="2561">public</w>
            <w x="2803">land</w>
            <w x="2934">to</w>
            <w x="3103">the</w>
            <w x="3454">
                <choice>
                    <hyph>indem-</hyph>
                    <reg>indemnifying</reg>
                </choice>
            </w>
        </line>
        <line n="3" h="147" c="4625">
            <w x="1090" endhyph="true">nifying</w>
            <w x="1232">of</w>
            <w x="1663">sufferers</w>
            <w x="1974">under</w>
            <w x="2127">an</w>
            <w x="2294">act</w>
            <w x="2433">of</w>
            <w x="2898">universal</w>
            <w x="3357">abolition.</w>
        </line>
    </div>
</body>
