<body>
	<div id="2" group="1" x="710" y="2921" width="2521" height="670" type="score"
		attribution="HMorESM">
		<line c="2994" h="119" n="17">
			<w x="1005">
				<choice>
					<hyph>sophic</hyph>
					<reg>philosophic</reg>
				</choice>
			</w>
			<w x="1437">theories.</w>
			<w x="1744">The</w>
			<w x="2108">fictions</w>
			<w x="2264">of</w>
			<w x="2574">genius</w>
			<w x="2767">are</w>
			<w x="3045">often</w>
			<w x="3260">the</w>
		</line>
		<line c="3136" h="114" n="18">
			<w x="1071">vehicles</w>
			<w x="1232">of</w>
			<w x="1405">the</w>
			<w x="1880">sublimest</w>
			<w x="2267">verities,</w>
			<w x="2462">and</w>
			<w x="2622">its</w>
			<w x="2962">flashes</w>
			<w x="3259">often</w>
		</line>
		<line c="3263" h="118" n="19">
			<w x="938">open</w>
			<w x="1166">new</w>
			<w x="1525">regions</w>
			<w x="1677">of</w>
			<w x="2068">thought,</w>
			<w x="2284">and</w>
			<w x="2574">throw</w>
			<w x="2824">new</w>
			<w x="3064">light</w>
			<w x="3256">on</w>
		</line>
		<line c="3388" h="121" n="20">
			<w x="858">the</w>
			<w x="1311">mysteries</w>
			<w x="1440">of</w>
			<w x="1624">our</w>
			<w x="1933">being.</w>
			<w x="2152">In</w>
			<w x="2517">poetry,</w>
			<w x="2786">when</w>
			<w x="2954">the</w>
			<w x="3264">letter</w>
		</line>
		<line c="3526" h="108" n="21">
			<w x="795">is</w>
			<w x="1258">falsehood,</w>
			<w x="1468">the</w>
			<w x="1763">spirit</w>
			<w x="1901">is</w>
			<w x="2190">often</w>
			<w x="2774">profoundest</w>
			<w x="3253">wisdom.</w>
		</line>
	</div>
</body>
