<body>
	<div id="2" group="1" x="699" y="3224" width="2527" height="395" type="bar" type2="score"
		attribution="HMorESM">
		<line c="3296" h="129" n="19">
			<blank x="1616"/>
			<w x="2009">They,</w>
			<w x="2317">whose</w>
			<w x="2774">childhood</w>
			<w x="2950">has</w>
			<w x="3261">been</w>
		</line>
		<line c="3423" h="139" n="20">
			<w x="1164">neglected,</w>
			<w x="1522">though</w>
			<w x="1779">they</w>
			<w x="2026">may</w>
			<w x="2316">make</w>
			<w x="2738">progress</w>
			<w x="2885">in</w>
			<w x="3246">future</w>
		</line>
		<line c="3555" h="135" n="21">
			<w x="886">life,</w>
			<w x="1102">can</w>
			<w x="1444">hardly</w>
			<w x="1765">repair</w>
			<w x="1968">the</w>
			<w x="2199">loss</w>
			<w x="2361">of</w>
			<w x="2620">their</w>
			<w x="2885">first</w>
			<w x="3247">years;</w>
		</line>
	</div>
</body>
