<body>
	<div id="2" group="1" x="462" y="2088" width="2525" height="2084" type="score"
		attribution="HMorESM">
		<line c="2149" h="111" n="11">
			<w x="637">
				<choice>
					<hyph>ent.</hyph>
					<reg>present.</reg>
				</choice>
			</w>
			<w x="972">That</w>
			<w x="1264">mode</w>
			<w x="1467">has</w>
			<w x="1724">been</w>
			<w x="1915">too</w>
			<w x="2310">narrow,</w>
			<w x="2785">technical,</w>
			<w x="3033">
				<choice>
					<hyph>pe-</hyph>
					<reg>pedantic.</reg>
				</choice>
			</w>
		</line>
		<line c="2287" h="122" n="12">
			<w x="764" endhyph="true">dantic.</w>
			<w x="1253">Religion</w>
			<w x="1467">has</w>
			<w x="1720">been</w>
			<w x="2006">made</w>
			<w x="2152">a</w>
			<w x="2523">separate</w>
			<w x="2966">business,</w>
		</line>
		<line c="2409" h="130" n="13">
			<w x="624">and</w>
			<w x="729">a</w>
			<w x="976">dull,</w>
			<w x="1413">unsocial,</w>
			<w x="1964">melancholy</w>
			<w x="2402">business,</w>
			<w x="2646">too,</w>
			<w x="2970">instead</w>
		</line>
		<line c="2546" h="129" n="14">
			<w x="569">of</w>
			<w x="865">being</w>
			<w x="1413">manifested</w>
			<w x="1559">as</w>
			<w x="1686">a</w>
			<w x="1965">truth</w>
			<w x="2272">which</w>
			<w x="2572">bears</w>
			<w x="2744">on</w>
			<w x="2970">and</w>
		</line>
		<line c="2674" h="113" n="15">
			<w x="802">touches</w>
			<w x="1096">every</w>
			<w x="1342">thing</w>
			<w x="1712">human,</w>
			<w x="1841">as</w>
			<w x="1941">a</w>
			<w x="2362">universal</w>
			<w x="2669">spirit,</w>
			<w x="2971">which</w>
		</line>
		<line c="2810" h="120" n="16">
			<w x="720">ought</w>
			<w x="828">to</w>
			<w x="1186">breathe</w>
			<w x="1568">through</w>
			<w x="1756">and</w>
			<w x="2108">modify</w>
			<w x="2247">all</w>
			<w x="2440">our</w>
			<w x="2785">desires</w>
			<w x="2969">and</w>
		</line>
		<line c="2929" h="143" n="17">
			<w x="838">pursuits,</w>
			<w x="1002">all</w>
			<w x="1203">our</w>
			<w x="1489">trains</w>
			<w x="1642">of</w>
			<w x="2004">thought</w>
			<w x="2218">and</w>
			<w x="2656">emotion.</w>
			<w x="2970">And</w>
		</line>
		<line c="3055" h="122" n="18">
			<w x="622">this</w>
			<w x="1013">narrow,</w>
			<w x="1466">forbidden</w>
			<w x="1760">mode</w>
			<w x="1911">of</w>
			<w x="2378">exhibiting</w>
			<w x="2964">Christianity,</w>
		</line>
		<line c="3197" h="115" n="19">
			<w x="539">is</w>
			<w x="821">easily</w>
			<w x="1275">explained</w>
			<w x="1420">by</w>
			<w x="1553">its</w>
			<w x="1812">early</w>
			<w x="2174">history.</w>
			<w x="2591">Monks</w>
			<w x="2825">shut</w>
			<w x="2968">up</w>
		</line>
		<line c="3326" h="115" n="20">
			<w x="551">in</w>
			<w x="880">cells;</w>
			<w x="1003">a</w>
			<w x="1520">priesthood</w>
			<w x="1720">cut</w>
			<w x="1916">off</w>
			<w x="2084">by</w>
			<w x="2503">celibacy</w>
			<w x="2767">from</w>
			<w x="2968">the</w>
		</line>
		<line c="3455" h="134" n="21">
			<w x="944">sympathies</w>
			<w x="1162">and</w>
			<w x="1439">most</w>
			<w x="1941">interesting</w>
			<w x="2358">relations</w>
			<w x="2511">of</w>
			<w x="2748">life;</w>
			<w x="2968">and</w>
		</line>
		<line c="3578" h="121" n="22">
			<w x="957">universities</w>
			<w x="1384">enslaved</w>
			<w x="1503">to</w>
			<w x="1591">a</w>
			<w x="2045">scholastic</w>
			<w x="2339">logic,</w>
			<w x="2531">and</w>
			<w x="2850">taught</w>
			<w x="2968">to</w>
		</line>
		<line c="3724" h="123" n="23">
			<w x="696">place</w>
			<w x="1080">wisdom</w>
			<w x="1214">in</w>
			<w x="1528">verbal</w>
			<w x="1958">
				<choice>
					<orig>subtilties</orig>
					<reg>subtleties</reg>
				</choice>
			</w>
			<w x="2167">and</w>
			<w x="2773">unintelligible</w>
			<w x="2968">
				<choice>
					<hyph>de-</hyph>
					<reg>definitions;</reg>
				</choice>
			</w>
		</line>
		<line c="3848" h="111" n="24">
			<w x="867" endhyph="true">finitions;</w>
			<w x="1143">these</w>
			<w x="1375">took</w>
			<w x="1919">Christianity</w>
			<w x="2118">into</w>
			<w x="2355">their</w>
			<w x="2780">keeping;</w>
			<w x="2968">and</w>
		</line>
		<line c="3977" h="125" n="25">
			<w x="555">at</w>
			<w x="805">their</w>
			<w x="1153">chilling</w>
			<w x="1474">touch,</w>
			<w x="1665">this</w>
			<w x="2107">generous</w>
			<w x="2511">religion,</w>
			<w x="2646">so</w>
			<w x="2820">full</w>
			<w x="2974">of</w>
		</line>
		<line c="4109" h="107" n="26">
			<w x="604">life</w>
			<w x="794">and</w>
			<w x="1242">affection,</w>
			<w x="1612">became</w>
			<w x="1697">a</w>
			<w x="1908">dry,</w>
			<w x="2205">frigid,</w>
			<w x="2586">abstract</w>
			<w x="2965">system.</w>
		</line>
	</div>
</body>
