<body>
	<div id="2" group="1" x="416" y="2580" width="2756" height="716" type="score"
		attribution="HMorESM">
		<line c="2658" h="127" n="13">
			<w x="754">wholly</w>
			<w x="930">by</w>
			<w x="1171">your</w>
			<w x="1405">own</w>
			<w x="1662">will.</w>
			<w x="1994">The</w>
			<w x="2262">child</w>
			<w x="2474">has</w>
			<w x="2567">a</w>
			<w x="2768">will</w>
			<w x="2923">as</w>
			<w x="3157">well</w>
		</line>
		<line c="2802" h="125" n="14">
			<w x="534">as</w>
			<w x="1105">yourselves.</w>
			<w x="1440">The</w>
			<w x="1717">great</w>
			<w x="2052">design</w>
			<w x="2198">of</w>
			<w x="2371">his</w>
			<w x="2654">being</w>
			<w x="2798">is,</w>
			<w x="3007">that</w>
			<w x="3156">he</w>
		</line>
		<line c="2940" h="136" n="15">
			<w x="745">should</w>
			<w x="925">act</w>
			<w x="1182">from</w>
			<w x="1569">himself</w>
			<w x="1788">and</w>
			<w x="1933">on</w>
			<w x="2328">himself.</w>
			<w x="2612">He</w>
			<w x="2812">can</w>
			<w x="3154">
				<choice>
					<hyph>under-</hyph>
					<reg>understand</reg>
				</choice>
			</w>
		</line>
		<line c="3085" h="133" n="16">
			<w x="680" endhyph="true">stand</w>
			<w x="865">the</w>
			<w x="1400">perfection</w>
			<w x="1542">of</w>
			<w x="1717">his</w>
			<w x="2079">nature,</w>
			<w x="2280">and</w>
			<w x="2390">is</w>
			<w x="2774">created</w>
			<w x="2987">that</w>
			<w x="3156">he</w>
		</line>
		<line c="3221" h="144" n="17">
			<w x="641">may</w>
			<w x="1211">accomplish</w>
			<w x="1334">it</w>
			<w x="1584">from</w>
			<w x="1814">free</w>
			<w x="2191">choice,</w>
			<w x="2453">from</w>
			<w x="2542">a</w>
			<w x="2834">sense</w>
			<w x="2976">of</w>
			<w x="3154">
				<choice>
					<hyph>du-</hyph>
					<reg>duty</reg>
				</choice>
			</w>
		</line>
	</div>
	<div id="3" group="2" x="404" y="3444" width="2768" height="424" type="score"
		attribution="HMorESM">
		<line c="3506" h="139" n="19">
			<w x="771">The</w>
			<w x="1045">great</w>
			<w x="1253">end</w>
			<w x="1396">in</w>
			<w x="1856">religious</w>
			<w x="2419">instruction,</w>
			<w x="2856">whether</w>
			<w x="2965">in</w>
			<w x="3153">the</w>
		</line>
		<line c="3654" h="138" n="20">
			<w x="1144">
				<choice>
					<orig>Sunday-school</orig>
					<reg>Sunday school</reg>
					<reg>Sunday</reg>
					<reg>school</reg>
				</choice>
			</w>
			<w x="1288">or</w>
			<w x="1645">family,</w>
			<w x="1788">is,</w>
			<w x="1973">not</w>
			<w x="2103">to</w>
			<w x="2406">stamp</w>
			<w x="2600">our</w>
			<w x="2923">minds</w>
			<w x="3156">
				<choice>
					<hyph>irre-</hyph>
					<reg>irresistibly</reg>
				</choice>
			</w>
		</line>
		<line c="3795" h="146" n="21">
			<w x="770" endhyph="true">sistibly</w>
			<w x="923">on</w>
			<w x="1134">the</w>
			<w x="1517">young,</w>
			<w x="1712">but</w>
			<w x="1860">to</w>
			<w x="2083">stir</w>
			<w x="2249">up</w>
			<w x="2507">their</w>
			<w x="2860">own;</w>
			<w x="3033">not</w>
			<w x="3157">to</w>
		</line>
	</div>
	<div id="4" group="3" x="420" y="4586" width="2769" height="998" type="score"
		attribution="HMorESM">
		<line c="4652" h="129" n="27">
			<w x="549">
				<choice>
					<hyph>en</hyph>
					<reg>quicken</reg>
				</choice>
			</w>
			<w x="788">and</w>
			<w x="1334">strengthen</w>
			<w x="1554">the</w>
			<w x="1915">power</w>
			<w x="2071">of</w>
			<w x="2529">thought;</w>
			<w x="2737">not</w>
			<w x="2890">to</w>
			<w x="3152">bind</w>
		</line>
		<line c="4795" h="134" n="28">
			<w x="676">them</w>
			<w x="851">by</w>
			<w x="1456">ineradicable</w>
			<w x="1981">prejudices</w>
			<w x="2113">to</w>
			<w x="2312">our</w>
			<w x="2789">particular</w>
			<w x="3026">sect</w>
			<w x="3156">or</w>
		</line>
		<line c="4941" h="139" n="29">
			<w x="819">peculiar</w>
			<w x="1253">notions,</w>
			<w x="1445">but</w>
			<w x="1573">to</w>
			<w x="1971">prepare</w>
			<w x="2244">them</w>
			<w x="2414">for</w>
			<w x="2904">impartial,</w>
			<w x="3218">
				<choice>
					<hyph>con-</hyph>
					<reg>conscientious</reg>
				</choice>
			</w>
		</line>
		<line c="5081" h="135" n="30">
			<w x="907" endhyph="true">scientious</w>
			<w x="1333">judging</w>
			<w x="1517">of</w>
			<w x="2049">whatever</w>
			<w x="2474">subjects</w>
			<w x="2797">may,</w>
			<w x="2934">in</w>
			<w x="3155">the</w>
		</line>
		<line c="5219" h="124" n="31">
			<w x="753">course</w>
			<w x="901">of</w>
			<w x="1530">Providence,</w>
			<w x="1686">be</w>
			<w x="2057">offered</w>
			<w x="2210">to</w>
			<w x="2470">their</w>
			<w x="2950">decision;</w>
			<w x="3162">not</w>
		</line>
		<line c="5361" h="158" n="32">
			<w x="539">to</w>
			<w x="923">impose</w>
			<w x="1348">religion</w>
			<w x="1641">upon</w>
			<w x="1933">them</w>
			<w x="2084">in</w>
			<w x="2285">the</w>
			<w x="2560">form</w>
			<w x="2710">of</w>
			<w x="3212">arbitrary</w>
		</line>
		<line c="5506" h="140" n="33">
			<w x="709">rules,</w>
			<w x="1028">which</w>
			<w x="1241">rest</w>
			<w x="1393">on</w>
			<w x="1556">no</w>
			<w x="2069">foundation</w>
			<w x="2258">but</w>
			<w x="2452">our</w>
			<w x="2681">own</w>
			<w x="2950">word</w>
			<w x="3164">and</w>
		</line>
	</div>
</body>
