<body>
	<div id="2" group="1" x="757" y="2953" width="2720" height="415" type="score"
		attribution="HMorESM">
		<line c="3028" h="161" n="16">
			<w x="965">The</w>
			<w x="1164">last</w>
			<w x="1345">are</w>
			<w x="1539">the</w>
			<w x="1940">noblest,</w>
			<w x="2147">and</w>
			<w x="2348">the</w>
			<w x="2775">capacity</w>
			<w x="2921">of</w>
			<w x="3457">perceiving</w>
		</line>
		<line c="3163" h="125" n="17">
			<w x="987">them</w>
			<w x="1114">is</w>
			<w x="1314">the</w>
			<w x="1870">distinction</w>
			<w x="2014">of</w>
			<w x="2517">intelligent</w>
			<w x="2932">beings;</w>
			<w x="3156">and</w>
			<w x="3456">these</w>
		</line>
		<line c="3283" h="153" n="18">
			<w x="1063">belong</w>
			<w x="1210">to</w>
			<w x="1606">reason.</w>
			<w x="1902">Let</w>
			<w x="2102">me</w>
			<w x="2358">give</w>
			<w x="2562">my</w>
			<w x="2998">meaning</w>
			<w x="3174">by</w>
			<w x="3458">some</w>
		</line>
	</div>
</body>
