<body>
	<div id="2" group="1" x="519" y="1225" width="2532" height="530" type="score"
		attribution="HMorESM">
		<line c="1302" h="108" n="5">
			<w x="866">reason.</w>
			<w x="1213">Hence</w>
			<w x="1712">enthusiasts</w>
			<w x="1964">often</w>
			<w x="2336">become</w>
			<w x="2754">skeptics.</w>
			<w x="3064">The</w>
		</line>
		<line c="1422" h="124" n="6">
			<w x="744">great</w>
			<w x="950">sign</w>
			<w x="1085">of</w>
			<w x="1256">life</w>
			<w x="1396">is</w>
			<w x="1522">to</w>
			<w x="1717">see</w>
			<w x="1928">and</w>
			<w x="2152">feel,</w>
			<w x="2358">that</w>
			<w x="2613">there</w>
			<w x="2726">is</w>
			<w x="3068">
				<choice>
					<hyph>some-</hyph>
					<reg>something</reg>
				</choice>
			</w>
		</line>
		<line c="1554" h="128" n="7">
			<w x="744" endhyph="true">thing</w>
			<w x="989">real,</w>
			<w x="1510">substantial,</w>
			<w x="1964">immortal,</w>
			<w x="2089">in</w>
			<w x="2529">Christian</w>
			<w x="2887">virtue;</w>
			<w x="3076">to</w>
		</line>
		<line c="1691" h="121" n="8">
			<w x="632">be</w>
			<w x="1098">conscious</w>
			<w x="1222">of</w>
			<w x="1380">the</w>
			<w x="1690">reality</w>
			<w x="1864">and</w>
			<w x="2263">nearness</w>
			<w x="2396">of</w>
			<w x="2620">your</w>
			<w x="3027">relations</w>
		</line>
	</div>
</body>
