<body>
	<div id="2" group="1" x="484" y="4183" width="2541" height="533" type="score"
		attribution="HMorESM">
		<line c="4257" h="126" n="27">
			<w x="648">
				<choice>
					<hyph>ing</hyph>
					<reg>exalting</reg>
				</choice>
			</w>
			<w x="904">them</w>
			<w x="1224">above</w>
			<w x="1527">piety.</w>
			<w x="1813">We</w>
			<w x="2152">regard</w>
			<w x="2346">the</w>
			<w x="2608">spirit</w>
			<w x="2751">of</w>
			<w x="3056">love,</w>
		</line>
		<line c="4386" h="114" n="28">
			<w x="857">charity,</w>
			<w x="1364">meekness,</w>
			<w x="1943">forgiveness,</w>
			<w x="2417">liberality,</w>
			<w x="2640">and</w>
			<w x="3099">
				<choice>
					<hyph>benefi-</hyph>
					<reg>beneficence,</reg>
				</choice>
			</w>
		</line>
		<line c="4497" h="144" n="29">
			<w x="800" endhyph="true">cence,</w>
			<w x="931">as</w>
			<w x="1102">the</w>
			<w x="1389">badge</w>
			<w x="1576">and</w>
			<w x="2072">distinction</w>
			<w x="2205">of</w>
			<w x="2707">Christians,</w>
			<w x="2836">as</w>
			<w x="3007">the</w>
		</line>
		<line c="4650" h="140" n="30">
			<w x="893">brightest</w>
			<w x="1200">image</w>
			<w x="1362">we</w>
			<w x="1564">can</w>
			<w x="1806">bear</w>
			<w x="1936">of</w>
			<w x="2202">God,</w>
			<w x="2326">as</w>
			<w x="2494">the</w>
			<w x="2719">best</w>
			<w x="3001">proof</w>
		</line>
	</div>
</body>
