<body>
	<div id="2" group="1" x="452" y="4912" width="2722" height="420" type="score"
		attribution="HMorESM">
		<line c="4968" h="141" n="30">
			<w x="589">of</w>
			<w x="950">belief;</w>
			<w x="1124">for</w>
			<w x="1250">to</w>
			<w x="1535">know</w>
			<w x="1736">and</w>
			<w x="1864">to</w>
			<w x="2234">believe</w>
			<w x="2417">are</w>
			<w x="2992">expressions</w>
			<w x="3200">of</w>
		</line>
		<line c="5116" h="139" n="31">
			<w x="626">the</w>
			<w x="916">same</w>
			<w x="1110">act</w>
			<w x="1251">of</w>
			<w x="1436">the</w>
			<w x="1755">mind,</w>
			<w x="2180">differing</w>
			<w x="2546">chiefly</w>
			<w x="2680">in</w>
			<w x="2930">this,</w>
			<w x="3212">that</w>
		</line>
		<line c="5268" h="132" n="32">
			<w x="658">the</w>
			<w x="1030">former</w>
			<w x="1143">is</w>
			<w x="1452">more</w>
			<w x="1989">applicable</w>
			<w x="2149">to</w>
			<w x="2424">what</w>
			<w x="2790">admits</w>
			<w x="2952">of</w>
			<w x="3157">
				<choice>
					<hyph>de-</hyph>
					<reg>demonstration</reg>
				</choice>
			</w>
		</line>
	</div>
</body>
