<body>
	<div id="2" group="1" x="660" y="4626" width="2531" height="506" type="score"
		attribution="HMorESM">
		<line c="4681" h="125" n="30">
			<w x="1006">agency.</w>
			<w x="1348">How</w>
			<w x="1654">slowly</w>
			<w x="1802">do</w>
			<w x="2033">men</w>
			<w x="2333">learn,</w>
			<w x="2535">that</w>
			<w x="2887">heaven</w>
			<w x="2994">is</w>
			<w x="3201">the</w>
		</line>
		<line c="4761" h="227" n="31">
			<w x="1109">perfection</w>
			<w x="1280">of</w>
			<w x="1469">the</w>
			<w x="1776">mind,</w>
			<w x="1993">and</w>
			<w x="2213">that</w>
			<w x="2544">Christ</w>
			<w x="2827">gives</w>
			<w x="2947">it</w>
			<w x="3226">now</w>
		</line>
		<line c="4931" h="153" n="32">
			<w x="836">just</w>
			<w x="973">as</w>
			<w x="1146">far</w>
			<w x="1281">as</w>
			<w x="1439">he</w>
			<w x="1733">raises</w>
			<w x="1924">the</w>
			<w x="2192">mind</w>
			<w x="2314">to</w>
			<w x="2701">celestial</w>
			<w x="2960">truth</w>
			<w x="3222">and</w>
		</line>
		<line c="5061" h="132" n="33">
			<w x="957">virtue.</w>
			<w x="1158">It</w>
			<w x="1275">is</w>
			<w x="1531">true,</w>
			<w x="1732">that</w>
			<w x="1947">this</w>
			<w x="2201">word</w>
			<w x="2325">is</w>
			<w x="2592">often</w>
			<w x="2826">used</w>
			<w x="2960">to</w>
			<w x="3224">
				<choice>
					<hyph>ex-</hyph>
					<reg>express</reg>
				</choice>
			</w>
		</line>
	</div>
</body>
