<body>
	<div id="2" group="1" x="604" y="2213" width="2503" height="389" type="score"
		attribution="HMorESM">
		<line c="2279" h="129" n="12">
			<w x="704">of</w>
			<w x="1023">peace,</w>
			<w x="1496">gratitude,</w>
			<w x="1770">love,</w>
			<w x="1988">and</w>
			<w x="2306">hope;</w>
			<w x="2567">thus</w>
			<w x="2990">affording</w>
			<w x="3096">a</w>
		</line>
		<line c="2397" h="153" n="13">
			<w x="1002">delightful</w>
			<w x="1726">exemplification</w>
			<w x="1879">of</w>
			<w x="2071">the</w>
			<w x="2398">power</w>
			<w x="2547">of</w>
			<w x="2792">the</w>
			<w x="3099">human</w>
		</line>
		<line c="2527" h="139" n="14">
			<w x="846">mind,</w>
			<w x="972">to</w>
			<w x="1269">attach</w>
			<w x="1514">itself</w>
			<w x="1655">to</w>
			<w x="1908">what</w>
			<w x="2032">is</w>
			<w x="2316">good</w>
			<w x="2518">and</w>
			<w x="2961">purifying</w>
			<w x="3099">in</w>
		</line>
	</div>
</body>
