<body>
	<div id="2" group="1" x="675" y="1836" width="2535" height="396" type="score"
		attribution="HMorESM">
		<line c="1901" h="121" n="9">
			<w x="789">of</w>
			<w x="949">his</w>
			<w x="1398">existence</w>
			<w x="1586">are</w>
			<w x="2009">weighed.</w>
			<w x="2216">A</w>
			<w x="2453">trust</w>
			<w x="2570">in</w>
			<w x="2768">our</w>
			<w x="3074">ability</w>
			<w x="3195">to</w>
		</line>
		<line c="2038" h="133" n="10">
			<w x="1153">distinguish</w>
			<w x="1573">between</w>
			<w x="1845">truth</w>
			<w x="2063">and</w>
			<w x="2528">falsehood</w>
			<w x="2660">is</w>
			<w x="3050">implied</w>
			<w x="3197">in</w>
		</line>
		<line c="2170" h="132" n="11">
			<w x="939">every</w>
			<w x="1105">act</w>
			<w x="1233">of</w>
			<w x="1553">belief;</w>
			<w x="1734">for</w>
			<w x="1855">to</w>
			<w x="2252">question</w>
			<w x="2440">this</w>
			<w x="2755">ability</w>
			<w x="3057">would</w>
			<w x="3190">of</w>
		</line>
	</div>
</body>
