<body>
	<div id="2" group="1" x="429" y="3083" width="2760" height="843" type="score"
		attribution="HMorESM">
		<line c="3156" h="119" n="17">
			<w x="819">
				<choice>
					<hyph>fection.</hyph>
					<reg>perfection.</reg>
				</choice>
			</w>
			<w x="1206">Both,</w>
			<w x="1380">for</w>
			<w x="1840">example,</w>
			<w x="2101">have</w>
			<w x="2268">the</w>
			<w x="2538">same</w>
			<w x="2942">objects,</w>
			<w x="3160">that</w>
		</line>
		<line c="3290" h="112" n="18">
			<w x="582">is,</w>
			<w x="1038">universal</w>
			<w x="1386">truths.</w>
			<w x="1677">As</w>
			<w x="2077">another</w>
			<w x="2697">coincidence,</w>
			<w x="2830">I</w>
			<w x="3234">would</w>
		</line>
		<line c="3435" h="114" n="19">
			<w x="899">observe,</w>
			<w x="1088">that</w>
			<w x="1213">it</w>
			<w x="1341">is</w>
			<w x="1552">the</w>
			<w x="1945">highest</w>
			<w x="2526">prerogative</w>
			<w x="2700">of</w>
			<w x="3154">scientific</w>
		</line>
		<line c="3577" h="116" n="20">
			<w x="796">genius,</w>
			<w x="921">to</w>
			<w x="1360">interpret</w>
			<w x="1754">obscure</w>
			<w x="2052">signs,</w>
			<w x="2180">to</w>
			<w x="2411">dart</w>
			<w x="2658">from</w>
			<w x="2901">faint</w>
			<w x="3155">hints</w>
		</line>
		<line c="3716" h="128" n="21">
			<w x="565">to</w>
			<w x="988">sublime</w>
			<w x="1598">discoveries,</w>
			<w x="1735">to</w>
			<w x="1998">read</w>
			<w x="2139">in</w>
			<w x="2254">a</w>
			<w x="2454">few</w>
			<w x="2959">fragments</w>
			<w x="3165">the</w>
		</line>
		<line c="3854" h="129" n="22">
			<w x="789">history</w>
			<w x="933">of</w>
			<w x="1377">vanished</w>
			<w x="1716">worlds</w>
			<w x="1913">and</w>
			<w x="2190">ages,</w>
			<w x="2320">to</w>
			<w x="2645">detect</w>
			<w x="2768">in</w>
			<w x="2939">the</w>
			<w x="3158">
				<choice>
					<hyph>fall-</hyph>
					<reg>falling</reg>
				</choice>
			</w>
		</line>
	</div>
</body>
