<body>
	<div id="2" group="1" x="351" y="2060" width="2525" height="789" type="score"
		attribution="HMorESM">
		<line c="2131" h="124" n="11">
			<w x="510">We</w>
			<w x="731">say,</w>
			<w x="966">God</w>
			<w x="1150">has</w>
			<w x="1319">put</w>
			<w x="1488">the</w>
			<w x="1764">infant</w>
			<w x="1960">into</w>
			<w x="2129">the</w>
			<w x="2526">parent's</w>
			<w x="2836">hands.</w>
		</line>
		<line c="2269" h="113" n="12">
			<w x="616">Might</w>
			<w x="772">we</w>
			<w x="950">not</w>
			<w x="1210">more</w>
			<w x="1453">truly</w>
			<w x="1660">say,</w>
			<w x="1863">that</w>
			<w x="1999">he</w>
			<w x="2174">has</w>
			<w x="2355">put</w>
			<w x="2540">the</w>
			<w x="2848">parent</w>
		</line>
		<line c="2393" h="124" n="13">
			<w x="510">into</w>
			<w x="710">the</w>
			<w x="1029">child's</w>
			<w x="1423">power?</w>
			<w x="1759">That</w>
			<w x="2008">little</w>
			<w x="2300">being</w>
			<w x="2582">sends</w>
			<w x="2846">forth</w>
		</line>
		<line c="2520" h="134" n="14">
			<w x="476">his</w>
			<w x="791">father</w>
			<w x="900">to</w>
			<w x="1107">toil,</w>
			<w x="1304">and</w>
			<w x="1612">makes</w>
			<w x="1793">the</w>
			<w x="2129">mother</w>
			<w x="2418">watch</w>
			<w x="2647">over</w>
			<w x="2843">him</w>
		</line>
		<line c="2654" h="125" n="15">
			<w x="468">by</w>
			<w x="714">day,</w>
			<w x="913">and</w>
			<w x="1087">fix</w>
			<w x="1264">on</w>
			<w x="1474">him</w>
			<w x="1678">her</w>
			<w x="2122">sleepless</w>
			<w x="2378">eyes</w>
			<w x="2540">by</w>
			<w x="2836">night.</w>
		</line>
		<line c="2784" h="120" n="16">
			<w x="492">No</w>
			<w x="805">tyrant</w>
			<w x="1019">lays</w>
			<w x="1277">such</w>
			<w x="1389">a</w>
			<w x="1692">yoke.</w>
			<w x="2044">Thus</w>
			<w x="2307">God</w>
			<w x="2506">has</w>
			<w x="2848">fenced</w>
		</line>
	</div>
</body>
