<body>
	<div id="2" group="1" x="419" y="1383" width="2810" height="2482" type="score"
		attribution="HMorESM">
		<line c="1453" h="119" n="5">
			<w x="842">common</w>
			<w x="1081">than</w>
			<w x="1280">this</w>
			<w x="1723">apparent</w>
			<w x="2584">
				<choice>
					<orig>self-contradiction.</orig>
					<reg>self contradiction.</reg>
					<reg>self</reg>
					<reg>contradiction.</reg>
				</choice>
			</w>
			<w x="2885">The</w>
			<w x="3183">
				<choice>
					<hyph>min-</hyph>
					<reg>ministers,</reg>
				</choice>
			</w>
		</line>
		<line c="1577" h="127" n="6">
			<w x="733" endhyph="true">isters,</w>
			<w x="980">who</w>
			<w x="1236">deal</w>
			<w x="1501">most</w>
			<w x="1653">in</w>
			<w x="2052">terrors,</w>
			<w x="2299">who</w>
			<w x="2666">preach</w>
			<w x="3187">doctrines</w>
		</line>
		<line c="1711" h="135" n="7">
			<w x="729">which</w>
			<w x="1026">ought</w>
			<w x="1168">to</w>
			<w x="1450">make</w>
			<w x="1736">their</w>
			<w x="1966">flesh</w>
			<w x="2304">creep,</w>
			<w x="2520">and</w>
			<w x="2651">to</w>
			<w x="2880">turn</w>
			<w x="3192">their</w>
		</line>
		<line c="1844" h="119" n="8">
			<w x="665">eyes</w>
			<w x="902">into</w>
			<w x="1399">fountains</w>
			<w x="1567">of</w>
			<w x="1878">tears,</w>
			<w x="2098">are</w>
			<w x="2305">not</w>
			<w x="2824">generally"</w>
			<w x="3194">
				<choice>
					<hyph>distin-</hyph>
					<reg>distinguished</reg>
				</choice>
			</w>
		</line>
		<line c="1967" h="130" n="9">
			<w x="814" endhyph="true">guished</w>
			<w x="983">by</w>
			<w x="1240">their</w>
			<w x="1542">spare</w>
			<w x="1854">forms</w>
			<w x="2010">or</w>
			<w x="2440">haggard</w>
			<w x="3141">countenances.</w>
		</line>
		<line c="2097" h="130" n="10">
			<w x="702">They</w>
			<w x="926">take</w>
			<w x="1111">the</w>
			<w x="1408">world</w>
			<w x="1524">as</w>
			<w x="1818">easily</w>
			<w x="1942">as</w>
			<w x="2272">people</w>
			<w x="2399">of</w>
			<w x="2474">a</w>
			<w x="2800">milder</w>
			<w x="3141">creed;</w>
		</line>
		<line c="2233" h="128" n="11">
			<w x="637">and</w>
			<w x="844">this</w>
			<w x="1106">does</w>
			<w x="1302">not</w>
			<w x="1592">show</w>
			<w x="1819">that</w>
			<w x="2076">they</w>
			<w x="2352">want</w>
			<w x="2799">sincerity</w>
			<w x="2951">or</w>
			<w x="3187">
				<choice>
					<hyph>be-</hyph>
					<reg>benevolence.</reg>
				</choice>
			</w>
		</line>
		<line c="2364" h="124" n="12">
			<w x="961" endhyph="true">nevolence.</w>
			<w x="1168">It</w>
			<w x="1423">only</w>
			<w x="1770">shows</w>
			<w x="2016">how</w>
			<w x="2638">superficially</w>
			<w x="2894">men</w>
			<w x="3185">may</w>
		</line>
		<line c="2503" h="123" n="13">
			<w x="785">believe</w>
			<w x="935">in</w>
			<w x="1449">doctrines,</w>
			<w x="1791">which</w>
			<w x="1988">yet</w>
			<w x="2250">they</w>
			<w x="2586">would</w>
			<w x="3008">shudder</w>
			<w x="3189">to</w>
		</line>
		<line c="2634" h="106" n="14">
			<w x="947">relinquish.</w>
			<w x="1150">It</w>
			<w x="1477">shows</w>
			<w x="1721">how</w>
			<w x="1969">little</w>
			<w x="2164">the</w>
			<w x="2518">import</w>
			<w x="2655">of</w>
			<w x="3201">language,</w>
		</line>
		<line c="2755" h="123" n="15">
			<w x="731">which</w>
			<w x="861">is</w>
			<w x="1379">thundered</w>
			<w x="1653">from</w>
			<w x="1849">the</w>
			<w x="2099">lips,</w>
			<w x="2217">is</w>
			<w x="2934">comprehended</w>
			<w x="3202">and</w>
		</line>
		<line c="2880" h="114" n="16">
			<w x="637">felt.</w>
			<w x="768">I</w>
			<w x="1098">should</w>
			<w x="1279">not</w>
			<w x="1446">set</w>
			<w x="1725">down</w>
			<w x="1860">as</w>
			<w x="2513">
				<choice>
					<orig>hard-hearted,</orig>
					<reg>hard hearted,</reg>
					<reg>hard</reg>
					<reg>hearted,</reg>
				</choice>
			</w>
			<w x="2596">a</w>
			<w x="2861">man</w>
			<w x="3193">whose</w>
		</line>
		<line c="3018" h="146" n="17">
			<w x="824">appetite</w>
			<w x="1180">should</w>
			<w x="1324">be</w>
			<w x="1806">improved</w>
			<w x="1953">by</w>
			<w x="2452">preaching</w>
			<w x="2554">a</w>
			<w x="2951">sermon</w>
			<w x="3198">full</w>
		</line>
		<line c="3148" h="135" n="18">
			<w x="577">of</w>
			<w x="924">images</w>
			<w x="1127">and</w>
			<w x="1736">threatenings</w>
			<w x="1875">of</w>
			<w x="2040">"a</w>
			<w x="2554">bottomless</w>
			<w x="2853">hell."</w>
			<w x="3210">The</w>
		</line>
		<div id="3" group="1" x="452" y="3229" width="2734" height="643" type="score"
			attribution="HMorESM">
			<line c="3287" h="108" n="19">
				<w x="650">best</w>
				<w x="949">meals</w>
				<w x="1125">are</w>
				<w x="1655">sometimes</w>
				<w x="1912">made</w>
				<w x="2168">after</w>
				<w x="2404">such</w>
				<w x="2861">effusions.</w>
				<w x="3150">This</w>
			</line>
			<line c="3413" h="131" n="20">
				<w x="539">is</w>
				<w x="793">only</w>
				<w x="963">an</w>
				<w x="1399">example</w>
				<w x="1559">of</w>
				<w x="1735">the</w>
				<w x="2317">numberless</w>
				<w x="3008">contradictions</w>
				<w x="3232">in</w>
			</line>
			<line c="3539" h="141" n="21">
				<w x="775">human</w>
				<w x="999">life.</w>
				<w x="1324">Men</w>
				<w x="1508">are</w>
				<w x="1824">every</w>
				<w x="2027">day</w>
				<w x="2359">saying</w>
				<w x="2560">and</w>
				<w x="3154">doing,</w>
				<w x="3245">from</w>
			</line>
			<line c="3678" h="131" n="22">
				<w x="605">the</w>
				<w x="954">power</w>
				<w x="1112">of</w>
				<w x="1622">education,</w>
				<w x="1942">habit,</w>
				<w x="2168">and</w>
				<w x="2690">imitation,</w>
				<w x="2934">what</w>
				<w x="3254">has</w>
			</line>
			<line c="3808" h="147" n="23">
				<w x="577">no</w>
				<w x="793">root</w>
				<w x="1253">whatever</w>
				<w x="1391">in</w>
				<w x="1645">their</w>
				<w x="2035">serious</w>
				<w x="2596">convictions.</w>
				<w x="2867">Dr.</w>
				<w x="3168">
					<choice>
						<hyph>Hop-</hyph>
						<reg>Hopkins</reg>
					</choice>
				</w>
			</line>
		</div>
	</div>
</body>
