<body>
	<div id="2" group="1" x="743" y="1564" width="2729" height="550" type="score"
		attribution="HMorESM">
		<line c="1616" h="156" n="6">
			<w x="1414">Unhappily,</w>
			<w x="1744">public</w>
			<w x="2040">men,</w>
			<w x="2355">under</w>
			<w x="2536">all</w>
			<w x="3223">governments,</w>
			<w x="3448">are,</w>
		</line>
		<line c="1758" h="147" n="7">
			<w x="869">of</w>
			<w x="1042">all</w>
			<w x="1366">moral</w>
			<w x="1772">guides,</w>
			<w x="1992">the</w>
			<w x="2279">most</w>
			<w x="2673">unsafe,</w>
			<w x="2890">the</w>
			<w x="3136">last</w>
			<w x="3354">for</w>
			<w x="3508">a</w>
		</line>
		<line c="1912" h="133" n="8">
			<w x="1190">Christian</w>
			<w x="1361">to</w>
			<w x="1702">follow.</w>
			<w x="2139">Public</w>
			<w x="2346">life</w>
			<w x="2480">is</w>
			<w x="2891">thought</w>
			<w x="3040">to</w>
			<w x="3452">absolve</w>
		</line>
		<line c="2052" h="116" n="9">
			<w x="964">men</w>
			<w x="1239">from</w>
			<w x="1454">the</w>
			<w x="1778">strict</w>
			<w x="2331">obligations</w>
			<w x="2493">of</w>
			<w x="2782">truth</w>
			<w x="3024">and</w>
			<w x="3446">justice.</w>
		</line>
	</div>
</body>
