<body>
	<div id="2" group="1" x="504" y="901" width="2519" height="782" type="score"
		attribution="HMorESM">
		<line c="971" h="116" n="2">
			<w x="1045">intoxication.</w>
			<w x="1264">In</w>
			<w x="1781">proportion</w>
			<w x="1922">as</w>
			<w x="2249">ardent</w>
			<w x="2559">spirits</w>
			<w x="2756">are</w>
			<w x="3046">
				<choice>
					<hyph>ban-</hyph>
					<reg>banished</reg>
				</choice>
			</w>
		</line>
		<line c="1090" h="128" n="3">
			<w x="739" endhyph="true">ished</w>
			<w x="1005">from</w>
			<w x="1206">our</w>
			<w x="1583">houses,</w>
			<w x="1766">our</w>
			<w x="2096">tables,</w>
			<w x="2299">our</w>
			<w x="2885">hospitalities,</w>
			<w x="3005">in</w>
		</line>
		<line c="1227" h="138" n="4">
			<w x="972">proportion</w>
			<w x="1093">as</w>
			<w x="1358">those</w>
			<w x="1573">who</w>
			<w x="1836">have</w>
			<w x="2258">influence</w>
			<w x="2449">and</w>
			<w x="2888">authority</w>
			<w x="3005">in</w>
		</line>
		<line c="1362" h="113" n="5">
			<w x="648">the</w>
			<w x="1214">community,</w>
			<w x="1553">abstain</w>
			<w x="2112">themselves,</w>
			<w x="2327">and</w>
			<w x="2557">lead</w>
			<w x="2810">their</w>
			<w x="3048">
				<choice>
					<hyph>de-</hyph>
					<reg>dependents</reg>
				</choice>
			</w>
		</line>
		<line c="1492" h="132" n="6">
			<w x="890" endhyph="true">pendents</w>
			<w x="1045">to</w>
			<w x="1387">abstain</w>
			<w x="1645">from</w>
			<w x="1898">their</w>
			<w x="2120">use,</w>
			<w x="2243">in</w>
			<w x="2463">that</w>
			<w x="3045">proportion,</w>
		</line>
		<line c="1632" h="118" n="7">
			<w x="672">the</w>
			<w x="1114">occasions</w>
			<w x="1267">of</w>
			<w x="1591">excess</w>
			<w x="1856">must</w>
			<w x="1994">be</w>
			<w x="2524">diminished,</w>
			<w x="2698">the</w>
			<w x="3040">
				<choice>
					<hyph>temp-</hyph>
					<reg>temptations</reg>
				</choice>
			</w>
		</line>
	</div>
	<div id="3" group="2" x="502" y="3783" width="2511" height="265" type="parenthesis"
		attribution="HMorESM">
		<line c="3850" h="111" n="24">
			<blank x="1242"/>
			<w x="1460">In</w>
			<w x="1720">their</w>
			<w x="2181">moderate</w>
			<w x="2417">use,</w>
			<w x="2664">they</w>
			<w x="2877">act,</w>
			<w x="3000">in</w>
		</line>
		<line c="3978" h="122" n="25">
			<w x="847">general,</w>
			<w x="1393">unfavorably</w>
			<w x="1529">on</w>
			<w x="1797">body</w>
			<w x="2006">and</w>
			<w x="2326">mind.</w>
		</line>
	</div>
</body>
