<body>
	<div id="2" group="1" x="736" y="854" width="2722" height="1014" type="score"
		attribution="HMorESM">
		<line c="953" h="149" n="1">
			<w x="880">In</w>
			<w x="1263">nothing</w>
			<w x="1450">has</w>
			<w x="1618">he</w>
			<w x="1979">readier</w>
			<w x="2320">means</w>
			<w x="2462">of</w>
			<w x="2844">judging</w>
			<w x="3024">for</w>
			<w x="3426">himself.</w>
		</line>
		<line c="1116" h="172" n="2">
			<w x="867">In</w>
			<w x="1302">nothing,</w>
			<w x="1440">as</w>
			<w x="1828">history</w>
			<w x="2190">shows,</w>
			<w x="2317">is</w>
			<w x="2507">he</w>
			<w x="2790">more</w>
			<w x="3105">likely</w>
			<w x="3262">to</w>
			<w x="3434">be</w>
		</line>
		<line c="1234" h="127" n="3">
			<w x="900">led</w>
			<w x="1235">astray</w>
			<w x="1386">by</w>
			<w x="1638">such</w>
			<w x="1773">as</w>
			<w x="2177">assume</w>
			<w x="2379">the</w>
			<w x="2690">office</w>
			<w x="2834">of</w>
			<w x="3272">thinking</w>
			<w x="3434">for</w>
		</line>
		<line c="1371" h="153" n="4">
			<w x="959">him.</w>
			<w x="1510">Religion</w>
			<w x="1653">is</w>
			<w x="1780">a</w>
			<w x="2176">subject</w>
			<w x="2472">open</w>
			<w x="2632">to</w>
			<w x="2811">all</w>
			<w x="3178">minds.</w>
			<w x="3432">Its</w>
		</line>
		<line c="1520" h="140" n="5">
			<w x="988">great</w>
			<w x="1308">truths</w>
			<w x="1560">have</w>
			<w x="1832">their</w>
			<w x="2367">foundation</w>
			<w x="2494">in</w>
			<w x="2694">the</w>
			<w x="2921">soul</w>
			<w x="3227">itself,</w>
			<w x="3437">and</w>
		</line>
		<line c="1657" h="128" n="6">
			<w x="976">their</w>
			<w x="1298">proofs</w>
			<w x="1746">surround</w>
			<w x="1886">us</w>
			<w x="2040">on</w>
			<w x="2200">all</w>
			<w x="2497">sides.</w>
			<w x="2836">God</w>
			<w x="3024">has</w>
			<w x="3212">not</w>
			<w x="3443">shut</w>
		</line>
		<line c="1798" h="123" n="7">
			<w x="872">up</w>
			<w x="1055">the</w>
			<w x="1520">evidence</w>
			<w x="1664">of</w>
			<w x="1835">his</w>
			<w x="2125">being</w>
			<w x="2248">in</w>
			<w x="2382">as</w>
			<w x="2582">few</w>
			<w x="2927">books,</w>
			<w x="3301">written</w>
			<w x="3444">in</w>
		</line>
	</div>
</body>
