<body>
	<div id="2" group="1" x="648" y="782" width="2566" height="2268" type="brokenscore"
		attribution="HMorESM">
		<line c="849" h="137" n="1">
			<w x="803">the</w>
			<w x="1104">hands</w>
			<w x="1256">of</w>
			<w x="1523">those</w>
			<w x="1759">who</w>
			<w x="2063">think,</w>
			<w x="2356">write,</w>
			<w x="2570">and</w>
			<w x="2920">spread</w>
			<w x="3172">their</w>
		</line>
		<line c="998" h="110" n="2">
			<w x="923">minds</w>
			<w x="1096">far</w>
			<w x="1305">and</w>
			<w x="1593">wide.</w>
			<w x="2293">Accordingly,</w>
			<w x="2740">literature</w>
			<w x="2860">is</w>
			<w x="3000">to</w>
			<w x="3174">
				<choice>
					<hyph>be-</hyph>
					<reg>become</reg>
				</choice>
			</w>
		</line>
		<line c="1129" h="109" n="3">
			<w x="904" endhyph="true">come</w>
			<w x="1199">more</w>
			<w x="1387">and</w>
			<w x="1663">more</w>
			<w x="1852">the</w>
			<w x="2368">instrument</w>
			<w x="2518">of</w>
			<w x="2899">swaying</w>
			<w x="3172">men,</w>
		</line>
		<line c="1264" h="111" n="4">
			<w x="770">of</w>
			<w x="1056">doing</w>
			<w x="1358">good,</w>
			<w x="1516">of</w>
			<w x="1972">achieving</w>
			<w x="2268">fame.</w>
			<w x="2580">The</w>
			<w x="2984">contrast</w>
			<w x="3177">
				<choice>
					<hyph>be-</hyph>
					<reg>between</reg>
				</choice>
			</w>
		</line>
		<line c="1396" h="108" n="5">
			<w x="925" endhyph="true">tween</w>
			<w x="1274">ancient</w>
			<w x="1459">and</w>
			<w x="1834">modern</w>
			<w x="2145">times,</w>
			<w x="2269">in</w>
			<w x="2456">the</w>
			<w x="2950">particulars</w>
			<w x="3177">now</w>
		</line>
		<line c="1515" h="134" n="6">
			<w x="951">stated,</w>
			<w x="1060">is</w>
			<w x="1238">too</w>
			<w x="1605">obvious</w>
			<w x="1746">to</w>
			<w x="1988">need</w>
			<w x="2527">illustration,</w>
			<w x="2726">and</w>
			<w x="2920">our</w>
			<w x="3175">great</w>
		</line>
		<line c="1661" h="109" n="7">
			<w x="1066">inference</w>
			<w x="1202">is</w>
			<w x="1581">equally</w>
			<w x="1884">clear.</w>
			<w x="2217">The</w>
			<w x="2453">vast</w>
			<w x="3164">improvements,</w>
		</line>
		<line c="1793" h="109" n="8">
			<w x="954">which,</w>
			<w x="1094">in</w>
			<w x="1261">the</w>
			<w x="1582">course</w>
			<w x="1714">of</w>
			<w x="1971">ages,</w>
			<w x="2217">have</w>
			<w x="2488">taken</w>
			<w x="2750">place</w>
			<w x="2886">in</w>
			<w x="3170">social</w>
		</line>
		<line c="1919" h="119" n="9">
			<w x="933">order,</w>
			<w x="1078">in</w>
			<w x="1519">domestic</w>
			<w x="1736">life,</w>
			<w x="1883">in</w>
			<w x="2304">religion,</w>
			<w x="2451">in</w>
			<w x="3004">knowledge,</w>
			<w x="3170">all</w>
		</line>
		<line c="2058" h="108" n="10">
			<w x="1032">conspire</w>
			<w x="1172">to</w>
			<w x="1379">one</w>
			<w x="1704">result,</w>
			<w x="1850">all</w>
			<w x="2092">tend</w>
			<w x="2230">to</w>
			<w x="2695">introduce</w>
			<w x="2959">other</w>
			<w x="3167">and</w>
		</line>
		<line c="2189" h="106" n="11">
			<w x="939">higher</w>
			<w x="1420">influences</w>
			<w x="1660">than</w>
			<w x="2063">political</w>
			<w x="2426">power,</w>
			<w x="2644">and</w>
			<w x="2792">to</w>
			<w x="3028">give</w>
			<w x="3166">to</w>
		</line>
		<line c="2315" h="100" n="12">
			<w x="831">that</w>
			<w x="1084">form</w>
			<w x="1216">of</w>
			<w x="1730">intellectual</w>
			<w x="2048">effort,</w>
			<w x="2346">which</w>
			<w x="2503">we</w>
			<w x="2694">call</w>
			<w x="3164">literature,</w>
		</line>
		<line c="2450" h="108" n="13">
			<w x="1067">dominion</w>
			<w x="1324">over</w>
			<w x="1667">human</w>
			<w x="2017">affairs.</w>
			<w x="2371">Thus</w>
			<w x="2657">truth,</w>
			<w x="2839">we</w>
			<w x="3168">
				<choice>
					<hyph>appre-</hyph>
					<reg>apprehend,</reg>
				</choice>
			</w>
		</line>
		<line c="2586" h="117" n="14">
			<w x="904" endhyph="true">hend,</w>
			<w x="1032">is</w>
			<w x="1309">more</w>
			<w x="1521">and</w>
			<w x="1800">more</w>
			<w x="2052">felt;</w>
			<w x="2261">and</w>
			<w x="2526">from</w>
			<w x="2682">its</w>
			<w x="3164">influence,</w>
		</line>
		<line c="2718" h="115" n="15">
			<w x="949">joined</w>
			<w x="1182">with</w>
			<w x="1369">our</w>
			<w x="1755">peculiar</w>
			<w x="2193">condition</w>
			<w x="2387">and</w>
			<w x="2608">free</w>
			<w x="3163">institutions,</w>
		</line>
		<line c="2845" h="110" n="16">
			<w x="791">we</w>
			<w x="1056">hope</w>
			<w x="1234">for</w>
			<w x="1431">our</w>
			<w x="1821">country</w>
			<w x="1990">the</w>
			<w x="2464">happiness</w>
			<w x="2672">and</w>
			<w x="2948">glory</w>
			<w x="3082">of</w>
			<w x="3171">a</w>
		</line>
		<line c="2977" h="113" n="17">
			<w x="892">pure,</w>
			<w x="1170">deep,</w>
			<w x="1411">rich,</w>
			<w x="1855">beautiful,</w>
			<w x="2053">and</w>
			<w x="2504">ennobling</w>
			<w x="2957">literature.</w>
		</line>
	</div>
</body>
