<body>
	<div id="2" group="1" x="579" y="2617" width="2559" height="2499" type="score"
		attribution="HMorESM">
		<line c="2679" h="110" n="15">
			<w x="711">no</w>
			<w x="996">other.</w>
			<w x="1163">I</w>
			<w x="1325">am</w>
			<w x="1501">not</w>
			<w x="1792">giving</w>
			<w x="1990">you</w>
			<w x="2159">the</w>
			<w x="2570">opinions</w>
			<w x="2706">of</w>
			<w x="2898">any</w>
			<w x="3110">sect</w>
		</line>
		<line c="2811" h="112" n="16">
			<w x="699">or</w>
			<w x="980">body</w>
			<w x="1138">of</w>
			<w x="1402">men,</w>
			<w x="1624">but</w>
			<w x="1816">my</w>
			<w x="2060">own.</w>
			<w x="2226">I</w>
			<w x="2490">hold</w>
			<w x="2840">myself</w>
			<w x="3109">alone</w>
		</line>
		<line c="2931" h="126" n="17">
			<w x="1091">responsible</w>
			<w x="1251">for</w>
			<w x="1503">what</w>
			<w x="1588">I</w>
			<w x="1866">utter.</w>
			<w x="2141">Let</w>
			<w x="2379">none</w>
			<w x="2663">listen</w>
			<w x="2785">to</w>
			<w x="2952">me</w>
			<w x="3111">for</w>
		</line>
		<line c="3070" h="113" n="18">
			<w x="739">the</w>
			<w x="1135">purpose</w>
			<w x="1251">of</w>
			<w x="1614">learning</w>
			<w x="1856">what</w>
			<w x="2157">others</w>
			<w x="2439">think.</w>
			<w x="2608">I</w>
			<w x="2926">indeed</w>
			<w x="3107">
				<choice>
					<hyph>be-</hyph>
					<reg>belong</reg>
				</choice>
			</w>
		</line>
		<line c="3208" h="110" n="19">
			<w x="789" endhyph="true">long</w>
			<w x="961">to</w>
			<w x="1181">that</w>
			<w x="1410">class</w>
			<w x="1570">of</w>
			<w x="2078">Christians,</w>
			<w x="2301">who</w>
			<w x="2495">are</w>
			<w x="3165">distinguished</w>
		</line>
		<line c="3338" h="106" n="20">
			<w x="711">by</w>
			<w x="1155">believing</w>
			<w x="1367">that</w>
			<w x="1648">there</w>
			<w x="1775">is</w>
			<w x="1984">one</w>
			<w x="2275">God,</w>
			<w x="2523">even</w>
			<w x="2720">the</w>
			<w x="3102">Father,</w>
		</line>
		<line c="3471" h="129" n="21">
			<w x="771">and</w>
			<w x="971">that</w>
			<w x="1273">Jesus</w>
			<w x="1606">Christ</w>
			<w x="1710">is</w>
			<w x="1886">not</w>
			<w x="2087">this</w>
			<w x="2297">one</w>
			<w x="2559">God,</w>
			<w x="2742">but</w>
			<w x="2912">his</w>
			<w x="3108">
				<choice>
					<hyph>de-</hyph>
					<reg>dependent</reg>
				</choice>
			</w>
		</line>
		<line c="3607" h="115" n="22">
			<w x="946" endhyph="true">pendent</w>
			<w x="1144">and</w>
			<w x="1572">obedient</w>
			<w x="1840">Son.</w>
			<w x="2122">But</w>
			<w x="2315">my</w>
			<w x="2886">accordance</w>
			<w x="3110">with</w>
		</line>
		<line c="3739" h="119" n="23">
			<w x="827">these</w>
			<w x="947">is</w>
			<w x="1117">far</w>
			<w x="1379">from</w>
			<w x="1675">being</w>
			<w x="2142">universal,</w>
			<w x="2348">nor</w>
			<w x="2608">have</w>
			<w x="2713">I</w>
			<w x="2927">any</w>
			<w x="3105">
				<choice>
					<hyph>de-</hyph>
					<reg>desire</reg>
				</choice>
			</w>
		</line>
		<line c="3859" h="116" n="24">
			<w x="776" endhyph="true">sire</w>
			<w x="885">to</w>
			<w x="1236">extend</w>
			<w x="1381">it.</w>
			<div id="3" group="1" x="563" y="3797" width="2561" height="263" type="parenthesis"
				attribution="HMorESM">
				<line n="1" h="131" c="3863">
					<blank x="1445"/>
					<w x="1776">What</w>
					<w x="2046">other</w>
					<w x="2290">men</w>
					<w x="2674">believe,</w>
					<w x="2799">is</w>
					<w x="2951">to</w>
					<w x="3113">me</w>
				</line>
				<line n="2" h="131" c="3994">
					<w x="720">of</w>
					<w x="969">little</w>
					<w x="1380">moment.</w>
				</line>
			</div>
		</line>
		<line c="3984" h="166" n="25">
			<blank x="702"/>
			<w x="1751">Their</w>
			<w x="2245">arguments</w>
			<w x="2361">I</w>
			<w x="2832">gratefully</w>
			<w x="3098">hear.</w>
		</line>
		<line c="4124" h="131" n="26">
			<w x="864">Their</w>
			<w x="1417">conclusions</w>
			<w x="1521">I</w>
			<w x="1715">am</w>
			<w x="1939">free</w>
			<w x="2078">to</w>
			<w x="2448">receive</w>
			<w x="2599">or</w>
			<w x="2937">reject.</w>
			<w x="3106">I</w>
		</line>
		<line c="4263" h="114" n="27">
			<w x="804">have</w>
			<w x="944">no</w>
			<w x="1297">anxiety</w>
			<w x="1418">to</w>
			<w x="1671">wear</w>
			<w x="1839">the</w>
			<w x="2139">livery</w>
			<w x="2276">of</w>
			<w x="2470">any</w>
			<w x="2770">party.</w>
			<w x="2932">I</w>
			<w x="3105">
				<choice>
					<hyph>in-</hyph>
					<reg>indeed</reg>
				</choice>
			</w>
		</line>
		<line c="4390" h="120" n="28">
			<w x="809" endhyph="true">deed</w>
			<w x="1061">take</w>
			<w x="1524">cheerfully</w>
			<w x="1692">the</w>
			<w x="1976">name</w>
			<w x="2139">of</w>
			<w x="2231">a</w>
			<w x="2720">Unitarian,</w>
			<w x="3106">because</w>
		</line>
		<line c="4518" h="133" n="29">
			<w x="1042">unwearied</w>
			<w x="1362">efforts</w>
			<w x="1551">are</w>
			<w x="1804">used</w>
			<w x="1947">to</w>
			<w x="2184">raise</w>
			<w x="2542">against</w>
			<w x="2637">it</w>
			<w x="2722">a</w>
			<w x="3108">popular</w>
		</line>
		<line c="4652" h="145" n="30">
			<w x="807">cry;</w>
			<w x="1016">and</w>
			<w x="1127">I</w>
			<w x="1382">have</w>
			<w x="1586">not</w>
			<w x="1741">so</w>
			<w x="2122">learned</w>
			<w x="2487">Christ,</w>
			<w x="2635">as</w>
			<w x="2783">to</w>
			<w x="3110">shrink</w>
		</line>
		<line c="4785" h="110" n="31">
			<w x="802">from</w>
			<w x="1328">reproaches</w>
			<w x="1551">cast</w>
			<w x="1696">on</w>
			<w x="1937">what</w>
			<w x="2021">I</w>
			<w x="2310">deem</w>
			<w x="2463">his</w>
			<w x="2790">truth.</w>
			<w x="3105">Were</w>
		</line>
		<line c="4919" h="112" n="32">
			<w x="734">the</w>
			<w x="1018">name</w>
			<w x="1306">more</w>
			<w x="1734">honored,</w>
			<w x="1827">I</w>
			<w x="2139">should</w>
			<w x="2324">be</w>
			<w x="2552">glad</w>
			<w x="2695">to</w>
			<w x="3007">throw</w>
			<w x="3099">it</w>
		</line>
		<line c="5058" h="128" n="33">
			<w x="773">off;</w>
			<w x="949">for</w>
			<w x="1031">I</w>
			<w x="1234">fear</w>
			<w x="1400">the</w>
			<w x="1802">shackles</w>
			<w x="2099">which</w>
			<w x="2181">a</w>
			<w x="2438">party</w>
			<w x="2934">
				<choice>
					<orig>connexion</orig>
					<reg>connection</reg>
				</choice>
			</w>
			<w x="3084">
				<choice>
					<hyph>im</hyph>
					<reg>imposes</reg>
				</choice>
			</w>
		</line>
	</div>
</body>
