<body>
	<div id="2" group="1" x="673" y="1165" width="2528" height="789" type="score"
		attribution="HMorESM">
		<line c="1236" h="109" n="4">
			<w x="909">
				<choice>
					<hyph>ment</hyph>
					<reg>element</reg>
				</choice>
			</w>
			<w x="1050">of</w>
			<w x="1294">love</w>
			<w x="1410">to</w>
			<w x="1601">the</w>
			<w x="2064">Divinity.</w>
			<w x="2618">Whatever</w>
			<w x="2739">is</w>
			<w x="3250">excellent</w>
		</line>
		<line c="1369" h="108" n="5">
			<w x="837">and</w>
			<w x="1305">venerable</w>
			<w x="1440">in</w>
			<w x="1782">human</w>
			<w x="2146">beings,</w>
			<w x="2258">is</w>
			<w x="2411">of</w>
			<w x="2678">God,</w>
			<w x="2872">and</w>
			<w x="3007">in</w>
			<w x="3184">
				<choice>
					<hyph>at-</hyph>
					<reg>attaching</reg>
				</choice>
			</w>
		</line>
		<line c="1502" h="108" n="6">
			<w x="996" endhyph="true">taching</w>
			<w x="1447">ourselves</w>
			<w x="1588">to</w>
			<w x="1697">it</w>
			<w x="1850">we</w>
			<w x="2037">are</w>
			<w x="2505">preparing</w>
			<w x="2701">our</w>
			<w x="3007">hearts</w>
			<w x="3183">for</w>
		</line>
		<line c="1637" h="123" n="7">
			<w x="790">its</w>
			<w x="1186">Author.</w>
			<w x="1744">Whoever</w>
			<w x="1970">sees</w>
			<w x="2189">and</w>
			<w x="2686">
				<choice>
					<orig>recognises</orig>
					<reg>recognizes</reg>
				</choice>
			</w>
			<w x="2884">the</w>
			<w x="3183">moral</w>
		</line>
		<line c="1767" h="117" n="8">
			<w x="984">dignity</w>
			<w x="1145">of</w>
			<w x="1565">impartial</w>
			<w x="1910">justice</w>
			<w x="2122">and</w>
			<w x="2754">disinterested</w>
			<w x="3182">goodness</w>
		</line>
		<line c="1896" h="111" n="9">
			<w x="764">in</w>
			<w x="919">his</w>
			<w x="1697">
				<choice>
					<orig>fellow-creatures,</orig>
					<reg>fellow creatures,</reg>
					<reg>fellow</reg>
					<reg>creatures,</reg>
				</choice>
			</w>
			<w x="1878">has</w>
			<w x="2192">begun</w>
			<w x="2329">to</w>
			<w x="2525">pay</w>
			<w x="2891">homage</w>
			<w x="3009">to</w>
			<w x="3179">the</w>
		</line>
	</div>
</body>
