<body>
	<div id="2" group="1" x="677" y="2819" width="2520" height="257" type="score"
		attribution="HMorESM">
		<line c="2231" h="120" n="12">
			<w x="1024">
				<choice>
					<hyph orig="all-important">portant,</hyph>
					<reg>all-important,</reg>
					<reg>all important,</reg>
					<reg>all</reg>
					<reg>important,</reg>
				</choice>
			</w>
			<w x="1218">and</w>
			<w x="1439">only</w>
			<w x="1857">sufficient</w>
			<w x="2207">means.</w>
			<w x="2491">Let</w>
			<w x="2733">such</w>
			<w x="3160">consider,</w>
		</line>
		<line c="2365" h="122" n="13">
			<w x="848">that</w>
			<w x="1051">the</w>
			<w x="1359">grand</w>
			<w x="1799">volumes,</w>
			<w x="1965">of</w>
			<w x="2269">which</w>
			<w x="2432">all</w>
			<w x="2642">our</w>
			<w x="2970">books</w>
			<w x="3199">are</w>
		</line>
		<line c="2494" h="120" n="14">
			<w x="1166">transcripts,</w>
			<w x="1275">I</w>
			<w x="1557">mean</w>
			<w x="1907">nature,</w>
			<w x="2405">revelation,</w>
			<w x="2603">the</w>
			<w x="2902">human</w>
			<w x="3202">soul,</w>
		</line>
		<line c="2620" h="125" n="15">
			<w x="841">and</w>
			<w x="1156">human</w>
			<w x="1359">life,</w>
			<w x="1532">are</w>
			<w x="1815">freely</w>
			<w x="2219">unfolded</w>
			<w x="2338">to</w>
			<w x="2637">every</w>
			<w x="2855">eye.</w>
			<w x="3165">The</w>
		</line>
		<line c="2757" h="107" n="16">
			<w x="902">great</w>
			<w x="1277">sources</w>
			<w x="1431">of</w>
			<w x="1802">wisdom</w>
			<w x="1995">are</w>
			<w x="2524">experience</w>
			<w x="2733">and</w>
			<w x="3165">
				<choice>
					<hyph>observa-</hyph>
					<reg>observation;</reg>
				</choice>
			</w>
		</line>
		<div id="3" group="1" x="681" y="2169" width="2517" height="913" type="score"
			attribution="HMorESM">
			<line c="2890" h="108" n="17">
				<w x="902" endhyph="true">tion;</w>
				<w x="1155">and</w>
				<w x="1374">these</w>
				<w x="1566">are</w>
				<w x="1887">denied</w>
				<w x="2008">to</w>
				<w x="2292">none.</w>
				<w x="2552">To</w>
				<w x="2813">open</w>
				<w x="2999">and</w>
				<w x="3165">fix</w>
			</line>
			<line c="3020" h="108" n="18">
				<w x="830">our</w>
				<w x="1070">eyes</w>
				<w x="1338">upon</w>
				<w x="1611">what</w>
				<w x="1947">passes</w>
				<w x="2323">without</w>
				<w x="2533">and</w>
				<w x="2850">within</w>
				<w x="3020">us,</w>
				<w x="3163">is</w>
			</line>
		</div>
	</div>
</body>
