<body>
	<div id="2" group="1" x="724" y="3563" width="2728" height="1996" type="score"
		attribution="HMorESM">
		<line c="3622" h="134" n="20">
			<w x="1111">uttered,</w>
			<w x="1304">but</w>
			<w x="1491">not</w>
			<w x="1791">easily</w>
			<w x="2197">obeyed.</w>
			<w x="2698">Nothing</w>
			<w x="3040">indeed</w>
			<w x="3151">is</w>
			<w x="3431">
				<choice>
					<hyph>hard-</hyph>
					<reg>harder</reg>
				</choice>
			</w>
		</line>
		<line c="3772" h="121" n="21">
			<w x="843" endhyph="true">er</w>
			<w x="1074">than</w>
			<w x="1205">to</w>
			<w x="1489">place</w>
			<w x="1958">ourselves</w>
			<w x="2198">near</w>
			<w x="2518">Jesus</w>
			<w x="2874">Christ.</w>
			<w x="3205">The</w>
			<w x="3434">way</w>
		</line>
		<line c="3910" h="119" n="22">
			<w x="842">to</w>
			<w x="1099">him</w>
			<w x="1250">is</w>
			<w x="1699">blocked</w>
			<w x="1897">up</w>
			<w x="2122">on</w>
			<w x="2430">every</w>
			<w x="2711">side.</w>
			<w x="3424">Interpreters,</w>
		</line>
		<line c="4053" h="120" n="23">
			<w x="1198">churches,</w>
			<w x="1519">sects,</w>
			<w x="1773">past</w>
			<w x="1999">and</w>
			<w x="2436">present,</w>
			<w x="2838">creeds,</w>
			<w x="3426">authorities,</w>
		</line>
		<line c="4191" h="115" n="24">
			<w x="895">the</w>
			<w x="1412">influences</w>
			<w x="1555">of</w>
			<w x="2072">education,</w>
			<w x="2229">all</w>
			<w x="2530">stand</w>
			<w x="2674">in</w>
			<w x="2893">our</w>
			<w x="3167">way.</w>
			<w x="3429">So</w>
		</line>
		<line c="4338" h="123" n="25">
			<w x="1006">many</w>
			<w x="1373">voices,</w>
			<w x="1842">declaring</w>
			<w x="2125">what</w>
			<w x="2467">Christ</w>
			<w x="2671">has</w>
			<w x="2951">said,</w>
			<w x="3259">break</w>
			<w x="3434">on</w>
		</line>
		<line c="4476" h="116" n="26">
			<w x="907">our</w>
			<w x="1171">ears,</w>
			<w x="1390">that</w>
			<w x="1555">his</w>
			<w x="1814">own</w>
			<w x="2100">voice</w>
			<w x="2211">is</w>
			<w x="2703">drowned.</w>
			<w x="3035">The</w>
			<w x="3219">old</w>
			<w x="3432">cry</w>
		</line>
		<line c="4610" h="139" n="27">
			<w x="957">still</w>
			<w x="1424">resounds,</w>
			<w x="1719">"Lo</w>
			<w x="2041">here!</w>
			<w x="2271">and</w>
			<w x="2392">lo</w>
			<w x="2837">there!"</w>
			<w x="3193">How</w>
			<w x="3434">hard</w>
		</line>
		<line c="4763" h="122" n="28">
			<w x="824">is</w>
			<w x="955">it</w>
			<w x="1087">to</w>
			<w x="1271">get</w>
			<w x="1535">near</w>
			<w x="1718">the</w>
			<w x="1961">true</w>
			<w x="2346">Christ,</w>
			<w x="2482">to</w>
			<w x="2695">see</w>
			<w x="2912">him</w>
			<w x="3044">as</w>
			<w x="3220">he</w>
			<w x="3434">was</w>
		</line>
		<line c="4905" h="118" n="29">
			<w x="912">and</w>
			<w x="1061">is,</w>
			<w x="1200">to</w>
			<w x="1462">hear</w>
			<w x="1628">his</w>
			<w x="1862">own</w>
			<w x="2204">voice,</w>
			<w x="2404">and</w>
			<w x="2532">to</w>
			<w x="3024">penetrate</w>
			<w x="3441">beneath</w>
		</line>
		<line c="5048" h="114" n="30">
			<w x="896">his</w>
			<w x="1204">works</w>
			<w x="1407">and</w>
			<w x="1726">words</w>
			<w x="1855">to</w>
			<w x="2040">his</w>
			<w x="2352">spirit,</w>
			<w x="2491">to</w>
			<w x="2661">his</w>
			<w x="2942">mind</w>
			<w x="3133">and</w>
			<w x="3434">heart,</w>
		</line>
		<line c="5186" h="136" n="31">
			<w x="845">to</w>
			<w x="1029">the</w>
			<w x="1305">great</w>
			<w x="1795">principles</w>
			<w x="1939">of</w>
			<w x="2103">his</w>
			<w x="2518">religion,</w>
			<w x="2648">to</w>
			<w x="2832">the</w>
			<w x="3131">grand</w>
			<w x="3442">
				<choice>
					<hyph>spirit-</hyph>
					<reg>spiritual</reg>
				</choice>
			</w>
		</line>
		<line c="5336" h="126" n="32">
			<w x="895" endhyph="true">ual</w>
			<w x="1318">purpose</w>
			<w x="1464">of</w>
			<w x="1615">all</w>
			<w x="1932">which</w>
			<w x="2103">he</w>
			<w x="2350">said</w>
			<w x="2576">and</w>
			<w x="2839">did!</w>
			<w x="3211">How</w>
			<w x="3444">hard</w>
		</line>
		<line c="5479" h="125" n="33">
			<w x="850">to</w>
			<w x="1232">escape</w>
			<w x="1458">our</w>
			<w x="1697">age,</w>
			<w x="1864">to</w>
			<w x="2350">penetrate</w>
			<w x="2765">through</w>
			<w x="2964">the</w>
			<w x="3442">disguises</w>
		</line>
	</div>
</body>
