<body>
	<div id="2" group="1" x="624" y="830" width="2779" height="879" type="score"
		attribution="HMorESM">
		<line c="922" h="127" n="1">
			<w x="872">from</w>
			<w x="1466">immediate,</w>
			<w x="1908">fervent,</w>
			<w x="2557">irrepressible</w>
			<w x="3131">suggestion.</w>
			<w x="3441">If</w>
		</line>
		<line c="1055" h="138" n="2">
			<w x="872">God</w>
			<w x="1050">be</w>
			<w x="1393">loved,</w>
			<w x="1606">and</w>
			<w x="1936">Jesus</w>
			<w x="2306">Christ</w>
			<w x="2484">be</w>
			<w x="3002">welcomed</w>
			<w x="3158">to</w>
			<w x="3370">the</w>
		</line>
		<line c="1198" h="144" n="3">
			<w x="872">soul,</w>
			<w x="1116">and</w>
			<w x="1285">his</w>
			<w x="1891">instructions</w>
			<w x="2063">be</w>
			<w x="2463">meekly</w>
			<w x="2671">and</w>
			<w x="3023">wisely</w>
			<w x="3368">heard,</w>
		</line>
		<line c="1344" h="145" n="4">
			<w x="816">and</w>
			<w x="1002">the</w>
			<w x="1398">solemn</w>
			<w x="1834">purpose</w>
			<w x="2131">grow</w>
			<w x="2284">up</w>
			<w x="2422">to</w>
			<w x="2573">do</w>
			<w x="2752">all</w>
			<w x="3024">duty</w>
			<w x="3375">amidst</w>
		</line>
		<line c="1492" h="146" n="5">
			<w x="763">all</w>
			<w x="1222">conflict,</w>
			<w x="1676">sacrifice,</w>
			<w x="1889">and</w>
			<w x="2478">temptation,</w>
			<w x="2727">then</w>
			<w x="2911">the</w>
			<w x="3138">true</w>
			<w x="3374">end</w>
		</line>
		<line c="1640" h="123" n="6">
			<w x="757">of</w>
			<w x="948">the</w>
			<w x="1312">church</w>
			<w x="1426">is</w>
			<w x="1949">answered.</w>
			<w x="2394">"This</w>
			<w x="2509">is</w>
			<w x="2662">no</w>
			<w x="2949">other</w>
			<w x="3187">than</w>
			<w x="3373">the</w>
		</line>
	</div>
	<div id="3" group="2" x="640" y="2864" width="2763" height="423" type="score"
		attribution="HMorESM">
		<line c="2920" h="139" n="15">
			<w x="938">which</w>
			<w x="1572">corresponds</w>
			<w x="1858">most</w>
			<w x="1986">to</w>
			<w x="2192">the</w>
			<w x="2557">Divine</w>
			<w x="2779">will.</w>
			<w x="3050">As</w>
			<w x="3222">far</w>
			<w x="3426">as</w>
		</line>
		<line c="3067" h="135" n="16">
			<w x="791">we</w>
			<w x="1050">have</w>
			<w x="1410">power</w>
			<w x="1571">to</w>
			<w x="1948">select,</w>
			<w x="2119">we</w>
			<w x="2489">should</w>
			<w x="2663">go</w>
			<w x="2797">to</w>
			<w x="3015">the</w>
			<w x="3381">church</w>
		</line>
		<line c="3212" h="127" n="17">
			<w x="940">where</w>
			<w x="1119">we</w>
			<w x="1369">shall</w>
			<w x="1518">be</w>
			<w x="1786">most</w>
			<w x="2137">helped</w>
			<w x="2268">to</w>
			<w x="2675">become</w>
			<w x="3077">devout,</w>
			<w x="3381">
				<choice>
					<hyph>disin-</hyph>
					<reg>disinterested,</reg>
				</choice>
			</w>
		</line>
	</div>
	<div id="4" group="2" x="619" y="3300" width="2785" height="985" type="score"
		attribution="HMorESM">
		<line c="3360" h="119" n="18">
			<w x="1066" endhyph="true">terested,</w>
			<w x="1277">and</w>
			<w x="1699">morally</w>
			<w x="2063">strong.</w>
			<w x="2379">Our</w>
			<w x="2889">salvation,</w>
			<w x="3433">however,</w>
		</line>
		<line c="3503" h="124" n="19">
			<w x="877">does</w>
			<w x="1069">not</w>
			<w x="1446">depend</w>
			<w x="1599">on</w>
			<w x="1794">our</w>
			<w x="2136">finding</w>
			<w x="2319">the</w>
			<w x="2554">best</w>
			<w x="2912">church</w>
			<w x="3060">on</w>
			<w x="3376">earth,</w>
		</line>
		<line c="3645" h="118" n="20">
			<w x="801">for</w>
			<w x="1006">this</w>
			<w x="1234">may</w>
			<w x="1398">be</w>
			<w x="1734">distant</w>
			<w x="1876">or</w>
			<w x="2364">unknown.</w>
			<w x="2847">Amidst</w>
			<w x="3381">diversities</w>
		</line>
		<line c="3790" h="121" n="21">
			<w x="768">of</w>
			<w x="1518">administrations</w>
			<w x="1822">there</w>
			<w x="1955">is</w>
			<w x="2142">the</w>
			<w x="2445">same</w>
			<w x="2774">spirit.</w>
			<w x="3008">In</w>
			<w x="3185">all</w>
			<w x="3381">
				<choice>
					<hyph>re-</hyph>
					<reg>religious</reg>
				</choice>
			</w>
		</line>
		<line c="3931" h="119" n="22">
			<w x="960" endhyph="true">ligious</w>
			<w x="1442">societies</w>
			<w x="1985">professing</w>
			<w x="2350">Christ</w>
			<w x="2537">as</w>
			<w x="2809">their</w>
			<w x="3160">Lord,</w>
			<w x="3381">the</w>
		</line>
		<line c="4079" h="124" n="23">
			<w x="1050">plainest,</w>
			<w x="1493">grandest</w>
			<w x="1800">truths</w>
			<w x="1962">of</w>
			<w x="2357">religion</w>
			<w x="2568">will</w>
			<w x="2914">almost</w>
			<w x="3382">certainly</w>
		</line>
		<line c="4225" h="126" n="24">
			<w x="802">be</w>
			<w x="1155">taught,</w>
			<w x="1367">and</w>
			<w x="1680">some</w>
			<w x="1984">souls</w>
			<w x="2251">may</w>
			<w x="2407">be</w>
			<w x="2711">found</w>
			<w x="3148">touched</w>
			<w x="3384">and</w>
		</line>
	</div>
</body>
