<body>
	<div id="2" group="1" x="744" y="5185" width="2774" height="444" type="score"
		attribution="HMorESM">
		<div id="3" group="1" x="757" y="5189" width="2742" height="288" type="arcedscore"
			attribution="HMorESM">
			<line n="1" h="144" c="5261">
				<w x="1152">thought</w>
				<w x="1504">below</w>
				<w x="1856">notice</w>
				<w x="2008">in</w>
				<w x="2235">the</w>
				<w x="2565">next.</w>
				<w x="2944">Men's</w>
				<w x="3501">reasonings</w>
			</line>
			<line n="2" h="144" c="5405">
				<w x="930">on</w>
				<w x="1391">practical</w>
				<w x="1845">subjects</w>
				<w x="2056">are</w>
				<w x="2289">not</w>
				<w x="2592">cold,</w>
				<w x="2966">logical</w>
				<w x="3491">processes,</w>
			</line>
		</div>
		<line c="5545" h="145" n="33">
			<w x="1152">standing</w>
			<w x="1595">separate</w>
			<w x="1724">in</w>
			<w x="1925">the</w>
			<w x="2252">mind,</w>
			<w x="2424">but</w>
			<w x="2597">are</w>
			<w x="3018">carried</w>
			<w x="3170">on</w>
			<w x="3269">in</w>
			<w x="3476">
				<choice>
					<hyph>in-</hyph>
					<reg>intimate</reg>
				</choice>
			</w>
		</line>
	</div>
</body>
