<body>
	<div id="2" group="1" x="550" y="5126" width="2717" height="442" type="score"
		attribution="HMorESM">
		<line c="5180" h="161" n="31">
			<w x="726">To</w>
			<w x="907">act</w>
			<w x="1239">nobly,</w>
			<w x="1414">he</w>
			<w x="1672">must</w>
			<w x="1963">think</w>
			<w x="2312">nobly.</w>
			<w x="2965">Intellectual</w>
			<w x="3297">force</w>
		</line>
		<line c="5334" h="151" n="32">
			<w x="643">is</w>
			<w x="737">a</w>
			<w x="1181">principal</w>
			<w x="1605">element</w>
			<w x="1745">of</w>
			<w x="1933">the</w>
			<w x="2253">soul's</w>
			<w x="2494">life,</w>
			<w x="2724">and</w>
			<w x="3066">should</w>
			<w x="3245">be</w>
		</line>
		<line c="5481" h="163" n="33">
			<w x="1001">proposed</w>
			<w x="1156">by</w>
			<w x="1472">every</w>
			<w x="1648">man</w>
			<w x="1818">as</w>
			<w x="1912">a</w>
			<w x="2359">principal</w>
			<w x="2589">end</w>
			<w x="2724">of</w>
			<w x="2898">his</w>
			<w x="3294">being.</w>
		</line>
	</div>
</body>
