<body>
	<div id="2" group="1" x="689" y="4020" width="2757" height="258" type="score"
		attribution="HMorESM">
		<line n="24" h="129" c="4084">
			<w x="906">the</w>
			<w x="1284">earth's</w>
			<w x="1700">
				<choice>
					<orig>centre;</orig>
					<reg>center;</reg>
				</choice>
			</w>
			<w x="1955">they</w>
			<w x="2427">penetrate</w>
			<w x="2682">their</w>
			<w x="2928">own</w>
			<w x="3230">souls,</w>
			<w x="3428">and</w>
		</line>
		<line n="25" h="129" c="4213">
			<w x="925">find</w>
			<w x="1180">there</w>
			<w x="1634">mightier,</w>
			<w x="1993">diviner</w>
			<w x="2484">elements,</w>
			<w x="2701">than</w>
			<w x="3192">upheaved</w>
			<w x="3438">
				<choice>
					<hyph>con-</hyph>
					<reg>continents</reg>
				</choice>
			</w>
		</line>
	</div>
</body>
