<body>
	<div id="2" group="1" x="414" y="3019" width="2551" height="626" type="score"
		attribution="HMorESM">
		<line c="3079" h="115" n="18">
			<w x="541">of</w>
			<w x="909">priestly</w>
			<w x="1241">power.</w>
			<w x="1445">It</w>
			<w x="1789">invests</w>
			<w x="1930">no</w>
			<w x="2169">class</w>
			<w x="2303">of</w>
			<w x="2527">men</w>
			<w x="2746">with</w>
			<w x="2988">
				<choice>
					<hyph>pe-</hyph>
					<reg>peculiar</reg>
				</choice>
			</w>
		</line>
		<line c="3203" h="129" n="19">
			<w x="689" endhyph="true">culiar</w>
			<w x="1109">sanctity,</w>
			<w x="1535">ascribing</w>
			<w x="1672">to</w>
			<w x="1928">their</w>
			<w x="2524">intercessions</w>
			<w x="2612">a</w>
			<w x="2988">special</w>
		</line>
		<line c="3332" h="124" n="20">
			<w x="831">influence</w>
			<w x="1080">over</w>
			<w x="1344">God,</w>
			<w x="1480">or</w>
			<w x="2009">suspending</w>
			<w x="2175">the</w>
			<w x="2614">salvation</w>
			<w x="2770">of</w>
			<w x="2986">the</w>
		</line>
		<line c="3467" h="121" n="21">
			<w x="750">private</w>
			<w x="1192">Christian</w>
			<w x="1358">on</w>
			<w x="1904">ceremonies</w>
			<w x="2218">which</w>
			<w x="2469">they</w>
			<w x="2731">alone</w>
			<w x="2942">can</w>
		</line>
		<line c="3597" h="125" n="22">
			<w x="916">administer.</w>
			<w x="1283">Jesus</w>
			<w x="1631">indeed</w>
			<w x="2104">appointed</w>
			<w x="2422">twelve</w>
			<w x="2578">of</w>
			<w x="2738">his</w>
			<w x="2938">
				<choice>
					<hyph>im-</hyph>
					<reg>immediate</reg>
				</choice>
			</w>
		</line>
	</div>
</body>
