<body>
	<div id="2" group="1" x="563" y="3843" width="2750" height="279" type="score"
		attribution="HMorESM">
		<line n="22" h="139" c="3912">
			<w x="771">are</w>
			<w x="949">the</w>
			<w x="1228">most</w>
			<w x="1826">efficacious.</w>
			<w x="2139">The</w>
			<w x="2419">great</w>
			<w x="2682">work</w>
			<w x="2826">of</w>
			<w x="3224">religion</w>
			<w x="3313">is</w>
		</line>
		<line n="23" h="139" c="4051">
			<w x="711">to</w>
			<w x="906">be</w>
			<w x="1207">done,</w>
			<w x="1402">not</w>
			<w x="1533">in</w>
			<w x="1949">society,</w>
			<w x="2135">but</w>
			<w x="2275">in</w>
			<w x="2644">secret,</w>
			<w x="2775">in</w>
			<w x="2957">the</w>
			<w x="3305">retired</w>
		</line>
	</div>
</body>
