<body>
	<div id="2" group="1" x="702" y="2395" width="2735" height="983" type="score"
		attribution="HMorESM">
		<line c="2441" h="128" n="12">
			<w x="851">all</w>
			<w x="1162">means</w>
			<w x="1310">of</w>
			<w x="1676">culture</w>
			<w x="1983">within</w>
			<w x="2168">our</w>
			<w x="2550">reach;</w>
			<w x="2744">and</w>
			<w x="3007">what</w>
			<w x="3104">is</w>
			<w x="3457">more,</w>
		</line>
		<line c="2582" h="153" n="13">
			<w x="970">these</w>
			<w x="1650">illuminations,</w>
			<w x="1766">if</w>
			<w x="2011">they</w>
			<w x="2334">come,</w>
			<w x="2522">are</w>
			<w x="2728">not</w>
			<w x="3130">distinct,</w>
			<w x="3460">
				<choice>
					<hyph>com-</hyph>
					<reg>complete,</reg>
				</choice>
			</w>
		</line>
		<line c="2731" h="157" n="14">
			<w x="995" endhyph="true">plete,</w>
			<w x="1394">perfect</w>
			<w x="1746">views,</w>
			<w x="1939">but</w>
			<w x="2426">glimpses,</w>
			<w x="3032">suggestions,</w>
			<w x="3456">flashes,</w>
		</line>
		<line c="2885" h="132" n="15">
			<w x="978">given</w>
			<w x="1168">us,</w>
			<w x="1380">like</w>
			<w x="1528">all</w>
			<w x="1909">notices</w>
			<w x="2118">and</w>
			<w x="2715">impressions</w>
			<w x="2991">from</w>
			<w x="3189">the</w>
			<w x="3410">
				<choice>
					<hyph>out-</hyph>
					<reg>outward</reg>
				</choice>
			</w>
		</line>
		<line c="3010" h="147" n="16">
			<w x="964" endhyph="true">ward</w>
			<w x="1295">world,</w>
			<w x="1430">to</w>
			<w x="1583">be</w>
			<w x="1939">thought</w>
			<w x="2262">upon,</w>
			<w x="2397">to</w>
			<w x="2557">be</w>
			<w x="2826">made</w>
			<w x="3258">subjects</w>
			<w x="3397">of</w>
		</line>
		<line c="3165" h="139" n="17">
			<w x="1046">patient</w>
			<w x="1550">reflection,</w>
			<w x="1687">to</w>
			<w x="1836">be</w>
			<w x="2230">brought</w>
			<w x="2381">by</w>
			<w x="2575">our</w>
			<w x="2801">own</w>
			<w x="3212">intellect</w>
			<w x="3455">and</w>
		</line>
		<line c="3301" h="150" n="18">
			<w x="1074">activity</w>
			<w x="1316">into</w>
			<w x="1601">their</w>
			<w x="1853">true</w>
			<w x="2429">
				<choice>
					<orig>connexion</orig>
					<reg>connection</reg>
				</choice>
			</w>
			<w x="2685">with</w>
			<w x="2904">all</w>
			<w x="3099">our</w>
			<w x="3464">other</w>
		</line>
	</div>
</body>
