<body>
	<div id="2" group="1" x="565" y="869" width="2768" height="865" type="score"
		attribution="HMorESM">
		<line c="939" h="172" n="1">
			<w x="754">our</w>
			<w x="987">own</w>
			<w x="1346">spirits.</w>
			<w x="1779">Illness</w>
			<w x="2023">may</w>
			<w x="2453">separate</w>
			<w x="2592">us</w>
			<w x="2874">from</w>
			<w x="3058">the</w>
			<w x="3307">
				<choice>
					<hyph>out-</hyph>
					<reg>outward</reg>
				</choice>
			</w>
		</line>
		<line c="1080" h="124" n="2">
			<w x="814" endhyph="true">ward</w>
			<w x="1202">church</w>
			<w x="1338">as</w>
			<w x="1594">well</w>
			<w x="1729">as</w>
			<w x="2016">from</w>
			<w x="2201">the</w>
			<w x="2513">living</w>
			<w x="2882">world,</w>
			<w x="3098">and</w>
			<w x="3308">the</w>
		</line>
		<line c="1234" h="144" n="3">
			<w x="776">soul</w>
			<w x="995">may</w>
			<w x="1174">yet</w>
			<w x="1323">be</w>
			<w x="1466">in</w>
			<w x="1765">health</w>
			<w x="1960">and</w>
			<w x="2391">prosper.</w>
			<w x="2794">There</w>
			<w x="3048">have</w>
			<w x="3311">been</w>
		</line>
		<line c="1373" h="134" n="4">
			<w x="776">men</w>
			<w x="910">of</w>
			<w x="1299">eminent</w>
			<w x="1564">piety</w>
			<w x="1816">who,</w>
			<w x="2071">from</w>
			<w x="2651">conscience,</w>
			<w x="2911">have</w>
			<w x="3306">
				<choice>
					<hyph>separat-</hyph>
					<reg>separated</reg>
				</choice>
			</w>
		</line>
		<line c="1507" h="110" n="5">
			<w x="691" endhyph="true">ted</w>
			<w x="1249">themselves</w>
			<w x="1533">from</w>
			<w x="1684">all</w>
			<w x="2415">denominations</w>
			<w x="2564">of</w>
			<w x="3083">Christians</w>
			<w x="3312">and</w>
		</line>
		<line c="1655" h="157" n="6">
			<w x="693">all</w>
			<w x="1109">outward</w>
			<w x="1550">worship.</w>
			<w x="1990">Milton,</w>
			<w x="2206">that</w>
			<w x="2472">great</w>
			<w x="2731">soul,</w>
			<w x="2853">in</w>
			<w x="3036">the</w>
			<w x="3313">latter</w>
		</line>
	</div>
	<div id="3" group="2" x="578" y="3025" width="2741" height="275" type="score"
		attribution="HMorESM">
		<line n="16" h="137" c="3093">
			<w x="757">the</w>
			<w x="1376">Scriptures.</w>
			<w x="1748">Even</w>
			<w x="2035">they,</w>
			<w x="2327">with</w>
			<w x="2511">all</w>
			<w x="2771">their</w>
			<w x="3313">spirituality,</w>
		</line>
		<line n="17" h="137" c="3230">
			<w x="896">would</w>
			<w x="1152">have</w>
			<w x="1443">found</w>
			<w x="1766">moral</w>
			<w x="2192">strength</w>
			<w x="2416">and</w>
			<w x="2650">holy</w>
			<w x="3040">impulse</w>
			<w x="3170">in</w>
			<w x="3318">
				<choice>
					<hyph>re-</hyph>
					<reg>religious</reg>
				</choice>
			</w>
		</line>
	</div>
</body>
