<body>
	<div id="2" group="1" x="561" y="2974" width="2520" height="523" type="score"
		attribution="HMorESM">
		<line c="3044" h="127" n="18">
			<w x="662">to</w>
			<w x="831">the</w>
			<w x="1213">church.</w>
			<w x="1523">The</w>
			<w x="1772">mind</w>
			<w x="2062">grows</w>
			<w x="2208">by</w>
			<w x="2407">free</w>
			<w x="2727">action.</w>
			<w x="3072">
				<choice>
					<hyph>Con-</hyph>
					<reg>confine</reg>
				</choice>
			</w>
		</line>
		<line c="3186" h="139" n="19">
			<w x="730" endhyph="true">fine</w>
			<w x="848">it</w>
			<w x="1009">to</w>
			<w x="1332">beaten</w>
			<w x="1647">paths,</w>
			<w x="2119">prescribe</w>
			<w x="2267">to</w>
			<w x="2392">it</w>
			<w x="2588">the</w>
			<w x="2919">results</w>
			<w x="3135">in</w>
		</line>
		<line c="3316" h="139" n="20">
			<w x="837">which</w>
			<w x="1000">all</w>
			<w x="1286">study</w>
			<w x="1521">must</w>
			<w x="1760">end,</w>
			<w x="1954">and</w>
			<w x="2170">you</w>
			<w x="2377">rob</w>
			<w x="2493">it</w>
			<w x="2643">of</w>
			<w x="3060">elasticity</w>
		</line>
		<line c="3447" h="137" n="21">
			<w x="729">and</w>
			<w x="946">life.</w>
			<w x="1144">It</w>
			<w x="1356">will</w>
			<w x="1652">never</w>
			<w x="1995">spread</w>
			<w x="2139">to</w>
			<w x="2299">its</w>
			<w x="2497">full</w>
			<w x="3125">dimensions.</w>
		</line>
	</div>
</body>
