<body>
	<div id="2" group="1" x="714" y="4231" width="2713" height="1270" type="score"
		attribution="HMorESM">
		<line c="4300" h="122" n="25">
			<w x="1147">First;</w>
			<w x="1538">Preach</w>
			<w x="1740">the</w>
			<w x="2113">Truth,</w>
			<w x="2320">and</w>
			<w x="2493">for</w>
			<w x="2690">this</w>
			<w x="2912">end</w>
			<w x="3120">you</w>
			<w x="3399">must</w>
		</line>
		<line c="4426" h="167" n="26">
			<w x="935">seek</w>
			<w x="1154">and</w>
			<w x="1351">get</w>
			<w x="1537">it;</w>
			<w x="1757">and</w>
			<w x="1979">this</w>
			<w x="2114">is</w>
			<w x="2477">among</w>
			<w x="2674">the</w>
			<w x="3069">hardest</w>
			<w x="3398">labors</w>
		</line>
		<line c="4586" h="128" n="27">
			<w x="831">of</w>
			<w x="1043">life.</w>
			<w x="1321">To</w>
			<w x="1510">see</w>
			<w x="1819">things</w>
			<w x="1952">as</w>
			<w x="2193">they</w>
			<w x="2404">are,</w>
			<w x="2540">to</w>
			<w x="2728">see</w>
			<w x="2991">them</w>
			<w x="3400">through</w>
		</line>
		<line c="4729" h="131" n="28">
			<w x="787">a</w>
			<w x="1113">clear,</w>
			<w x="1645">uncolored</w>
			<w x="2126">medium,</w>
			<w x="2306">to</w>
			<w x="2588">strip</w>
			<w x="2896">them</w>
			<w x="3078">of</w>
			<w x="3400">every</w>
		</line>
		<line c="4873" h="135" n="29">
			<w x="1122">disguise,</w>
			<w x="1256">to</w>
			<w x="1474">put</w>
			<w x="1600">to</w>
			<w x="1957">silence</w>
			<w x="2154">our</w>
			<w x="2410">own</w>
			<w x="2834">passions</w>
			<w x="3064">and</w>
			<w x="3400">
				<choice>
					<hyph>preju-</hyph>
					<reg>prejudices,</reg>
				</choice>
			</w>
		</line>
		<line c="5013" h="130" n="30">
			<w x="999">dices,</w>
			<w x="1136">to</w>
			<w x="1431">resist</w>
			<w x="1629">the</w>
			<w x="2234">intolerance,</w>
			<w x="2412">the</w>
			<w x="2878">servility,</w>
			<w x="3066">the</w>
			<w x="3399">
				<choice>
					<hyph>estab-</hyph>
					<reg>established</reg>
				</choice>
			</w>
		</line>
		<line c="5156" h="131" n="31">
			<w x="990" endhyph="true">lished</w>
			<w x="1336">errors</w>
			<w x="1563">and</w>
			<w x="1952">earthly</w>
			<w x="2306">modes</w>
			<w x="2471">of</w>
			<w x="2901">thought,</w>
			<w x="3114">the</w>
			<w x="3400">
				<choice>
					<hyph>arro-</hyph>
					<reg>arrogant</reg>
				</choice>
			</w>
		</line>
		<line c="5299" h="120" n="32">
			<w x="914" endhyph="true">gant</w>
			<w x="1476">pretensions</w>
			<w x="1681">and</w>
			<w x="1887">the</w>
			<w x="2299">nervous</w>
			<w x="2559">fears</w>
			<w x="2722">of</w>
			<w x="2907">the</w>
			<w x="3398">multitude</w>
		</line>
		<line c="5439" h="112" n="33">
			<w x="1039">around</w>
			<w x="1228">us,</w>
			<w x="1472">and,</w>
			<w x="1824">amidst</w>
			<w x="1987">all</w>
			<w x="2282">these</w>
			<w x="2835">hindrances</w>
			<w x="3039">and</w>
			<w x="3397">
				<choice>
					<hyph>obscu-</hyph>
					<reg>obscurations,</reg>
				</choice>
			</w>
		</line>
	</div>
</body>
