<body>
	<div id="2" group="1" x="523" y="823" width="2739" height="286" type="score"
		attribution="HMorESM">
		<line n="1" h="143" c="895">
			<w x="756">this,</w>
			<w x="1007">that</w>
			<w x="1284">great</w>
			<w x="1593">ideas</w>
			<w x="1871">come</w>
			<w x="2023">to</w>
			<w x="2171">us</w>
			<w x="2395">less</w>
			<w x="2645">from</w>
			<w x="3097">outward,</w>
			<w x="3263">
				<choice>
					<hyph>di-</hyph>
					<reg>direct,</reg>
				</choice>
			</w>
		</line>
		<line n="2" h="143" c="1038">
			<w x="778" endhyph="true">rect,</w>
			<w x="1213">
				<choice>
					<orig>laborous</orig>
					<reg>laborious</reg>
				</choice>
			</w>
			<w x="1669">teaching,</w>
			<w x="1893">than</w>
			<w x="2157">from</w>
			<w x="2538">indirect</w>
			<w x="3053">influences,</w>
			<w x="3254">and</w>
		</line>
	</div>
	<div id="3" group="2" x="519" y="2408" width="2753" height="1840" type="score"
		attribution="HMorESM">
		<line c="2470" h="138" n="12">
			<w x="832">within</w>
			<w x="1003">us.</w>
			<w x="1198">It</w>
			<w x="1307">is</w>
			<w x="1396">a</w>
			<w x="1732">matter</w>
			<w x="1867">of</w>
			<w x="2451">experience,</w>
			<w x="2659">that</w>
			<w x="2840">the</w>
			<w x="3344">greatest</w>
		</line>
		<line c="2617" h="121" n="13">
			<w x="780">ideas</w>
			<w x="1080">often</w>
			<w x="1404">come</w>
			<w x="1556">to</w>
			<w x="1746">us,</w>
			<w x="2035">when</w>
			<w x="2730">
				<choice>
					<orig>right-minded,</orig>
					<reg>right minded,</reg>
					<reg>right</reg>
					<reg>minded,</reg>
				</choice>
			</w>
			<w x="2930">we</w>
			<w x="3248">know</w>
		</line>
		<line c="2751" h="138" n="14">
			<w x="690">not</w>
			<w x="974">how.</w>
			<w x="1363">They</w>
			<w x="1612">flash</w>
			<w x="1784">on</w>
			<w x="1922">us</w>
			<w x="2056">as</w>
			<w x="2364">lights</w>
			<w x="2624">from</w>
			<w x="3017">heaven.</w>
			<w x="3243">A</w>
		</line>
		<line c="2896" h="115" n="15">
			<w x="731">man</w>
			<w x="1202">seriously</w>
			<w x="1494">given</w>
			<w x="1643">to</w>
			<w x="1830">the</w>
			<w x="2197">culture</w>
			<w x="2343">of</w>
			<w x="2517">his</w>
			<w x="2792">mind</w>
			<w x="2938">in</w>
			<w x="3246">virtue</w>
		</line>
		<line c="3040" h="121" n="16">
			<w x="710">and</w>
			<w x="1024">truth,</w>
			<w x="1276">finds</w>
			<w x="1683">himself</w>
			<w x="1994">under</w>
			<w x="2339">better</w>
			<w x="2772">teaching</w>
			<w x="3021">than</w>
			<w x="3248">that</w>
		</line>
		<line c="3178" h="110" n="17">
			<w x="647">of</w>
			<w x="914">man.</w>
			<w x="1612">Revelations</w>
			<w x="1743">of</w>
			<w x="1896">his</w>
			<w x="2122">own</w>
			<w x="2382">soul,</w>
			<w x="2525">of</w>
			<w x="2836">God's</w>
			<w x="3246">intimate</w>
		</line>
		<line c="3327" h="125" n="18">
			<w x="988">presence,</w>
			<w x="1132">of</w>
			<w x="1325">the</w>
			<w x="1792">grandeur</w>
			<w x="1948">of</w>
			<w x="2168">the</w>
			<w x="2598">creation,</w>
			<w x="2756">of</w>
			<w x="2955">the</w>
			<w x="3242">glory</w>
		</line>
		<line c="3468" h="124" n="19">
			<w x="650">of</w>
			<w x="1520">disinterestedness,</w>
			<w x="1696">of</w>
			<w x="1885">the</w>
			<w x="2409">deformity</w>
			<w x="2580">of</w>
			<w x="3240">
				<choice>
					<orig>wrong-doing,</orig>
					<reg>wrong doing,</reg>
					<reg>wrong</reg>
					<reg>doing,</reg>
				</choice>
			</w>
		</line>
		<line c="3612" h="131" n="20">
			<w x="653">of</w>
			<w x="840">the</w>
			<w x="1200">dignity</w>
			<w x="1332">of</w>
			<w x="1796">universal</w>
			<w x="2175">justice,</w>
			<w x="2324">of</w>
			<w x="2513">the</w>
			<w x="2812">might</w>
			<w x="2955">of</w>
			<w x="3247">moral</w>
		</line>
		<line c="3745" h="136" n="21">
			<w x="992">principle,</w>
			<w x="1132">of</w>
			<w x="1315">the</w>
			<w x="2038">immutableness</w>
			<w x="2184">of</w>
			<w x="2480">truth,</w>
			<w x="2622">of</w>
			<w x="3237">immortality,</w>
		</line>
		<line c="3887" h="119" n="22">
			<w x="712">and</w>
			<w x="884">of</w>
			<w x="1071">the</w>
			<w x="1445">inward</w>
			<w x="1852">sources</w>
			<w x="2016">of</w>
			<w x="2569">happiness;</w>
			<w x="2867">these</w>
			<w x="3242">
				<choice>
					<hyph>revela-</hyph>
					<reg>revelations,</reg>
				</choice>
			</w>
		</line>
		<line c="4033" h="125" n="23">
			<w x="800" endhyph="true">tions,</w>
			<w x="1326">awakening</w>
			<w x="1416">a</w>
			<w x="1697">thirst</w>
			<w x="1866">for</w>
			<w x="2375">something</w>
			<w x="2723">higher</w>
			<w x="2959">then</w>
			<w x="3130">he</w>
			<w x="3242">is</w>
		</line>
		<line c="4171" h="136" n="24">
			<w x="643">or</w>
			<w x="863">has,</w>
			<w x="1158">come</w>
			<w x="1304">of</w>
			<w x="1853">themselves</w>
			<w x="1983">to</w>
			<w x="2131">an</w>
			<w x="2546">humble,</w>
			<w x="3246">
				<choice>
					<orig>self-improving</orig>
					<reg>self improving</reg>
					<reg>self</reg>
					<reg>improving</reg>
				</choice>
			</w>
		</line>
	</div>
</body>
