<body>
	<div id="2" group="1" x="496" y="4407" width="2745" height="432" type="score"
		attribution="HMorESM">
		<line c="4482" h="129" n="26">
			<w x="852">hatred.</w>
			<w x="1292">Hence</w>
			<w x="1661">crime,</w>
			<w x="2096">justified</w>
			<w x="2210">in</w>
			<w x="2323">a</w>
			<w x="2772">measure</w>
			<w x="2954">to</w>
			<w x="3214">their</w>
		</line>
		<line c="4611" h="151" n="27">
			<w x="720">own</w>
			<w x="1072">minds,</w>
			<w x="1226">by</w>
			<w x="1488">what</w>
			<w x="2149">seem</w>
			<w x="1912">to</w>
			<w x="2180">them</w>
			<w x="2372">the</w>
			<w x="2691">unjust</w>
			<w x="2915">and</w>
			<w x="3213">cruel</w>
		</line>
		<line c="4753" h="163" n="28">
			<w x="1049">inequalities</w>
			<w x="1215">of</w>
			<w x="1514">social</w>
			<w x="1793">life.</w>
			<w x="2130">Here</w>
			<w x="2338">are</w>
			<w x="2618">some</w>
			<w x="2788">of</w>
			<w x="2973">the</w>
			<w x="3212">
				<choice>
					<hyph>mis-</hyph>
					<reg>miseries</reg>
				</choice>
			</w>
		</line>
	</div>
</body>
