<body>
	<div id="2" group="1" x="688" y="1097" width="2544" height="266" type="bars2"
		attribution="HMorESM">
		<line c="1166" h="133" n="4">
			<blank x="2381"/>
			<w x="2580">It</w>
			<w x="2703">is</w>
			<w x="2844">to</w>
			<w x="3003">be</w>
			<w x="3215">felt</w>
		</line>
		<line c="1300" h="135" n="5">
			<w x="969">rather</w>
			<w x="1183">than</w>
			<w x="1687">described.</w>
		</line>
	</div>
	<div id="3" group="2" x="688" y="1885" width="2517" height="911" type="bars2"
		attribution="HMorESM">
		<line c="1954" h="130" n="10">
			<blank x="2406"/>
			<w x="2666">To</w>
			<w x="2958">those</w>
			<w x="3193">who</w>
		</line>
		<line c="2084" h="130" n="11">
			<w x="876">feel</w>
			<w x="984">as</w>
			<w x="1142">he</w>
			<w x="1386">does,</w>
			<w x="1531">he</w>
			<w x="1717">can</w>
			<w x="1996">make</w>
			<w x="2373">himself</w>
			<w x="2761">known;</w>
			<w x="2967">for</w>
			<w x="3193">such</w>
		</line>
		<line c="2213" h="125" n="12">
			<w x="857">can</w>
			<w x="1382">understand</w>
			<w x="1573">the</w>
			<w x="1857">tones</w>
			<w x="2012">of</w>
			<w x="2184">the</w>
			<w x="2518">heart;</w>
			<w x="2710">but</w>
			<w x="2846">he</w>
			<w x="3030">can</w>
			<w x="3190">no</w>
		</line>
		<line c="2344" h="123" n="13">
			<w x="940">more</w>
			<w x="1088">lay</w>
			<w x="1365">down</w>
			<w x="1512">his</w>
			<w x="1871">religion</w>
			<w x="1984">in</w>
			<w x="2070">a</w>
			<w x="2346">series</w>
			<w x="2480">of</w>
			<w x="2866">abstract</w>
			<w x="3190">
				<choice>
					<hyph>propo-</hyph>
					<reg>propositions,</reg>
				</choice>
			</w>
		</line>
		<line c="2475" h="118" n="14">
			<w x="1032" endhyph="true">sitions,</w>
			<w x="1219">than</w>
			<w x="1394">he</w>
			<w x="1597">can</w>
			<w x="1884">make</w>
			<w x="2221">known</w>
			<w x="2335">in</w>
			<w x="2431">a</w>
			<w x="2606">few</w>
			<w x="2895">vague</w>
			<w x="3187">terms</w>
		</line>
		<line c="2604" h="131" n="15">
			<w x="839">the</w>
			<w x="1329">expressive</w>
			<w x="1699">features</w>
			<w x="1891">and</w>
			<w x="2211">inmost</w>
			<w x="2431">soul</w>
			<w x="2567">of</w>
			<w x="2666">a</w>
			<w x="3188">
				<choice>
					<orig>much-loved</orig>
					<reg>much loved</reg>
					<reg>much</reg>
					<reg>loved</reg>
				</choice>
			</w>
		</line>
		<line c="2750" h="141" n="16">
			<w x="1059">friend.</w>
		</line>
	</div>
</body>
