<body>
	<div id="2" group="1" x="667" y="3272" width="2512" height="260" type="score"
		attribution="HMorESM">
		<line c="3333" h="113" n="20">
			<w x="771">or</w>
			<w x="1194">Christian</w>
			<w x="1503">virtue,</w>
			<w x="1697">and</w>
			<w x="1832">its</w>
			<w x="2238">rewards.</w>
			<w x="2575">That</w>
			<w x="2742">the</w>
			<w x="3004">chief</w>
			<w x="3198">
				<choice>
					<hyph>re-</hyph>
					<reg>reward</reg>
				</choice>
			</w>
		</line>
		<line c="3460" h="136" n="21">
			<w x="890" endhyph="true">ward</w>
			<w x="1095">lies</w>
			<w x="1236">in</w>
			<w x="1424">the</w>
			<w x="1686">very</w>
			<w x="1964">spirit</w>
			<w x="2125">of</w>
			<w x="2536">religion,</w>
			<w x="2799">they</w>
			<w x="2972">do</w>
			<w x="3207">not</w>
		</line>
	</div>
</body>
