<body>
	<div id="2" group="2" x="428" y="1334" width="2734" height="267" type="parenthesis"
		attribution="HMorESM">
		<line n="4" h="133" c="1401">
			<blank x="945"/>
			<w x="1156">but</w>
			<w x="1561">systems</w>
			<w x="1725">of</w>
			<w x="2171">theology</w>
			<w x="2371">are</w>
			<w x="2594">out</w>
			<w x="2747">of</w>
			<w x="3028">place</w>
			<w x="3163">in</w>
		</line>
		<line n="5" h="133" c="1534">
			<w x="1279">
				<choice>
					<orig>Sunday-schools.</orig>
					<reg>Sunday schools.</reg>
					<reg>Sunday</reg>
					<reg>schools.</reg>
				</choice>
			</w>
		</line>
	</div>
	<div id="3" group="2" x="434" y="1618" width="2718" height="1551" type="score"
		attribution="HMorESM">
		<line c="1679" h="149" n="6">
			<w x="813">
				<choice>
					<hyph>ginning,</hyph>
					<reg>beginning,</reg>
				</choice>
			</w>
			<w x="967">of</w>
			<w x="1389">religious</w>
			<w x="1882">teaching.</w>
			<w x="2340">Besides</w>
			<w x="2584">they</w>
			<w x="2762">are</w>
			<w x="2903">so</w>
			<w x="3144">
				<choice>
					<hyph>gen-</hyph>
					<reg>generally</reg>
				</choice>
			</w>
		</line>
		<line c="1826" h="127" n="7">
			<w x="711" endhyph="true">erally</w>
			<w x="894">the</w>
			<w x="1549">constructions</w>
			<w x="1731">of</w>
			<w x="2079">human</w>
			<w x="2558">ingenuity</w>
			<w x="2891">rather</w>
			<w x="3208">than</w>
		</line>
		<line c="1976" h="138" n="8">
			<w x="592">the</w>
			<w x="886">living</w>
			<w x="1180">forms</w>
			<w x="1312">of</w>
			<w x="1616">divine</w>
			<w x="2107">wisdom;</w>
			<w x="2334">they</w>
			<w x="2568">gave</w>
			<w x="2821">such</w>
			<w x="3141">undue</w>
		</line>
		<line c="2107" h="145" n="9">
			<w x="995">prominence</w>
			<w x="1146">to</w>
			<w x="1612">doctrines</w>
			<w x="1932">which</w>
			<w x="2201">have</w>
			<w x="2458">been</w>
			<w x="2726">lifted</w>
			<w x="2952">into</w>
			<w x="3221">
				<choice>
					<hyph>im-</hyph>
					<reg>importance</reg>
				</choice>
			</w>
		</line>
		<line c="2254" h="134" n="10">
			<w x="854" endhyph="true">portance</w>
			<w x="1094">only</w>
			<w x="1246">by</w>
			<w x="1429">the</w>
			<w x="1862">accident</w>
			<w x="2002">of</w>
			<w x="2350">having</w>
			<w x="2605">been</w>
			<w x="2891">made</w>
			<w x="3162">
				<choice>
					<hyph>mat-</hyph>
					<reg>matters</reg>
				</choice>
			</w>
		</line>
		<line c="2390" h="139" n="11">
			<w x="621" endhyph="true">ters</w>
			<w x="795">of</w>
			<w x="1483">controversy;</w>
			<w x="1773">they</w>
			<w x="1920">so</w>
			<w x="2227">often</w>
			<w x="2668">sacrifice</w>
			<w x="3139">common</w>
		</line>
		<line c="2529" h="139" n="12">
			<w x="740">sense,</w>
			<w x="931">the</w>
			<w x="1216">plain</w>
			<w x="1636">dictates</w>
			<w x="1812">of</w>
			<w x="2156">reason</w>
			<w x="2370">and</w>
			<w x="3008">conscience,</w>
			<w x="3135">to</w>
		</line>
		<line c="2676" h="145" n="13">
			<w x="595">the</w>
			<w x="1228">preservation</w>
			<w x="1373">of</w>
			<w x="1636">what</w>
			<w x="1744">is</w>
			<w x="2057">called</w>
			<w x="2694">consistency;</w>
			<w x="2956">they</w>
			<w x="3141">lay</w>
		</line>
		<line c="2815" h="133" n="14">
			<w x="658">such</w>
			<w x="1018">letters</w>
			<w x="1203">on</w>
			<w x="1620">teacher</w>
			<w x="1851">and</w>
			<w x="2288">learner,</w>
			<w x="2527">and</w>
			<w x="2965">prevent</w>
			<w x="3132">so</w>
		</line>
		<line c="2961" h="144" n="15">
			<w x="699">much</w>
			<w x="896">the</w>
			<w x="1146">free</w>
			<w x="1469">action</w>
			<w x="1639">of</w>
			<w x="1826">the</w>
			<w x="2117">mind</w>
			<w x="2344">and</w>
			<w x="2650">heart,</w>
			<w x="2872">that</w>
			<w x="3224">they</w>
		</line>
		<line c="3101" h="143" n="16">
			<w x="770">seldom</w>
			<w x="1043">enter</w>
			<w x="1227">the</w>
			<w x="1979">
				<choice>
					<orig>Sunday-School</orig>
					<reg>Sunday School</reg>
					<reg>Sunday</reg>
					<reg>School</reg>
				</choice>
			</w>
			<w x="2185">but</w>
			<w x="2314">to</w>
			<w x="2672">darken</w>
			<w x="2890">and</w>
			<w x="3152">
				<choice>
					<hyph>mis-</hyph>
					<reg>mislead</reg>
				</choice>
			</w>
		</line>
	</div>
	<div id="4" group="1" x="413" y="873" width="2780" height="320" type="score"
		attribution="HMorESM">
		<line n="1" h="160" c="953">
			<div id="5" group="1" x="419" y="880" width="2751" height="138" type="underline"
				attribution="HMorESM">
				<w x="880">demands</w>
				<w x="1087">that</w>
				<w x="1368">truth</w>
				<w x="1705">should</w>
				<w x="1888">be</w>
				<w x="2400">embodied,</w>
				<w x="2580">set</w>
				<w x="2896">before</w>
				<w x="3171">their</w>
			</div>
		</line>
		<line n="2" h="160" c="1113">
			<div id="6" group="1" x="440" y="1034" width="1495" height="133" type="underline"
				attribution="HMorESM">
				<w x="712">eyes,</w>
				<w x="1078">bound</w>
				<w x="1223">up</w>
				<w x="1489">with</w>
				<w x="1714">real</w>
				<w x="1953">life.</w>
			</div>
			<w x="2175">A</w>
			<w x="2689">catechism,</w>
			<w x="2870">by</w>
			<w x="3171">being</w>
		</line>
	</div>
</body>
