<body>
	<div id="2" group="1" x="711" y="683" width="2515" height="1183" type="score"
		attribution="HMorESM">
		<line c="731" h="172" n="1">
			<w x="1136">
				<choice>
					<orig>Napolean</orig>
					<reg>Napoleon</reg>
				</choice>
			</w>
			<w x="1535">breaking</w>
			<w x="1698">the</w>
			<w x="1985">world</w>
			<w x="2098">to</w>
			<w x="2254">his</w>
			<w x="2533">sway.</w>
			<w x="2815">And</w>
			<w x="2990">not</w>
			<w x="3204">only</w>
		</line>
		<line c="885" h="123" n="2">
			<w x="799">is</w>
			<w x="1034">their</w>
			<w x="1292">work</w>
			<w x="1588">higher</w>
			<w x="1709">in</w>
			<w x="1982">kind;</w>
			<w x="2214">who</w>
			<w x="2572">knows,</w>
			<w x="2783">but</w>
			<w x="2970">that</w>
			<w x="3206">they</w>
		</line>
		<line c="1015" h="131" n="3">
			<w x="860">are</w>
			<w x="1131">doing</w>
			<w x="1233">a</w>
			<w x="1588">greater</w>
			<w x="1847">work</w>
			<w x="2115">even</w>
			<w x="2254">as</w>
			<w x="2392">to</w>
			<w x="2716">extent</w>
			<w x="2862">or</w>
			<w x="3206">surface</w>
		</line>
		<line c="1144" h="124" n="4">
			<w x="913">than</w>
			<w x="1096">the</w>
			<w x="1656">conqueror?</w>
			<w x="1964">Who</w>
			<w x="2322">knows,</w>
			<w x="2501">but</w>
			<w x="2717">that</w>
			<w x="2885">the</w>
			<w x="3201">being,</w>
		</line>
		<line c="1271" h="134" n="5">
			<w x="990">whom</w>
			<w x="1214">they</w>
			<w x="1524">inspire</w>
			<w x="1744">with</w>
			<w x="1964">holy</w>
			<w x="2148">and</w>
			<w x="2712">disinterested</w>
			<w x="3199">principles,</w>
		</line>
		<line c="1405" h="132" n="6">
			<w x="913">may</w>
			<w x="1546">communicate</w>
			<w x="1929">himself</w>
			<w x="2074">to</w>
			<w x="2472">others;</w>
			<w x="2679">and</w>
			<w x="2933">that,</w>
			<w x="3102">by</w>
			<w x="3206">a</w>
		</line>
		<line c="1545" h="116" n="7">
			<w x="1134">spreading</w>
			<w x="1518">agency,</w>
			<w x="1656">of</w>
			<w x="1953">which</w>
			<w x="2173">they</w>
			<w x="2416">were</w>
			<w x="2605">the</w>
			<w x="2885">silent</w>
			<w x="3197">origin,</w>
		</line>
		<line c="1669" h="123" n="8">
			<w x="1331">improvements</w>
			<w x="1570">may</w>
			<w x="1891">spread</w>
			<w x="2254">through</w>
			<w x="2337">a</w>
			<w x="2661">nation,</w>
			<w x="3019">through</w>
			<w x="3203">the</w>
		</line>
		<line c="1799" h="131" n="9">
			<w x="1048">world?</w>
			<w x="1253">In</w>
			<w x="1528">these</w>
			<w x="1924">remarks</w>
			<w x="2122">you</w>
			<w x="2314">will</w>
			<w x="2501">see</w>
			<w x="2724">why</w>
			<w x="2812">I</w>
			<w x="3019">feel</w>
			<w x="3204">and</w>
		</line>
	</div>
</body>
