<body>
	<div id="2" group="1" x="702" y="4658" width="2750" height="844" type="score"
		attribution="HMorESM">
		<line c="4730" h="124" n="28">
			<w x="917">
				<choice>
					<hyph>eral</hyph>
					<reg>general</reg>
				</choice>
			</w>
			<w x="1460">corruption</w>
			<w x="1623">of</w>
			<w x="2024">society.</w>
			<w x="2421">When</w>
			<w x="2533">I</w>
			<w x="2900">reflect,</w>
			<w x="3136">how</w>
			<w x="3432">much</w>
		</line>
		<line c="4856" h="133" n="29">
			<w x="847">of</w>
			<w x="1033">the</w>
			<w x="1715">responsibility</w>
			<w x="1884">for</w>
			<w x="2232">crimes</w>
			<w x="2488">rests</w>
			<w x="2667">on</w>
			<w x="2896">the</w>
			<w x="3186">state,</w>
			<w x="3430">how</w>
		</line>
		<line c="5003" h="154" n="30">
			<w x="995">many</w>
			<w x="1134">of</w>
			<w x="1322">the</w>
			<w x="1794">
				<choice>
					<orig>offences,</orig>
					<reg>offenses,</reg>
				</choice>
			</w>
			<w x="2120">which</w>
			<w x="2322">are</w>
			<w x="2607">most</w>
			<w x="3054">severely</w>
			<w x="3427">
				<choice>
					<hyph>punish-</hyph>
					<reg>punished,</reg>
				</choice>
			</w>
		</line>
		<line c="5150" h="128" n="31">
			<w x="893" endhyph="true">ed,</w>
			<w x="1068">are</w>
			<w x="1242">to</w>
			<w x="1414">be</w>
			<w x="1794">traced</w>
			<w x="1917">to</w>
			<w x="2421">neglected</w>
			<w x="2968">education,</w>
			<w x="3131">to</w>
			<w x="3429">early</w>
		</line>
		<line c="5285" h="143" n="32">
			<w x="1095">squalid</w>
			<w x="1392">want,</w>
			<w x="1557">to</w>
			<w x="2127">temptations</w>
			<w x="2371">and</w>
			<w x="2900">exposures</w>
			<w x="3221">which</w>
			<w x="3496">
				<choice>
					<hyph>so-</hyph>
					<reg>society</reg>
				</choice>
			</w>
		</line>
		<line c="5439" h="155" n="33">
			<w x="970" endhyph="true">ciety</w>
			<w x="1294">might</w>
			<w x="1465">do</w>
			<w x="1782">much</w>
			<w x="1933">to</w>
			<w x="2322">relieve,</w>
			<w x="2564">&#8212;I</w>
			<w x="2807">feel</w>
			<w x="3054">that</w>
			<w x="3131">a</w>
			<w x="3485">spirit</w>
		</line>
	</div>
</body>
