<body>
	<div id="2" group="1" x="436" y="4503" width="2729" height="997" type="brokenscore"
		attribution="HMorESM">
		<line c="4576" h="123" n="26">
			<w x="696">great</w>
			<w x="963">peril</w>
			<w x="1117">to</w>
			<w x="1320">the</w>
			<w x="1626">rising</w>
			<w x="2195">generation.</w>
			<w x="2408">It</w>
			<w x="2515">is</w>
			<w x="3149">distinguished</w>
		</line>
		<line c="4717" h="120" n="27">
			<w x="577">by</w>
			<w x="645">a</w>
			<w x="1218">remarkable</w>
			<w x="1907">
				<choice>
					<orig>developement</orig>
					<reg>development</reg>
				</choice>
			</w>
			<w x="2039">of</w>
			<w x="2383">human</w>
			<w x="2739">power,</w>
			<w x="3144">activity,</w>
		</line>
		<line c="4858" h="117" n="28">
			<w x="627">and</w>
			<w x="1082">freedom.</w>
			<w x="1415">The</w>
			<w x="1848">progress</w>
			<w x="1994">of</w>
			<w x="2378">science</w>
			<w x="2588">has</w>
			<w x="2896">given</w>
			<w x="3185">men</w>
		</line>
		<line c="4998" h="112" n="29">
			<w x="511">a</w>
			<w x="766">new</w>
			<w x="1160">control</w>
			<w x="1328">of</w>
			<w x="1695">nature,</w>
			<w x="1920">and</w>
			<w x="2071">in</w>
			<w x="2298">this</w>
			<w x="2548">way</w>
			<w x="2753">has</w>
			<w x="3148">opened</w>
		</line>
		<line c="5127" h="135" n="30">
			<w x="645">new</w>
			<w x="1041">sources</w>
			<w x="1187">of</w>
			<w x="1536">wealth</w>
			<w x="1764">and</w>
			<w x="2293">multiplied</w>
			<w x="2491">the</w>
			<w x="2835">means</w>
			<w x="2978">of</w>
			<w x="3147">
				<choice>
					<hyph>in-</hyph>
					<reg>indulgence,</reg>
				</choice>
			</w>
		</line>
		<line c="5288" h="129" n="31">
			<w x="910" endhyph="true">dulgence,</w>
			<w x="1119">and</w>
			<w x="1241">in</w>
			<w x="1388">an</w>
			<w x="1668">equal</w>
			<w x="2035">degree</w>
			<w x="2550">multiplied</w>
			<w x="3144">temptations</w>
		</line>
		<line c="5429" h="134" n="32">
			<w x="554">to</w>
			<w x="1143">worldliness,</w>
			<w x="1602">cupidity,</w>
			<w x="1820">and</w>
			<w x="2146">crime.</w>
			<w x="2457">Our</w>
			<w x="2738">times</w>
			<w x="2921">are</w>
			<w x="3146">still</w>
		</line>
	</div>
</body>
