<body>
	<div id="2" group="1" x="489" y="929" width="2540" height="385" type="score"
		attribution="HMorESM">
		<line c="989" h="123" n="2">
			<w x="746">ought</w>
			<w x="865">it</w>
			<w x="1007">to</w>
			<w x="1532">discourage</w>
			<w x="1692">us.</w>
			<w x="1892">It</w>
			<w x="2025">is,</w>
			<w x="2115">I</w>
			<w x="2497">believe,</w>
			<w x="3057">universally</w>
		</line>
		<line c="1123" h="136" n="3">
			<w x="709">true,</w>
			<w x="932">that</w>
			<w x="1206">great</w>
			<w x="1721">principles,</w>
			<w x="1854">in</w>
			<w x="2108">their</w>
			<w x="2305">first</w>
			<w x="2994">
				<choice>
					<orig>developement,</orig>
					<reg>development,</reg>
				</choice>
			</w>
		</line>
		<line c="1254" h="118" n="4">
			<w x="867">manifest</w>
			<w x="1370">themselves</w>
			<w x="1878">irregularly.</w>
			<w x="2071">It</w>
			<w x="2174">is</w>
			<w x="2305">so</w>
			<w x="2420">in</w>
			<w x="2802">religion.</w>
			<w x="3001">In</w>
		</line>
	</div>
</body>
