<body>
	<div id="2" group="1" height="4303" width="2606" x="607" y="850" type="score"
		attribution="HMorESM">
		<line c="3119" h="118" n="19">
			<w x="736">we</w>
			<w x="1015">honor</w>
			<w x="1176">the</w>
			<w x="1544">creator.</w>
			<w x="1915">Those</w>
			<w x="2130">men</w>
			<w x="2444">glorify</w>
			<w x="2661">God</w>
			<w x="2921">most,</w>
			<w x="3184">who</w>
		</line>
		<line c="3242" h="124" n="20">
			<w x="800">look</w>
			<w x="1015">with</w>
			<w x="1275">keen</w>
			<w x="1472">eye</w>
			<w x="1662">and</w>
			<w x="1983">loving</w>
			<w x="2264">heart</w>
			<w x="2427">on</w>
			<w x="2602">his</w>
			<w x="2922">works,</w>
			<w x="3136">who</w>
		</line>
		<line c="3365" h="130" n="21">
			<w x="850">catch</w>
			<w x="963">in</w>
			<w x="1104">all</w>
			<w x="1351">some</w>
			<w x="1754">glimpses</w>
			<w x="1881">of</w>
			<w x="2186">beauty</w>
			<w x="2369">and</w>
			<w x="2689">power,</w>
			<w x="2902">who</w>
			<w x="3136">have</w>
		</line>
		<line c="3491" h="134" n="22">
			<w x="674">a</w>
			<w x="1058">spiritual</w>
			<w x="1343">sense</w>
			<w x="1516">for</w>
			<w x="1762">good</w>
			<w x="1896">in</w>
			<w x="2030">its</w>
			<w x="2433">dimmest</w>
			<w x="3130">manifestations,</w>
		</line>
		<line c="3613" h="138" n="23">
			<w x="780">and</w>
			<w x="985">who</w>
			<w x="1194">can</w>
			<w x="1341">so</w>
			<w x="1765">interpret</w>
			<w x="1950">the</w>
			<w x="2275">world,</w>
			<w x="2484">that</w>
			<w x="2601">it</w>
			<w x="3027">becomes</w>
			<w x="3139">a</w>
		</line>
		<line c="3750" h="107" n="24">
			<w x="887">bright</w>
			<w x="1233">witness</w>
			<w x="1345">to</w>
			<w x="1520">the</w>
			<w x="1900">divinity.</w>
		</line>
	</div>
</body>
