<body>
	<div id="2" group="1" x="527" y="3259" width="2509" height="527" type="score"
		attribution="HMorESM">
		<line c="3327" h="117" n="20">
			<w x="714">man</w>
			<w x="1008">mind.</w>
			<w x="1448">Instead</w>
			<w x="1581">of</w>
			<w x="1993">spending</w>
			<w x="2150">his</w>
			<w x="2536">strength</w>
			<w x="2641">in</w>
			<w x="3065">tracking</w>
		</line>
		<line c="3456" h="112" n="21">
			<w x="687">and</w>
			<w x="1078">refuting</w>
			<w x="1378">error,</w>
			<w x="1551">let</w>
			<w x="1743">the</w>
			<w x="2180">minister,</w>
			<w x="2420">who</w>
			<w x="2743">would</w>
			<w x="3024">serve</w>
		</line>
		<line c="3590" h="114" n="22">
			<w x="693">the</w>
			<w x="959">cause</w>
			<w x="1103">of</w>
			<w x="1384">truth,</w>
			<w x="1641">labor</w>
			<w x="1780">to</w>
			<w x="2006">gain</w>
			<w x="2210">and</w>
			<w x="2552">diffuse</w>
			<w x="2816">more</w>
			<w x="3024">and</w>
		</line>
		<line c="3720" h="112" n="23">
			<w x="757">more</w>
			<w x="1177">enlarged</w>
			<w x="1393">and</w>
			<w x="1647">lofty</w>
			<w x="1944">views</w>
			<w x="2097">of</w>
			<w x="2291">our</w>
			<w x="2702">religion,</w>
			<w x="2869">of</w>
			<w x="3024">its</w>
		</line>
	</div>
</body>
