<body>
	<div id="2" group="1" x="390" y="826" width="2758" height="3122" type="brokenscore"
		attribution="HMorESM">
		<line c="896" h="162" n="1">
			<w x="598">I</w>
			<w x="804">call</w>
			<w x="1015">that</w>
			<w x="1285">mind</w>
			<w x="1534">free,</w>
			<w x="1846">which,</w>
			<w x="2249">through</w>
			<w x="2771">confidence</w>
			<w x="2878">in</w>
			<w x="3135">God</w>
		</line>
		<line c="1052" h="140" n="2">
			<w x="588">and</w>
			<w x="741">in</w>
			<w x="892">the</w>
			<w x="1246">power</w>
			<w x="1408">of</w>
			<w x="1731">virtue,</w>
			<w x="1913">has</w>
			<w x="2181">cast</w>
			<w x="2330">off</w>
			<w x="2536">all</w>
			<w x="2718">fear</w>
			<w x="2898">but</w>
			<w x="3120">that</w>
		</line>
		<line c="1191" h="124" n="3">
			<w x="531">of</w>
			<w x="1180">
				<choice>
					<orig>wrong-doing,</orig>
					<reg>wrong doing,</reg>
					<reg>wrong</reg>
					<reg>doing,</reg>
				</choice>
			</w>
			<w x="1534">which</w>
			<w x="1698">no</w>
			<w x="2076">menace</w>
			<w x="2219">or</w>
			<w x="2468">peril</w>
			<w x="2682">can</w>
			<w x="3100">enthrall,</w>
		</line>
		<line c="1341" h="120" n="4">
			<w x="706">which</w>
			<w x="808">is</w>
			<w x="1068">calm</w>
			<w x="1246">in</w>
			<w x="1408">the</w>
			<w x="1698">midst</w>
			<w x="1812">of</w>
			<w x="2232">tumults,</w>
			<w x="2441">and</w>
			<w x="2933">possesses</w>
			<w x="3192">
				<choice>
					<hyph>it-</hyph>
					<reg>itself</reg>
				</choice>
			</w>
		</line>
		<line c="1462" h="150" n="5">
			<w x="598" endhyph="true">self</w>
			<w x="955">though</w>
			<w x="1103">all</w>
			<w x="1316">else</w>
			<w x="1484">be</w>
			<w x="1698">lost.</w>
		</line>
		<line c="1603" h="166" n="6">
			<w x="596">I</w>
			<w x="808">call</w>
			<w x="1043">that</w>
			<w x="1325">mind</w>
			<w x="1596">free,</w>
			<w x="1919">which</w>
			<w x="2284">resists</w>
			<w x="2480">the</w>
			<w x="2933">bondage</w>
			<w x="3107">of</w>
		</line>
		<line c="1757" h="134" n="7">
			<w x="683">habit,</w>
			<w x="1037">which</w>
			<w x="1325">does</w>
			<w x="1555">not</w>
			<w x="2251">mechanically</w>
			<w x="2642">repeat</w>
			<w x="2901">itself</w>
			<w x="3128">and</w>
		</line>
		<line c="1909" h="129" n="8">
			<w x="656">copy</w>
			<w x="853">the</w>
			<w x="1160">past,</w>
			<w x="1457">which</w>
			<w x="1731">does</w>
			<w x="1948">not</w>
			<w x="2180">live</w>
			<w x="2368">on</w>
			<w x="2536">its</w>
			<w x="2718">old</w>
			<w x="3101">virtues,</w>
		</line>
		<line c="2044" h="115" n="9">
			<w x="706">which</w>
			<w x="952">does</w>
			<w x="1145">not</w>
			<w x="1519">enslave</w>
			<w x="1812">itself</w>
			<w x="1944">to</w>
			<w x="2316">precise</w>
			<w x="2609">rules,</w>
			<w x="2796">but</w>
			<w x="3130">which</w>
		</line>
		<line c="2183" h="125" n="10">
			<w x="741">forgets</w>
			<w x="1006">what</w>
			<w x="1163">is</w>
			<w x="1534">behind,</w>
			<w x="1867">listens</w>
			<w x="2060">for</w>
			<w x="2307">new</w>
			<w x="2536">and</w>
			<w x="2865">higher</w>
			<w x="3132">
				<choice>
					<hyph>mo-</hyph>
					<reg>monitions</reg>
				</choice>
			</w>
		</line>
		<line c="2323" h="130" n="11">
			<w x="734" endhyph="true">nitions</w>
			<w x="874">of</w>
			<w x="1458">conscience,</w>
			<w x="1668">and</w>
			<w x="2068">rejoices</w>
			<w x="2201">to</w>
			<w x="2465">pour</w>
			<w x="2735">itself</w>
			<w x="2985">forth</w>
			<w x="3110">in</w>
		</line>
		<line c="2466" h="116" n="12">
			<w x="654">fresh</w>
			<w x="853">and</w>
			<w x="1182">higher</w>
			<w x="1676">exertions.</w>
		</line>
		<line c="2598" h="150" n="13">
			<w x="598">I</w>
			<w x="804">call</w>
			<w x="1015">that</w>
			<w x="1285">mind</w>
			<w x="1532">free,</w>
			<w x="1846">which</w>
			<w x="1956">is</w>
			<w x="2321">jealous</w>
			<w x="2468">of</w>
			<w x="2613">its</w>
			<w x="2853">own</w>
			<w x="3130">
				<choice>
					<hyph>free-</hyph>
					<reg>freedom,</reg>
				</choice>
			</w>
		</line>
		<line c="2743" h="131" n="14">
			<w x="659" endhyph="true">dom,</w>
			<w x="984">which</w>
			<w x="1376">guards</w>
			<w x="1643">itself</w>
			<w x="1908">from</w>
			<w x="2225">being</w>
			<w x="2613">merged</w>
			<w x="2742">in</w>
			<w x="3132">others,</w>
		</line>
		<line c="2885" h="129" n="15">
			<w x="701">which</w>
			<w x="1068">guards</w>
			<w x="1246">its</w>
			<w x="1629">empire</w>
			<w x="1908">over</w>
			<w x="2181">itself</w>
			<w x="2321">as</w>
			<w x="2659">nobler</w>
			<w x="2898">than</w>
			<w x="3108">the</w>
		</line>
		<line c="3023" h="145" n="16">
			<w x="745">empire</w>
			<w x="887">of</w>
			<w x="1076">the</w>
			<w x="1408">world.</w>
		</line>
		<line c="3168" h="136" n="17">
			<w x="659">In</w>
			<w x="888">fine,</w>
			<w x="986">I</w>
			<w x="1189">call</w>
			<w x="1404">that</w>
			<w x="1673">mind</w>
			<w x="1941">free,</w>
			<w x="2321">which,</w>
			<w x="2790">conscious</w>
			<w x="2920">of</w>
			<w x="3109">its</w>
		</line>
		<line c="3299" h="181" n="18">
			<w x="741">affinity</w>
			<w x="977">with</w>
			<w x="1259">God,</w>
			<w x="1455">and</w>
			<w x="1913">confiding</w>
			<w x="2036">in</w>
			<w x="2202">his</w>
			<w x="2659">promises</w>
			<w x="2816">by</w>
			<w x="3128">Jesus</w>
		</line>
		<line c="3447" h="126" n="19">
			<w x="747">Christ,</w>
			<w x="1143">devotes</w>
			<w x="1421">itself</w>
			<w x="1868">faithfully</w>
			<w x="1996">to</w>
			<w x="2199">the</w>
			<w x="2666">unfolding</w>
			<w x="2808">of</w>
			<w x="2920">all</w>
			<w x="3106">its</w>
		</line>
		<line c="3584" h="154" n="20">
			<w x="791">powers,</w>
			<w x="1111">which</w>
			<w x="1472">passes</w>
			<w x="1679">the</w>
			<w x="2068">bounds</w>
			<w x="2243">of</w>
			<w x="2514">time</w>
			<w x="2747">and</w>
			<w x="3121">death,</w>
		</line>
		<line c="3735" h="127" n="21">
			<w x="701">which</w>
			<w x="1006">hopes</w>
			<w x="1136">to</w>
			<w x="1554">advance</w>
			<w x="1739">for</w>
			<w x="2012">ever,</w>
			<w x="2222">and</w>
			<w x="2536">which</w>
			<w x="2810">finds</w>
			<w x="3109">
				<choice>
					<hyph>inex-</hyph>
					<reg>inexhaustible</reg>
				</choice>
			</w>
		</line>
		<line c="3868" h="157" n="22">
			<w x="832" endhyph="true">haustible</w>
			<w x="1212">power,</w>
			<w x="1484">both</w>
			<w x="1684">for</w>
			<w x="2022">action</w>
			<w x="2255">and</w>
			<w x="2294">as</w>
			<w x="2763">suffering,</w>
			<w x="2920">in</w>
			<w x="3206">the</w>
		</line>
	</div>
</body>
