<body>
	<div id="2" group="1" x="587" y="863" width="2769" height="444" type="score"
		attribution="HMorESM">
		<line c="937" h="136" n="1">
			<w x="749">the</w>
			<w x="997">lusts</w>
			<w x="1207">and</w>
			<w x="1488">vices</w>
			<w x="1812">which</w>
			<w x="2404">Christianity</w>
			<w x="2667">most</w>
			<w x="3051">abhors.</w>
			<w x="3350">
				<choice>
					<hyph>Ac-</hyph>
					<reg>accordingly</reg>
				</choice>
			</w>
		</line>
		<line c="1092" h="134" n="2">
			<w x="1047" endhyph="true">cordingly</w>
			<w x="1194">its</w>
			<w x="1588">history</w>
			<w x="1701">is</w>
			<w x="1911">one</w>
			<w x="2073">of</w>
			<w x="2267">the</w>
			<w x="2527">most</w>
			<w x="3101">melancholy</w>
			<w x="3339">
				<choice>
					<hyph>rec-</hyph>
					<reg>records</reg>
				</choice>
			</w>
		</line>
		<line c="1235" h="136" n="3">
			<w x="807" endhyph="true">ords</w>
			<w x="953">of</w>
			<w x="1196">past</w>
			<w x="1516">times.</w>
			<w x="1744">It</w>
			<w x="1858">is</w>
			<w x="2055">sad</w>
			<w x="2430">enough</w>
			<w x="2561">to</w>
			<w x="2809">read</w>
			<w x="2994">the</w>
			<w x="3335">
				<choice>
					<hyph>blood-</hyph>
					<reg>bloodstained</reg>
				</choice>
			</w>
		</line>
	</div>
</body>
