<body>
	<div id="2" group="1" x="712" y="2274" width="2728" height="1121" type="score"
		attribution="HMorESM">
		<line c="2346" h="124" n="11">
			<w x="837">of</w>
			<w x="1314">existence</w>
			<w x="1634">would</w>
			<w x="2061">expire.</w>
			<w x="2414">What</w>
			<w x="2504">a</w>
			<w x="2774">pang</w>
			<w x="3109">would</w>
			<w x="3423">shoot</w>
		</line>
		<line c="2479" h="139" n="12">
			<w x="1090">through</w>
			<w x="1170">a</w>
			<w x="1586">parent's</w>
			<w x="1892">heart,</w>
			<w x="2019">if</w>
			<w x="2166">he</w>
			<w x="2421">were</w>
			<w x="2553">to</w>
			<w x="2746">see</w>
			<w x="2867">in</w>
			<w x="3052">the</w>
			<w x="3428">smiling</w>
		</line>
		<line c="2619" h="141" n="13">
			<w x="1005">infant</w>
			<w x="1111">a</w>
			<w x="1440">moral</w>
			<w x="1750">being</w>
			<w x="2313">continually</w>
			<w x="2581">and</w>
			<w x="2926">wholly</w>
			<w x="3469">propense</w>
		</line>
		<line c="2767" h="128" n="14">
			<w x="824">to</w>
			<w x="1034">sin,</w>
			<w x="1170">in</w>
			<w x="1498">whose</w>
			<w x="1792">mind</w>
			<w x="2080">were</w>
			<w x="2464">thickly</w>
			<w x="2742">sown</w>
			<w x="2937">the</w>
			<w x="3252">seeds</w>
			<w x="3421">of</w>
		</line>
		<line c="2906" h="134" n="15">
			<w x="1027">hatred</w>
			<w x="1170">to</w>
			<w x="1420">God</w>
			<w x="1656">and</w>
			<w x="2132">goodness,</w>
			<w x="2358">and</w>
			<w x="2585">who</w>
			<w x="2797">had</w>
			<w x="3463">commenced</w>
		</line>
		<line c="3046" h="141" n="16">
			<w x="862">his</w>
			<w x="1356">
				<choice>
					<orig>existance</orig>
					<reg>existence</reg>
				</choice>
			</w>
			<w x="1675">under</w>
			<w x="1882">the</w>
			<w x="2195">curse</w>
			<w x="2358">of</w>
			<w x="2529">his</w>
			<w x="3022">Creator?</w>
			<w x="3468">What</w>
		</line>
		<line c="3193" h="130" n="17">
			<w x="957">good</w>
			<w x="1210">man</w>
			<w x="1502">could</w>
			<w x="1910">consent</w>
			<w x="2040">to</w>
			<w x="2209">be</w>
			<w x="2297">a</w>
			<w x="2680">parent,</w>
			<w x="2801">if</w>
			<w x="2974">his</w>
			<w x="3472">offspring</w>
		</line>
		<line c="3324" h="139" n="18">
			<w x="960">were</w>
			<w x="1090">to</w>
			<w x="1241">be</w>
			<w x="1509">born</w>
			<w x="1639">to</w>
			<w x="1839">this</w>
			<w x="2299">infinitely</w>
			<w x="2769">wretched</w>
			<w x="3419">inheritance?</w>
		</line>
	</div>
	<div id="3" group="2" x="707" y="3554" width="2726" height="269" type="parenthesis"
		attribution="HMorESM">
		<line n="20" h="134" c="3621">
			<blank x="2749"/>
			<w x="3033">The</w>
			<w x="3289">truth</w>
			<w x="3428">is,</w>
		</line>
		<line n="21" h="134" c="3755">
			<w x="930">that</w>
			<w x="1186">none</w>
			<w x="1339">do</w>
			<w x="1493">or</w>
			<w x="1693">can</w>
			<w x="1935">hold</w>
			<w x="2028">it</w>
			<w x="2149">in</w>
			<w x="2298">its</w>
			<w x="2488">full</w>
			<w x="2702">and</w>
			<w x="3056">proper</w>
			<w x="3424">import.</w>
		</line>
	</div>
	<div id="4" group="2" x="721" y="3839" width="2726" height="696" type="score"
		attribution="HMorESM">
		<line c="3896" h="145" n="22">
			<w x="786">I</w>
			<w x="1062">have</w>
			<w x="1324">seen</w>
			<w x="1489">its</w>
			<w x="2008">advocates</w>
			<w x="2314">smile</w>
			<w x="2467">as</w>
			<w x="3062">benignantly</w>
			<w x="3233">on</w>
			<w x="3440">the</w>
		</line>
		<line c="4042" h="144" n="23">
			<w x="959">child</w>
			<w x="1277">whom</w>
			<w x="1538">their</w>
			<w x="1821">creed</w>
			<w x="2023">has</w>
			<w x="2311">made</w>
			<w x="2403">a</w>
			<w x="2785">demon,</w>
			<w x="2927">as</w>
			<w x="3047">if</w>
			<w x="3156">it</w>
			<w x="3420">were</w>
		</line>
		<line c="4186" h="145" n="24">
			<w x="835">an</w>
			<w x="1171">angel;</w>
			<w x="1391">and</w>
			<w x="1486">I</w>
			<w x="1759">have</w>
			<w x="2000">seen</w>
			<w x="2272">them</w>
			<w x="2715">mingling</w>
			<w x="2957">with</w>
			<w x="3212">their</w>
			<w x="3421">
				<choice>
					<hyph orig="fellow-creatures">fel-</hyph>
					<reg>fellow-creatures</reg>
					<reg>fellow creatures</reg>
					<reg>fellow</reg>
					<reg>creatures</reg>
				</choice>
			</w>
		</line>
		<line c="4324" h="147" n="25">
			<w x="1356" endhyph="true">low-creatures</w>
			<w x="1509">as</w>
			<w x="1960">cordially</w>
			<w x="2162">and</w>
			<w x="2724">confidingly</w>
			<w x="2860">as</w>
			<w x="2982">if</w>
			<w x="3170">the</w>
			<w x="3423">
				<choice>
					<hyph>doc-</hyph>
					<reg>doctrine</reg>
				</choice>
			</w>
		</line>
		<line c="4464" h="144" n="26">
			<w x="943" endhyph="true">trine</w>
			<w x="1115">of</w>
			<w x="1364">total</w>
			<w x="1869">depravity</w>
			<w x="2094">had</w>
			<w x="2427">never</w>
			<w x="2838">entered</w>
			<w x="3122">their</w>
			<w x="3413">ears.</w>
		</line>
	</div>
</body>
