<body>
	<div id="2" group="1" x="700" y="862" width="2794" height="560" type="score"
		attribution="HMorESM">
		<line c="945" h="119" n="1">
			<div id="3" group="1" x="746" y="852" width="2730" height="151" type="parenthesis"
				attribution="HMorESM">
				<line n="1" h="151" c="928">
					<w x="1031">were</w>
					<w x="1298">made</w>
					<w x="1437">to</w>
					<w x="1713">grow.</w>
				</line>
			</div>
			<w x="2054">Our</w>
			<w x="2433">faculties</w>
			<w x="2616">are</w>
			<w x="2964">germs,</w>
			<w x="3174">and</w>
			<w x="3494">given</w>
		</line>
		<line c="1066" h="149" n="2">
			<w x="935">for</w>
			<w x="1599">an</w>
			<w x="1624">expansion,</w>
			<w x="1781">to</w>
			<w x="2054">which</w>
			<w x="2439">nothing</w>
			<w x="2967">authorizes</w>
			<w x="3151">us</w>
			<w x="3287">to</w>
			<w x="3458">set</w>
		</line>
		<line c="1211" h="158" n="3">
			<w x="1129">bounds.</w>
			<w x="1458">The</w>
			<w x="1684">soul</w>
			<w x="1984">bears</w>
			<w x="2168">the</w>
			<w x="2582">impress</w>
			<w x="2723">of</w>
			<w x="3450">illimitableness,</w>
		</line>
		<line c="1350" h="155" n="4">
			<w x="875">in</w>
			<w x="1161">the</w>
			<w x="1399">thirst,</w>
			<w x="1633">the</w>
			<w x="2301">unquenchable</w>
			<w x="2649">thirst,</w>
			<w x="2990">which</w>
			<w x="3118">it</w>
			<w x="3455">brings</w>
		</line>
	</div>
</body>
