<body>
	<div id="2" group="1" x="428" y="2361" width="2520" height="658" type="score"
		attribution="HMorESM">
		<line c="2429" h="106" n="13">
			<w x="726">truths.</w>
			<w x="930">Is</w>
			<w x="1028">it</w>
			<w x="1174">so</w>
			<w x="1717">embraced?</w>
			<w x="1878">I</w>
			<w x="2079">fear</w>
			<w x="2282">not.</w>
			<w x="2446">I</w>
			<w x="2935">apprehend</w>
		</line>
		<line c="2564" h="112" n="14">
			<w x="615">that</w>
			<w x="708">it</w>
			<w x="827">is</w>
			<w x="1107">dimly</w>
			<w x="1559">discerned</w>
			<w x="1718">by</w>
			<w x="1987">many</w>
			<w x="2202">who</w>
			<w x="2804">acknowledge</w>
			<w x="2929">it,</w>
		</line>
		<line c="2694" h="110" n="15">
			<w x="710">whilst</w>
			<w x="850">on</w>
			<w x="1115">many</w>
			<w x="1370">more</w>
			<w x="1466">it</w>
			<w x="1635">has</w>
			<w x="1943">hardly</w>
			<w x="2337">dawned.</w>
			<w x="2503">I</w>
			<w x="2676">see</w>
			<w x="2935">other</w>
		</line>
		<line c="2824" h="112" n="16">
			<w x="696">views</w>
			<w x="1203">prevailing,</w>
			<w x="1392">and</w>
			<w x="1870">prevailing</w>
			<w x="2001">in</w>
			<w x="2106">a</w>
			<w x="2440">greater</w>
			<w x="2568">or</w>
			<w x="2759">less</w>
			<w x="2934">
				<choice>
					<hyph>de-</hyph>
					<reg>degree</reg>
				</choice>
			</w>
		</line>
		<line c="2949" h="126" n="17">
			<w x="640" endhyph="true">gree</w>
			<w x="972">among</w>
			<w x="1125">all</w>
			<w x="1459">bodies</w>
			<w x="1610">of</w>
			<w x="2111">Christians,</w>
			<w x="2303">and</w>
			<w x="2539">they</w>
			<w x="2791">seem</w>
			<w x="2989">to</w>
		</line>
	</div>
</body>
