<body>
	<div id="2" group="1" x="602" y="1346" width="2518" height="1053" type="score"
		attribution="HMorESM">
		<line c="1407" h="134" n="5">
			<w x="716">of</w>
			<w x="1073">wisdom,</w>
			<w x="1346">1ove,</w>
			<w x="1540">and</w>
			<w x="1848">power</w>
			<w x="2087">from</w>
			<w x="2241">his</w>
			<w x="2551">mind.</w>
			<w x="2903">Think</w>
			<w x="3188">not,</w>
		</line>
		<line c="1541" h="128" n="6">
			<w x="831">then,</w>
			<w x="1038">that</w>
			<w x="1346">Christ</w>
			<w x="1531">has</w>
			<w x="1825">come</w>
			<w x="1944">to</w>
			<w x="2160">give</w>
			<w x="2519">heaven</w>
			<w x="2637">as</w>
			<w x="3112">something</w>
		</line>
		<line c="1668" h="120" n="7">
			<w x="936">distinct</w>
			<w x="1205">from</w>
			<w x="1507">virtue.</w>
			<w x="1969">Heaven</w>
			<w x="2100">is</w>
			<w x="2288">the</w>
			<w x="2561">freed</w>
			<w x="2775">and</w>
			<w x="3112">
				<choice>
					<hyph>sancti-</hyph>
					<reg>sanctified</reg>
				</choice>
			</w>
		</line>
		<line c="1803" h="133" n="8">
			<w x="775" endhyph="true">fied</w>
			<w x="1073">mind,</w>
			<w x="1500">enjoying</w>
			<w x="1758">God</w>
			<w x="2145">through</w>
			<w x="2697">accordance</w>
			<w x="2940">with</w>
			<w x="3114">his</w>
		</line>
		<line c="1929" h="139" n="9">
			<w x="1050">attributes,</w>
			<w x="1604">multiplying</w>
			<w x="1773">its</w>
			<w x="2098">bonds</w>
			<w x="2325">and</w>
			<w x="2866">sympathies</w>
			<w x="3115">with</w>
		</line>
		<line c="2063" h="138" n="10">
			<w x="1012">excellent</w>
			<w x="1367">beings,</w>
			<w x="1729">putting</w>
			<w x="1985">forth</w>
			<w x="2274">noble</w>
			<w x="2668">powers,</w>
			<w x="2864">and</w>
			<w x="3160">
				<choice>
					<hyph>min-</hyph>
					<reg>ministering,</reg>
				</choice>
			</w>
		</line>
		<line c="2196" h="141" n="11">
			<w x="964" endhyph="true">istering,</w>
			<w x="1084">in</w>
			<w x="1356">union</w>
			<w x="1576">with</w>
			<w x="1764">the</w>
			<w x="2310">enlightened</w>
			<w x="2520">and</w>
			<w x="2800">holy,</w>
			<w x="2928">to</w>
			<w x="3139">the</w>
		</line>
		<line c="2323" h="150" n="12">
			<w x="1043">happiness</w>
			<w x="1232">and</w>
			<w x="1515">virtue</w>
			<w x="1645">of</w>
			<w x="1821">the</w>
			<w x="2243">universe.</w>
		</line>
	</div>
</body>
