<body>
	<div id="2" group="1" x="674" y="3496" width="2548" height="745" type="score"
		attribution="HMorESM">
		<line c="3576" h="113" n="24">
			<w x="921">"I</w>
			<w x="1119">was</w>
			<w x="1592">confirmed</w>
			<w x="1705">in</w>
			<w x="1891">this</w>
			<w x="2313">opinion;</w>
			<w x="2538">that</w>
			<w x="2687">he</w>
			<w x="2919">who</w>
			<w x="3186">would</w>
		</line>
		<line c="3681" h="112" n="25">
			<w x="823">not</w>
			<w x="955">be</w>
			<w x="1355">frustrate</w>
			<w x="1483">of</w>
			<w x="1638">his</w>
			<w x="1868">hope</w>
			<w x="1981">to</w>
			<w x="2232">write</w>
			<w x="2443">well</w>
			<w x="2868">hereafter</w>
			<w x="2981">in</w>
			<w x="3188">
				<choice>
					<hyph>lau-</hyph>
					<reg>laudable</reg>
				</choice>
			</w>
		</line>
		<line c="3788" h="127" n="26">
			<w x="917" endhyph="true">dable</w>
			<w x="1254">things,</w>
			<w x="1534">ought</w>
			<w x="1903">himself</w>
			<w x="2017">to</w>
			<w x="2150">be</w>
			<w x="2258">a</w>
			<w x="2485">true</w>
			<w x="2796">poem;</w>
			<w x="3023">that</w>
			<w x="3178">is,</w>
		</line>
		<line c="3892" h="132" n="27">
			<w x="758">a</w>
			<w x="1301">composition</w>
			<w x="1514">and</w>
			<w x="1876">pattern</w>
			<w x="2027">of</w>
			<w x="2194">the</w>
			<w x="2426">best</w>
			<w x="2668">and</w>
			<w x="3200">honorablest</w>
		</line>
		<line c="3990" h="129" n="28">
			<w x="986">things;</w>
			<w x="1178">not</w>
			<w x="1658">presuming</w>
			<w x="1788">to</w>
			<w x="2017">sing</w>
			<w x="2165">of</w>
			<w x="2388">high</w>
			<w x="2738">praises</w>
			<w x="2882">of</w>
			<w x="3186">heroic</w>
		</line>
		<line c="4088" h="116" n="29">
			<w x="872">men</w>
			<w x="1000">or</w>
			<w x="1332">famous</w>
			<w x="1615">cities,</w>
			<w x="1918">unless</w>
			<w x="2052">he</w>
			<w x="2283">have</w>
			<w x="2400">in</w>
			<w x="2752">himself</w>
			<w x="2919">the</w>
			<w x="3187">
				<choice>
					<hyph>expe-</hyph>
					<reg>experience</reg>
				</choice>
			</w>
		</line>
		<line c="4185" h="125" n="30">
			<w x="959" endhyph="true">rience</w>
			<w x="1140">and</w>
			<w x="1289">the</w>
			<w x="1672">practice</w>
			<w x="1802">of</w>
			<w x="1924">all</w>
			<w x="2123">that</w>
			<w x="2402">which</w>
			<w x="2504">is</w>
			<w x="3187">praiseworthy."</w>
		</line>
	</div>
</body>
