<body>
	<div id="2" group="1" x="412" y="3442" width="2530" height="398" type="score"
		attribution="HMorESM">
		<line c="3512" h="136" n="21">
			<w x="641">
				<choice>
					<hyph>ficial</hyph>
					<reg>artificial</reg>
				</choice>
			</w>
			<w x="964">means</w>
			<w x="1117">of</w>
			<w x="1517">sanctity.</w>
			<w x="2165">Christianity,</w>
			<w x="2369">our</w>
			<w x="2644">great</w>
			<w x="2925">guide</w>
		</line>
		<line c="3649" h="135" n="22">
			<w x="522">to</w>
			<w x="828">God,</w>
			<w x="1100">never</w>
			<w x="1369">leads</w>
			<w x="1516">us</w>
			<w x="1785">away</w>
			<w x="2026">from</w>
			<w x="2212">the</w>
			<w x="2448">path</w>
			<w x="2583">of</w>
			<w x="2968">nature,</w>
		</line>
		<line c="3775" h="110" n="23">
			<w x="594">and</w>
			<w x="938">never</w>
			<w x="1176">wars</w>
			<w x="1438">with</w>
			<w x="1643">the</w>
			<w x="2365">unsophisticated</w>
			<w x="2754">dictates</w>
			<w x="2917">of</w>
		</line>
	</div>
</body>
