<body>
	<div id="2" group="1" x="657" y="1160" width="2517" height="395" type="score"
		attribution="HMorESM">
		<line c="824" h="139" n="1">
			<w x="854">with</w>
			<w x="1154">horny</w>
			<w x="1400">hand</w>
			<w x="1583">and</w>
			<w x="1770">the</w>
			<w x="2054">sweat</w>
			<w x="2186">of</w>
			<w x="2345">his</w>
			<w x="2591">face,</w>
			<w x="2910">coarse</w>
			<w x="3160">food</w>
		</line>
		<line c="953" h="113" n="2">
			<w x="792">for</w>
			<w x="876">a</w>
			<w x="1088">wife</w>
			<w x="1281">and</w>
			<w x="1667">children</w>
			<w x="1963">whom</w>
			<w x="2130">he</w>
			<w x="2389">loves,</w>
			<w x="2499">is</w>
			<w x="2820">raised,</w>
			<w x="2972">by</w>
			<w x="3158">this</w>
		</line>
		<line c="1096" h="134" n="3">
			<w x="1059">generous</w>
			<w x="1426">motive,</w>
			<w x="1552">to</w>
			<w x="1778">true</w>
			<w x="2191">dignity;</w>
			<w x="2431">and,</w>
			<w x="2768">though</w>
			<w x="3161">wanting</w>
		</line>
		<div id="3" group="1" x="657" y="1160" width="2517" height="395" type="score"
			attribution="HMorESM">
			<line c="1222" h="136" n="4">
				<w x="829">the</w>
				<w x="1339">refinements</w>
				<w x="1472">of</w>
				<w x="1676">life,</w>
				<w x="1789">is</w>
				<w x="1873">a</w>
				<w x="2180">nobler</w>
				<w x="2460">being</w>
				<w x="2675">than</w>
				<w x="2935">those</w>
				<w x="3160">who</w>
			</line>
			<line c="1358" h="138" n="5">
				<w x="891">think</w>
				<w x="1415">themselves</w>
				<w x="1839">absolved</w>
				<w x="2002">by</w>
				<w x="2316">wealth</w>
				<w x="2572">from</w>
				<w x="2935">serving</w>
				<w x="3162">
					<choice>
						<hyph>oth-</hyph>
						<reg>others.</reg>
					</choice>
				</w>
			</line>
			<line c="1487" h="132" n="6">
				<w x="829" endhyph="true">ers.</w>
				<w x="1151">Now</w>
				<w x="1320">the</w>
				<w x="1658">slave's</w>
				<w x="1914">labor</w>
				<w x="2207">brings</w>
				<w x="2349">no</w>
				<w x="2744">dignity,</w>
				<w x="2823">is</w>
				<w x="2962">an</w>
				<w x="3160">
					<choice>
						<hyph>ex-</hyph>
						<reg>exercise</reg>
					</choice>
				</w>
			</line>
		</div>
	</div>
</body>
