<body>
	<div id="2" group="1" x="568" y="3673" width="2529" height="1178" type="score"
		attribution="HMorESM">
		<line c="3742" h="105" n="23">
			<w x="830">whole</w>
			<w x="1285">Christian</w>
			<w x="1718">system.</w>
			<w x="1994">Say</w>
			<w x="2220">not,</w>
			<w x="2455">that</w>
			<w x="2740">these</w>
			<w x="2929">are</w>
			<w x="3135">at</w>
		</line>
		<line c="3872" h="110" n="24">
			<w x="758">war</w>
			<w x="992">with</w>
			<w x="1470">humility;</w>
			<w x="1667">for</w>
			<w x="1904">who</w>
			<w x="2131">was</w>
			<w x="2398">ever</w>
			<w x="2816">humbler</w>
			<w x="3120">than</w>
		</line>
		<line c="4004" h="126" n="25">
			<w x="849">Jesus,</w>
			<w x="1038">and</w>
			<w x="1219">yet</w>
			<w x="1431">who</w>
			<w x="1658">ever</w>
			<w x="2126">possessed</w>
			<w x="2364">such</w>
			<w x="2441">a</w>
			<w x="3122">consciousness</w>
		</line>
		<line c="4134" h="132" n="26">
			<w x="674">of</w>
			<w x="1093">greatness</w>
			<w x="1283">and</w>
			<w x="1714">divinity?</w>
			<w x="2003">Say</w>
			<w x="2178">not</w>
			<w x="2392">that</w>
			<w x="2679">man's</w>
			<w x="3071">business</w>
		</line>
		<line c="4272" h="117" n="27">
			<w x="644">is</w>
			<w x="781">to</w>
			<w x="1038">think</w>
			<w x="1168">of</w>
			<w x="1327">his</w>
			<w x="1532">sin,</w>
			<w x="1731">and</w>
			<w x="1923">not</w>
			<w x="2056">of</w>
			<w x="2209">his</w>
			<w x="2627">dignity;</w>
			<w x="2804">for</w>
			<w x="3075">great</w>
		</line>
		<line c="4399" h="118" n="28">
			<w x="697">sin</w>
			<w x="1036">implies</w>
			<w x="1139">a</w>
			<w x="1409">great</w>
			<w x="1866">capacity;</w>
			<w x="1986">it</w>
			<w x="2097">is</w>
			<w x="2267">the</w>
			<w x="2563">abuse</w>
			<w x="2708">of</w>
			<w x="2786">a</w>
			<w x="3076">noble</w>
		</line>
		<line c="4528" h="131" n="29">
			<w x="893">nature;</w>
			<w x="1100">and</w>
			<w x="1257">no</w>
			<w x="1497">man</w>
			<w x="1701">can</w>
			<w x="1881">be</w>
			<w x="2200">deeply</w>
			<w x="2390">and</w>
			<w x="2856">rationally</w>
			<w x="3072">
				<choice>
					<hyph>con-</hyph>
					<reg>contrite,</reg>
				</choice>
			</w>
		</line>
		<line c="4669" h="117" n="30">
			<w x="781">trite,</w>
			<w x="992">but</w>
			<w x="1164">he</w>
			<w x="1420">who</w>
			<w x="1700">feels,</w>
			<w x="1940">that</w>
			<w x="2080">in</w>
			<w x="2680">
				<choice>
					<orig>wrong-doing</orig>
					<reg>wrong doing</reg>
					<reg>wrong</reg>
					<reg>doing</reg>
				</choice>
			</w>
			<w x="2856">he</w>
			<w x="3139">has</w>
		</line>
		<line c="4794" h="140" n="31">
			<w x="902">resisted</w>
			<w x="1024">a</w>
			<w x="1354">divine</w>
			<w x="1676">voice,</w>
			<w x="1895">and</w>
			<w x="2250">warred</w>
			<w x="2607">against</w>
			<w x="2731">a</w>
			<w x="3141">divine</w>
		</line>
	</div>
</body>
