<body>
	<div id="2" group="1" x="566" y="738" width="2589" height="4518" type="score"
		attribution="HMorESM">
		<line c="819" h="117" n="1">
			<w x="973">Neither</w>
			<w x="1088">is</w>
			<w x="1188">it</w>
			<w x="1324">a</w>
			<w x="1659">narrow</w>
			<w x="1982">creed,</w>
			<w x="2136">or</w>
			<w x="2238">a</w>
			<w x="2514">mass</w>
			<w x="2671">of</w>
			<w x="3120">doctrines</w>
		</line>
		<div id="3" group="1" x="626" y="889" width="2509" height="797" type="score"
			attribution="HMorESM">
			<line c="962" h="137" n="2">
				<w x="891">which</w>
				<w x="1099">find</w>
				<w x="1260">no</w>
				<w x="1639">support</w>
				<w x="1768">in</w>
				<w x="1960">our</w>
				<w x="2338">rational</w>
				<w x="2733">nature.</w>
				<w x="2885">It</w>
				<w x="3122">may</w>
			</line>
			<line c="1091" h="135" n="3">
				<w x="754">be</w>
				<w x="1127">summed</w>
				<w x="1267">up</w>
				<w x="1382">in</w>
				<w x="1469">a</w>
				<w x="1661">few</w>
				<w x="1940">great,</w>
				<w x="2393">universal,</w>
				<w x="2868">immutable</w>
				<w x="3122">
					<choice>
						<hyph>prin-</hyph>
						<reg>principles,</reg>
					</choice>
				</w>
			</line>
			<line c="1222" h="133" n="4">
				<w x="906" endhyph="true">ciples,</w>
				<w x="1203">which</w>
				<w x="1536">reason</w>
				<w x="1728">and</w>
				<w x="2282">conscience,</w>
				<w x="2411">as</w>
				<w x="2590">far</w>
				<w x="2703">as</w>
				<w x="2949">they</w>
				<w x="3117">are</w>
			</line>
			<line c="1357" h="137" n="5">
				<w x="1025">unfolded,</w>
				<w x="1330">adopt</w>
				<w x="1514">and</w>
				<w x="1853">rejoice</w>
				<w x="2010">in,</w>
				<w x="2154">as</w>
				<w x="2375">their</w>
				<w x="2590">own</w>
				<w x="3118">everlasting</w>
			</line>
			<line c="1485" h="128" n="6">
				<w x="843">laws,</w>
				<w x="1075">and</w>
				<w x="1384">which</w>
				<w x="1661">open</w>
				<w x="2207">perpetually</w>
				<w x="2659">enlarging</w>
				<w x="2979">views</w>
				<w x="3117">to</w>
			</line>
			<line c="1609" h="119" n="7">
				<w x="754">the</w>
				<w x="1037">mind.</w>
				<w x="1281">As</w>
				<w x="1442">far</w>
				<w x="1556">as</w>
				<w x="1643">I</w>
				<w x="1807">am</w>
				<w x="1892">a</w>
				<w x="2352">Christian,</w>
				<w x="2444">I</w>
				<w x="2607">am</w>
				<w x="2842">free.</w>
				<w x="3117">My</w>
			</line>
		</div>
		<line c="1752" h="128" n="8">
			<w x="942">religion</w>
			<w x="1157">lays</w>
			<w x="1326">on</w>
			<w x="1520">me</w>
			<w x="1728">not</w>
			<w x="1917">one</w>
			<w x="2224">chain.</w>
			<w x="2419">It</w>
			<w x="2673">does</w>
			<w x="2867">not</w>
			<w x="3114">
				<choice>
					<hyph>pre-</hyph>
					<reg>prescribe</reg>
				</choice>
			</w>
		</line>
		<line c="1877" h="118" n="9">
			<w x="875" endhyph="true">scribe</w>
			<w x="962">a</w>
			<w x="1291">certain</w>
			<w x="1578">range</w>
			<w x="1735">for</w>
			<w x="1917">my</w>
			<w x="2184">mind,</w>
			<w x="2542">beyond</w>
			<w x="2835">which</w>
			<w x="3114">
				<choice>
					<hyph>noth-</hyph>
					<reg>nothing</reg>
				</choice>
			</w>
		</line>
		<line c="2005" h="117" n="10">
			<w x="747" endhyph="true">ing</w>
			<w x="929">can</w>
			<w x="1078">be</w>
			<w x="1455">learned.</w>
			<w x="1653">It</w>
			<w x="1971">speaks</w>
			<w x="2106">of</w>
			<w x="2344">God</w>
			<w x="2463">as</w>
			<w x="2634">the</w>
			<w x="3112">Universal</w>
		</line>
		<line c="2138" h="125" n="11">
			<w x="944">Father,</w>
			<w x="1131">and</w>
			<w x="1441">sends</w>
			<w x="1604">me</w>
			<w x="1744">to</w>
			<w x="1902">all</w>
			<w x="2076">his</w>
			<w x="2386">works</w>
			<w x="2563">for</w>
			<w x="3099">instruction.</w>
		</line>
		<line c="2272" h="129" n="12">
			<w x="697">It</w>
			<w x="989">does"</w>
			<w x="1157">not</w>
			<w x="1400">hem</w>
			<w x="1595">me</w>
			<w x="1908">round</w>
			<w x="2142">with</w>
			<w x="2244">a</w>
			<w x="2801">mechanical</w>
			<w x="3098">ritual,</w>
		</line>
		<line c="2403" h="137" n="13">
			<w x="808">does</w>
			<w x="1008">not</w>
			<w x="1326">enjoin</w>
			<w x="1666">forms,</w>
			<w x="2085">attitudes,</w>
			<w x="2281">and</w>
			<w x="2580">hours</w>
			<w x="2745">of</w>
			<w x="3093">prayer,</w>
		</line>
		<line c="2529" h="126" n="14">
			<w x="806">does</w>
			<w x="1009">not</w>
			<w x="1416">descend</w>
			<w x="1565">to</w>
			<w x="1908">details</w>
			<w x="2063">of</w>
			<w x="2334">dress</w>
			<w x="2555">and</w>
			<w x="2832">food,</w>
			<w x="3099">does</w>
		</line>
		<line c="2668" h="128" n="15">
			<w x="748">not</w>
			<w x="953">put</w>
			<w x="1120">on</w>
			<w x="1326">me</w>
			<w x="1545">one</w>
			<w x="1961">outward</w>
			<w x="2304">badge.</w>
			<w x="2504">It</w>
			<w x="2885">teaches</w>
			<w x="3138">and</w>
		</line>
		<line c="2789" h="137" n="16">
			<w x="1009">enkindles</w>
			<w x="1242">love</w>
			<w x="1382">to</w>
			<w x="1700">God,</w>
			<w x="1858">but</w>
			<w x="2368">commands</w>
			<w x="2528">no</w>
			<w x="2901">precise</w>
			<w x="3102">
				<choice>
					<hyph>ex-</hyph>
					<reg>expressions</reg>
				</choice>
			</w>
		</line>
		<line c="2911" h="126" n="17">
			<w x="997" endhyph="true">pressions</w>
			<w x="1151">of</w>
			<w x="1341">this</w>
			<w x="1835">sentiment.</w>
			<w x="2035">It</w>
			<w x="2527">prescribes</w>
			<w x="2915">prayer;</w>
			<w x="3102">but</w>
		</line>
		<line c="3067" h="137" n="18">
			<w x="770">lays</w>
			<w x="971">the</w>
			<w x="1249">chief</w>
			<w x="1537">stress</w>
			<w x="1696">on</w>
			<w x="1882">the</w>
			<w x="2218">prayer</w>
			<w x="2374">of</w>
			<w x="2546">the</w>
			<w x="2901">closet,</w>
		</line>
		<div id="4" group="1" x="570" y="2993" width="2556" height="387" type="parenthesis"
			attribution="HMorESM">
			<line n="18" h="129" c="3058">
				<blank x="2931"/>
				<w x="3114">and</w>
			</line>
			<line n="19" h="129" c="3187">
				<w x="866">treats</w>
				<w x="1015">all</w>
				<w x="1403">worship</w>
				<w x="1540">as</w>
				<w x="1986">worthless</w>
				<w x="2156">but</w>
				<w x="2360">that</w>
				<w x="2485">of</w>
				<w x="2660">the</w>
				<w x="2918">mind</w>
				<w x="3110">and</w>
			</line>
			<line n="20" h="129" c="3316">
				<w x="891">heart.</w>
			</line>
		</div>
		<line c="3313" h="135" n="20">
			<w x="1046">It</w>
			<w x="1420">teaches</w>
			<w x="1549">us</w>
			<w x="1691">to</w>
			<w x="1835">do</w>
			<w x="2135">good,</w>
			<w x="2318">but</w>
			<w x="2626">leaves</w>
			<w x="2774">us</w>
			<w x="2897">to</w>
			<w x="3103">
				<choice>
					<hyph>de-</hyph>
					<reg>devise</reg>
				</choice>
			</w>
		</line>
		<line c="3456" h="127" n="21">
			<w x="766" endhyph="true">vise</w>
			<w x="943">for</w>
			<w x="1421">ourselves</w>
			<w x="1620">the</w>
			<w x="1947">means</w>
			<w x="2116">by</w>
			<w x="2460">which</w>
			<w x="2629">we</w>
			<w x="2870">may</w>
			<w x="3099">best</w>
		</line>
		<line c="3589" h="116" n="22">
			<w x="826">serve</w>
			<w x="1277">mankind.</w>
			<w x="1468">In</w>
			<w x="1554">a</w>
			<w x="1839">word,</w>
			<w x="2027">the</w>
			<w x="2307">whole</w>
			<w x="2667">religion</w>
			<w x="2801">of</w>
			<w x="3095">Christ</w>
		</line>
		<line c="3716" h="108" n="23">
			<w x="766">may</w>
			<w x="934">be</w>
			<w x="1361">summed</w>
			<w x="1510">up</w>
			<w x="1645">in</w>
			<w x="1840">the</w>
			<w x="2078">love</w>
			<w x="2233">of</w>
			<w x="2467">God</w>
			<w x="2689">and</w>
			<w x="2837">of</w>
			<w x="3090">
				<choice>
					<hyph>man-</hyph>
					<reg>mankind,</reg>
				</choice>
			</w>
		</line>
		<line c="3848" h="127" n="24">
			<w x="812" endhyph="true">kind,</w>
			<w x="1006">and</w>
			<w x="1104">it</w>
			<w x="1402">leaves</w>
			<w x="1570">the</w>
			<w x="2048">individual</w>
			<w x="2161">to</w>
			<w x="2511">cherish</w>
			<w x="2693">and</w>
			<w x="3092">express</w>
		</line>
		<line c="3969" h="119" n="25">
			<w x="744">this</w>
			<w x="1018">spirit</w>
			<w x="1161">by</w>
			<w x="1330">the</w>
			<w x="1740">methods</w>
			<w x="2002">most</w>
			<w x="2504">accordant</w>
			<w x="2702">with</w>
			<w x="2853">his</w>
			<w x="3089">own</w>
		</line>
		<line c="4111" h="139" n="26">
			<w x="991">condition</w>
			<w x="1195">and</w>
			<w x="1580">peculiar</w>
			<w x="1876">mind.</w>
			<w x="2504">Christianity</w>
			<w x="2609">is</w>
			<w x="3089">eminently</w>
		</line>
		<line c="4228" h="121" n="27">
			<w x="722">the</w>
			<w x="1094">religion</w>
			<w x="1227">of</w>
			<w x="1652">freedom.</w>
			<w x="1962">The</w>
			<w x="2257">views</w>
			<w x="2551">which</w>
			<w x="2671">it</w>
			<w x="2945">gives</w>
			<w x="3079">of</w>
		</line>
		<line c="4375" h="121" n="28">
			<w x="757">the</w>
			<w x="1155">parental,</w>
			<w x="1604">impartial,</w>
			<w x="2031">universal</w>
			<w x="2472">goodness</w>
			<w x="2626">of</w>
			<w x="2893">God,</w>
			<w x="3088">and</w>
		</line>
		<line c="4509" h="128" n="29">
			<w x="685">of</w>
			<w x="861">the</w>
			<w x="1125">equal</w>
			<w x="1381">right</w>
			<w x="1512">of</w>
			<w x="1801">every</w>
			<w x="2121">human</w>
			<w x="2416">being</w>
			<w x="2535">to</w>
			<w x="2874">inquire</w>
			<w x="3083">into</w>
		</line>
		<line c="4639" h="127" n="30">
			<w x="710">his</w>
			<w x="949">will,</w>
			<w x="1172">and</w>
			<w x="1344">its</w>
			<w x="1916">inculcations</w>
			<w x="2090">of</w>
			<w x="2474">candor,</w>
			<w x="3102">forbearance,</w>
		</line>
		<line c="4767" h="111" n="31">
			<w x="775">and</w>
			<w x="1101">mutual</w>
			<w x="1518">respect,</w>
			<w x="2038">contribute</w>
			<w x="2316">alike</w>
			<w x="2475">to</w>
			<w x="2908">freedom</w>
			<w x="3070">of</w>
		</line>
		<line c="4904" h="126" n="32">
			<w x="908">thought</w>
			<w x="1125">and</w>
			<w x="1727">enlargement</w>
			<w x="1888">of</w>
			<w x="2098">the</w>
			<w x="2390">heart.</w>
			<w x="2578">I</w>
			<w x="2914">repeat</w>
			<w x="3078">it,</w>
		</line>
		<line c="5035" h="134" n="33">
			<w x="1091">Christianity</w>
			<w x="1293">lays</w>
			<w x="1434">on</w>
			<w x="1620">me</w>
			<w x="1771">no</w>
			<w x="2125">chains.</w>
			<w x="2326">It</w>
			<w x="2450">is</w>
			<w x="2638">any</w>
			<w x="2894">thing</w>
			<w x="3085">but</w>
		</line>
		<line c="5162" h="115" n="34">
			<w x="630">a</w>
			<w x="1170">contrivance</w>
			<w x="1330">for</w>
			<w x="1683">
				<choice>
					<orig>spirtual</orig>
					<reg>spiritual</reg>
				</choice>
			</w>
			<w x="2220">domination.</w>
		</line>
	</div>
</body>
