<body>
	<div id="2" group="1" x="610" y="1429" width="2574" height="3803" type="score"
		attribution="HMorESM">
		<line c="1496" h="114" n="6">
			<w x="905">faced.</w>
			<w x="1216">The</w>
			<w x="1519">clear,</w>
			<w x="2029">consistent,</w>
			<w x="2551">quickening</w>
			<w x="2846">truth,</w>
			<w x="3183">which</w>
		</line>
		<line c="1631" h="115" n="7">
			<w x="876">came</w>
			<w x="1136">from</w>
			<w x="1303">the</w>
			<w x="1519">lips</w>
			<w x="1639">of</w>
			<w x="1955">Jesus,</w>
			<w x="2134">has</w>
			<w x="2375">been</w>
			<w x="2887">exchanged</w>
			<w x="3060">for</w>
			<w x="3144">a</w>
		</line>
		<line c="1754" h="126" n="8">
			<w x="936">hoarse</w>
			<w x="1233">jargon</w>
			<w x="1419">and</w>
			<w x="1638">vain</w>
			<w x="2103">babblings.</w>
			<w x="2413">The</w>
			<w x="2774">stream,</w>
			<w x="2907">so</w>
			<w x="3186">pure</w>
		</line>
		<line c="1886" h="124" n="9">
			<w x="725">at</w>
			<w x="892">the</w>
			<w x="1314">fountain,</w>
			<w x="1484">has</w>
			<w x="1729">been</w>
			<w x="2134">polluted</w>
			<w x="2322">and</w>
			<w x="2759">poisoned</w>
			<w x="3142">through</w>
		</line>
		<line c="2018" h="125" n="10">
			<w x="750">its</w>
			<w x="1037">whole</w>
			<w x="1383">course.</w>
			<w x="1666">Not</w>
			<w x="1906">only</w>
			<w x="2077">has</w>
			<w x="2623">Christianity</w>
			<w x="2858">been</w>
			<w x="3139">
				<choice>
					<hyph>over-</hyph>
					<reg>overwhelmed</reg>
				</choice>
			</w>
		</line>
		<line c="2150" h="129" n="11">
			<w x="1034" endhyph="true">whelmed</w>
			<w x="1180">by</w>
			<w x="1693">absurdities,</w>
			<w x="1874">but</w>
			<w x="2009">by</w>
			<w x="2383">impious</w>
			<w x="2846">doctrines,</w>
			<w x="3185">which</w>
		</line>
		<line c="2277" h="127" n="12">
			<w x="843">have</w>
			<w x="1134">made</w>
			<w x="1322">the</w>
			<w x="1783">Universal</w>
			<w x="2161">Father,</w>
			<w x="2385">now</w>
			<w x="2471">a</w>
			<w x="2730">weak</w>
			<w x="2917">and</w>
			<w x="3134">vain</w>
		</line>
		<line c="2417" h="114" n="13">
			<w x="965">despot,</w>
			<w x="1090">to</w>
			<w x="1253">be</w>
			<w x="1783">propitiated</w>
			<w x="1943">by</w>
			<w x="2250">forms</w>
			<w x="2464">and</w>
			<w x="2922">flatteries,</w>
			<w x="3134">and</w>
		</line>
		<line c="2544" h="121" n="14">
			<w x="838">now</w>
			<w x="960">an</w>
			<w x="1368">almighty</w>
			<w x="1762">torturer,</w>
			<w x="2373">foreordaining</w>
			<w x="2846">multitudes</w>
			<w x="2980">of</w>
			<w x="3131">his</w>
		</line>
		<line c="2672" h="127" n="15">
			<w x="1042">creatures</w>
			<w x="1165">to</w>
			<w x="1419">guilt,</w>
			<w x="1615">and</w>
			<w x="1842">then</w>
			<w x="2268">glorifying</w>
			<w x="2420">his</w>
			<w x="2760">justice</w>
			<w x="2907">by</w>
			<w x="3136">their</w>
		</line>
		<line c="2804" h="119" n="16">
			<w x="1109">everlasting</w>
			<w x="1393">woe.</w>
			<w x="1757">When</w>
			<w x="1868">I</w>
			<w x="2150">think</w>
			<w x="2407">what</w>
			<w x="2980">Christianity</w>
			<w x="3186">has</w>
		</line>
		<line c="2934" h="132" n="17">
			<w x="982">become</w>
			<w x="1122">in</w>
			<w x="1321">the</w>
			<w x="1649">hands</w>
			<w x="1788">of</w>
			<w x="2274">politicians</w>
			<w x="2456">and</w>
			<w x="2821">priests,</w>
			<w x="3139">how</w>
			<w x="3189">it</w>
		</line>
		<line c="3068" h="117" n="18">
			<w x="788">has</w>
			<w x="1051">been</w>
			<w x="1419">shaped</w>
			<w x="1632">into</w>
			<w x="1736">a</w>
			<w x="2124">weapon</w>
			<w x="2256">of</w>
			<w x="2623">power,</w>
			<w x="2830">how</w>
			<w x="2938">it</w>
			<w x="3136">has</w>
		</line>
		<line c="3202" h="121" n="19">
			<w x="984">crushed</w>
			<w x="1168">the</w>
			<w x="1510">human</w>
			<w x="1740">soul</w>
			<w x="1909">for</w>
			<w x="2158">ages,</w>
			<w x="2383">how</w>
			<w x="2478">it</w>
			<w x="2664">has</w>
			<w x="2971">struck</w>
			<w x="3137">the</w>
		</line>
		<line c="3332" h="126" n="20">
			<w x="991">intellect</w>
			<w x="1214">with</w>
			<w x="1464">palsy</w>
			<w x="1651">and</w>
			<w x="2020">haunted</w>
			<w x="2189">the</w>
			<w x="2736">imagination</w>
			<w x="2971">with</w>
			<w x="3137">
				<choice>
					<hyph>su-</hyph>
					<reg>superstitious</reg>
				</choice>
			</w>
		</line>
		<line c="3456" h="129" n="21">
			<w x="1090" endhyph="true">perstitious</w>
			<w x="1570">phantoms,</w>
			<w x="1783">how</w>
			<w x="1880">it</w>
			<w x="2051">has</w>
			<w x="2390">broken</w>
			<w x="2688">whole</w>
			<w x="3140">nations</w>
			<w x="3200">to</w>
		</line>
		<line c="3596" h="126" n="22">
			<w x="777">the</w>
			<w x="1072">yoke,</w>
			<w x="1269">and</w>
			<w x="1676">frowned</w>
			<w x="1822">on</w>
			<w x="2119">every</w>
			<w x="2320">free</w>
			<w x="2752">thought;</w>
			<w x="3139">when</w>
			<w x="3200">I</w>
		</line>
		<line c="3715" h="126" n="23">
			<w x="864">think</w>
			<w x="1125">how,</w>
			<w x="1412">under</w>
			<w x="1744">almost</w>
			<w x="2031">every</w>
			<w x="2269">form</w>
			<w x="2403">of</w>
			<w x="2606">this</w>
			<w x="2995">religion,</w>
			<w x="3136">its</w>
		</line>
		<line c="3857" h="112" n="24">
			<w x="1028">ministers</w>
			<w x="1305">have</w>
			<w x="1601">taken</w>
			<w x="1721">it</w>
			<w x="1939">into</w>
			<w x="2250">their</w>
			<w x="2443">own</w>
			<w x="2869">keeping,</w>
			<w x="3133">have</w>
		</line>
		<line c="3979" h="124" n="25">
			<w x="870">hewn</w>
			<w x="1074">and</w>
			<w x="1634">compressed</w>
			<w x="1730">it</w>
			<w x="1926">into</w>
			<w x="2115">the</w>
			<w x="2391">shape</w>
			<w x="2523">of</w>
			<w x="2760">rigid</w>
			<w x="3128">creeds</w>
		</line>
		<line c="4113" h="126" n="26">
			<w x="797">and</w>
			<w x="1028">have</w>
			<w x="1289">then</w>
			<w x="1676">pursued</w>
			<w x="1856">by</w>
			<w x="2278">menaces</w>
			<w x="2412">of</w>
			<w x="2913">everlasting</w>
			<w x="3134">woe</w>
		</line>
		<line c="4247" h="109" n="27">
			<w x="1013">whoever</w>
			<w x="1325">should</w>
			<w x="1735">question</w>
			<w x="1926">the</w>
			<w x="2304">divinity</w>
			<w x="2436">of</w>
			<w x="2695">these</w>
			<w x="2995">works</w>
			<w x="3131">of</w>
		</line>
		<line c="4370" h="117" n="28">
			<w x="838">their</w>
			<w x="1203">hands;</w>
			<w x="1485">when</w>
			<w x="1588">I</w>
			<w x="2050">consider,</w>
			<w x="2186">in</w>
			<w x="2276">a</w>
			<w x="2576">word,</w>
			<w x="2824">how,</w>
			<w x="3138">under</w>
		</line>
		<line c="4506" h="132" n="29">
			<w x="837">such</w>
			<w x="1359">influences,</w>
			<w x="1892">Christianity</w>
			<w x="2067">has</w>
			<w x="2325">been</w>
			<w x="2532">and</w>
			<w x="2720">still</w>
			<w x="2824">is</w>
			<w x="3138">
				<choice>
					<hyph>exhib-</hyph>
					<reg>exhibited,</reg>
				</choice>
			</w>
		</line>
		<line c="4635" h="115" n="30">
			<w x="830" endhyph="true">ited,</w>
			<w x="962">in</w>
			<w x="1228">forms</w>
			<w x="1523">which</w>
			<w x="1832">shock</w>
			<w x="2071">alike</w>
			<w x="2237">the</w>
			<w x="2584">reason,</w>
			<w x="3131">conscience,</w>
		</line>
		<line c="4773" h="109" n="31">
			<w x="790">and</w>
			<w x="1092">heart,</w>
			<w x="1175">I</w>
			<w x="1366">feel</w>
			<w x="1740">deeply,</w>
			<w x="2180">painfully,</w>
			<w x="2421">what</w>
			<w x="2511">a</w>
			<w x="2903">different</w>
			<w x="3138">
				<choice>
					<hyph>sys-</hyph>
					<reg>system</reg>
				</choice>
			</w>
		</line>
		<line c="4903" h="105" n="32">
			<w x="802" endhyph="true">tem</w>
			<w x="927">it</w>
			<w x="1072">is</w>
			<w x="1312">from</w>
			<w x="1513">that</w>
			<w x="1804">which</w>
			<w x="2085">Jesus</w>
			<w x="2444">taught,</w>
			<w x="2623">and</w>
			<w x="2723">I</w>
			<w x="2946">dare</w>
			<w x="3136">not</w>
		</line>
		<line c="5036" h="109" n="33">
			<w x="879">apply</w>
			<w x="998">to</w>
			<w x="1389">unbelief</w>
			<w x="1568">the</w>
			<w x="1856">terms</w>
			<w x="1990">of</w>
			<w x="2623">condemnation</w>
			<w x="2946">which</w>
			<w x="3138">
				<choice>
					<hyph>be-</hyph>
					<reg>belonged</reg>
				</choice>
			</w>
		</line>
		<line c="5153" h="135" n="34">
			<w x="925" endhyph="true">longed</w>
			<w x="1044">to</w>
			<w x="1214">the</w>
			<w x="1629">infidelity</w>
			<w x="1762">of</w>
			<w x="1935">the</w>
			<w x="2361">primitive</w>
			<w x="2570">age.</w>
		</line>
	</div>
</body>
