<body>
	<div id="2" group="1" x="579" y="3647" width="2720" height="841" type="score"
		attribution="HMorESM">
		<line c="3718" h="128" n="21">
			<w x="720">of</w>
			<w x="922">him</w>
			<w x="1272">cannot</w>
			<w x="1420">be</w>
			<w x="1858">enjoyed.</w>
			<w x="2208">And</w>
			<w x="2520">here</w>
			<w x="2563">I</w>
			<w x="2843">would</w>
			<w x="3278">observe,</w>
		</line>
		<line c="3850" h="155" n="22">
			<w x="746">not</w>
			<w x="902">in</w>
			<w x="1113">the</w>
			<w x="1421">spirit</w>
			<w x="1589">of</w>
			<w x="2075">reproach,</w>
			<w x="2272">but</w>
			<w x="2549">from</w>
			<w x="2733">a</w>
			<w x="2980">desire</w>
			<w x="3112">to</w>
			<w x="3278">do</w>
		</line>
		<line c="3991" h="162" n="23">
			<w x="860">good,</w>
			<w x="1071">that</w>
			<w x="1162">I</w>
			<w x="1453">know</w>
			<w x="1640">not</w>
			<w x="1733">a</w>
			<w x="2009">more</w>
			<w x="2432">effectual</w>
			<w x="2812">method</w>
			<w x="2956">of</w>
			<w x="3284">hiding</w>
		</line>
		<line c="4126" h="151" n="24">
			<w x="862">Jesus</w>
			<w x="1125">from</w>
			<w x="1313">us,</w>
			<w x="1461">of</w>
			<w x="1864">keeping</w>
			<w x="2020">us</w>
			<w x="2476">strangers</w>
			<w x="2619">to</w>
			<w x="2860">him,</w>
			<w x="3100">than</w>
			<w x="3284">the</w>
		</line>
		<line c="4268" h="126" n="25">
			<w x="1106">inculcation</w>
			<w x="1250">of</w>
			<w x="1436">the</w>
			<w x="1904">doctrine</w>
			<w x="2213">which</w>
			<w x="2563">makes</w>
			<w x="2792">him</w>
			<w x="3007">the</w>
			<w x="3284">same</w>
		</line>
		<line c="4412" h="159" n="26">
			<w x="854">being</w>
			<w x="1118">with</w>
			<w x="1303">his</w>
			<w x="1715">Father,</w>
			<w x="2048">makes</w>
			<w x="2268">him</w>
			<w x="2541">God</w>
			<w x="2986">himself.</w>
			<w x="3284">This</w>
		</line>
	</div>
</body>
