<body>
	<div id="2" group="1" x="658" y="1095" width="2540" height="2095" type="score"
		attribution="HMorESM">
		<line c="1161" h="124" n="4">
			<w x="1100">
				<choice>
					<hyph>tholicism.</hyph>
					<reg>Catholicism.</reg>
				</choice>
			</w>
			<w x="1264">I</w>
			<w x="1495">look</w>
			<w x="2021">confidently</w>
			<w x="2141">to</w>
			<w x="2311">the</w>
			<w x="2897">ineradicable,</w>
			<w x="3213">
				<choice>
					<hyph orig="ever-unfolding">ever-</hyph>
					<reg>ever-unfolding</reg>
					<reg>ever unfolding</reg>
					<reg>ever</reg>
					<reg>unfolding</reg>
				</choice>
			</w>
		</line>
		<line c="1302" h="118" n="5">
			<w x="1076" endhyph="true">unfolding</w>
			<w x="1545">principles</w>
			<w x="1707">of</w>
			<w x="2048">human</w>
			<w x="2429">nature,</w>
			<w x="2593">for</w>
			<w x="2789">the</w>
			<w x="3216">victory</w>
		</line>
		<line c="1432" h="113" n="6">
			<w x="878">over</w>
			<w x="1048">all</w>
			<w x="1680">superstitions.</w>
			<w x="2157">Reason</w>
			<w x="2380">and</w>
			<w x="2950">conscience,</w>
			<w x="3220">the</w>
		</line>
		<line c="1560" h="128" n="7">
			<w x="996">powers</w>
			<w x="1141">by</w>
			<w x="1432">which</w>
			<w x="1587">we</w>
			<w x="1932">discern</w>
			<w x="2120">the</w>
			<w x="2352">true</w>
			<w x="2558">and</w>
			<w x="2724">the</w>
			<w x="2984">right,</w>
			<w x="3159">are</w>
		</line>
		<line c="1692" h="115" n="8">
			<w x="1067">immortal</w>
			<w x="1191">as</w>
			<w x="1426">their</w>
			<w x="1775">author.</w>
			<w x="2351">Oppressed</w>
			<w x="2508">for</w>
			<w x="2762">ages,</w>
			<w x="2990">they</w>
			<w x="3162">yet</w>
		</line>
		<line c="1824" h="104" n="9">
			<w x="871">live.</w>
			<w x="1197">Like</w>
			<w x="1410">the</w>
			<w x="1774">central</w>
			<w x="2026">fires</w>
			<w x="2189">of</w>
			<w x="2380">the</w>
			<w x="2694">earth,</w>
			<w x="2951">they</w>
			<w x="3160">can</w>
		</line>
		<line c="1950" h="125" n="10">
			<w x="934">heave</w>
			<w x="1103">up</w>
			<w x="1618">mountains.</w>
			<w x="1816">It</w>
			<w x="1943">is</w>
			<w x="2520">encouraging</w>
			<w x="2661">to</w>
			<w x="2861">see</w>
			<w x="3159">under</w>
		</line>
		<line c="2083" h="120" n="11">
			<w x="899">what</w>
			<w x="1261">burdens</w>
			<w x="1450">and</w>
			<w x="1755">clouds</w>
			<w x="1978">they</w>
			<w x="2210">have</w>
			<w x="2472">made</w>
			<w x="2707">their</w>
			<w x="2968">way;</w>
			<w x="3155">and</w>
		</line>
		<line c="2218" h="109" n="12">
			<w x="811">we</w>
			<w x="1074">must</w>
			<w x="1587">remember,</w>
			<w x="1831">that,</w>
			<w x="1976">by</w>
			<w x="2255">every</w>
			<w x="2490">new</w>
			<w x="3150">
				<choice>
					<orig>developement,</orig>
					<reg>development,</reg>
				</choice>
			</w>
		</line>
		<line c="2347" h="108" n="13">
			<w x="879">they</w>
			<w x="1047">are</w>
			<w x="1412">brought</w>
			<w x="1682">more</w>
			<w x="1887">into</w>
			<w x="2239">contact</w>
			<w x="2458">with</w>
			<w x="2641">the</w>
			<w x="3149">
				<choice>
					<orig>life-giving,</orig>
					<reg>life giving,</reg>
					<reg>life</reg>
					<reg>giving,</reg>
				</choice>
			</w>
		</line>
		<line c="2479" h="113" n="14">
			<w x="1173">omnipotent</w>
			<w x="1440">truth</w>
			<w x="1663">and</w>
			<w x="2130">character</w>
			<w x="2290">of</w>
			<w x="2592">Jesus</w>
			<w x="2979">Christ.</w>
			<w x="3158">It</w>
		</line>
		<line c="2599" h="117" n="15">
			<w x="958">makes</w>
			<w x="1124">me</w>
			<w x="1425">smile,</w>
			<w x="1530">to</w>
			<w x="1752">hear</w>
			<w x="2278">immortality</w>
			<w x="2639">claimed</w>
			<w x="2786">for</w>
			<w x="3158">
				<choice>
					<hyph>Catholi-</hyph>
					<reg>Catholicism</reg>
				</choice>
			</w>
		</line>
		<line c="2736" h="109" n="16">
			<w x="932" endhyph="true">cism</w>
			<w x="1042">or</w>
			<w x="1717">Protestantism,</w>
			<w x="1876">or</w>
			<w x="2058">for</w>
			<w x="2269">any</w>
			<w x="2501">past</w>
			<w x="3160">interpretations</w>
		</line>
		<line c="2868" h="108" n="17">
			<w x="789">of</w>
			<w x="1384">Christianity;</w>
			<w x="1523">as</w>
			<w x="1631">if</w>
			<w x="1803">the</w>
			<w x="2118">human</w>
			<w x="2328">soul</w>
			<w x="2538">had</w>
			<w x="3010">exhausted</w>
			<w x="3160">
				<choice>
					<hyph>it-</hyph>
					<reg>itself</reg>
				</choice>
			</w>
		</line>
		<line c="2993" h="101" n="18">
			<w x="852" endhyph="true">self</w>
			<w x="970">in</w>
			<w x="1126">its</w>
			<w x="1418">infant</w>
			<w x="1774">efforts,</w>
			<w x="1932">or</w>
			<w x="2071">as</w>
			<w x="2177">if</w>
			<w x="2348">the</w>
			<w x="2585">men</w>
			<w x="2714">of</w>
			<w x="2932">one</w>
			<w x="3055">or</w>
			<w x="3164">a</w>
		</line>
		<line c="3121" h="130" n="19">
			<w x="846">few</w>
			<w x="1362">generations</w>
			<w x="1635">could</w>
			<w x="1856">bind</w>
			<w x="2021">the</w>
			<w x="2344">energy</w>
			<w x="2475">of</w>
			<w x="2791">human</w>
			<w x="3167">thought</w>
		</line>
	</div>
</body>
