<body>
	<div id="2" group="1" x="719" y="1117" width="2697" height="286" type="score"
		attribution="HMorESM">
		<line n="3" h="143" c="1188">
			<w x="984">them</w>
			<w x="1239">from</w>
			<w x="1389">it.</w>
			<w x="1563">I</w>
			<w x="1808">have</w>
			<w x="1958">no</w>
			<w x="2313">desire,</w>
			<w x="2488">for</w>
			<w x="2673">the</w>
			<w x="2903">sake</w>
			<w x="3052">of</w>
			<w x="3412">
				<choice>
					<hyph>uphold-</hyph>
					<reg>upholding</reg>
				</choice>
			</w>
		</line>
		<line n="4" h="143" c="1331">
			<w x="889" endhyph="true">ing</w>
			<w x="1089">the</w>
			<w x="1498">Gospel,</w>
			<w x="1633">to</w>
			<w x="1903">wrap</w>
			<w x="2098">up</w>
			<w x="2323">and</w>
			<w x="2748">conceal,</w>
			<w x="3037">much</w>
			<w x="3292">less</w>
			<w x="3412">to</w>
		</line>
	</div>
	<div id="3" group="2" x="689" y="2538" width="2748" height="819" type="score"
		attribution="HMorESM">
		<line c="2606" h="125" n="13">
			<w x="816">at</w>
			<w x="1141">large;</w>
			<w x="1352">but</w>
			<w x="1441">I</w>
			<w x="1629">see</w>
			<w x="1816">not</w>
			<w x="1906">a</w>
			<w x="2356">principle</w>
			<w x="2502">of</w>
			<w x="2675">the</w>
			<w x="3094">religion,</w>
			<w x="3436">which</w>
		</line>
		<line c="2744" h="145" n="14">
			<w x="906">my</w>
			<w x="1271">reason,</w>
			<w x="1639">calmly</w>
			<w x="1855">and</w>
			<w x="2412">impartially</w>
			<w x="2948">exercised,</w>
			<w x="3455">
				<choice>
					<hyph>pronoun-</hyph>
					<reg>pronounces</reg>
				</choice>
			</w>
		</line>
		<line c="2895" h="156" n="15">
			<w x="878" endhyph="true">ces</w>
			<w x="1466">inconsistent</w>
			<w x="1703">with</w>
			<w x="1904">any</w>
			<w x="2172">great</w>
			<w x="2453">truth.</w>
			<div id="4" group="2" x="699" y="2824" width="2728" height="413" type="bar"
				type2="parenthesis" attribution="HMorESM">
				<line n="15" h="137" c="2892">
					<blank x="2523"/>
					<w x="2633">I</w>
					<w x="2888">have</w>
					<w x="3082">the</w>
					<w x="3417">
						<choice>
							<hyph>strong-</hyph>
							<reg>strongest</reg>
						</choice>
					</w>
				</line>
				<line n="16" h="137" c="3029">
					<w x="884" endhyph="true">est</w>
					<w x="1488">conviction,</w>
					<w x="1728">that</w>
					<w x="2318">Christianity</w>
					<w x="2463">is</w>
					<w x="2823">reason</w>
					<w x="2987">in</w>
					<w x="3147">its</w>
					<w x="3422">most</w>
				</line>
				<line n="17" h="137" c="3166">
					<w x="1074">perfect</w>
					<w x="1354">form,</w>
				</line>
			</div>
			<w x="1577">and</w>
			<w x="2016">therefore</w>
			<w x="2093">I</w>
			<w x="2399">plead</w>
			<w x="2550">for</w>
			<w x="2696">its</w>
			<w x="3440">disengagement</w>
		</line>
		<line c="3318" h="123" n="18">
			<w x="944">from</w>
			<w x="1167">the</w>
			<w x="1662">irrational</w>
			<w x="2146">additions</w>
			<w x="2418">with</w>
			<w x="2768">which</w>
			<w x="2909">it</w>
			<w x="3120">has</w>
			<w x="3445">been</w>
		</line>
	</div>
</body>
