<body>
	<div id="2" group="1" x="768" y="849" width="2687" height="720" type="score"
		attribution="HMorESM">
		<line c="925" h="135" n="1">
			<w x="1136">
				<choice>
					<hyph>cession.</hyph>
					<reg>concession.</reg>
				</choice>
			</w>
			<w x="1627">Beware</w>
			<w x="1773">of</w>
			<w x="1944">the</w>
			<w x="2438">sophistry,</w>
			<w x="2758">which</w>
			<w x="3270">reconciles</w>
			<w x="3441">the</w>
		</line>
		<line c="1072" h="144" n="2">
			<w x="1277">conscience</w>
			<w x="1426">to</w>
			<w x="1629">the</w>
			<w x="2263">suppression,</w>
			<w x="2410">or</w>
			<w x="2784">vague,</w>
			<w x="3117">lifeless</w>
			<w x="3440">
				<choice>
					<hyph>utter-</hyph>
					<reg>utterance</reg>
				</choice>
			</w>
		</line>
		<line c="1208" h="160" n="3">
			<w x="984" endhyph="true">ance</w>
			<w x="1128">of</w>
			<w x="1635">unpopular</w>
			<w x="1945">truth.</w>
			<w x="2224">Do</w>
			<w x="2410">not</w>
			<w x="2678">wink</w>
			<w x="2798">at</w>
			<w x="3117">wrong</w>
			<w x="3438">deeds</w>
		</line>
		<line c="1346" h="155" n="4">
			<w x="872">or</w>
			<w x="1243">unholy</w>
			<w x="1813">prejudices,</w>
			<w x="2224">because</w>
			<w x="2703">sheltered</w>
			<w x="2890">by</w>
			<w x="3270">custom</w>
			<w x="3445">or</w>
		</line>
		<line c="1488" h="144" n="5">
			<w x="1218">respected</w>
			<w x="1600">names.</w>
			<w x="1904">Let</w>
			<w x="2169">your</w>
			<w x="2498">words</w>
			<w x="2915">breathe</w>
			<w x="3085">an</w>
			<w x="3436">heroic</w>
		</line>
	</div>
	<div id="3" group="2" x="763" y="2419" width="2688" height="272" type="score"
		attribution="HMorESM">
		<line n="12" h="136" c="2487">
			<w x="945">the</w>
			<w x="1231">truth,</w>
			<w x="1517">abide</w>
			<w x="1670">by</w>
			<w x="1914">your</w>
			<w x="2453">conviction</w>
			<w x="2577">at</w>
			<w x="2725">all</w>
			<w x="3136">hazards.</w>
			<w x="3446">
				<choice>
					<hyph>Nev-</hyph>
					<reg>Never</reg>
				</choice>
			</w>
		</line>
		<line n="13" h="136" c="2623">
			<w x="897" endhyph="true">er</w>
			<w x="1236">shrink</w>
			<w x="1527">from</w>
			<w x="1971">speaking</w>
			<w x="2276">your</w>
			<w x="2568">mind,</w>
			<w x="3002">through</w>
			<w x="3298">dread</w>
			<w x="3451">of</w>
		</line>
	</div>
</body>
