<body>
	<div id="2" group="1" x="716" y="1660" width="2744" height="1264" type="score"
		attribution="HMorESM">
		<line c="1743" h="129" n="7">
			<w x="858">in</w>
			<w x="1024">the</w>
			<w x="1385">simple</w>
			<w x="1837">histories</w>
			<w x="1983">of</w>
			<w x="2168">the</w>
			<w x="2782">Evangelists.</w>
			<w x="3198">Christ</w>
			<w x="3306">is</w>
			<w x="3452">to</w>
		</line>
		<line c="1886" h="120" n="8">
			<w x="904">be</w>
			<w x="1278">taught;</w>
			<w x="1491">and</w>
			<w x="1677">by</w>
			<w x="1878">this</w>
			<w x="1983">I</w>
			<w x="2316">mean,</w>
			<w x="2520">not</w>
			<w x="2746">any</w>
			<w x="3163">mystical</w>
			<w x="3494">
				<choice>
					<hyph>doc-</hyph>
					<reg>doctrine</reg>
				</choice>
			</w>
		</line>
		<line c="2016" h="123" n="9">
			<w x="967" endhyph="true">trine</w>
			<w x="1280">about</w>
			<w x="1470">his</w>
			<w x="1853">nature,</w>
			<w x="2048">not</w>
			<w x="2228">the</w>
			<w x="2675">doctrine</w>
			<w x="2835">of</w>
			<w x="3022">the</w>
			<w x="3446">Trinity,</w>
		</line>
		<line c="2173" h="133" n="10">
			<w x="907">but</w>
			<w x="1109">the</w>
			<w x="1408">spirit</w>
			<w x="1571">of</w>
			<w x="1936">Christ,</w>
			<w x="2430">breathing</w>
			<w x="2716">forth</w>
			<w x="2864">in</w>
			<w x="3040">all</w>
			<w x="3275">that</w>
			<w x="3442">he</w>
		</line>
		<line c="2302" h="104" n="11">
			<w x="937">said</w>
			<w x="1154">and</w>
			<w x="1334">all</w>
			<w x="1594">that</w>
			<w x="1754">he</w>
			<w x="2002">did.</w>
			<w x="2313">We</w>
			<w x="2683">should</w>
			<w x="2992">seek,</w>
			<w x="3232">that</w>
			<w x="3442">the</w>
		</line>
		<line c="2441" h="146" n="12">
			<w x="984">child</w>
			<w x="1320">should</w>
			<w x="1642">know</w>
			<w x="1796">his</w>
			<w x="2260">heavenly</w>
			<w x="2572">friend</w>
			<w x="2791">and</w>
			<w x="3208">
				<choice>
					<orig>Saviour</orig>
					<reg>Savior</reg>
				</choice>
			</w>
			<w x="3442">with</w>
		</line>
		<line c="2588" h="123" n="13">
			<w x="899">the</w>
			<w x="1491">distinctness</w>
			<w x="1732">with</w>
			<w x="2045">which</w>
			<w x="2211">he</w>
			<w x="2565">knows</w>
			<w x="2712">an</w>
			<w x="3075">earthly</w>
			<w x="3439">friend;</w>
		</line>
		<line c="2734" h="125" n="14">
			<w x="922">and</w>
			<w x="1146">this</w>
			<w x="1707">knowledge</w>
			<w x="1844">is</w>
			<w x="2057">not</w>
			<w x="2184">to</w>
			<w x="2333">be</w>
			<w x="2616">given</w>
			<w x="2776">by</w>
			<w x="3203">teaching</w>
			<w x="3434">him</w>
		</line>
		<line c="2852" h="168" n="15">
			<w x="970">dark</w>
			<w x="1362">notions</w>
			<w x="1677">about</w>
			<w x="2062">Christ,</w>
			<w x="2411">which</w>
			<w x="2697">have</w>
			<w x="3217">perplexed</w>
			<w x="3448">and</w>
		</line>
	</div>
</body>
