<body>
	<div id="2" group="1" x="690" y="2631" width="2729" height="1104" type="score"
		attribution="HMorESM">
		<line c="2697" h="130" n="14">
			<w x="943">How</w>
			<w x="1254">much</w>
			<w x="1401">to</w>
			<w x="1582">be</w>
			<w x="1979">desired</w>
			<w x="2123">is</w>
			<w x="2268">it,</w>
			<w x="2576">that,</w>
			<w x="3061">separated</w>
			<w x="3190">as</w>
			<w x="3392">we</w>
		</line>
		<line c="2833" h="141" n="15">
			<w x="843">are</w>
			<w x="1098">from</w>
			<w x="1302">the</w>
			<w x="1690">eastern</w>
			<w x="2183">continent</w>
			<w x="2352">by</w>
			<w x="2501">an</w>
			<w x="2841">ocean,</w>
			<w x="3020">we</w>
			<w x="3398">should</w>
		</line>
		<line c="2983" h="130" n="16">
			<w x="806">be</w>
			<w x="1015">still</w>
			<w x="1293">more</w>
			<w x="1639">widely</w>
			<w x="2118">separated</w>
			<w x="2268">by</w>
			<w x="2778">simplicity</w>
			<w x="2921">of</w>
			<w x="3383">manners,</w>
		</line>
		<line c="3128" h="122" n="17">
			<w x="816">by</w>
			<w x="1278">domestic</w>
			<w x="1634">purity,</w>
			<w x="1808">by</w>
			<w x="2186">inward</w>
			<w x="2515">piety,</w>
			<w x="2679">by</w>
			<w x="3194">reverence</w>
			<w x="3393">for</w>
		</line>
		<line c="3266" h="140" n="18">
			<w x="993">human</w>
			<w x="1377">nature,</w>
			<w x="1538">by</w>
			<w x="1873">moral</w>
			<w x="2606">independence,</w>
			<w x="2771">by</w>
			<w x="3405">withstanding</w>
		</line>
		<line c="3410" h="134" n="19">
			<w x="866">that</w>
			<w x="1373">subjection</w>
			<w x="1504">to</w>
			<w x="1866">fashion</w>
			<w x="2069">and</w>
			<w x="2287">that</w>
			<w x="2841">debilitating</w>
			<w x="3402">sensuality,</w>
		</line>
		<line c="3546" h="135" n="20">
			<w x="968">which</w>
			<w x="1603">characterize</w>
			<w x="1813">the</w>
			<w x="2110">most</w>
			<w x="2567">civilized</w>
			<w x="3012">portions</w>
			<w x="3190">of</w>
			<w x="3393">the</w>
		</line>
		<line c="3670" h="110" n="21">
			<w x="837">old</w>
			<w x="1175">World.</w>
		</line>
	</div>
</body>
