<body>
	<div id="2" group="1" x="483" y="1504" width="2556" height="2506" type="score"
		attribution="HMorESM">
		<line c="1575" h="122" n="7">
			<w x="681">may</w>
			<w x="821">be</w>
			<w x="1057">used</w>
			<w x="1179">to</w>
			<w x="1563">minister</w>
			<w x="1683">to</w>
			<w x="1854">the</w>
			<w x="2122">sense</w>
			<w x="2254">of</w>
			<w x="2591">beauty.</w>
			<w x="3007">Beauty</w>
		</line>
		<line c="1702" h="127" n="8">
			<w x="570">is</w>
			<w x="706">an</w>
			<w x="1309">
				<choice>
					<orig>all-pervading</orig>
					<reg>all pervading</reg>
					<reg>all</reg>
					<reg>pervading</reg>
				</choice>
			</w>
			<w x="1769">presence.</w>
			<w x="1971">It</w>
			<w x="2329">unfolds</w>
			<w x="2447">in</w>
			<w x="2613">the</w>
			<w x="3010">
				<choice>
					<hyph>number-</hyph>
					<reg>numberless</reg>
				</choice>
			</w>
		</line>
		<line c="1833" h="116" n="9">
			<w x="659" endhyph="true">less</w>
			<w x="1006">flowers</w>
			<w x="1142">of</w>
			<w x="1321">the</w>
			<w x="1665">spring.</w>
			<w x="1866">It</w>
			<w x="2163">waves</w>
			<w x="2281">in</w>
			<w x="2449">the</w>
			<w x="2874">branches</w>
			<w x="3009">of</w>
		</line>
		<line c="1961" h="119" n="10">
			<w x="637">the</w>
			<w x="884">trees</w>
			<w x="1080">and</w>
			<w x="1266">the</w>
			<w x="1556">green</w>
			<w x="1880">blades</w>
			<w x="2016">of</w>
			<w x="2303">grass.</w>
			<w x="2503">It</w>
			<w x="2823">haunts</w>
			<w x="3010">the</w>
		</line>
		<line c="2091" h="139" n="11">
			<w x="786">depths</w>
			<w x="923">of</w>
			<w x="1097">the</w>
			<w x="1370">earth</w>
			<w x="1580">and</w>
			<w x="1781">sea,</w>
			<w x="1974">and</w>
			<w x="2306">gleams</w>
			<w x="2482">out</w>
			<w x="2599">in</w>
			<w x="2765">the</w>
			<w x="3013">hues</w>
		</line>
		<line c="2228" h="114" n="12">
			<w x="599">of</w>
			<w x="796">the</w>
			<w x="1061">shell</w>
			<w x="1282">and</w>
			<w x="1474">the</w>
			<w x="1908">precious</w>
			<w x="2230">stone.</w>
			<w x="2562">And</w>
			<w x="2766">not</w>
			<w x="3017">only</w>
		</line>
		<line c="2362" h="119" n="13">
			<w x="728">these</w>
			<w x="1059">minute</w>
			<w x="1457">objects,</w>
			<w x="1637">but</w>
			<w x="1804">the</w>
			<w x="2144">ocean,</w>
			<w x="2349">the</w>
			<w x="2845">mountains,</w>
			<w x="3019">the</w>
		</line>
		<line c="2491" h="114" n="14">
			<w x="816">clouds,</w>
			<w x="1015">the</w>
			<w x="1453">heavens,</w>
			<w x="1646">the</w>
			<w x="1945">stars,</w>
			<w x="2149">the</w>
			<w x="2452">rising</w>
			<w x="2670">and</w>
			<w x="3018">setting</w>
		</line>
		<line c="2623" h="114" n="15">
			<w x="680">sun,</w>
			<w x="823">all</w>
			<w x="1234">overflow</w>
			<w x="1458">with</w>
			<w x="1826">beauty.</w>
			<w x="2136">The</w>
			<w x="2549">universe</w>
			<w x="2654">is</w>
			<w x="2787">its</w>
			<w x="3018">
				<choice>
					<hyph>tem-</hyph>
					<reg>temple;</reg>
				</choice>
			</w>
		</line>
		<line c="2759" h="127" n="16">
			<w x="698" endhyph="true">ple;</w>
			<w x="910">and</w>
			<w x="1172">those</w>
			<w x="1422">men,</w>
			<w x="1643">who</w>
			<w x="1814">are</w>
			<w x="2052">alive</w>
			<w x="2171">to</w>
			<w x="2300">it,</w>
			<w x="2632">cannot</w>
			<w x="2787">lift</w>
			<w x="3021">their</w>
		</line>
		<line c="2885" h="138" n="17">
			<w x="704">eyes</w>
			<w x="1071">without</w>
			<w x="1407">feeling</w>
			<w x="1934">themselves</w>
			<w x="2562">encompassed</w>
			<w x="2787">with</w>
			<w x="2882">it</w>
			<w x="3023">on</w>
		</line>
		<div id="3" group="1" x="494" y="2954" width="2558" height="1045" type="score"
			attribution="HMorESM">
			<line c="3017" h="134" n="18">
				<w x="757">every</w>
				<w x="995">side.</w>
				<w x="1325">Now</w>
				<w x="1511">this</w>
				<w x="1855">beauty</w>
				<w x="1961">is</w>
				<w x="2094">so</w>
				<w x="2529">precious,</w>
				<w x="2703">the</w>
				<w x="3019">
					<choice>
						<hyph>enjoy-</hyph>
						<reg>enjoyments</reg>
					</choice>
				</w>
			</line>
			<line c="3151" h="121" n="19">
				<w x="771" endhyph="true">ments</w>
				<w x="868">it</w>
				<w x="1122">gives</w>
				<w x="1295">are</w>
				<w x="1427">so</w>
				<w x="1763">refined</w>
				<w x="1961">and</w>
				<w x="2223">pure,</w>
				<w x="2359">so</w>
				<w x="2804">congenial</w>
				<w x="3023">with</w>
			</line>
			<line c="3269" h="130" n="20">
				<w x="672">our</w>
				<w x="1121">tenderest</w>
				<w x="1325">and</w>
				<w x="1608">noble</w>
				<w x="2014">feelings,</w>
				<w x="2226">and</w>
				<w x="2381">so</w>
				<w x="2622">akin</w>
				<w x="2766">to</w>
				<w x="3024">
					<choice>
						<hyph>wor-</hyph>
						<reg>worship,</reg>
					</choice>
				</w>
			</line>
			<line c="3415" h="159" n="21">
				<w x="724" endhyph="true">ship,</w>
				<w x="926">that</w>
				<w x="1026">it</w>
				<w x="1130">is</w>
				<w x="1459">painful</w>
				<w x="1595">to</w>
				<w x="1872">think</w>
				<w x="2023">of</w>
				<w x="2198">the</w>
				<w x="2390">multitude</w>
				<w x="2802">of</w>
				<w x="3095">men</w>
			</line>
			<line c="3545" h="125" n="22">
				<w x="604">as</w>
				<w x="907">living</w>
				<w x="1042">in</w>
				<w x="1211">the</w>
				<w x="1512">midst</w>
				<w x="1665">of</w>
				<w x="1795">it,</w>
				<w x="1992">and</w>
				<w x="2262">living</w>
				<w x="2603">almost</w>
				<w x="2745">as</w>
				<w x="3026">blind</w>
			</line>
			<line c="3670" h="126" n="23">
				<w x="606">to</w>
				<w x="750">it,</w>
				<w x="896">as</w>
				<w x="1029">if,</w>
				<w x="1376">instead</w>
				<w x="1507">of</w>
				<w x="1700">this</w>
				<w x="1901">fair</w>
				<w x="2177">earth</w>
				<w x="2383">and</w>
				<w x="2779">glorious</w>
				<w x="3069">sky,</w>
			</line>
			<line c="3802" h="151" n="24">
				<w x="724">they</w>
				<w x="961">were</w>
				<w x="1298">tenants</w>
				<w x="1434">of</w>
				<w x="1522">a</w>
				<w x="1968">dungeon.</w>
				<w x="2228">An</w>
				<w x="2554">infinite</w>
				<w x="2739">joy</w>
				<w x="2845">is</w>
				<w x="3064">lost</w>
			</line>
			<line c="3933" h="135" n="25">
				<w x="606">to</w>
				<w x="777">the</w>
				<w x="1064">world</w>
				<w x="1227">by</w>
				<w x="1398">the</w>
				<w x="1640">want</w>
				<w x="1772">of</w>
				<w x="2112">culture</w>
				<w x="2260">of</w>
				<w x="2453">this</w>
				<w x="2855">spiritual</w>
				<w x="3056">
					<choice>
						<hyph>en-</hyph>
						<reg>endowment</reg>
					</choice>
				</w>
			</line>
		</div>
	</div>
</body>
