<body>
	<div id="2" group="1" x="721" y="4429" width="2732" height="268" type="score"
		attribution="HMorESM">
		<line n="26" h="134" c="4496">
			<w x="834">I</w>
			<w x="1153">would</w>
			<w x="1374">not</w>
			<w x="1669">stand</w>
			<w x="1963">here.</w>
			<w x="2282">Did</w>
			<w x="2395">I</w>
			<w x="2778">expect</w>
			<w x="3156">nothing</w>
			<w x="3451">better</w>
		</line>
		<line n="27" h="134" c="4630">
			<w x="1006">from</w>
			<w x="1379">human</w>
			<w x="1723">nature</w>
			<w x="1968">than</w>
			<w x="2086">I</w>
			<w x="2307">see,</w>
			<w x="2410">I</w>
			<w x="2793">should</w>
			<w x="3038">have</w>
			<w x="3205">no</w>
			<w x="3451">heart</w>
		</line>
	</div>
</body>
