<body>
	<div id="2" group="1" x="581" y="3508" width="2751" height="1697" type="score"
		attribution="HMorESM">
		<line c="3589" h="137" n="9">
			<w x="834">"A</w>
			<w x="1242">virtuous</w>
			<w x="1808">attachment</w>
			<w x="2207">purifies</w>
			<w x="2408">the</w>
			<w x="2728">heart.</w>
			<w x="2960">In</w>
			<w x="3295">loving</w>
		</line>
		<line c="3713" h="178" n="10">
			<w x="757">the</w>
			<w x="1276">excellent,</w>
			<w x="1459">we</w>
			<w x="1867">receive</w>
			<w x="2296">strength</w>
			<w x="2446">to</w>
			<w x="2783">follow</w>
			<w x="3120">them.</w>
			<w x="3324">It</w>
		</line>
		<line c="3858" h="157" n="11">
			<w x="685">is</w>
			<w x="1024">happy</w>
			<w x="1196">for</w>
			<w x="1332">us</w>
			<w x="1618">when</w>
			<w x="1711">a</w>
			<w x="1958">pure</w>
			<w x="2415">affection</w>
			<w x="2802">springs</w>
			<w x="2968">up</w>
			<w x="3292">within</w>
		</line>
		<line c="4007" h="136" n="12">
			<w x="770">us,</w>
			<w x="1065">when</w>
			<w x="1586">friendship</w>
			<w x="1875">knits</w>
			<w x="2044">us</w>
			<w x="2314">with</w>
			<w x="2576">holy</w>
			<w x="2807">and</w>
			<w x="3286">generous</w>
		</line>
		<line c="4156" h="141" n="13">
			<w x="915">minds.</w>
			<w x="1136">It</w>
			<w x="1237">is</w>
			<w x="1567">happy</w>
			<w x="1739">for</w>
			<w x="1878">us</w>
			<w x="2160">when</w>
			<w x="2273">a</w>
			<w x="2576">being</w>
			<w x="2742">of</w>
			<w x="3040">noble</w>
			<w x="3287">
				<choice>
					<hyph>sen-</hyph>
					<reg>sentiments</reg>
				</choice>
			</w>
		</line>
		<line c="4287" h="127" n="14">
			<w x="947" endhyph="true">timents</w>
			<w x="1175">and</w>
			<w x="1709">beneficent</w>
			<w x="1910">life</w>
			<w x="2249">enters</w>
			<w x="2469">our</w>
			<w x="2836">circle,</w>
			<w x="3285">becomes</w>
		</line>
		<line c="4423" h="139" n="15">
			<w x="717">an</w>
			<w x="1077">object</w>
			<w x="1243">of</w>
			<w x="1630">interest</w>
			<w x="1774">to</w>
			<w x="1970">us,</w>
			<w x="2208">and</w>
			<w x="2383">by</w>
			<w x="2976">affectionate</w>
			<w x="3284">
				<choice>
					<hyph>inter-</hyph>
					<reg>intercourse</reg>
				</choice>
			</w>
		</line>
		<line c="4565" h="122" n="16">
			<w x="914" endhyph="true">course</w>
			<w x="1192">takes</w>
			<w x="1306">a</w>
			<w x="1668">strong</w>
			<w x="1903">hold</w>
			<w x="2079">on</w>
			<w x="2299">our</w>
			<w x="2680">hearts.</w>
			<w x="2965">Not</w>
			<w x="3063">a</w>
			<w x="3284">few</w>
		</line>
		<line c="4717" h="131" n="17">
			<w x="766">can</w>
			<w x="1061">trace</w>
			<w x="1271">the</w>
			<w x="1616">purity</w>
			<w x="1872">and</w>
			<w x="2336">elevation</w>
			<w x="2494">of</w>
			<w x="2786">their</w>
			<w x="3128">minds,</w>
			<w x="3282">to</w>
		</line>
		<line c="4858" h="139" n="18">
			<w x="1061">
				<choice>
					<orig>connexion</orig>
					<reg>connection</reg>
				</choice>
			</w>
			<w x="1351">with</w>
			<w x="1523">an</w>
			<w x="2045">individual</w>
			<w x="2344">who</w>
			<w x="2532">has</w>
			<w x="2788">won</w>
			<w x="3085">them</w>
			<w x="3283">by</w>
		</line>
		<line c="4983" h="164" n="19">
			<w x="741">the</w>
			<w x="1136">beauty</w>
			<w x="1263">of</w>
			<w x="1432">his</w>
			<w x="1930">character</w>
			<w x="2057">to</w>
			<w x="2242">the</w>
			<w x="2476">love</w>
			<w x="2698">and</w>
			<w x="3109">practice</w>
			<w x="3275">of</w>
		</line>
		<line c="5136" h="123" n="20">
			<w x="1246">righteousness.</w>
			<w x="1676">These</w>
			<w x="1975">views</w>
			<w x="2264">show</w>
			<w x="2399">us</w>
			<w x="2580">the</w>
			<w x="2965">service</w>
			<w x="3282">which</w>
		</line>
	</div>
</body>
