<body>
	<div id="2" group="1" x="639" y="3179" width="2526" height="791" type="score"
		attribution="HMorESM">
		<line c="3236" h="131" n="19">
			<w x="983">
				<choice>
					<hyph>ousness</hyph>
					<reg>arduousness</reg>
				</choice>
			</w>
			<w x="1117">of</w>
			<w x="1309">this</w>
			<w x="1598">work.</w>
			<w x="2049">Devout</w>
			<w x="2399">people,</w>
			<w x="2768">through</w>
			<w x="3003">love</w>
			<w x="3137">of</w>
		</line>
		<line c="3359" h="156" n="20">
			<w x="1165">excitement,</w>
			<w x="1389">and</w>
			<w x="1781">through</w>
			<w x="2105">wrong</w>
			<w x="2406">views</w>
			<w x="2558">of</w>
			<w x="2739">the</w>
			<w x="2985">love</w>
			<w x="3150">of</w>
		</line>
		<line c="3501" h="171" n="21">
			<w x="884">God,</w>
			<w x="1060">are</w>
			<w x="1277">apt</w>
			<w x="1389">to</w>
			<w x="1757">cherish</w>
			<w x="1941">the</w>
			<w x="2441">devotional</w>
			<w x="2829">feelings,</w>
			<w x="2968">at</w>
			<w x="3203">the</w>
		</line>
		<line c="3637" h="164" n="22">
			<w x="983">expense,</w>
			<w x="1152">if</w>
			<w x="1332">not</w>
			<w x="1458">to</w>
			<w x="1650">the</w>
			<w x="2144">exclusion,</w>
			<w x="2287">of</w>
			<w x="2551">other</w>
			<w x="2816">parts</w>
			<w x="2969">of</w>
			<w x="3203">our</w>
		</line>
		<line c="3758" h="156" n="23">
			<w x="978">nature.</w>
			<w x="1307">They</w>
			<w x="1577">seem</w>
			<w x="1684">to</w>
			<w x="2048">imagine</w>
			<w x="2247">that</w>
			<w x="2527">piety,</w>
			<w x="2716">like</w>
			<w x="2884">the</w>
			<w x="3148">Upas</w>
		</line>
		<line c="3898" h="140" n="24">
			<w x="860">tree,</w>
			<w x="1173">makes</w>
			<w x="1255">a</w>
			<w x="1557">desert</w>
			<w x="1867">where</w>
			<w x="1965">it</w>
			<w x="2331">grows;</w>
			<w x="2548">that</w>
			<w x="2730">the</w>
			<w x="3030">mind,</w>
			<w x="3143">if</w>
		</line>
	</div>
</body>
