<body>
	<div id="2" group="1" x="725" y="1009" width="2736" height="828" type="score"
		attribution="HMorESM">
		<line c="1079" h="128" n="2">
			<w x="975">your</w>
			<w x="1373">minds;</w>
			<w x="1867">whenever</w>
			<w x="1976">a</w>
			<w x="2413">sentence</w>
			<w x="2552">in</w>
			<w x="2644">a</w>
			<w x="2981">human</w>
			<w x="3305">work,</w>
			<w x="3432">or</w>
		</line>
		<line c="1219" h="122" n="3">
			<w x="811">a</w>
			<w x="1032">text</w>
			<w x="1191">of</w>
			<w x="1679">Scripture</w>
			<w x="2060">reveals</w>
			<w x="2209">to</w>
			<w x="2464">you,</w>
			<w x="2604">as</w>
			<w x="2776">by</w>
			<w x="2868">a</w>
			<w x="3147">flash,</w>
			<w x="3431">some</w>
		</line>
		<line c="1362" h="125" n="4">
			<w x="1024">depth</w>
			<w x="1171">in</w>
			<w x="1440">your</w>
			<w x="1692">own</w>
			<w x="2013">souls,</w>
			<w x="2160">or</w>
			<w x="2550">scatters</w>
			<w x="3016">suddenly</w>
			<w x="3199">the</w>
			<w x="3436">mist</w>
		</line>
		<line c="1502" h="119" n="5">
			<w x="1040">which</w>
			<w x="1283">had</w>
			<w x="1609">before</w>
			<w x="1887">hung</w>
			<w x="2134">over</w>
			<w x="2431">some</w>
			<w x="2941">important</w>
			<w x="3434">doctrine;</w>
		</line>
		<line c="1640" h="124" n="6">
			<w x="1209">whenever</w>
			<w x="1301">a</w>
			<w x="1526">new</w>
			<w x="1768">light</w>
			<w x="1911">of</w>
			<w x="2118">this</w>
			<w x="2380">kind</w>
			<w x="2752">gleams</w>
			<w x="2903">on</w>
			<w x="3166">you,</w>
			<w x="3438">prize</w>
		</line>
		<line c="1779" h="115" n="7">
			<w x="827">it</w>
			<w x="1123">more</w>
			<w x="1375">than</w>
			<w x="1841">volumes</w>
			<w x="1971">or</w>
			<w x="2429">libraries.</w>
			<w x="2767">Feel</w>
			<w x="3002">that</w>
			<w x="3116">a</w>
			<w x="3443">higher</w>
		</line>
	</div>
</body>
