<body>
	<div id="2" group="1" x="712" y="2498" width="2728" height="422" type="score"
		attribution="HMorESM">
		<line c="2563" h="122" n="13">
			<w x="998">hell?</w>
			<w x="1257">As</w>
			<w x="1504">soon</w>
			<w x="1806">could</w>
			<w x="1883">I</w>
			<w x="2126">look</w>
			<w x="2277">on</w>
			<w x="2451">the</w>
			<w x="2677">sun,</w>
			<w x="2870">and</w>
			<w x="3151">think</w>
			<w x="3254">it</w>
			<w x="3429">the</w>
		</line>
		<line c="2714" h="117" n="14">
			<w x="1058">source</w>
			<w x="1203">of</w>
			<w x="1696">darkness,</w>
			<w x="1821">as</w>
			<w x="1976">on</w>
			<w x="2157">the</w>
			<w x="2791">countenance</w>
			<w x="2934">of</w>
			<w x="3428">childhood</w>
		</line>
		<line c="2850" h="128" n="15">
			<w x="847">or</w>
			<w x="994">of</w>
			<w x="1331">youth,</w>
			<w x="1542">and</w>
			<w x="1727">see</w>
			<w x="1974">total</w>
			<w x="2463">depravity</w>
			<w x="2826">written</w>
			<w x="3131">there.</w>
			<w x="3426">My</w>
		</line>
	</div>
	<div id="3" group="2" x="728" y="3488" width="2762" height="1412" type="score"
		attribution="HMorESM">
		<line c="3558" h="125" n="20">
			<w x="864">all</w>
			<w x="1063">the</w>
			<w x="1280">ties</w>
			<w x="1603">which</w>
			<w x="1867">bind</w>
			<w x="2028">us</w>
			<w x="2173">to</w>
			<w x="2424">God</w>
			<w x="2649">and</w>
			<w x="2860">our</w>
			<w x="3143">race.</w>
			<w x="3432">My</w>
		</line>
		<line c="3694" h="107" n="21">
			<w x="1097">friends,</w>
			<w x="1362">have</w>
			<w x="1616">faith</w>
			<w x="1764">in</w>
			<w x="1966">the</w>
			<w x="2327">child;</w>
			<w x="2535">not</w>
			<w x="2777">that</w>
			<w x="2901">it</w>
			<w x="3017">is</w>
			<w x="3426">virtuous</w>
		</line>
		<line c="3840" h="115" n="22">
			<w x="930">and</w>
			<w x="1178">holy</w>
			<w x="1313">at</w>
			<w x="1623">birth;</w>
			<w x="1814">for</w>
			<w x="2127">virtue</w>
			<w x="2286">or</w>
			<w x="2704">holiness</w>
			<w x="2838">is</w>
			<w x="3076">not,</w>
			<w x="3429">cannot</w>
		</line>
		<line c="3982" h="119" n="23">
			<w x="896">be,</w>
			<w x="1144">born</w>
			<w x="1381">with</w>
			<w x="1552">us,</w>
			<w x="1739">but</w>
			<w x="1848">is</w>
			<w x="1939">a</w>
			<w x="2188">free,</w>
			<w x="2649">voluntary</w>
			<w x="2931">effort</w>
			<w x="3069">of</w>
			<w x="3143">a</w>
			<w x="3432">being</w>
		</line>
		<line c="4127" h="124" n="24">
			<w x="944">who</w>
			<w x="1275">knows</w>
			<w x="1458">the</w>
			<w x="1973">distinction</w>
			<w x="2119">of</w>
			<w x="2378">right</w>
			<w x="2595">and</w>
			<w x="2956">wrong,</w>
			<w x="3165">and</w>
			<w x="3427">who,</w>
		</line>
		<line c="4262" h="126" n="25">
			<w x="847">if</w>
			<w x="1284">tempted,</w>
			<w x="1685">adheres</w>
			<w x="1831">to</w>
			<w x="2035">the</w>
			<w x="2376">right;</w>
			<w x="2586">but</w>
			<w x="2856">have</w>
			<w x="3117">faith</w>
			<w x="3255">in</w>
			<w x="3434">the</w>
		</line>
		<line c="4410" h="117" n="26">
			<w x="981">child</w>
			<w x="1114">as</w>
			<w x="1510">capable</w>
			<w x="1650">of</w>
			<w x="2083">knowing</w>
			<w x="2280">and</w>
			<w x="2605">loving</w>
			<w x="2787">the</w>
			<w x="3053">good</w>
			<w x="3255">and</w>
			<w x="3436">the</w>
		</line>
		<line c="4551" h="116" n="27">
			<w x="967">true,</w>
			<w x="1106">as</w>
			<w x="1447">having</w>
			<w x="1551">a</w>
			<w x="2100">conscience</w>
			<w x="2230">to</w>
			<w x="2463">take</w>
			<w x="2645">the</w>
			<w x="2868">side</w>
			<w x="3012">of</w>
			<w x="3296">duty,</w>
			<w x="3435">as</w>
		</line>
		<line c="4691" h="113" n="28">
			<w x="981">open</w>
			<w x="1106">to</w>
			<w x="1602">ingenuous</w>
			<w x="2005">motives</w>
			<w x="2176">for</w>
			<w x="2728">
				<choice>
					<orig>well-doing,</orig>
					<reg>well doing,</reg>
					<reg>well</reg>
					<reg>doing,</reg>
				</choice>
			</w>
			<w x="2864">as</w>
			<w x="3251">created</w>
			<w x="3440">for</w>
		</line>
		<line c="4833" h="116" n="29">
			<w x="1285">knowledge,</w>
			<w x="1720">wisdom,</w>
			<w x="2036">piety,</w>
			<w x="2240">and</w>
			<w x="2868">disinterested</w>
			<w x="3130">love.</w>
		</line>
	</div>
</body>
