<body>
	<div id="2" group="1" x="565" y="3630" width="2507" height="385" type="score"
		attribution="HMorESM">
		<line c="3705" h="116" n="22">
			<w x="750">lays</w>
			<w x="902">on</w>
			<w x="1215">inward</w>
			<w x="1566">purity;</w>
			<w x="1719">its</w>
			<w x="2246">substitution</w>
			<w x="2378">of</w>
			<w x="2448">a</w>
			<w x="2826">spiritual</w>
			<w x="3119">
				<choice>
					<hyph>wor-</hyph>
					<reg>worship,</reg>
				</choice>
			</w>
		</line>
		<line c="3835" h="122" n="23">
			<w x="765" endhyph="true">ship,</w>
			<w x="941">for</w>
			<w x="1155">the</w>
			<w x="1423">forms</w>
			<w x="1630">and</w>
			<w x="2206">ceremonies,</w>
			<w x="2506">which</w>
			<w x="3120">everywhere</w>
		</line>
		<line c="3958" h="109" n="24">
			<w x="738">had</w>
			<w x="1130">usurped</w>
			<w x="1299">the</w>
			<w x="1579">name</w>
			<w x="1770">and</w>
			<w x="2365">extinguished</w>
			<w x="2534">the</w>
			<w x="2706">life</w>
			<w x="2839">of</w>
			<w x="3095">
				<choice>
					<hyph>reli-</hyph>
					<reg>religion</reg>
				</choice>
			</w>
		</line>
	</div>
</body>
