<body>
	<div id="2" group="1" x="771" y="4809" width="2764" height="720" type="score"
		attribution="HMorESM">
		<line c="4890" h="125" n="29">
			<w x="1223">There</w>
			<w x="1430">has</w>
			<w x="1811">always</w>
			<w x="2241">existed,</w>
			<w x="2472">and</w>
			<w x="2722">still</w>
			<w x="3066">exists,</w>
			<w x="3160">a</w>
			<w x="3512">
				<choice>
					<hyph>dispo-</hyph>
					<reg>disposition</reg>
				</choice>
			</w>
		</line>
		<line c="5027" h="137" n="30">
			<w x="1052" endhyph="true">sition</w>
			<w x="1227">to</w>
			<w x="1584">attach</w>
			<w x="1930">undue</w>
			<w x="2525">importance</w>
			<w x="2697">to</w>
			<w x="3012">"the</w>
			<w x="3517">church"</w>
		</line>
		<line c="5174" h="128" n="31">
			<w x="1084">which</w>
			<w x="1197">a</w>
			<w x="1453">man</w>
			<w x="1869">belongs</w>
			<w x="2078">to.</w>
			<w x="2339">To</w>
			<w x="2532">be</w>
			<w x="2629">a</w>
			<w x="3076">member</w>
			<w x="3238">of</w>
			<w x="3511">"the</w>
		</line>
		<line c="5319" h="134" n="32">
			<w x="987">true</w>
			<w x="1463">church"</w>
			<w x="1677">has</w>
			<w x="1964">been</w>
			<w x="2379">insisted</w>
			<w x="2538">on</w>
			<w x="2691">as</w>
			<w x="3154">essential</w>
			<w x="3301">to</w>
			<w x="3509">
				<choice>
					<hyph>hu-</hyph>
					<reg>human</reg>
				</choice>
			</w>
		</line>
		<line c="5465" h="125" n="33">
			<w x="1001" endhyph="true">man</w>
			<w x="1481">salvation.</w>
			<w x="2103">Multitudes</w>
			<w x="2338">have</w>
			<w x="2685">sought</w>
			<w x="3120">comfort,</w>
			<w x="3323">and</w>
			<w x="3549">not</w>
		</line>
	</div>
</body>
