<body>
	<div id="2" group="1" x="434" y="1843" width="2735" height="707" type="score"
		attribution="HMorESM">
		<line c="1912" h="137" n="8">
			<w x="974">conception</w>
			<w x="1140">of</w>
			<w x="1278">it.</w>
			<w x="1508">It</w>
			<w x="1632">is</w>
			<w x="1840">my</w>
			<w x="2102">faith</w>
			<w x="2245">in</w>
			<w x="2470">this</w>
			<w x="3002">perfection</w>
			<w x="3150">of</w>
		</line>
		<line c="2049" h="146" n="9">
			<w x="610">the</w>
			<w x="1000">Divine</w>
			<w x="1346">Mind,</w>
			<w x="1567">that</w>
			<w x="1972">inspires</w>
			<w x="2165">me</w>
			<w x="2436">with</w>
			<w x="2978">reverence</w>
			<w x="3150">for</w>
		</line>
		<line c="2189" h="141" n="10">
			<w x="611">the</w>
			<w x="1006">human,</w>
			<w x="1185">for</w>
			<w x="1421">they</w>
			<w x="1626">are</w>
			<w x="2102">intimately</w>
			<w x="2663">connected,</w>
			<w x="2851">the</w>
			<w x="3152">latter</w>
		</line>
		<line c="2332" h="141" n="11">
			<w x="718">being</w>
			<w x="814">a</w>
			<w x="1307">derivation</w>
			<w x="1564">from</w>
			<w x="1742">the</w>
			<w x="2143">former,</w>
			<w x="2363">and</w>
			<w x="2776">endued</w>
			<w x="2978">with</w>
			<w x="3149">the</w>
		</line>
		<line c="2480" h="144" n="12">
			<w x="770">power</w>
			<w x="883">of</w>
			<w x="1478">approaching</w>
			<w x="1620">its</w>
			<w x="2006">original</w>
			<w x="2281">more</w>
			<w x="2484">and</w>
			<w x="2843">more</w>
			<w x="3149">through</w>
		</line>
	</div>
</body>
