<body>
	<div id="2" group="1" height="4289" width="2618" x="599" y="828" type="score"
		attribution="HMorESM">
		<line c="2112" h="132" n="11">
			<w x="895">We</w>
			<w x="1154">must</w>
			<w x="1406">start</w>
			<w x="1544">in</w>
			<w x="1928">religion</w>
			<w x="2178">from</w>
			<w x="2384">our</w>
			<w x="2614">own</w>
			<w x="2910">souls.</w>
			<w x="3134">In</w>
		</line>
		<line c="2239" h="108" n="12">
			<w x="850">these</w>
			<w x="952">is</w>
			<w x="1114">the</w>
			<w x="1493">fountain</w>
			<w x="1620">of</w>
			<w x="1742">all</w>
			<w x="2029">divine</w>
			<w x="2298">truth.</w>
			<w x="2539">An</w>
			<w x="2920">outward</w>
			<w x="3133">
				<choice>
					<hyph>rev-</hyph>
					<reg>revelation</reg>
				</choice>
			</w>
		</line>
		<line c="2366" h="123" n="13">
			<w x="919" endhyph="true">elation</w>
			<w x="1018">is</w>
			<w x="1231">only</w>
			<w x="1600">possible</w>
			<w x="1791">and</w>
			<w x="2323">intelligible,</w>
			<w x="2464">on</w>
			<w x="2648">the</w>
			<w x="3003">ground</w>
			<w x="3130">of</w>
		</line>
		<line c="2486" h="108" n="14">
			<w x="1130">conceptions</w>
			<w x="1338">and</w>
			<w x="1835">principles,</w>
			<w x="2338">previously</w>
			<w x="2791">furnished</w>
			<w x="2944">by</w>
			<w x="3134">the</w>
		</line>
		<line c="2608" h="102" n="15">
			<w x="830">soul.</w>
			<w x="1143">Here</w>
			<w x="1245">is</w>
			<w x="1429">our</w>
			<w x="1837">primitive</w>
			<w x="2192">teacher</w>
			<w x="2371">and</w>
			<w x="2621">light.</w>
			<w x="2853">Let</w>
			<w x="2974">us</w>
			<w x="3133">not</w>
		</line>
	</div>
</body>
