<body>
	<div id="2" group="1" x="522" y="4019" width="2743" height="991" type="score"
		attribution="HMorESM">
		<line c="4078" h="138" n="23">
			<w x="1007">humanity,</w>
			<w x="1246">than</w>
			<w x="1359">is</w>
			<w x="1610">now</w>
			<w x="2128">witnessed.</w>
			<w x="2395">As</w>
			<w x="2633">long</w>
			<w x="2762">as</w>
			<w x="2946">the</w>
			<w x="3238">
				<choice>
					<hyph>pres-</hyph>
					<reg>present</reg>
				</choice>
			</w>
		</line>
		<line c="4223" h="115" n="24">
			<w x="693" endhyph="true">ent</w>
			<w x="1185">wretched</w>
			<w x="1659">condition</w>
			<w x="1798">of</w>
			<w x="1988">the</w>
			<w x="2471">Christian</w>
			<w x="2832">world</w>
			<w x="3072">shall</w>
			<w x="3241">be</w>
		</line>
		<line c="4368" h="125" n="25">
			<w x="956">regarded</w>
			<w x="1107">as</w>
			<w x="1585">ultimate,</w>
			<w x="1725">as</w>
			<w x="1981">long</w>
			<w x="2133">as</w>
			<w x="2361">our</w>
			<w x="2774">religion</w>
			<w x="3061">shall</w>
			<w x="3242">be</w>
		</line>
		<line c="4509" h="126" n="26">
			<w x="898">thought</w>
			<w x="1055">to</w>
			<w x="1327">have</w>
			<w x="1616">done</w>
			<w x="1995">already</w>
			<w x="2139">its</w>
			<w x="2449">chief</w>
			<w x="2731">work</w>
			<w x="2903">on</w>
			<w x="3235">earth,</w>
		</line>
		<line c="4641" h="141" n="27">
			<w x="652">as</w>
			<w x="900">long</w>
			<w x="1063">as</w>
			<w x="1280">the</w>
			<w x="1680">present</w>
			<w x="2277">corruptions</w>
			<w x="2423">of</w>
			<w x="2608">the</w>
			<w x="3002">church</w>
			<w x="3239">and</w>
		</line>
		<line c="4787" h="119" n="28">
			<w x="693">the</w>
			<w x="966">state</w>
			<w x="1234">shall</w>
			<w x="1403">be</w>
			<w x="1969">acquiesced</w>
			<w x="2114">in</w>
			<w x="2264">as</w>
			<w x="2516">laws</w>
			<w x="2660">of</w>
			<w x="3027">nature,</w>
			<w x="3240">and</w>
		</line>
		<line c="4934" h="126" n="29">
			<w x="760">shall</w>
			<w x="948">stir</w>
			<w x="1098">up</w>
			<w x="1250">no</w>
			<w x="1562">deep,</w>
			<w x="2033">agonizing</w>
			<w x="2347">desire</w>
			<w x="2491">of</w>
			<w x="2859">reform,</w>
			<w x="3007">so</w>
			<w x="3241">long</w>
		</line>
	</div>
</body>
