<body>
	<div id="2" group="1" x="711" y="3090" width="2712" height="1257" type="score"
		attribution="HMorESM">
		<line c="3151" h="135" n="17">
			<w x="941">and</w>
			<w x="1283">martyrs</w>
			<w x="1530">have</w>
			<w x="1770">they</w>
			<w x="2189">formed!</w>
			<w x="2586">Great</w>
			<w x="2844">ideas</w>
			<w x="3018">are</w>
			<w x="3403">
				<choice>
					<orig>mighter</orig>
					<reg>mightier</reg>
				</choice>
			</w>
		</line>
		<line c="3296" h="121" n="18">
			<w x="917">than</w>
			<w x="1111">the</w>
			<w x="1549">passions.</w>
			<w x="1826">To</w>
			<w x="2205">awaken</w>
			<w x="2474">them</w>
			<w x="2583">is</w>
			<w x="2762">the</w>
			<w x="3113">highest</w>
			<w x="3402">office</w>
		</line>
		<line c="3440" h="122" n="19">
			<w x="830">of</w>
			<w x="1354">education.</w>
			<w x="1613">As</w>
			<w x="1801">yet</w>
			<w x="1312">it</w>
			<w x="2081">has</w>
			<w x="2330">been</w>
			<w x="2563">little</w>
			<w x="2947">thought</w>
			<w x="3093">of.</w>
			<w x="3403">The</w>
		</line>
		<line c="3577" h="146" n="20">
			<w x="1168">education</w>
			<w x="1312">of</w>
			<w x="1509">the</w>
			<w x="1758">mass</w>
			<w x="1899">of</w>
			<w x="2086">the</w>
			<w x="2434">people</w>
			<w x="2619">has</w>
			<w x="3077">consisted</w>
			<w x="3212">in</w>
			<w x="3407">
				<choice>
					<hyph>giv-</hyph>
					<reg>giving</reg>
				</choice>
			</w>
		</line>
		<line c="3720" h="117" n="21">
			<w x="880" endhyph="true">ing</w>
			<w x="1131">them</w>
			<w x="1692">mechanical</w>
			<w x="2053">habits,</w>
			<w x="2179">in</w>
			<w x="2613">breaking</w>
			<w x="2895">them</w>
			<w x="3026">to</w>
			<w x="3408">current</w>
		</line>
		<line c="3861" h="121" n="22">
			<w x="1048">usages</w>
			<w x="1254">and</w>
			<w x="1611">modes</w>
			<w x="1763">of</w>
			<w x="2209">thinking,</w>
			<w x="2356">in</w>
			<w x="2781">teaching</w>
			<w x="3183">religion</w>
			<w x="3406">and</w>
		</line>
		<line c="3989" h="138" n="23">
			<w x="1111">morality</w>
			<w x="1241">as</w>
			<w x="1758">traditions.</w>
			<w x="1969">It</w>
			<w x="2080">is</w>
			<w x="2343">time</w>
			<w x="2558">that</w>
			<w x="2648">a</w>
			<w x="3027">rational</w>
			<w x="3419">culture</w>
		</line>
		<line c="4149" h="139" n="24">
			<w x="1048">should</w>
			<w x="1285">take</w>
			<w x="1590">place</w>
			<w x="1735">of</w>
			<w x="1925">the</w>
			<w x="2591">mechanical;</w>
			<w x="2794">that</w>
			<w x="3043">men</w>
			<w x="3406">should</w>
		</line>
		<line c="4282" h="128" n="25">
			<w x="957">learn</w>
			<w x="1135">to</w>
			<w x="1328">act</w>
			<w x="1610">more</w>
			<w x="1904">from</w>
			<w x="2207">ideas</w>
			<w x="2411">and</w>
			<w x="2960">principles,</w>
			<w x="3168">and</w>
			<w x="3400">less</w>
		</line>
	</div>
	<div id="3" group="2" x="719" y="5359" width="2696" height="139" type="score"
		attribution="HMorESM">
		<line n="33" h="139" c="5429">
			<w x="941">few</w>
			<w x="1303">means,</w>
			<w x="1520">still</w>
			<w x="1767">pant</w>
			<w x="1948">for</w>
			<w x="2416">generous</w>
			<w x="3123">improvement.</w>
			<w x="3312">It</w>
			<w x="3411">is</w>
		</line>
	</div>
</body>
