<body>
	<div id="2" group="1" x="556" y="2989" width="2702" height="558" type="score"
		attribution="HMorESM">
		<line c="3058" h="121" n="16">
			<w x="652">A</w>
			<w x="956">single</w>
			<w x="1273">nerve</w>
			<w x="1529">may</w>
			<w x="1788">thrill</w>
			<w x="1945">us</w>
			<w x="2185">with</w>
			<w x="2530">agony.</w>
			<w x="2966">Sleep,</w>
			<w x="3298">food,</w>
		</line>
		<line c="3191" h="136" n="17">
			<w x="903">friends,</w>
			<w x="1253">books,</w>
			<w x="1408">all</w>
			<w x="1662">may</w>
			<w x="1822">be</w>
			<w x="2201">robbed</w>
			<w x="2347">of</w>
			<w x="2606">their</w>
			<w x="2957">power</w>
			<w x="3105">to</w>
			<w x="3302">
				<choice>
					<hyph>in-</hyph>
					<reg>interest,</reg>
				</choice>
			</w>
		</line>
		<line c="3338" h="133" n="18">
			<w x="850" endhyph="true">terest,</w>
			<w x="1010">by</w>
			<w x="1193">the</w>
			<w x="1639">irritation</w>
			<w x="1785">of</w>
			<w x="1890">a</w>
			<w x="2131">little</w>
			<w x="2453">bunch</w>
			<w x="2600">of</w>
			<w x="2931">
				<choice>
					<orig>fibres,</orig>
					<reg>fibers,</reg>
				</choice>
			</w>
			<w x="3350">which</w>
		</line>
		<line c="3479" h="146" n="19">
			<w x="713">the</w>
			<w x="1018">naked</w>
			<w x="1223">eye</w>
			<w x="1413">can</w>
			<w x="1744">hardly</w>
			<w x="2034">trace.</w>
			<w x="2402">After</w>
			<w x="2572">the</w>
			<w x="2863">study</w>
			<w x="2996">of</w>
			<w x="3297">ages,</w>
		</line>
	</div>
</body>
