<body>
	<div id="2" group="1" x="718" y="3921" width="2745" height="840" type="score"
		attribution="HMorESM">
		<line c="3986" h="125" n="23">
			<w x="1109">another</w>
			<w x="1262">to</w>
			<w x="1487">love</w>
			<w x="1998">earnestly.</w>
			<w x="2303">Let</w>
			<w x="2488">us</w>
			<w x="2008">not,</w>
			<w x="2976">then,</w>
			<w x="3486">complain</w>
		</line>
		<line c="4124" h="148" n="24">
			<w x="863">of</w>
			<w x="1446">Providence</w>
			<w x="1888">because</w>
			<w x="2008">it</w>
			<w x="2223">has</w>
			<w x="2542">made</w>
			<w x="3072">
				<choice>
					<orig>self-denial</orig>
					<reg>self denial</reg>
					<reg>self</reg>
					<reg>denial</reg>
				</choice>
			</w>
			<w x="3488">
				<choice>
					<hyph>neces-</hyph>
					<reg>necessary;</reg>
				</choice>
			</w>
		</line>
		<line c="4267" h="137" n="25">
			<w x="1033" endhyph="true">sary;</w>
			<w x="1175">or</w>
			<w x="1630">complain</w>
			<w x="1785">of</w>
			<w x="2176">religion</w>
			<w x="2600">because</w>
			<w x="2703">it</w>
			<w x="3176">summons</w>
			<w x="3314">us</w>
			<w x="3487">to</w>
		</line>
		<line c="4409" h="163" n="26">
			<w x="919">this</w>
			<w x="1228">work.</w>
			<w x="1753">Religion</w>
			<w x="1959">and</w>
			<w x="2286">nature</w>
			<w x="2529">here</w>
			<w x="2768">hold</w>
			<w x="2976">one</w>
			<w x="3437">language.</w>
		</line>
		<line c="4552" h="141" n="27">
			<w x="961">Our</w>
			<w x="1200">own</w>
			<w x="1479">souls</w>
			<w x="1736">bear</w>
			<w x="2117">witness</w>
			<w x="2286">to</w>
			<w x="2451">the</w>
			<w x="2906">teaching</w>
			<w x="3074">of</w>
			<w x="3437">Christ,</w>
		</line>
		<line c="4695" h="122" n="28">
			<w x="961">that</w>
			<w x="1040">it</w>
			<w x="1165">is</w>
			<w x="1335">the</w>
			<w x="1800">"narrow</w>
			<w x="2121">way"</w>
			<w x="2286">of</w>
			<w x="2870">
				<choice>
					<orig>self-denial</orig>
					<reg>self denial</reg>
					<reg>self</reg>
					<reg>denial</reg>
				</choice>
			</w>
			<w x="3170">"which</w>
			<w x="3476">
				<choice>
					<hyph>lead</hyph>
					<reg>leadeth</reg>
				</choice>
			</w>
		</line>
	</div>
</body>
