<body>
	<div id="2" group="1" x="458" y="1890" width="2538" height="390" type="score"
		attribution="HMorESM">
		<line c="1958" h="121" n="9">
			<w x="652">You</w>
			<w x="845">will</w>
			<w x="1363">remember,</w>
			<w x="1585">that</w>
			<w x="1855">good</w>
			<w x="2260">practice</w>
			<w x="2390">is</w>
			<w x="2581">the</w>
			<w x="2796">end</w>
			<w x="2947">of</w>
		</line>
		<line c="2111" h="146" n="10">
			<w x="915">preaching,</w>
			<w x="1109">and</w>
			<w x="1305">will</w>
			<w x="1580">labor</w>
			<w x="1700">to</w>
			<w x="1969">make</w>
			<w x="2217">your</w>
			<w x="2540">people</w>
			<w x="2778">holy</w>
			<w x="2957">
				<choice>
					<hyph>liv-</hyph>
					<reg>livers,</reg>
				</choice>
			</w>
		</line>
		<line c="2228" h="115" n="11">
			<w x="650" endhyph="true">ers,</w>
			<w x="923">rather</w>
			<w x="1138">than</w>
			<w x="1451">
				<choice>
					<orig>skilful</orig>
					<reg>skillful</reg>
				</choice>
			</w>
			<w x="1957">disputants.</w>
			<w x="2206">Be</w>
			<w x="2586">careful,</w>
			<w x="2781">lest</w>
			<w x="2957">the</w>
		</line>
	</div>
</body>
