<body>
	<div id="2" group="1" x="750" y="4960" width="2725" height="573" type="score"
		attribution="HMorESM">
		<line c="5030" h="136" n="30">
			<w x="1047">many.</w>
			<w x="1379">The</w>
			<w x="1728">object</w>
			<w x="1868">of</w>
			<w x="2358">education</w>
			<w x="2472">is</w>
			<w x="2663">not</w>
			<w x="2799">so</w>
			<w x="3095">much</w>
			<w x="3224">to</w>
			<w x="3530">give</w>
		</line>
		<line c="5166" h="136" n="31">
			<w x="816">a</w>
			<w x="1191">certain</w>
			<w x="1590">amount</w>
			<w x="1753">of</w>
			<w x="2326">knowledge,</w>
			<w x="2464">as</w>
			<w x="2615">to</w>
			<w x="3021">awaken</w>
			<w x="3219">the</w>
			<w x="3450">
				<choice>
					<hyph>fac-</hyph>
					<reg>faculties,</reg>
				</choice>
			</w>
		</line>
		<line c="5312" h="138" n="32">
			<w x="1042" endhyph="true">ulties,</w>
			<w x="1272">and</w>
			<w x="1519">give</w>
			<w x="1720">the</w>
			<w x="2025">pupil</w>
			<w x="2249">the</w>
			<w x="2463">use</w>
			<w x="2629">of</w>
			<w x="2826">his</w>
			<w x="3085">own</w>
			<w x="3510">mind;</w>
		</line>
		<line c="5459" h="128" n="33">
			<w x="927">and</w>
			<w x="1156">one</w>
			<w x="1475">book,</w>
			<w x="1803">taught</w>
			<w x="1986">by</w>
			<w x="2075">a</w>
			<w x="2304">man</w>
			<w x="2536">who</w>
			<w x="2883">knows</w>
			<w x="3117">how</w>
			<w x="3243">to</w>
			<w x="3444">
				<choice>
					<hyph>ac-</hyph>
					<reg>accomplish</reg>
				</choice>
			</w>
		</line>
	</div>
</body>
