<body>
	<div id="2" group="1" x="635" y="1968" width="2600" height="3220" type="brokenscore"
		attribution="HMorESM">
		<line c="2047" h="118" n="10">
			<w x="752">of</w>
			<w x="1033">style,</w>
			<w x="1217">we</w>
			<w x="1466">shall</w>
			<w x="1719">have</w>
			<w x="2052">reason</w>
			<w x="2238">to</w>
			<w x="2486">think</w>
			<w x="2704">that</w>
			<w x="2810">a</w>
			<w x="3151">people</w>
		</line>
		<line c="2181" h="109" n="11">
			<w x="939">among</w>
			<w x="1252">whom</w>
			<w x="1439">this</w>
			<w x="1547">is</w>
			<w x="2039">neglected,</w>
			<w x="2322">wants</w>
			<w x="2529">one</w>
			<w x="2984">important</w>
			<w x="3153">
				<choice>
					<hyph>in-</hyph>
					<reg>intellectual</reg>
				</choice>
			</w>
		</line>
		<line c="2311" h="110" n="12">
			<w x="1047" endhyph="true">tellectual</w>
			<w x="1253">aid.</w>
			<w x="1475">In</w>
			<w x="1712">this,</w>
			<w x="1976">great</w>
			<w x="2304">power</w>
			<w x="2405">is</w>
			<w x="2798">exerted,</w>
			<w x="2994">and</w>
			<w x="3158">by</w>
		</line>
		<line c="2444" h="113" n="13">
			<w x="1010">exertion</w>
			<w x="1481">increased.</w>
			<w x="1754">To</w>
			<w x="1912">the</w>
			<w x="2385">multitude,</w>
			<w x="2748">indeed,</w>
			<w x="3181">language</w>
		</line>
		<line c="2571" h="102" n="14">
			<w x="914">seems</w>
			<w x="1045">so</w>
			<w x="1375">natural</w>
			<w x="1527">an</w>
			<w x="2048">instrument,</w>
			<w x="2254">that</w>
			<w x="2382">to</w>
			<w x="2561">use</w>
			<w x="2660">it</w>
			<w x="2879">with</w>
			<w x="3160">
				<choice>
					<hyph>clear-</hyph>
					<reg>clearness</reg>
				</choice>
			</w>
		</line>
		<line c="2701" h="117" n="15">
			<w x="864" endhyph="true">ness</w>
			<w x="1046">and</w>
			<w x="1387">energy</w>
			<w x="1704">seems</w>
			<w x="1862">no</w>
			<w x="2136">great</w>
			<w x="2453">effort.</w>
			<w x="2654">It</w>
			<w x="2774">is</w>
			<w x="3157">/framed,</w>
		</line>
		<line c="2839" h="108" n="16">
			<w x="845">they</w>
			<w x="1131">think,</w>
			<w x="1278">to</w>
			<w x="1451">the</w>
			<w x="1815">writer's</w>
			<w x="2107">hand,</w>
			<w x="2305">and</w>
			<w x="2452">so</w>
			<w x="2963">continually</w>
			<w x="3189">
				<choice>
					<hyph>em-</hyph>
					<reg>employed</reg>
				</choice>
			</w>
		</line>
		<line c="2977" h="118" n="17">
			<w x="948" endhyph="true">ployed</w>
			<w x="1070">as</w>
			<w x="1193">to</w>
			<w x="1435">need</w>
			<w x="1681">little</w>
			<w x="2043">thought</w>
			<w x="2172">or</w>
			<w x="2416">skill.</w>
			<w x="2702">But</w>
			<w x="2818">in</w>
			<w x="3167">nothing</w>
		</line>
		<line c="3096" h="121" n="18">
			<w x="722">is</w>
			<w x="894">the</w>
			<w x="1274">creative</w>
			<w x="1599">power</w>
			<w x="1742">of</w>
			<w x="1831">a</w>
			<w x="2124">gifted</w>
			<w x="2423">writer</w>
			<w x="2652">seen</w>
			<w x="2928">more</w>
			<w x="3167">than</w>
		</line>
		<line c="3228" h="126" n="19">
			<w x="736">in</w>
			<w x="919">his</w>
			<w x="1260">style.</w>
			<w x="1599">True,</w>
			<w x="1791">his</w>
			<w x="2117">words</w>
			<w x="2360">may</w>
			<w x="2530">be</w>
			<w x="2818">found</w>
			<w x="2989">in</w>
			<w x="3184">the</w>
		</line>
		<line c="3368" h="111" n="20">
			<w x="1117">dictionary.</w>
			<w x="1424">But</w>
			<w x="1709">there</w>
			<w x="1972">they</w>
			<w x="2140">lie</w>
			<w x="2632">disjointed</w>
			<w x="2860">and</w>
			<w x="3158">dead.</w>
		</line>
		<line c="3502" h="112" n="21">
			<w x="910">What</w>
			<w x="1013">a</w>
			<w x="1500">wonderful</w>
			<w x="1698">life</w>
			<w x="1950">does</w>
			<w x="2115">he</w>
			<w x="2495">breathe</w>
			<w x="2720">into</w>
			<w x="3000">them</w>
			<w x="3170">by</w>
		</line>
		<line c="3634" h="108" n="22">
			<w x="1155">compacting</w>
			<w x="1423">them</w>
			<w x="1629">into</w>
			<w x="1785">his</w>
			<w x="2289">sentences!</w>
			<w x="2765">Perhaps</w>
			<w x="2932">he</w>
			<w x="3190">uses</w>
		</line>
		<line c="3766" h="107" n="23">
			<w x="770">no</w>
			<w x="998">term</w>
			<w x="1296">which</w>
			<w x="1467">has</w>
			<w x="1645">not</w>
			<w x="1881">been</w>
			<w x="2383">hackneyed</w>
			<w x="2548">by</w>
			<w x="2956">ordinary</w>
			<w x="3165">
				<choice>
					<hyph>wri-</hyph>
					<reg>writers;</reg>
				</choice>
			</w>
		</line>
		<line c="3899" h="109" n="24">
			<w x="871" endhyph="true">ters;</w>
			<w x="1082">and</w>
			<w x="1272">yet</w>
			<w x="1515">with</w>
			<w x="1775">these</w>
			<w x="2077">vulgar</w>
			<w x="2498">materials</w>
			<w x="2744">what</w>
			<w x="3161">miracles</w>
		</line>
		<line c="4029" h="108" n="25">
			<w x="871">does</w>
			<w x="1011">he</w>
			<w x="1446">achieve!</w>
			<w x="1818">What</w>
			<w x="1925">a</w>
			<w x="2229">world</w>
			<w x="2383">of</w>
			<w x="2753">thought</w>
			<w x="3006">does</w>
			<w x="3163">he</w>
		</line>
		<line c="4156" h="120" n="26">
			<w x="1057">condense</w>
			<w x="1259">into</w>
			<w x="1348">a</w>
			<w x="1725">phrase!</w>
			<w x="1943">By</w>
			<w x="2158">new</w>
			<w x="2762">combinations</w>
			<w x="2898">of</w>
			<w x="3163">
				<choice>
					<hyph>com-</hyph>
					<reg>common</reg>
				</choice>
			</w>
		</line>
		<line c="4289" h="121" n="27">
			<w x="846" endhyph="true">mon</w>
			<w x="1175">words,</w>
			<w x="1426">what</w>
			<w x="1817">delicate</w>
			<w x="2067">hues</w>
			<w x="2199">or</w>
			<w x="2442">what</w>
			<w x="2542">a</w>
			<w x="2802">blaze</w>
			<w x="2934">of</w>
			<w x="3167">light</w>
		</line>
		<line c="4427" h="114" n="28">
			<w x="856">does</w>
			<w x="1048">he</w>
			<w x="1290">pour</w>
			<w x="1544">over</w>
			<w x="1721">his</w>
			<w x="2154">subject!</w>
			<w x="2567">Power</w>
			<w x="2722">of</w>
			<w x="2965">style</w>
			<w x="3181">
				<choice>
					<hyph>de-</hyph>
					<reg>depends</reg>
				</choice>
			</w>
		</line>
		<line c="4559" h="115" n="29">
			<w x="907" endhyph="true">pends</w>
			<w x="1160">very</w>
			<w x="1391">little</w>
			<w x="1555">on</w>
			<w x="1742">the</w>
			<w x="2180">structure</w>
			<w x="2304">or</w>
			<w x="2858">copiousness</w>
			<w x="2994">of</w>
			<w x="3182">the</w>
		</line>
		<line c="4691" h="117" n="30">
			<w x="1030">language</w>
			<w x="1324">which</w>
			<w x="1491">the</w>
			<w x="1790">writer</w>
			<w x="1921">of</w>
			<w x="2212">genius</w>
			<w x="2641">employs,</w>
			<w x="2812">but</w>
			<w x="3183">chiefly,</w>
		</line>
		<line c="4822" h="121" n="31">
			<w x="728">if</w>
			<w x="907">not</w>
			<w x="1236">wholly,</w>
			<w x="1379">on</w>
			<w x="1532">his</w>
			<w x="1749">own</w>
			<w x="2032">mind.</w>
			<w x="2304">The</w>
			<w x="2634">words,</w>
			<w x="3050">arranged</w>
			<w x="3164">in</w>
		</line>
		<line c="4953" h="121" n="32">
			<w x="770">his</w>
			<w x="1284">dictionary,</w>
			<w x="1462">are</w>
			<w x="1605">no</w>
			<w x="1864">more</w>
			<w x="2124">fitted</w>
			<w x="2261">to</w>
			<w x="2573">depict</w>
			<w x="2731">his</w>
			<w x="3157">thoughts,</w>
		</line>
		<line c="5085" h="123" n="33">
			<w x="846">than</w>
			<w x="1044">the</w>
			<w x="1353">block</w>
			<w x="1516">of</w>
			<w x="1868">marble</w>
			<w x="2011">in</w>
			<w x="2211">the</w>
			<w x="2701">sculptor's</w>
			<w x="3008">shop,</w>
			<w x="3161">to</w>
		</line>
	</div>
</body>
