<body>
	<div id="2" group="1" x="676" y="1086" width="2734" height="282" type="score"
		attribution="HMorESM">
		<line n="1" h="141" c="1157">
			<w x="810">I</w>
			<w x="1123">judge</w>
			<w x="1369">men</w>
			<w x="1533">by</w>
			<w x="1820">their</w>
			<w x="2266">motives,</w>
			<w x="2887">dispositions,</w>
			<w x="3117">and</w>
			<w x="3399">lives,</w>
		</line>
		<line n="2" h="141" c="1298">
			<w x="897">and</w>
			<w x="1107">not</w>
			<w x="1251">by</w>
			<w x="1528">their</w>
			<w x="2122">speculations</w>
			<w x="2297">or</w>
			<w x="2707">peculiar</w>
			<w x="3199">opinions;</w>
			<w x="3410">and</w>
		</line>
	</div>
	<div id="3" group="2" x="694" y="4775" width="2734" height="280" type="score"
		attribution="HMorESM">
		<line n="1" h="140" c="4845">
			<w x="911">
				<choice>
					<hyph>tian</hyph>
					<reg>Christian</reg>
				</choice>
			</w>
			<w x="1277">without</w>
			<w x="1669">ceasing</w>
			<w x="1801">to</w>
			<w x="1976">be</w>
			<w x="2411">rational,</w>
			<w x="2501">I</w>
			<w x="2830">should</w>
			<w x="3031">not</w>
			<w x="3418">hesitate</w>
		</line>
		<line n="2" h="140" c="4985">
			<w x="837">as</w>
			<w x="991">to</w>
			<w x="1192">my</w>
			<w x="1573">choice.</w>
			<w x="1764">I</w>
			<w x="1982">feel</w>
			<w x="2358">myself</w>
			<w x="2681">bound</w>
			<w x="2845">to</w>
			<w x="3296">sacrifice</w>
			<w x="3418">to</w>
		</line>
	</div>
</body>
