<body>
	<div id="2" group="1" x="476" y="1807" width="2569" height="385" type="bars2"
		attribution="HMorESM">
		<line c="1858" h="144" n="9">
			<blank x="2136"/>
			<w x="2506">What</w>
			<w x="2872">matters</w>
			<w x="2990">it</w>
		</line>
		<line c="1993" h="125" n="10">
			<w x="666">that</w>
			<w x="798">a</w>
			<w x="1008">man</w>
			<w x="1167">be</w>
			<w x="1456">poor,</w>
			<w x="1588">if</w>
			<w x="1729">he</w>
			<w x="2018">carry</w>
			<w x="2238">into</w>
			<w x="2412">his</w>
			<w x="2802">poverty</w>
			<w x="2988">the</w>
		</line>
		<line c="2127" h="137" n="11">
			<w x="749">spirit,</w>
			<w x="1128">energy,</w>
			<w x="1498">reason,</w>
			<w x="1713">and</w>
			<w x="2061">virtues</w>
			<w x="2212">of</w>
			<w x="2311">a</w>
			<w x="2682">Man?</w>
		</line>
	</div>
	<div id="3" group="2" x="471" y="2451" width="2531" height="264" type="score"
		attribution="HMorESM">
		<line c="2519" h="119" n="14">
			<w x="605">
				<choice>
					<hyph>ed</hyph>
					<reg>reduced</reg>
				</choice>
			</w>
			<w x="746">by</w>
			<w x="1084">disease</w>
			<w x="1205">to</w>
			<w x="1290">a</w>
			<w x="1576">worse</w>
			<w x="2040">condition</w>
			<w x="2270">than</w>
			<w x="2514">this?</w>
			<w x="3022">Honest,</w>
		</line>
		<line c="2642" h="131" n="15">
			<w x="891">virtuous,</w>
			<w x="1506">
				<choice>
					<orig>noble-minded</orig>
					<reg>noble minded</reg>
					<reg>noble</reg>
					<reg>minded</reg>
				</choice>
			</w>
			<w x="1894">poverty</w>
			<w x="1997">is</w>
			<w x="2104">a</w>
			<w x="2749">comparatively</w>
			<w x="2991">light</w>
		</line>
	</div>
</body>
