<body>
	<div id="2" group="1" x="483" y="726" width="2573" height="4371" type="score"
		attribution="HMorESM">
		<line c="811" h="134" n="1">
			<w x="799">plainly</w>
			<w x="1358">Christianity</w>
			<w x="1759">attaches</w>
			<w x="2296">importance</w>
			<w x="2434">to</w>
			<w x="2807">nothing</w>
			<w x="3078">but</w>
		</line>
		<line c="948" h="121" n="2">
			<w x="597">to</w>
			<w x="765">the</w>
			<w x="1053">moral</w>
			<w x="1587">excellence,</w>
			<w x="1761">the</w>
			<w x="2374">disinterested,</w>
			<w x="2678">divine</w>
			<w x="2992">virtue,</w>
		</line>
		<line c="1082" h="119" n="3">
			<w x="770">which</w>
			<w x="992">was</w>
			<w x="1492">embodied</w>
			<w x="1648">in</w>
			<w x="1838">the</w>
			<w x="2271">teaching</w>
			<w x="2483">and</w>
			<w x="2686">life</w>
			<w x="2851">of</w>
			<w x="3008">its</w>
		</line>
		<line c="1212" h="111" n="4">
			<w x="899">founder;</w>
			<w x="1106">and</w>
			<w x="1375">when</w>
			<w x="1629">from</w>
			<w x="1815">this</w>
			<w x="2213">position</w>
			<w x="2325">I</w>
			<w x="2573">look</w>
			<w x="2847">down</w>
			<w x="3003">on</w>
		</line>
		<line c="1349" h="114" n="5">
			<w x="657">the</w>
			<w x="924">sects</w>
			<w x="1241">which</w>
			<w x="1498">have</w>
			<w x="1888">figured,</w>
			<w x="2122">and</w>
			<w x="2361">now</w>
			<w x="2663">figure</w>
			<w x="2851">in</w>
			<w x="3003">the</w>
		</line>
		<line c="1483" h="119" n="6">
			<w x="874">church;</w>
			<w x="1172">when</w>
			<w x="1281">I</w>
			<w x="1481">see</w>
			<w x="1763">them</w>
			<w x="2131">making</w>
			<w x="2390">such</w>
			<w x="2502">a</w>
			<w x="2704">stir</w>
			<w x="3006">about</w>
		</line>
		<line c="1604" h="124" n="7">
			<w x="833">matters</w>
			<w x="1274">generally</w>
			<w x="1406">so</w>
			<w x="1959">unessential;</w>
			<w x="2243">when</w>
			<w x="2328">I</w>
			<w x="2501">see</w>
			<w x="2772">them</w>
			<w x="3006">
				<choice>
					<hyph>seiz-</hyph>
					<reg>seizing</reg>
				</choice>
			</w>
		</line>
		<line c="1730" h="136" n="8">
			<w x="651" endhyph="true">ing</w>
			<w x="790">on</w>
			<w x="893">a</w>
			<w x="1308">disputed</w>
			<w x="1518">and</w>
			<w x="2008">disputable</w>
			<w x="2435">doctrine,</w>
			<w x="2787">making</w>
			<w x="2901">it</w>
			<w x="3008">a</w>
		</line>
		<line c="1870" h="104" n="9">
			<w x="1059">
				<choice>
					<orig>watch-word,</orig>
					<reg>watch word,</reg>
					<reg>watch</reg>
					<reg>word,</reg>
				</choice>
			</w>
			<w x="1174">a</w>
			<w x="1393">test</w>
			<w x="1550">of</w>
			<w x="1867">God's</w>
			<w x="2182">favor,</w>
			<w x="2296">a</w>
			<w x="2568">bond</w>
			<w x="2723">of</w>
			<w x="3005">
				<choice>
					<hyph>com-</hyph>
					<reg>communion,</reg>
				</choice>
			</w>
		</line>
		<line c="2004" h="108" n="10">
			<w x="868" endhyph="true">munion,</w>
			<w x="976">a</w>
			<w x="1326">ground</w>
			<w x="1475">of</w>
			<w x="2294">
				<choice>
					<orig>self-complacency,</orig>
					<reg>self complacency,</reg>
					<reg>self</reg>
					<reg>complacency,</reg>
				</choice>
			</w>
			<w x="2386">a</w>
			<w x="2672">badge</w>
			<w x="2827">of</w>
			<w x="3007">
				<choice>
					<hyph>pe-</hyph>
					<reg>peculiar</reg>
				</choice>
			</w>
		</line>
		<line c="2133" h="109" n="11">
			<w x="767" endhyph="true">culiar</w>
			<w x="1200">holiness,</w>
			<w x="1285">a</w>
			<w x="1652">warrant</w>
			<w x="1826">for</w>
			<w x="2383">condemning</w>
			<w x="2535">its</w>
			<w x="3003">
				<choice>
					<orig>rejectors,</orig>
					<reg>rejecters,</reg>
				</choice>
			</w>
		</line>
		<line c="2254" h="149" n="12">
			<w x="912">however</w>
			<w x="1260">imbued</w>
			<w x="1488">with</w>
			<w x="1676">the</w>
			<w x="1933">spirit</w>
			<w x="2062">of</w>
			<w x="2425">Christ;</w>
			<w x="2712">when</w>
			<w x="2815">I</w>
			<w x="3010">see</w>
		</line>
		<line c="2397" h="112" n="13">
			<w x="736">them</w>
			<w x="1303">overlooking</w>
			<w x="1468">the</w>
			<w x="1902">weightier</w>
			<w x="2272">matters</w>
			<w x="2405">of</w>
			<w x="2579">the</w>
			<w x="2815">law,</w>
			<w x="3030">and</w>
		</line>
		<line c="2524" h="125" n="14">
			<w x="782">laying</w>
			<w x="1124">infinite</w>
			<w x="1413">stress</w>
			<w x="1638">here</w>
			<w x="1800">on</w>
			<w x="1885">a</w>
			<w x="2200">bishop</w>
			<w x="2391">and</w>
			<w x="3004">
				<choice>
					<orig>prayer-book,</orig>
					<reg>prayer book,</reg>
					<reg>prayer</reg>
					<reg>book,</reg>
				</choice>
			</w>
		</line>
		<line c="2657" h="133" n="15">
			<w x="742">there</w>
			<w x="904">on</w>
			<w x="1089">the</w>
			<w x="1482">quantity</w>
			<w x="1622">of</w>
			<w x="1905">water</w>
			<w x="2274">applied</w>
			<w x="2399">in</w>
			<w x="2818">baptism,</w>
			<w x="3012">and</w>
		</line>
		<line c="2791" h="111" n="16">
			<w x="773">there</w>
			<w x="927">on</w>
			<w x="1212">some</w>
			<w x="1473">dark</w>
			<w x="1900">solution,</w>
			<w x="2040">of</w>
			<w x="2189">an</w>
			<w x="3019">incomprehensible</w>
		</line>
		<line c="2927" h="113" n="17">
			<w x="796">article</w>
			<w x="928">of</w>
			<w x="1155">faith</w>
			<w x="1499">when</w>
			<w x="1616">I</w>
			<w x="1816">see</w>
			<w x="2004">the</w>
			<w x="2291">mock</w>
			<w x="2642">dignity</w>
			<w x="2774">of</w>
			<w x="3011">their</w>
		</line>
		<line c="3057" h="106" n="18">
			<w x="932">exclusive</w>
			<w x="1258">claims</w>
			<w x="1396">to</w>
			<w x="1683">truth,</w>
			<w x="1821">to</w>
			<w x="2373">churchship,</w>
			<w x="2499">to</w>
			<w x="2692">the</w>
			<w x="3011">
				<choice>
					<hyph>prom-</hyph>
					<reg>promises</reg>
				</choice>
			</w>
		</line>
		<line c="3174" h="119" n="19">
			<w x="687" endhyph="true">ises</w>
			<w x="821">of</w>
			<w x="1127">God's</w>
			<w x="1465">word;</w>
			<w x="1748">when</w>
			<w x="1848">I</w>
			<w x="2088">hear</w>
			<w x="2272">the</w>
			<w x="2591">mimic</w>
			<w x="3012">
				<choice>
					<hyph>thunder-</hyph>
					<reg>thunderbolts</reg>
				</choice>
			</w>
		</line>
		<line c="3321" h="111" n="20">
			<w x="735" endhyph="true">bolts</w>
			<w x="869">of</w>
			<w x="1446">denunciation</w>
			<w x="1631">and</w>
			<w x="2471">excommunication,</w>
			<w x="2771">which</w>
			<w x="3013">they</w>
		</line>
		<line c="3454" h="113" n="21">
			<w x="823">delight</w>
			<w x="960">to</w>
			<w x="1227">hurl;</w>
			<w x="1510">when</w>
			<w x="1591">I</w>
			<w x="2009">consider</w>
			<w x="2220">how</w>
			<w x="2466">their</w>
			<w x="2724">deep</w>
			<w x="3013">
				<choice>
					<hyph>theol-</hyph>
					<reg>theology,</reg>
				</choice>
			</w>
		</line>
		<line c="3586" h="112" n="22">
			<w x="716" endhyph="true">ogy,</w>
			<w x="855">in</w>
			<w x="1374">proportion</w>
			<w x="1523">as</w>
			<w x="1644">it</w>
			<w x="1774">is</w>
			<w x="2272">examined,</w>
			<w x="2794">evaporates</w>
			<w x="3013">into</w>
		</line>
		<line c="3709" h="126" n="23">
			<w x="822">words,</w>
			<w x="1046">how</w>
			<w x="1328">many</w>
			<w x="1726">opposite</w>
			<w x="1934">and</w>
			<w x="2468">extravagant</w>
			<w x="2820">notions</w>
			<w x="3014">are</w>
		</line>
		<line c="3839" h="130" n="24">
			<w x="876">covered</w>
			<w x="1021">by</w>
			<w x="1186">the</w>
			<w x="1447">same</w>
			<w x="1728">broad</w>
			<w x="2030">shield</w>
			<w x="2166">of</w>
			<w x="2557">mystery</w>
			<w x="2747">and</w>
			<w x="3014">
				<choice>
					<hyph>tradi-</hyph>
					<reg>tradition,</reg>
				</choice>
			</w>
		</line>
		<line c="3977" h="130" n="25">
			<w x="720" endhyph="true">tion,</w>
			<w x="931">and</w>
			<w x="1177">how</w>
			<w x="1677">commonly</w>
			<w x="1862">the</w>
			<w x="2368">persuasion</w>
			<w x="2516">of</w>
			<w x="3009">infallibility</w>
		</line>
		<line c="4115" h="118" n="26">
			<w x="599">is</w>
			<w x="1217">proportioned</w>
			<w x="1353">to</w>
			<w x="1521">the</w>
			<w x="1968">absurdity</w>
			<w x="2101">of</w>
			<w x="2288">the</w>
			<w x="2625">creed;</w>
			<w x="2909">when</w>
			<w x="3014">I</w>
		</line>
		<line c="4245" h="114" n="27">
			<w x="898">consider</w>
			<w x="1168">these</w>
			<w x="1484">things,</w>
			<w x="1678">and</w>
			<w x="1940">other</w>
			<w x="2306">matters</w>
			<w x="2443">of</w>
			<w x="2642">like</w>
			<w x="3008">import,</w>
		</line>
		<line c="4375" h="112" n="28">
			<w x="584">I</w>
			<w x="747">am</w>
			<w x="934">lost</w>
			<w x="1064">in</w>
			<w x="1579">amazement</w>
			<w x="1693">at</w>
			<w x="1858">the</w>
			<w x="2210">amount</w>
			<w x="2343">of</w>
			<w x="2735">arrogant</w>
			<w x="3008">folly,</w>
		</line>
		<line c="4489" h="145" n="29">
			<w x="632">of</w>
			<w x="1330">
				<choice>
					<orig>self-complacent</orig>
					<reg>self complacent</reg>
					<reg>self</reg>
					<reg>complacent</reg>
				</choice>
			</w>
			<w x="1855">intolerance,</w>
			<w x="1984">of</w>
			<w x="2288">almost</w>
			<w x="2737">incredible</w>
			<w x="3010">
				<choice>
					<hyph>blind-</hyph>
					<reg>blindness</reg>
				</choice>
			</w>
		</line>
		<line c="4636" h="108" n="30">
			<w x="711" endhyph="true">ness</w>
			<w x="854">to</w>
			<w x="1053">the</w>
			<w x="1238">end</w>
			<w x="1442">and</w>
			<w x="1823">essence</w>
			<w x="1958">of</w>
			<w x="2516">Christianity,</w>
			<w x="2828">which</w>
			<w x="3014">the</w>
		</line>
		<line c="4764" h="136" n="31">
			<w x="850">history</w>
			<w x="982">of</w>
			<w x="1236">sects</w>
			<w x="1619">reveals.</w>
			<w x="1786">I</w>
			<w x="2046">have</w>
			<w x="2389">indeed</w>
			<w x="2836">profound</w>
			<w x="3013">
				<choice>
					<hyph>re-</hyph>
					<reg>respect</reg>
				</choice>
			</w>
		</line>
		<line c="4903" h="111" n="32">
			<w x="761" endhyph="true">spect</w>
			<w x="938">for</w>
			<w x="1444">individuals</w>
			<w x="1579">in</w>
			<w x="1745">all</w>
			<w x="2344">communions</w>
			<w x="2496">of</w>
			<w x="3006">Christians.</w>
		</line>
		<line c="5035" h="110" n="33">
			<w x="695">But</w>
			<w x="859">on</w>
			<w x="1161">sects,</w>
			<w x="1380">and</w>
			<w x="1549">on</w>
			<w x="1747">the</w>
			<w x="2029">spirit</w>
			<w x="2185">of</w>
			<w x="2472">sects,</w>
			<w x="2586">I</w>
			<w x="2836">must</w>
			<w x="3014">be</w>
		</line>
	</div>
</body>
