<body>
	<div id="2" group="1" x="739" y="5085" width="2712" height="286" type="score2"
		attribution="HMorESM">
		<line n="31" h="143" c="5157">
			<w x="1190">chewed;</w>
			<w x="1418">and</w>
			<w x="1958">discussion,</w>
			<w x="2232">even</w>
			<w x="2348">if</w>
			<w x="2753">stormy,</w>
			<w x="3046">often</w>
			<w x="3451">winnows</w>
		</line>
		<line n="32" h="143" c="5300">
			<w x="990">truth</w>
			<w x="1279">from</w>
			<w x="1599">error,</w>
			<w x="1725">a</w>
			<w x="2013">good</w>
			<w x="2330">never</w>
			<w x="2469">to</w>
			<w x="2655">be</w>
			<w x="3157">expected</w>
			<w x="3311">in</w>
			<w x="3446">an</w>
		</line>
	</div>
</body>
