<body>
	<div id="2" group="1" x="471" y="2001" width="2534" height="791" type="score"
		attribution="HMorESM">
		<line c="2077" h="117" n="10">
			<w x="919">Christians</w>
			<w x="1156">may</w>
			<w x="1296">be</w>
			<w x="1664">brought</w>
			<w x="1801">to</w>
			<w x="1959">an</w>
			<w x="2235">end;</w>
			<w x="2456">that</w>
			<w x="2641">the</w>
			<w x="3072">servile,</w>
		</line>
		<line c="2202" h="143" n="11">
			<w x="770">assent,</w>
			<w x="907">so</w>
			<w x="1125">long</w>
			<w x="1478">yielded</w>
			<w x="1598">to</w>
			<w x="1916">human</w>
			<w x="2266">creeds,</w>
			<w x="2490">may</w>
			<w x="2699">give</w>
			<w x="2979">place</w>
		</line>
		<line c="2334" h="120" n="12">
			<w x="569">to</w>
			<w x="912">honest</w>
			<w x="1125">and</w>
			<w x="1477">devout</w>
			<w x="1823">inquiry</w>
			<w x="2019">into</w>
			<w x="2191">the</w>
			<w x="2771">Scriptures;</w>
			<w x="2981">and</w>
		</line>
		<line c="2468" h="152" n="13">
			<w x="648">that</w>
			<w x="1216">Christianity,</w>
			<w x="1434">thus</w>
			<w x="1801">purified</w>
			<w x="2039">from</w>
			<w x="2331">error,</w>
			<w x="2554">may</w>
			<w x="2725">put</w>
			<w x="2983">forth</w>
		</line>
		<line c="2602" h="120" n="14">
			<w x="586">its</w>
			<w x="992">almighty</w>
			<w x="1354">energy,</w>
			<w x="1539">and</w>
			<w x="1824">prove</w>
			<w x="2096">itself,</w>
			<w x="2243">by</w>
			<w x="2378">its</w>
			<w x="2832">ennobling</w>
			<w x="2981">
				<choice>
					<hyph>in-</hyph>
					<reg>influence</reg>
				</choice>
			</w>
		</line>
		<line c="2721" h="146" n="15">
			<w x="796" endhyph="true">fluence</w>
			<w x="949">on</w>
			<w x="1138">the</w>
			<w x="1439">mind,</w>
			<w x="1582">to</w>
			<w x="1703">be</w>
			<w x="2026">indeed</w>
			<w x="2289">"the</w>
			<w x="2616">power</w>
			<w x="2748">of</w>
			<w x="2984">God</w>
		</line>
	</div>
</body>
