<body>
	<div id="2" group="1" x="690" y="4232" width="2755" height="1303" type="score"
		attribution="HMorESM">
		<line c="4305" h="158" n="25">
			<w x="1147">another.</w>
			<w x="1273">I</w>
			<w x="1466">am</w>
			<w x="1656">not</w>
			<w x="1894">only</w>
			<w x="2095">one</w>
			<w x="2239">of</w>
			<w x="2424">the</w>
			<w x="2786">human</w>
			<w x="3099">race;</w>
			<w x="3212">I</w>
			<w x="3500">am</w>
		</line>
		<line c="4442" h="149" n="26">
			<w x="879">one</w>
			<w x="1040">of</w>
			<w x="1262">the</w>
			<w x="1545">great</w>
			<w x="2091">intellectual</w>
			<w x="2416">family</w>
			<w x="2562">of</w>
			<w x="2850">God.</w>
			<w x="3276">There</w>
			<w x="3407">is</w>
		</line>
		<line c="4590" h="134" n="27">
			<w x="828">no</w>
			<w x="1137">spirit</w>
			<w x="1294">so</w>
			<w x="1746">exalted,</w>
			<w x="2005">with</w>
			<w x="2338">which</w>
			<w x="2450">I</w>
			<w x="2757">have</w>
			<w x="2949">not</w>
			<w x="3407">common</w>
		</line>
		<line c="4730" h="148" n="28">
			<w x="1104">thoughts</w>
			<w x="1332">and</w>
			<w x="1814">feelings.</w>
			<w x="2135">That</w>
			<w x="2698">conception</w>
			<w x="3019">which</w>
			<w x="3099">I</w>
			<w x="3407">have</w>
		</line>
		<line c="4872" h="149" n="29">
			<w x="1053">gained,</w>
			<w x="1242">of</w>
			<w x="1479">One</w>
			<w x="2001">Universal</w>
			<w x="2417">Father,</w>
			<w x="2791">whose</w>
			<w x="3048">love</w>
			<w x="3189">is</w>
			<w x="3403">the</w>
		</line>
		<line c="5020" h="139" n="30">
			<w x="1094">fountain</w>
			<w x="1328">and</w>
			<w x="1656">
				<choice>
					<orig>centre</orig>
					<reg>center</reg>
				</choice>
			</w>
			<w x="1830">of</w>
			<w x="1994">all</w>
			<w x="2367">things,</w>
			<w x="2516">is</w>
			<w x="2732">the</w>
			<w x="3038">dawn</w>
			<w x="3213">of</w>
			<w x="3402">the</w>
		</line>
		<line c="5164" h="151" n="31">
			<w x="1044">highest</w>
			<w x="1275">and</w>
			<w x="1564">most</w>
			<w x="2174">magnificent</w>
			<w x="2505">views</w>
			<w x="2675">in</w>
			<w x="2869">the</w>
			<w x="3464">universe;</w>
		</line>
		<line c="5311" h="173" n="32">
			<w x="875">and</w>
			<w x="994">if</w>
			<w x="1087">I</w>
			<w x="1346">look</w>
			<w x="1503">up</w>
			<w x="1632">to</w>
			<w x="1833">this</w>
			<w x="2125">being</w>
			<w x="2362">with</w>
			<w x="2608">filial</w>
			<w x="2858">love,</w>
			<w x="2957">I</w>
			<w x="3217">have</w>
			<w x="3416">the</w>
		</line>
		<line c="5456" h="165" n="33">
			<w x="1082">spring</w>
			<w x="1200">and</w>
			<w x="1668">beginning</w>
			<w x="1862">of</w>
			<w x="2053">the</w>
			<w x="2416">noblest</w>
			<w x="2963">sentiments,</w>
			<w x="3414">and</w>
			<w x="3561">joys</w>
		</line>
	</div>
</body>
