<body>
	<div id="2" group="1" x="715" y="5040" width="2755" height="565" type="score"
		attribution="HMorESM">
		<line c="5111" h="126" n="30">
			<w x="1000">make</w>
			<w x="1437">progress</w>
			<w x="1825">without</w>
			<w x="1932">a</w>
			<w x="2412">particular</w>
			<w x="2808">church.</w>
			<w x="3467">Providence</w>
		</line>
		<line c="5250" h="135" n="31">
			<w x="949">may</w>
			<w x="1227">place</w>
			<w x="1368">us</w>
			<w x="1537">far</w>
			<w x="1797">from</w>
			<w x="1980">the</w>
			<w x="2338">resorts</w>
			<w x="2475">of</w>
			<w x="2671">our</w>
			<w x="3491">
				<choice>
					<orig>fellow-disciples,</orig>
					<reg>fellow disciples,</reg>
					<reg>fellow</reg>
					<reg>disciples,</reg>
				</choice>
			</w>
		</line>
		<line c="5387" h="153" n="32">
			<w x="1091">beyond</w>
			<w x="1276">the</w>
			<w x="1608">sound</w>
			<w x="1756">of</w>
			<w x="1922">the</w>
			<w x="2636">
				<choice>
					<orig>Sabbath-bell,</orig>
					<reg>Sabbath bell,</reg>
					<reg>Sabbath</reg>
					<reg>bell,</reg>
				</choice>
			</w>
			<w x="3023">beyond</w>
			<w x="3178">all</w>
			<w x="3461">
				<choice>
					<hyph>ordi-</hyph>
					<reg>ordinances;</reg>
				</choice>
			</w>
		</line>
		<line c="5550" h="144" n="33">
			<w x="1148" endhyph="true">nances;</w>
			<w x="1356">and</w>
			<w x="1551">we</w>
			<w x="1821">may</w>
			<w x="2036">find</w>
			<w x="2537">Sabbaths</w>
			<w x="2768">and</w>
			<w x="3318">ordinances</w>
			<w x="3456">in</w>
		</line>
	</div>
</body>
