<body>
	<div id="2" group="1" x="593" y="3810" width="2551" height="248" type="parenthesis"
		attribution="HMorESM">
		<line c="3874" h="119" n="24">
			<blank x="2286"/>
			<w x="2590">Man</w>
			<w x="2714">is</w>
			<w x="3122">glorious</w>
		</line>
		<line c="3997" h="139" n="25">
			<w x="772">and</w>
			<w x="1098">happy,</w>
			<w x="1277">not</w>
			<w x="1422">by</w>
			<w x="1664">what</w>
			<w x="1800">he</w>
			<w x="2008">has,</w>
			<w x="2200">but</w>
			<w x="2345">by</w>
			<w x="2590">what</w>
			<w x="2736">he</w>
			<w x="2823">is.</w>
		</line>
	</div>
</body>
