<body>
	<div id="2" group="1" x="532" y="3233" width="2723" height="1263" type="score"
		attribution="HMorESM">
		<line c="3301" h="129" n="18">
			<w x="836">grave.</w>
			<w x="1386">Suppose</w>
			<w x="1613">you</w>
			<w x="1943">should</w>
			<w x="2117">be</w>
			<w x="2395">told,</w>
			<w x="2660">that,</w>
			<w x="2809">on</w>
			<w x="3314">entering</w>
		</line>
		<line c="3435" h="131" n="19">
			<w x="682">the</w>
			<w x="1050">world,</w>
			<w x="1186">he</w>
			<w x="1484">found</w>
			<w x="1690">not</w>
			<w x="1911">one</w>
			<w x="2199">mind</w>
			<w x="2450">able</w>
			<w x="2610">to</w>
			<w x="3303">comprehend</w>
		</line>
		<line c="3572" h="135" n="20">
			<w x="682">his</w>
			<w x="1059">views,</w>
			<w x="1311">and</w>
			<w x="1538">felt</w>
			<w x="1958">himself</w>
			<w x="2660">immeasurably</w>
			<w x="3082">exalted</w>
			<w x="3314">in</w>
		</line>
		<line c="3715" h="140" n="21">
			<w x="904">thought</w>
			<w x="1103">and</w>
			<w x="1527">purpose</w>
			<w x="1851">above</w>
			<w x="1999">all</w>
			<w x="2353">around</w>
			<w x="2598">him,</w>
			<w x="2806">and</w>
			<w x="3304">suppose</w>
		</line>
		<line c="3856" h="137" n="22">
			<w x="726">you</w>
			<w x="1068">should</w>
			<w x="1317">then</w>
			<w x="1472">be</w>
			<w x="1773">asked</w>
			<w x="2035">what</w>
			<w x="2654">appearance,</w>
			<w x="2924">what</w>
			<w x="3308">mode</w>
		</line>
		<line c="3998" h="142" n="23">
			<w x="660">of</w>
			<w x="899">life,"</w>
			<w x="1146">what</w>
			<w x="1441">tone,</w>
			<w x="1709">what</w>
			<w x="1898">air,</w>
			<w x="2162">what</w>
			<w x="2786">deportment,</w>
			<w x="3052">what</w>
			<w x="3243">
				<choice>
					<hyph>in-</hyph>
					<reg>intercourse</reg>
				</choice>
			</w>
		</line>
		<line c="4140" h="136" n="24">
			<w x="986" endhyph="true">tercourse</w>
			<w x="1225">with</w>
			<w x="1403">the</w>
			<w x="1896">multitude</w>
			<w x="2294">seemed</w>
			<w x="2422">to</w>
			<w x="2633">you</w>
			<w x="2761">to</w>
			<w x="2994">suit</w>
			<w x="3243">such</w>
		</line>
		<line c="4277" h="133" n="25">
			<w x="630">a</w>
			<w x="1137">character,</w>
			<w x="1367">and</w>
			<w x="1653">were</w>
			<w x="2127">probably</w>
			<w x="2548">adopted</w>
			<w x="2711">by</w>
			<w x="2992">him;</w>
			<w x="3245">how</w>
		</line>
		<line c="4418" h="142" n="26">
			<w x="842">would</w>
			<w x="1050">you</w>
			<w x="1544">represent</w>
			<w x="1767">him</w>
			<w x="1902">to</w>
			<w x="2171">your</w>
			<w x="2580">minds?</w>
			<w x="3024">Would</w>
			<w x="3243">you</w>
		</line>
	</div>
</body>
