<body>
	<div id="2" group="1" x="521" y="3526" width="2538" height="263" type="parenthesis"
		attribution="HMorESM">
		<line c="3592" h="125" n="22">
			<blank x="994"/>
			<w x="1382">a</w>
			<w x="1642">sense</w>
			<w x="1772">of</w>
			<w x="1953">the</w>
			<w x="2348">graceful</w>
			<w x="2479">is</w>
			<w x="2691">one</w>
			<w x="2843">of</w>
			<w x="3027">the</w>
		</line>
		<line c="3717" h="127" n="23">
			<w x="811">higher</w>
			<w x="1214">faculties</w>
			<w x="1370">of</w>
			<w x="1574">our</w>
			<w x="1984">nature?</w>
		</line>
	</div>
</body>
