<body>
	<div id="2" group="1" x="611" y="772" width="2499" height="286" type="score"
		attribution="HMorESM">
		<line c="862" h="169" n="1">
			<w x="684">it</w>
			<w x="802">to</w>
			<w x="1078">guard</w>
			<w x="1407">against</w>
			<w x="1570">the</w>
			<w x="1909">senses,</w>
			<w x="2073">the</w>
			<w x="2499">passions,</w>
			<w x="2658">the</w>
			<w x="3106">appetites,</w>
		</line>
		<line c="987" h="154" n="2">
			<w x="942">through</w>
			<w x="1243">which</w>
			<w x="1332">it</w>
			<w x="1435">is</w>
			<w x="1830">chained,</w>
			<w x="2299">enfeebled,</w>
			<w x="2776">destroyed.</w>
			<w x="2930">I</w>
			<w x="3108">see</w>
		</line>
	</div>
</body>
