<body>
	<div id="2" group="1" x="567" y="2696" width="2720" height="1273" type="score"
		attribution="HMorESM">
		<line c="2771" h="122" n="14">
			<w x="858">Other</w>
			<w x="1173">books</w>
			<w x="1377">are</w>
			<w x="1598">left</w>
			<w x="1745">to</w>
			<w x="1946">act</w>
			<w x="2125">on</w>
			<w x="2350">our</w>
			<w x="2693">minds</w>
			<w x="3023">freely</w>
			<w x="3250">and</w>
		</line>
		<line c="2913" h="120" n="15">
			<w x="924">without</w>
			<w x="1302">control,</w>
			<w x="1424">to</w>
			<w x="1698">exert</w>
			<w x="1847">on</w>
			<w x="1985">us</w>
			<w x="2241">their</w>
			<w x="2583">native,</w>
			<w x="2969">genuine</w>
			<w x="3253">
				<choice>
					<hyph>influ-</hyph>
					<reg>influence;</reg>
				</choice>
			</w>
		</line>
		<line c="3054" h="120" n="16">
			<w x="850" endhyph="true">ence;</w>
			<w x="1058">but</w>
			<w x="1332">such</w>
			<w x="1424">a</w>
			<w x="1655">host</w>
			<w x="1816">of</w>
			<w x="2396">interpreters</w>
			<w x="2691">thrust</w>
			<w x="3252">themselves</w>
		</line>
		<line c="3195" h="124" n="17">
			<w x="957">between</w>
			<w x="1166">the</w>
			<w x="1524">sacred</w>
			<w x="1930">volume</w>
			<w x="2156">and</w>
			<w x="2367">the</w>
			<w x="2764">reader,</w>
			<w x="2931">so</w>
			<w x="3256">many</w>
		</line>
		<line c="3335" h="123" n="18">
			<w x="781">"false</w>
			<w x="1363">associations</w>
			<w x="1489">of</w>
			<w x="1744">ideas</w>
			<w x="1975">with</w>
			<w x="2119">its</w>
			<w x="2715">phraseology</w>
			<w x="2888">are</w>
			<w x="3258">formed</w>
		</line>
		<line c="3478" h="116" n="19">
			<w x="794">from</w>
			<w x="973">the</w>
			<w x="1338">cradle,</w>
			<w x="1543">and</w>
			<w x="1821">long</w>
			<w x="2323">familiarity</w>
			<w x="2511">has</w>
			<w x="2655">so</w>
			<w x="3116">hardened</w>
			<w x="3256">us</w>
		</line>
		<line c="3621" h="122" n="20">
			<w x="667">to</w>
			<w x="814">its</w>
			<w x="1094">most</w>
			<w x="1652">quickening</w>
			<w x="2136">passages,</w>
			<w x="2354">that</w>
			<w x="2456">it</w>
			<w x="2568">is</w>
			<w x="2849">more</w>
			<w x="3261">difficult</w>
		</line>
		<line c="3756" h="136" n="21">
			<w x="666">to</w>
			<w x="943">bring</w>
			<w x="1410">ourselves</w>
			<w x="1623">into</w>
			<w x="1861">near</w>
			<w x="2589">communication</w>
			<w x="2828">with</w>
			<w x="2917">a</w>
			<w x="3260">sacred</w>
		</line>
		<line c="3903" h="117" n="22">
			<w x="888">writer,</w>
			<w x="1128">than</w>
			<w x="1384">with</w>
			<w x="1606">any</w>
			<w x="1916">other.</w>
			<w x="2250">The</w>
			<w x="2655">student</w>
			<w x="2793">in</w>
			<w x="3261">theology</w>
		</line>
	</div>
</body>
