<body>
	<div id="2" group="1" x="720" y="4193" width="2741" height="1139" type="score"
		attribution="HMorESM">
		<line c="4273" h="143" n="24">
			<w x="1208">especially</w>
			<w x="1340">in</w>
			<w x="1765">religious</w>
			<w x="2218">teaching.</w>
			<w x="2544">You</w>
			<w x="2804">must</w>
			<w x="3101">never</w>
			<w x="3427">forget,</w>
		</line>
		<line c="4400" h="111" n="25">
			<w x="872">my</w>
			<w x="1245">friends,</w>
			<w x="1696">whether</w>
			<w x="2066">parents</w>
			<w x="2223">or</w>
			<w x="2992">
				<choice>
					<orig>Sunday-School</orig>
					<reg>Sunday School</reg>
					<reg>Sunday</reg>
					<reg>School</reg>
				</choice>
			</w>
			<w x="3432">
				<choice>
					<hyph orig="instructers">instruct-</hyph>
					<reg>instructers,</reg>
					<reg>instructors,</reg>
				</choice>
			</w>
		</line>
		<line c="4552" h="131" n="26">
			<w x="928" endhyph="true">ers,</w>
			<w x="1193">what</w>
			<w x="1434">kind</w>
			<w x="1576">of</w>
			<w x="1672">a</w>
			<w x="1960">being</w>
			<w x="2182">you</w>
			<w x="2366">are</w>
			<w x="2707">acting</w>
			<w x="3023">upon.</w>
			<w x="3436">Never</w>
		</line>
		<line c="4697" h="136" n="27">
			<w x="1027">forget</w>
			<w x="1237">that</w>
			<w x="1418">the</w>
			<w x="1704">child</w>
			<w x="1816">is</w>
			<w x="1912">a</w>
			<w x="2330">rational,</w>
			<w x="2673">moral,</w>
			<w x="2894">free</w>
			<w x="3226">being,</w>
			<w x="3438">and</w>
		</line>
		<line c="4840" h="137" n="28">
			<w x="928">that</w>
			<w x="1108">the</w>
			<w x="1384">great</w>
			<w x="1590">end</w>
			<w x="1732">of</w>
			<w x="2222">education</w>
			<w x="2335">is</w>
			<w x="2465">to</w>
			<w x="2849">awaken</w>
			<w x="3235">rational</w>
			<w x="3438">and</w>
		</line>
		<line c="4980" h="136" n="29">
			<w x="1020">moral</w>
			<w x="1390">energy</w>
			<w x="1715">within</w>
			<w x="1990">him,</w>
			<w x="2200">and</w>
			<w x="2344">to</w>
			<w x="2602">lead</w>
			<w x="2836">him</w>
			<w x="2987">to</w>
			<w x="3199">the</w>
			<w x="3435">free</w>
		</line>
		<line c="5117" h="141" n="30">
			<w x="1060">choice</w>
			<w x="1203">of</w>
			<w x="1392">the</w>
			<w x="1687">right,</w>
			<w x="1817">to</w>
			<w x="1999">the</w>
			<w x="2217">free</w>
			<w x="2894">determination</w>
			<w x="3037">of</w>
			<w x="3422">himself</w>
		</line>
		<line c="5262" h="138" n="31">
			<w x="850">to</w>
			<w x="1115">truth</w>
			<w x="1336">and</w>
			<w x="1631">duty.</w>
			<w x="1965">The</w>
			<w x="2254">child</w>
			<w x="2364">is</w>
			<w x="2556">not</w>
			<w x="2644">a</w>
			<w x="2930">piece</w>
			<w x="3071">of</w>
			<w x="3310">wax</w>
			<w x="3440">to</w>
		</line>
	</div>
</body>
