<body>
	<div id="2" group="1" x="548" y="874" width="2732" height="427" type="score"
		attribution="HMorESM">
		<line c="947" h="136" n="1">
			<w x="661">in</w>
			<w x="1006">which</w>
			<w x="1346">works</w>
			<w x="1512">of</w>
			<w x="1694">art</w>
			<w x="1922">and</w>
			<w x="2088">of</w>
			<w x="2530">theology</w>
			<w x="2807">have</w>
			<w x="3269">wrapped</w>
		</line>
		<line c="1084" h="141" n="2">
			<w x="686">up</w>
			<w x="1026">Jesus,</w>
			<w x="1236">and</w>
			<w x="1383">to</w>
			<w x="1786">receive</w>
			<w x="2361">immediate,</w>
			<w x="2808">unmixed</w>
			<w x="3269">impulses</w>
		</line>
		<line c="1226" h="142" n="3">
			<w x="785">from</w>
			<w x="977">his</w>
			<w x="1430">teaching</w>
			<w x="1644">and</w>
			<w x="1915">life!</w>
			<w x="2250">And</w>
			<w x="2458">yet</w>
			<w x="2652">the</w>
			<w x="3116">privilege</w>
			<w x="3260">of</w>
		</line>
	</div>
</body>
