<body>
    <div id="2" group="1" x="703" y="1347" width="2728" height="303" type="checkmark"
        attribution="HMorESM">
        <line n="1" h="151" c="1423">
            <w x="956">One</w>
            <w x="1095">of</w>
            <w x="1284">our</w>
            <w x="1713">national</w>
            <w x="2130">passions</w>
            <w x="2240">is</w>
            <w x="2521">pride</w>
            <w x="2635">in</w>
            <w x="2720">a</w>
            <w x="2953">vast</w>
            <w x="3288">extent</w>
            <w x="3420">of</w>
        </line>
        <line n="2" h="151" c="1574">
            <w x="1224">territory.</w>
            <w x="1562">From</w>
            <w x="1735">the</w>
            <w x="2395">circumstance</w>
            <w x="2524">of</w>
            <w x="2713">our</w>
            <w x="3064">history</w>
            <w x="3272">and</w>
            <w x="3423">
                <choice>
                    <hyph>lo-</hyph>
                    <reg>location,</reg>
                </choice>
            </w>
        </line>
    </div>
</body>
