<body>
	<div id="2" group="1" x="511" y="1591" width="2584" height="3470" type="score"
		attribution="HMorESM">
		<line c="1670" h="125" n="7">
			<w x="838">among</w>
			<w x="1029">the</w>
			<w x="1406">noblest</w>
			<w x="1730">beings</w>
			<w x="1877">in</w>
			<w x="2074">the</w>
			<w x="2520">universe.</w>
			<w x="2784">To</w>
			<w x="3063">
				<choice>
					<hyph>illus-</hyph>
					<reg>illustrate</reg>
				</choice>
			</w>
		</line>
		<line c="1803" h="119" n="8">
			<w x="747" endhyph="true">trate</w>
			<w x="955">this</w>
			<w x="1364">thought,</w>
			<w x="1531">we</w>
			<w x="1732">ask</w>
			<w x="1921">the</w>
			<w x="2329">reader's</w>
			<w x="2767">attention</w>
			<w x="2908">to</w>
			<w x="3064">an</w>
		</line>
		<line c="1935" h="119" n="9">
			<w x="995">important,</w>
			<w x="1197">but</w>
			<w x="1490">much</w>
			<w x="1961">neglected</w>
			<w x="2224">view</w>
			<w x="2374">of</w>
			<w x="2678">virtue</w>
			<w x="2888">and</w>
			<w x="3066">
				<choice>
					<hyph>re-</hyph>
					<reg>religion.</reg>
				</choice>
			</w>
		</line>
		<line c="2065" h="128" n="10">
			<w x="811" endhyph="true">ligion.</w>
			<w x="1215">These</w>
			<w x="1404">are</w>
			<w x="1920">commonly</w>
			<w x="2268">spoken</w>
			<w x="2404">of</w>
			<w x="2526">in</w>
			<w x="2666">an</w>
			<w x="3069">abstract</w>
		</line>
		<line c="2202" h="117" n="11">
			<w x="898">manner,</w>
			<w x="1043">as</w>
			<w x="1173">if</w>
			<w x="1402">they</w>
			<w x="1667">were</w>
			<w x="2046">distinct</w>
			<w x="2305">from</w>
			<w x="2794">ourselves,</w>
			<w x="2945">as</w>
			<w x="3058">if</w>
		</line>
		<line c="2338" h="116" n="12">
			<w x="741">they</w>
			<w x="1007">were</w>
			<w x="1370">foreign</w>
			<w x="1915">existences,</w>
			<w x="2238">which</w>
			<w x="2524">enter</w>
			<w x="2711">the</w>
			<w x="3067">human</w>
		</line>
		<line c="2463" h="118" n="13">
			<w x="796">mind,</w>
			<w x="991">and</w>
			<w x="1283">dwell</w>
			<w x="1556">there</w>
			<w x="1691">in</w>
			<w x="1794">a</w>
			<w x="2033">kind</w>
			<w x="2170">of</w>
			<w x="2656">separation</w>
			<w x="2914">from</w>
			<w x="3068">
				<choice>
					<hyph>it-</hyph>
					<reg>itself.</reg>
				</choice>
			</w>
		</line>
		<line c="2599" h="122" n="14">
			<w x="726" endhyph="true">self.</w>
			<w x="1056">Now</w>
			<w x="1415">religion</w>
			<w x="1600">and</w>
			<w x="1935">virtue,</w>
			<w x="2387">wherever</w>
			<w x="2612">they</w>
			<w x="2890">exist,</w>
			<w x="3068">are</w>
		</line>
		<line c="2735" h="110" n="15">
			<w x="686">the</w>
			<w x="939">mind</w>
			<w x="1213">itself,</w>
			<w x="1410">and</w>
			<w x="1785">nothing</w>
			<w x="2016">else.</w>
			<w x="2385">They</w>
			<w x="2556">are</w>
			<w x="2880">human</w>
			<w x="3069">
				<choice>
					<hyph>na-</hyph>
					<reg>nature,</reg>
				</choice>
			</w>
		</line>
		<line c="2862" h="123" n="16">
			<w x="726" endhyph="true">ture,</w>
			<w x="991">and</w>
			<w x="1338">nothing</w>
			<w x="1586">else.</w>
			<w x="1794">A</w>
			<w x="2063">good</w>
			<w x="2369">man's</w>
			<w x="2641">piety</w>
			<w x="2857">and</w>
			<w x="3070">
				<choice>
					<hyph>vir-</hyph>
					<reg>virtue</reg>
				</choice>
			</w>
		</line>
		<line c="2999" h="113" n="17">
			<w x="692" endhyph="true">tue</w>
			<w x="883">are</w>
			<w x="1085">not</w>
			<w x="1459">distinct</w>
			<w x="2061">possessions;</w>
			<w x="2309">they</w>
			<w x="2488">are</w>
			<w x="2876">himself,</w>
			<w x="3118">and</w>
		</line>
		<line c="3129" h="129" n="18">
			<w x="662">all</w>
			<w x="850">the</w>
			<w x="1112">glory</w>
			<w x="1411">which</w>
			<w x="1790">belongs</w>
			<w x="1911">to</w>
			<w x="2187">them</w>
			<w x="2550">belongs</w>
			<w x="2672">to</w>
			<w x="3063">himself.</w>
		</line>
		<line c="3267" h="114" n="19">
			<w x="814">What</w>
			<w x="918">is</w>
			<w x="1282">religion?</w>
			<w x="1629">Not</w>
			<w x="1730">a</w>
			<w x="2085">foreign</w>
			<w x="2576">inhabitant,</w>
			<w x="2762">not</w>
			<w x="3071">
				<choice>
					<hyph>some-</hyph>
					<reg>something</reg>
				</choice>
			</w>
		</line>
		<line c="3394" h="133" n="20">
			<w x="775" endhyph="true">thing</w>
			<w x="1012">alien</w>
			<w x="1152">to</w>
			<w x="1336">our</w>
			<w x="1672">nature,</w>
			<w x="1973">which</w>
			<w x="2293">comes</w>
			<w x="2487">and</w>
			<w x="2767">takes</w>
			<w x="2914">up</w>
			<w x="3070">its</w>
		</line>
		<line c="3520" h="134" n="21">
			<w x="816">abode</w>
			<w x="948">in</w>
			<w x="1121">the</w>
			<w x="1378">soul.</w>
			<w x="1580">It</w>
			<w x="1698">is</w>
			<w x="1869">the</w>
			<w x="2084">soul</w>
			<w x="2378">itself,</w>
			<w x="2666">lifting</w>
			<w x="2921">itself</w>
			<w x="3111">up</w>
		</line>
		<line c="3665" h="110" n="22">
			<w x="642">to</w>
			<w x="775">its</w>
			<w x="1130">Maker.</w>
			<w x="1505">What</w>
			<w x="1606">is</w>
			<w x="1892">virtue?</w>
			<w x="2145">It</w>
			<w x="2250">is</w>
			<w x="2421">the</w>
			<w x="2667">soul,</w>
			<w x="3101">listening</w>
		</line>
		<line c="3799" h="111" n="23">
			<w x="672">to,</w>
			<w x="867">and</w>
			<w x="1297">revering,</w>
			<w x="1491">and</w>
			<w x="1873">obeying</w>
			<w x="1949">a</w>
			<w x="2143">law</w>
			<w x="2442">which</w>
			<w x="2804">belongs</w>
			<w x="2928">to</w>
			<w x="3069">its</w>
		</line>
		<line c="3927" h="125" n="24">
			<w x="751">very</w>
			<w x="1149">essence,</w>
			<w x="1325">the</w>
			<w x="1534">law</w>
			<w x="1681">of</w>
			<w x="1946">duty.</w>
			<w x="2234">We</w>
			<w x="2749">sometimes</w>
			<w x="3106">smile,</w>
		</line>
		<line c="4055" h="121" n="25">
			<w x="784">when</w>
			<w x="963">we</w>
			<w x="1205">hear</w>
			<w x="1428">men</w>
			<w x="1864">decrying</w>
			<w x="2188">human</w>
			<w x="2546">nature,</w>
			<w x="2744">and</w>
			<w x="2880">in</w>
			<w x="3109">the</w>
		</line>
		<line c="4192" h="115" n="26">
			<w x="776">same</w>
			<w x="1229">breathing</w>
			<w x="1631">exalting</w>
			<w x="1988">religion</w>
			<w x="2133">to</w>
			<w x="2309">the</w>
			<w x="2651">skies;</w>
			<w x="2795">as</w>
			<w x="2906">if</w>
			<w x="3072">
				<choice>
					<hyph>re-</hyph>
					<reg>religion</reg>
				</choice>
			</w>
		</line>
		<line c="4329" h="117" n="27">
			<w x="795" endhyph="true">ligion</w>
			<w x="1047">were</w>
			<w x="1241">any</w>
			<w x="1492">thing</w>
			<w x="1750">more</w>
			<w x="1971">than</w>
			<w x="2294">human</w>
			<w x="2637">nature,</w>
			<w x="2938">acting</w>
			<w x="3071">in</w>
		</line>
		<line c="4463" h="109" n="28">
			<w x="998">obedience</w>
			<w x="1139">to</w>
			<w x="1279">its</w>
			<w x="1539">chief</w>
			<w x="1762">law.</w>
			<w x="2240">Religion</w>
			<w x="2431">and</w>
			<w x="2770">virtue,</w>
			<w x="2900">as</w>
			<w x="3075">far</w>
		</line>
		<line c="4599" h="111" n="29">
			<w x="649">as</w>
			<w x="830">we</w>
			<w x="1222">possess</w>
			<w x="1527">them,</w>
			<w x="1728">are</w>
			<w x="2252">ourselves;</w>
			<w x="2471">and</w>
			<w x="2670">the</w>
			<w x="3071">homage</w>
		</line>
		<line c="4731" h="109" n="30">
			<w x="818">which</w>
			<w x="939">is</w>
			<w x="1162">paid</w>
			<w x="1285">to</w>
			<w x="1565">these</w>
			<w x="2037">attributes,</w>
			<w x="2148">is</w>
			<w x="2280">in</w>
			<w x="2523">truth</w>
			<w x="2608">a</w>
			<w x="2934">tribute</w>
			<w x="3069">to</w>
		</line>
		<line c="4859" h="106" n="31">
			<w x="693">the</w>
			<w x="934">soul</w>
			<w x="1086">of</w>
			<w x="1345">man.</w>
			<w x="2126">
				<choice>
					<orig>Self-crucifixion</orig>
					<reg>Self crucifixion</reg>
					<reg>Self</reg>
					<reg>crucifixion</reg>
				</choice>
			</w>
			<w x="2400">then,</w>
			<w x="2745">should</w>
			<w x="2873">it</w>
			<w x="3071">
				<choice>
					<hyph>ex-</hyph>
					<reg>exclude</reg>
				</choice>
			</w>
		</line>
		<line c="4996" h="111" n="32">
			<w x="794" endhyph="true">clude</w>
			<w x="1470">
				<choice>
					<orig>self-reverence,</orig>
					<reg>self reverence,</reg>
					<reg>self</reg>
					<reg>reverence,</reg>
				</choice>
			</w>
			<w x="1779">would</w>
			<w x="1918">be</w>
			<w x="2107">any</w>
			<w x="2358">thing</w>
			<w x="2535">but</w>
			<w x="2854">virtue.</w>
		</line>
	</div>
</body>
