<body>
	<div id="2" group="1" x="675" y="1522" width="2728" height="283" type="score"
		attribution="HMorESM">
		<line n="6" h="141" c="1593">
			<w x="882">fail,</w>
			<w x="1029">in</w>
			<w x="1202">the</w>
			<w x="1502">most</w>
			<w x="1865">critical</w>
			<w x="2337">moments</w>
			<w x="2477">of</w>
			<w x="2785">life!</w>
			<w x="3089">How</w>
			<w x="3236">do</w>
			<w x="3401">we</w>
		</line>
		<line n="7" h="141" c="1734">
			<w x="974">suffer</w>
			<w x="1236">from</w>
			<w x="1540">wrong</w>
			<w x="2063">judgments</w>
			<w x="2380">which</w>
			<w x="2561">we</w>
			<w x="2772">had</w>
			<w x="2949">not</w>
			<w x="3287">means</w>
			<w x="3401">to</w>
		</line>
	</div>
</body>
