<body>
	<div id="2" group="1" x="708" y="1686" width="2723" height="417" type="score"
		attribution="HMorESM">
		<line n="7" h="139" c="1755">
			<w x="808">a</w>
			<w x="1200">feverish</w>
			<w x="1848">enthusiasm?</w>
			<w x="2156">The</w>
			<w x="2572">habitual</w>
			<w x="2836">style</w>
			<w x="2972">of</w>
			<w x="3280">Jesus</w>
			<w x="3424">on</w>
		</line>
		<line n="8" h="139" c="1894">
			<w x="904">the</w>
			<w x="1268">subject</w>
			<w x="1416">of</w>
			<w x="1820">religion,</w>
			<w x="1952">if</w>
			<w x="2480">introduced</w>
			<w x="2712">into</w>
			<w x="2988">many</w>
			<w x="3428">churches</w>
		</line>
		<line n="9" h="139" c="2033">
			<w x="860">of</w>
			<w x="1048">his</w>
			<w x="1516">followers</w>
			<w x="1676">at</w>
			<w x="1860">the</w>
			<w x="2276">present</w>
			<w x="2528">day,</w>
			<w x="2856">would</w>
			<w x="3028">be</w>
			<w x="3424">charged</w>
		</line>
	</div>
</body>
