<body>
	<div id="2" group="1" x="696" y="772" width="2732" height="1128" type="score"
		attribution="HMorESM">
		<line c="846" h="131" n="1">
			<w x="812">to</w>
			<w x="1069">raise</w>
			<w x="1250">the</w>
			<w x="1538">dead,</w>
			<w x="1784">with</w>
			<w x="2048">utter</w>
			<w x="2672">unconcern;</w>
			<w x="2870">and</w>
			<w x="3068">one</w>
			<w x="3408">reason</w>
		</line>
		<line c="973" h="147" n="2">
			<w x="824">of</w>
			<w x="1033">this</w>
			<w x="1643">insensibility</w>
			<w x="1791">is,</w>
			<w x="2012">that</w>
			<w x="2456">teaching</w>
			<w x="2587">in</w>
			<w x="2855">early</w>
			<w x="3035">life</w>
			<w x="3246">was</w>
			<w x="3406">so</w>
		</line>
		<line c="1112" h="132" n="3">
			<w x="1250">mechanical,</w>
			<w x="1490">that</w>
			<w x="1918">religion</w>
			<w x="2104">was</w>
			<w x="2456">lodged</w>
			<w x="2599">in</w>
			<w x="2771">the</w>
			<w x="3188">memory</w>
			<w x="3407">and</w>
		</line>
		<line c="1257" h="133" n="4">
			<w x="864">the</w>
			<w x="1387">unthinking</w>
			<w x="1728">belief,</w>
			<w x="2049">whilst</w>
			<w x="2231">the</w>
			<w x="2571">reason</w>
			<w x="2782">was</w>
			<w x="2991">not</w>
			<w x="3432">
				<choice>
					<hyph>awaken-</hyph>
					<reg>awakened,</reg>
				</choice>
			</w>
		</line>
		<line c="1404" h="118" n="5">
			<w x="865">ed,</w>
			<w x="1094">nor</w>
			<w x="1263">the</w>
			<w x="1813">conscience</w>
			<w x="2030">nor</w>
			<w x="2209">the</w>
			<w x="2485">heart</w>
			<w x="2882">moved.</w>
			<w x="3411">
				<choice>
					<hyph>Accord-</hyph>
					<reg>According</reg>
				</choice>
			</w>
		</line>
		<line c="1538" h="141" n="6">
			<w x="872" endhyph="true">ing</w>
			<w x="1008">to</w>
			<w x="1190">the</w>
			<w x="1632">common</w>
			<w x="1990">modes</w>
			<w x="2154">of</w>
			<w x="2719">instruction,</w>
			<w x="2904">the</w>
			<w x="3236">minds</w>
			<w x="3398">of</w>
		</line>
		<line c="1682" h="146" n="7">
			<w x="869">the</w>
			<w x="1189">young</w>
			<w x="1587">become</w>
			<w x="1862">worn</w>
			<w x="1992">to</w>
			<w x="2255">great</w>
			<w x="2586">truths.</w>
			<w x="2861">By</w>
			<w x="3243">reading</w>
			<w x="3438">the</w>
		</line>
		<line c="1820" h="136" n="8">
			<w x="1219">Scriptures</w>
			<w x="1629">without</w>
			<w x="2057">thought</w>
			<w x="2195">or</w>
			<w x="2586">feeling,</w>
			<w x="2876">their</w>
			<w x="3210">minds</w>
			<w x="3433">are</w>
		</line>
	</div>
	<div id="3" group="2" x="696" y="4166" width="2743" height="586" type="score"
		attribution="HMorESM">
		<line c="4230" h="150" n="24">
			<w x="871">the</w>
			<w x="1219">child?</w>
			<w x="1584">Shall</w>
			<w x="1674">a</w>
			<w x="2168">catechism</w>
			<w x="2320">be</w>
			<w x="2809">taught?"</w>
			<w x="2961">I</w>
			<w x="3186">say,</w>
			<w x="3483">No.</w>
		</line>
		<div id="4" group="2" x="704" y="4304" width="2736" height="436" type="underline"
			attribution="HMorESM">
			<line c="4380" h="137" n="25">
				<w x="812">A</w>
				<w x="1370">catechism</w>
				<w x="1480">is</w>
				<w x="1584">a</w>
				<w x="2046">skeleton,</w>
				<w x="2169">a</w>
				<w x="2415">dead</w>
				<w x="2716">letter,</w>
				<w x="2809">a</w>
				<w x="3465">petrifaction.</w>
			</line>
			<line c="4510" h="147" n="26">
				<w x="1136">Wanting</w>
				<w x="1370">life,</w>
				<w x="1483">it</w>
				<w x="1706">can</w>
				<w x="1950">give</w>
				<w x="2290">none.</w>
				<w x="2484">A</w>
				<w x="2730">cold</w>
				<w x="3303">abstraction,</w>
				<w x="3473">it</w>
			</line>
			<line c="4652" h="152" n="27">
				<w x="1003">cannot</w>
				<w x="1240">but</w>
				<w x="1546">make</w>
				<w x="1933">religion</w>
				<w x="2406">repulsive</w>
				<w x="2537">to</w>
				<w x="2872">pupils</w>
				<w x="3186">whose</w>
				<w x="3412">age</w>
			</line>
		</div>
	</div>
</body>
