<body>
	<div id="2" group="1" x="732" y="1501" width="2718" height="276" type="score"
		attribution="HMorESM">
		<line n="6" h="138" c="1570">
			<w x="1070">
				<choice>
					<hyph>ceived</hyph>
					<reg>received</reg>
				</choice>
			</w>
			<w x="1365">them</w>
			<w x="1764">without</w>
			<w x="2297">reflection.</w>
			<w x="2640">None</w>
			<w x="2873">are</w>
			<w x="3015">so</w>
			<w x="3329">likely</w>
			<w x="3443">to</w>
		</line>
		<line n="7" h="138" c="1708">
			<w x="1103">believe</w>
			<w x="1293">too</w>
			<w x="1545">little</w>
			<w x="1683">as</w>
			<w x="1969">those</w>
			<w x="2183">who</w>
			<w x="2435">have</w>
			<w x="2754">begun</w>
			<w x="2987">with</w>
			<w x="3439">believing</w>
		</line>
	</div>
</body>
