<body>
	<div id="2" group="1" x="675" y="3462" width="2772" height="559" type="score"
		attribution="HMorESM">
		<line c="3538" h="116" n="20">
			<w x="919">with</w>
			<w x="1062">all</w>
			<w x="1276">the</w>
			<w x="1720">products</w>
			<w x="1864">of</w>
			<w x="2197">nature</w>
			<w x="2399">and</w>
			<w x="2640">art.</w>
			<w x="2906">His</w>
			<w x="3437">scantiness</w>
		</line>
		<line c="3687" h="140" n="21">
			<w x="823">of</w>
			<w x="1239">outward</w>
			<w x="1592">means</w>
			<w x="1698">is</w>
			<w x="1789">a</w>
			<w x="2010">sign</w>
			<w x="2159">of</w>
			<w x="2518">inward</w>
			<w x="2909">
				<choice>
					<orig>fulness,</orig>
					<reg>fullness,</reg>
				</choice>
			</w>
			<w x="3234">whilst</w>
			<w x="3412">the</w>
		</line>
		<line c="3813" h="134" n="22">
			<w x="1047">slavery</w>
			<w x="1170">in</w>
			<w x="1488">which</w>
			<w x="1751">most</w>
			<w x="1893">of</w>
			<w x="2034">us</w>
			<w x="2275">live,</w>
			<w x="2413">to</w>
			<w x="2826">luxuries</w>
			<w x="3023">and</w>
			<w x="3442">
				<choice>
					<hyph>accom-</hyph>
					<reg>accommodations,</reg>
				</choice>
			</w>
		</line>
		<line c="3962" h="121" n="23">
			<w x="1219" endhyph="true">modations,</w>
			<w x="1543">shows</w>
			<w x="1727">the</w>
			<w x="2127">poverty</w>
			<w x="2484">within.</w>
		</line>
	</div>
</body>
