<body>
	<div id="2" group="1" x="682" y="3642" width="2584" height="513" type="score"
		attribution="HMorESM">
		<line c="3579" h="119" n="22">
			<w x="1034">
				<choice>
					<hyph>pecially</hyph>
					<reg>especially</reg>
				</choice>
			</w>
			<w x="1371">worthy</w>
			<w x="1512">of</w>
			<w x="1871">culture.</w>
			<w x="2254">What</w>
			<w x="2356">it</w>
			<w x="2708">means,</w>
			<w x="2948">your</w>
			<w x="3182">own</w>
		</line>
		<line c="3705" h="105" n="23">
			<w x="1196">observation</w>
			<w x="1473">must</w>
			<w x="1741">have</w>
			<w x="2075">taught</w>
			<w x="2331">you.</w>
			<w x="2632">You</w>
			<w x="2908">must</w>
			<w x="3182">have</w>
		</line>
		<line c="3834" h="97" n="24">
			<w x="930">taken</w>
			<w x="1175">note</w>
			<w x="1309">of</w>
			<w x="1507">two</w>
			<w x="1839">classes</w>
			<w x="1971">of</w>
			<w x="2222">men,</w>
			<w x="2399">the</w>
			<w x="2608">one</w>
			<w x="2958">always</w>
			<w x="3181">
				<choice>
					<hyph>em-</hyph>
					<reg>employed</reg>
				</choice>
			</w>
		</line>
		<line c="3970" h="114" n="25">
			<w x="990" endhyph="true">ployed</w>
			<w x="1162">on</w>
			<w x="1536">details,</w>
			<w x="1707">on</w>
			<w x="2181">particular</w>
			<w x="2461">facts,</w>
			<w x="2678">and</w>
			<w x="2882">the</w>
			<w x="3180">other</w>
		</line>
		<line c="4100" h="114" n="26">
			<w x="920">using</w>
			<w x="1190">these</w>
			<w x="1426">facts</w>
			<w x="1571">as</w>
			<w x="2110">foundations</w>
			<w x="2242">of</w>
			<w x="2582">higher,</w>
			<w x="2862">wider</w>
			<w x="3170">truths.</w>
		</line>
	</div>
</body>
