<body>
	<div id="2" group="1" x="744" y="4211" width="2738" height="678" type="score"
		attribution="HMorESM">
		<line n="25" h="135" c="4278">
			<w x="1136">human</w>
			<w x="1464">virtue</w>
			<w x="1596">is</w>
			<w x="2068">recorded</w>
			<w x="2236">by</w>
			<w x="2652">history,</w>
			<w x="2916">how</w>
			<w x="3348">superior</w>
			<w x="3480">in</w>
		</line>
		<line n="26" h="135" c="4413">
			<w x="1172">dignity,</w>
			<w x="1352">as</w>
			<w x="1596">well</w>
			<w x="1748">as</w>
			<w x="1900">in</w>
			<w x="2340">number,</w>
			<w x="2524">are</w>
			<w x="2720">the</w>
			<w x="3280">unnoticed,</w>
			<w x="3476">
				<choice>
					<hyph>un-</hyph>
					<reg>unhonored</reg>
				</choice>
			</w>
		</line>
		<line n="27" h="135" c="4548">
			<w x="1188" endhyph="true">honored</w>
			<w x="1504">saints</w>
			<w x="1720">and</w>
			<w x="2060">heroes</w>
			<w x="2220">of</w>
			<w x="2660">domestic</w>
			<w x="2872">and</w>
			<w x="3248">humble</w>
			<w x="3476">life,</w>
		</line>
		<line n="28" h="135" c="4683">
			<w x="872">I</w>
			<w x="1060">see</w>
			<w x="1184">a</w>
			<w x="1428">light</w>
			<w x="1784">thrown</w>
			<w x="2028">over</w>
			<w x="2244">the</w>
			<w x="2620">present</w>
			<w x="2884">state</w>
			<w x="3192">which</w>
			<w x="3476">more</w>
		</line>
		<line n="29" h="135" c="4818">
			<w x="1004">than</w>
			<w x="1500">reconciles</w>
			<w x="1692">me</w>
			<w x="1816">to</w>
			<w x="1968">all</w>
			<w x="2116">its</w>
			<w x="2404">evils.</w>
		</line>
	</div>
</body>
