<body>
	<div id="2" group="1" x="672" y="2783" width="2750" height="267" type="score"
		attribution="HMorESM">
		<line n="15" h="133" c="2850">
			<w x="985">other</w>
			<w x="1554">vocations.</w>
			<w x="1895">Away</w>
			<w x="2132">with</w>
			<w x="2331">this</w>
			<w x="2880">disgraceful</w>
			<w x="3221">error!</w>
			<w x="3401">If</w>
		</line>
		<line n="16" h="133" c="2983">
			<w x="994">there</w>
			<w x="1146">be</w>
			<w x="1317">an</w>
			<w x="1601">office</w>
			<w x="1980">worthy</w>
			<w x="2132">of</w>
			<w x="2482">angels,</w>
			<w x="2586">it</w>
			<w x="2729">is</w>
			<w x="2956">that</w>
			<w x="3098">of</w>
			<w x="3411">
				<choice>
					<hyph>teach-</hyph>
					<reg>teaching</reg>
				</choice>
			</w>
		</line>
	</div>
</body>
