<body>
	<div id="2" group="1" x="765" y="2137" width="2734" height="422" type="score"
		attribution="HMorESM">
		<line c="2209" h="130" n="10">
			<w x="1103">consist</w>
			<w x="1226">in</w>
			<w x="1408">the</w>
			<w x="1793">amount</w>
			<w x="1935">of</w>
			<w x="2085">its</w>
			<w x="2653">knowledge,</w>
			<w x="2847">but</w>
			<w x="2970">in</w>
			<w x="3152">the</w>
			<w x="3479">broad</w>
		</line>
		<line c="2347" h="128" n="11">
			<w x="940">and</w>
			<w x="1272">noble</w>
			<w x="1833">principles,</w>
			<w x="1997">of</w>
			<w x="2333">which</w>
			<w x="2575">that</w>
			<w x="3139">knowledge</w>
			<w x="3270">is</w>
			<w x="3478">the</w>
		</line>
		<line c="2491" h="120" n="12">
			<w x="1273">foundation</w>
			<w x="1491">and</w>
			<w x="1947">inspirer.</w>
			<w x="2281">The</w>
			<w x="2562">truth</w>
			<w x="2733">is,</w>
			<w x="2971">that</w>
			<w x="3218">the</w>
			<w x="3478">most</w>
		</line>
	</div>
</body>
