<body>
	<div id="2" group="1" x="509" y="4504" width="2723" height="282" type="score"
		attribution="HMorESM">
		<line c="4578" h="128" n="26">
			<w x="792">might</w>
			<w x="940">be</w>
			<w x="1375">unfolded</w>
			<w x="1546">for</w>
			<w x="1815">ever.</w>
			<w x="2048">In</w>
			<w x="2230">the</w>
			<w x="2514">most</w>
			<w x="2814">fallen</w>
			<w x="3018">and</w>
			<w x="3275">
				<choice>
					<hyph>de-</hyph>
					<reg>depraved</reg>
				</choice>
			</w>
		</line>
		<line c="4700" h="151" n="27">
			<w x="844" endhyph="true">praved</w>
			<w x="1108">man,</w>
			<w x="1263">he</w>
			<w x="1492">saw</w>
			<w x="1564">a</w>
			<w x="1853">being</w>
			<w x="2082">who</w>
			<w x="2383">might</w>
			<w x="2783">become</w>
			<w x="2927">an</w>
			<w x="3208">angel</w>
		</line>
	</div>
</body>
