<body>
	<div id="2" group="1" x="486" y="2557" width="2799" height="571" type="score"
		attribution="HMorESM">
		<line c="2632" h="121" n="13">
			<w x="673">for</w>
			<w x="1091">bravery.</w>
			<w x="1304">It</w>
			<w x="1414">is</w>
			<w x="1598">the</w>
			<w x="2002">courage</w>
			<w x="2146">of</w>
			<w x="2631">principle,</w>
			<w x="2954">which</w>
			<w x="3241">dares</w>
		</line>
		<line c="2769" h="148" n="14">
			<w x="635">to</w>
			<w x="790">do</w>
			<w x="1062">right</w>
			<w x="1204">in</w>
			<w x="1405">the</w>
			<w x="1651">face</w>
			<w x="1815">of</w>
			<w x="2145">scorn,</w>
			<w x="2471">which</w>
			<w x="2724">puts</w>
			<w x="2874">to</w>
			<w x="3244">hazard</w>
		</line>
		<line c="2907" h="131" n="15">
			<w x="1042">reputation,</w>
			<w x="1366">rank,</w>
			<w x="1597">the</w>
			<w x="2123">prospects</w>
			<w x="2312">of</w>
			<w x="3009">advancement,</w>
			<w x="3242">the</w>
		</line>
		<line c="3068" h="151" n="16">
			<w x="992">sympathy</w>
			<w x="1136">of</w>
			<w x="1525">friends,</w>
			<w x="1715">the</w>
			<w x="2246">admiration</w>
			<w x="2392">of</w>
			<w x="2581">the</w>
			<w x="2920">world,</w>
			<w x="3242">rather</w>
		</line>
	</div>
</body>
