<body>
	<div id="2" group="1" x="366" y="1517" width="2730" height="1538" type="score"
		attribution="HMorESM">
		<line c="1585" h="133" n="6">
			<w x="484">to</w>
			<w x="813">Jesus</w>
			<w x="1164">Christ</w>
			<w x="1441">calls</w>
			<w x="1650">me</w>
			<w x="2032">openly</w>
			<w x="2179">to</w>
			<w x="2688">withstand</w>
			<w x="2844">it.</w>
			<w x="3066">In</w>
		</line>
		<line c="1724" h="143" n="7">
			<w x="493">so</w>
			<w x="787">doing</w>
			<w x="877">I</w>
			<w x="1197">would</w>
			<w x="1542">wound</w>
			<w x="1682">no</w>
			<w x="1978">man's</w>
			<w x="2392">feelings.</w>
			<w x="2552">I</w>
			<w x="2854">doubt</w>
			<w x="3064">not,</w>
		</line>
		<line c="1860" h="157" n="8">
			<w x="567">that</w>
			<w x="828">they</w>
			<w x="1095">who</w>
			<w x="1403">adopt</w>
			<w x="1622">this</w>
			<w x="2063">doctrine</w>
			<w x="2447">intend,</w>
			<w x="2812">equally</w>
			<w x="3090">with</w>
		</line>
		<line c="2016" h="141" n="9">
			<w x="641">those</w>
			<w x="872">who</w>
			<w x="1242">oppose</w>
			<w x="1378">it,</w>
			<w x="1514">to</w>
			<w x="1857">render</w>
			<w x="2267">homage</w>
			<w x="2410">to</w>
			<w x="2595">the</w>
			<w x="2855">truth</w>
			<w x="3072">and</w>
		</line>
		<line c="2160" h="140" n="10">
			<w x="724">service</w>
			<w x="881">to</w>
			<w x="1520">Christianity.</w>
			<w x="1876">They</w>
			<w x="2150">think</w>
			<w x="2377">that</w>
			<w x="2650">their</w>
			<w x="3077">peculiar</w>
		</line>
		<line c="2294" h="142" n="11">
			<w x="596">faith</w>
			<w x="859">gives</w>
			<w x="1087">new</w>
			<w x="1460">interest</w>
			<w x="1588">to</w>
			<w x="1758">the</w>
			<w x="2218">character</w>
			<w x="2410">and</w>
			<w x="2636">new</w>
			<w x="3076">authority</w>
		</line>
		<line c="2438" h="150" n="12">
			<w x="500">to</w>
			<w x="677">the</w>
			<w x="1100">teaching</w>
			<w x="1231">of</w>
			<w x="1548">Jesus.</w>
			<w x="1836">But</w>
			<w x="2063">they</w>
			<w x="2570">grievously</w>
			<w x="2762">err.</w>
			<w x="3074">The</w>
		</line>
		<line c="2572" h="154" n="13">
			<w x="720">views,</w>
			<w x="881">by</w>
			<w x="1214">which</w>
			<w x="1477">they</w>
			<w x="1773">hope</w>
			<w x="1911">to</w>
			<w x="2205">build</w>
			<w x="2419">up</w>
			<w x="2647">love</w>
			<w x="3075">towards</w>
		</line>
		<line c="2713" h="146" n="14">
			<w x="724">Christ,</w>
			<w x="1095">detract</w>
			<w x="1349">from</w>
			<w x="1528">the</w>
			<w x="2030">perfection</w>
			<w x="2176">of</w>
			<w x="2350">his</w>
			<w x="2762">Father;</w>
			<w x="2988">and</w>
			<w x="3079">I</w>
		</line>
		<line c="2857" h="136" n="15">
			<w x="612">fear,</w>
			<w x="830">that</w>
			<w x="1027">the</w>
			<w x="1289">kind</w>
			<w x="1432">of</w>
			<w x="1758">piety,</w>
			<w x="2068">which</w>
			<w x="2483">prevails</w>
			<w x="2735">now</w>
			<w x="2879">in</w>
			<w x="3079">the</w>
		</line>
		<line c="3003" h="151" n="16">
			<w x="848">Christian</w>
			<w x="1197">world,</w>
			<w x="1477">bears</w>
			<w x="1876">witness</w>
			<w x="2027">to</w>
			<w x="2235">the</w>
			<w x="2447">sad</w>
			<w x="2920">influence</w>
			<w x="3064">of</w>
		</line>
	</div>
</body>
