<body>
	<div id="2" group="1" x="624" y="1978" width="2550" height="534" type="score"
		attribution="HMorESM">
		<line c="2051" h="123" n="10">
			<w x="887">
				<choice>
					<hyph>ment.</hyph>
					<reg>improvement.</reg>
				</choice>
			</w>
			<w x="1178">Our</w>
			<w x="1485">danger</w>
			<w x="1636">is,</w>
			<w x="1840">that</w>
			<w x="2001">we</w>
			<w x="2248">shall</w>
			<w x="2696">substitute</w>
			<w x="2891">the</w>
			<w x="3144">
				<choice>
					<hyph>con-</hyph>
					<reg>consciences</reg>
				</choice>
			</w>
		</line>
		<line c="2175" h="106" n="11">
			<w x="1012" endhyph="true">sciences</w>
			<w x="1165">of</w>
			<w x="1472">others</w>
			<w x="1651">for</w>
			<w x="1850">our</w>
			<w x="2112">own,</w>
			<w x="2319">that</w>
			<w x="2476">we</w>
			<w x="2724">shall</w>
			<w x="3146">paralyze</w>
		</line>
		<line c="2313" h="119" n="12">
			<w x="792">our</w>
			<w x="1185">faculties</w>
			<w x="1555">through</w>
			<w x="2120">dependence</w>
			<w x="2264">on</w>
			<w x="2600">foreign</w>
			<w x="2943">guides,</w>
			<w x="3152">that</w>
		</line>
		<line c="2429" h="134" n="13">
			<w x="774">we</w>
			<w x="1007">shall</w>
			<w x="1144">be</w>
			<w x="1558">
				<choice>
					<orig>moulded</orig>
					<reg>molded</reg>
				</choice>
			</w>
			<w x="1794">from</w>
			<w x="2121">abroad</w>
			<w x="2474">instead</w>
			<w x="2605">of</w>
			<w x="3154">determining</w>
		</line>
	</div>
</body>
