<body>
	<div id="2" group="1" x="668" y="2606" width="2532" height="398" type="bar"
		attribution="HMorESM">
		<line n="1" h="132" c="2672">
			<blank x="1046"/>
			<w x="1154">It</w>
			<w x="1261">is</w>
			<w x="1431">the</w>
			<w x="1641">man</w>
			<w x="1878">who</w>
			<w x="2388">determines</w>
			<w x="2552">the</w>
			<w x="2886">dignity</w>
			<w x="3021">of</w>
			<w x="3191">the</w>
		</line>
		<line n="2" h="132" c="2804">
			<w x="1210">occupation,</w>
			<w x="1380">not</w>
			<w x="1561">the</w>
			<w x="2076">occupation</w>
			<w x="2376">which</w>
			<w x="2818">measures</w>
			<w x="2993">the</w>
			<w x="3191">
				<choice>
					<hyph>dig-</hyph>
					<reg>dignity</reg>
				</choice>
			</w>
		</line>
		<line n="3" h="132" c="2936">
			<w x="871" endhyph="true">nity</w>
			<w x="1052">of</w>
			<w x="1239">the</w>
			<w x="1505">man.</w>
		</line>
	</div>
</body>
