<body>
	<div id="2" group="1" x="534" y="1940" width="2745" height="417" type="parenthesis"
		attribution="HMorESM">
		<line n="9" h="139" c="2010">
			<blank x="2978"/>
			<w x="3264">The</w>
		</line>
		<line n="10" h="139" c="2149">
			<w x="897">known</w>
			<w x="1011">is</w>
			<w x="1107">a</w>
			<w x="1317">sign</w>
			<w x="1441">of</w>
			<w x="1622">the</w>
			<w x="1975">infinite</w>
			<w x="2481">unknown.</w>
			<w x="2873">Every</w>
			<w x="3254">
				<choice>
					<hyph>discov-</hyph>
					<reg>discovery</reg>
				</choice>
			</w>
		</line>
		<line n="11" h="139" c="2288">
			<w x="744" endhyph="true">ery</w>
			<w x="1212">conducts</w>
			<w x="1393">us</w>
			<w x="1546">to</w>
			<w x="1718">an</w>
			<w x="2023">abyss</w>
			<w x="2214">of</w>
			<w x="2691">darkness.</w>
		</line>
	</div>
	<div id="3" group="1" x="533" y="2235" width="2741" height="410" type="score"
		attribution="HMorESM">
		<line c="2293" h="119" n="11">
			<w x="2946">In</w>
			<w x="3242">every</w>
		</line>
		<line c="2435" h="117" n="12">
			<w x="823">thing,</w>
			<w x="1093">from</w>
			<w x="1303">the</w>
			<w x="1561">grain</w>
			<w x="1706">of</w>
			<w x="1958">sand</w>
			<w x="2104">to</w>
			<w x="2272">the</w>
			<w x="2555">stars,</w>
			<w x="2744">the</w>
			<w x="3248">wise</w>
			<w x="3317">man</w>
		</line>
		<line c="2567" h="136" n="13">
			<w x="773">finds</w>
			<w x="1302">mysteries,</w>
			<w x="1622">before</w>
			<w x="1935">which</w>
			<w x="2104">his</w>
			<w x="2652">knowledge</w>
			<w x="3026">shrinks</w>
			<w x="3240">into</w>
		</line>
	</div>
</body>
