<body>
	<div id="2" group="1" x="663" y="775" width="2539" height="669" type="score"
		attribution="HMorESM">
		<line c="842" h="109" n="1">
			<w x="1012">Are</w>
			<w x="1140">we</w>
			<w x="1468">asked,</w>
			<w x="1726">then,</w>
			<w x="1855">to</w>
			<w x="2118">what</w>
			<w x="2504">impulse</w>
			<w x="2655">or</w>
			<w x="3005">power,</w>
			<w x="3173">we</w>
		</line>
		<line c="964" h="130" n="2">
			<w x="871">look</w>
			<w x="1051">for</w>
			<w x="1133">a</w>
			<w x="1439">higher</w>
			<w x="1881">literature</w>
			<w x="2100">than</w>
			<w x="2284">has</w>
			<w x="2464">yet</w>
			<w x="2828">existed?</w>
			<w x="3172">We</w>
		</line>
		<line c="1106" h="112" n="3">
			<w x="1012">answer,</w>
			<w x="1158">to</w>
			<w x="1263">a</w>
			<w x="1491">new</w>
			<w x="1808">action</w>
			<w x="1955">or</w>
			<w x="2612">
				<choice>
					<orig>developement</orig>
					<reg>development</reg>
				</choice>
			</w>
			<w x="2762">of</w>
			<w x="2919">the</w>
			<w x="3174">
				<choice>
					<hyph>reli-</hyph>
					<reg>religious</reg>
				</choice>
			</w>
		</line>
		<line c="1240" h="110" n="4">
			<w x="903" endhyph="true">gious</w>
			<w x="1348">principle.</w>
			<w x="1663">This</w>
			<w x="2012">remark</w>
			<w x="2205">will</w>
			<w x="2624">probably</w>
			<w x="3005">surprise</w>
			<w x="3178">not</w>
		</line>
		<line c="1374" h="114" n="5">
			<w x="735">a</w>
			<w x="942">few</w>
			<w x="1067">of</w>
			<w x="1255">our</w>
			<w x="1636">readers.</w>
			<w x="1834">It</w>
			<w x="2148">seems</w>
			<w x="2272">to</w>
			<w x="2452">us,</w>
			<w x="2660">that</w>
			<w x="2828">the</w>
			<w x="3200">energy</w>
		</line>
	</div>
	<div id="3" group="2" x="644" y="1570" width="2586" height="1713" type="score"
		attribution="HMorESM">
		<line c="1635" h="122" n="7">
			<w x="956">hardly</w>
			<w x="1467">suspected.</w>
			<w x="1843">Men</w>
			<w x="2199">identify</w>
			<w x="2589">religion</w>
			<w x="2842">with</w>
			<w x="3174">
				<choice>
					<hyph>super-</hyph>
					<reg>superstition,</reg>
				</choice>
			</w>
		</line>
		<line c="1768" h="104" n="8">
			<w x="969" endhyph="true">stition,</w>
			<w x="1199">with</w>
			<w x="1692">fanaticism,</w>
			<w x="1904">with</w>
			<w x="2064">the</w>
			<w x="2474">common</w>
			<w x="2749">forms</w>
			<w x="2874">of</w>
			<w x="3170">
				<choice>
					<hyph>Chris-</hyph>
					<reg>Christianity;</reg>
				</choice>
			</w>
		</line>
		<line c="1904" h="112" n="9">
			<w x="992" endhyph="true">tianity;</w>
			<w x="1199">and</w>
			<w x="1518">seeing</w>
			<w x="1636">it</w>
			<w x="2015">arrayed</w>
			<w x="2367">against</w>
			<w x="2798">intellect,</w>
			<w x="3168">leagued</w>
		</line>
		<line c="2037" h="111" n="10">
			<w x="862">with</w>
			<w x="1410">oppression,</w>
			<w x="1806">fettering</w>
			<w x="2194">inquiry,</w>
			<w x="2389">and</w>
			<w x="2848">incapable</w>
			<w x="2990">of</w>
			<w x="3166">
				<choice>
					<hyph>be-</hyph>
					<reg>being</reg>
				</choice>
			</w>
		</line>
		<line c="2165" h="104" n="11">
			<w x="806" endhyph="true">ing</w>
			<w x="1195">blended</w>
			<w x="1416">with</w>
			<w x="1591">the</w>
			<w x="1908">sacred</w>
			<w x="2276">dictates</w>
			<w x="2411">of</w>
			<w x="2734">reason</w>
			<w x="2919">and</w>
			<w x="3162">
				<choice>
					<hyph>con-</hyph>
					<reg>conscience,</reg>
				</choice>
			</w>
		</line>
		<line c="2297" h="108" n="12">
			<w x="1023" endhyph="true">science,</w>
			<w x="1271">they</w>
			<w x="1463">see</w>
			<w x="1607">in</w>
			<w x="1770">its</w>
			<w x="2200">progress</w>
			<w x="2451">only</w>
			<w x="2684">new</w>
			<w x="3165">
				<choice>
					<hyph>encroach-</hyph>
					<reg>encroachments</reg>
				</choice>
			</w>
		</line>
		<line c="2428" h="108" n="13">
			<w x="925" endhyph="true">ments</w>
			<w x="1085">on</w>
			<w x="1307">free</w>
			<w x="1518">and</w>
			<w x="2064">enlightened</w>
			<w x="2498">thinking.</w>
			<w x="2858">Still,</w>
			<w x="3163">man's</w>
		</line>
		<line c="2561" h="111" n="14">
			<w x="997">relation</w>
			<w x="1117">to</w>
			<w x="1371">God</w>
			<w x="1490">is</w>
			<w x="1662">the</w>
			<w x="1934">great</w>
			<w x="2454">quickening</w>
			<w x="2741">truth,</w>
			<w x="3164">throwing</w>
		</line>
		<line c="2690" h="105" n="15">
			<w x="777">all</w>
			<w x="1059">other</w>
			<w x="1359">truths</w>
			<w x="1576">into</w>
			<w x="2240">insignificance,</w>
			<w x="2453">and</w>
			<w x="2556">a</w>
			<w x="2816">truth</w>
			<w x="3157">which,</w>
		</line>
		<line c="2825" h="124" n="16">
			<w x="1042">however</w>
			<w x="1496">obscured</w>
			<w x="1720">and</w>
			<w x="2194">paralyzed</w>
			<w x="2368">by</w>
			<w x="2554">the</w>
			<w x="2854">many</w>
			<w x="3163">errors</w>
		</line>
		<line c="2951" h="107" n="17">
			<w x="931">which</w>
			<w x="1403">ignorance</w>
			<w x="1594">and</w>
			<w x="1874">fraud</w>
			<w x="2112">have</w>
			<w x="2486">hitherto</w>
			<w x="2790">linked</w>
			<w x="3013">with</w>
			<w x="3156">it,</w>
		</line>
		<line c="3086" h="112" n="18">
			<w x="837">has</w>
			<w x="1066">ever</w>
			<w x="1328">been</w>
			<w x="1434">a</w>
			<w x="1714">chief</w>
			<w x="2020">spring</w>
			<w x="2171">of</w>
			<w x="2503">human</w>
			<w x="3155">improvement.</w>
		</line>
		<line c="3204" h="88" n="19">
			<w x="839">We</w>
			<w x="1067">look</w>
			<w x="1184">to</w>
			<w x="1300">it</w>
			<w x="1416">as</w>
			<w x="1587">the</w>
			<w x="1792">true</w>
			<w x="1960">life</w>
			<w x="2096">of</w>
			<w x="2286">the</w>
			<w x="2677">intellect.</w>
			<w x="2923">No</w>
			<w x="3160">man</w>
		</line>
	</div>
</body>
