<body>
	<div id="2" group="1" x="746" y="4882" width="2769" height="723" type="score"
		attribution="HMorESM">
		<line c="4961" h="130" n="29">
			<w x="1262">remained,</w>
			<w x="1445">and</w>
			<w x="1991">sometimes</w>
			<w x="2254">little</w>
			<w x="2524">more</w>
			<w x="2767">than</w>
			<w x="2948">the</w>
			<w x="3266">name.</w>
			<w x="3488">It</w>
		</line>
		<line c="5105" h="130" n="30">
			<w x="837">is</w>
			<w x="930">a</w>
			<w x="1496">remarkable</w>
			<w x="1741">fact,</w>
			<w x="1957">that</w>
			<w x="2159">the</w>
			<w x="2408">very</w>
			<w x="2693">spirit</w>
			<w x="2825">to</w>
			<w x="3147">which</w>
			<w x="3484">
				<choice>
					<hyph>Chris-</hyph>
					<reg>Christianity</reg>
				</choice>
			</w>
		</line>
		<line c="5248" h="126" n="31">
			<w x="1057" endhyph="true">tianity</w>
			<w x="1171">is</w>
			<w x="1438">most</w>
			<w x="1838">hostile,</w>
			<w x="2030">the</w>
			<w x="2412">passion</w>
			<w x="2600">for</w>
			<w x="2962">power,</w>
			<w x="3479">dominion,</w>
		</line>
		<line c="5394" h="132" n="32">
			<w x="1066">pomp,</w>
			<w x="1276">and</w>
			<w x="1972">preeminence,</w>
			<w x="2312">struck</w>
			<w x="2476">its</w>
			<w x="2878">deepest</w>
			<w x="3173">roots</w>
			<w x="3298">in</w>
			<w x="3482">the</w>
		</line>
		<line c="5530" h="131" n="33">
			<w x="1122">church.</w>
			<w x="1457">The</w>
			<w x="1846">church</w>
			<w x="2267">became</w>
			<w x="2497">the</w>
			<w x="2749">very</w>
			<w x="3298">stronghold</w>
			<w x="3471">of</w>
		</line>
	</div>
</body>
