<body>
    <div id="2" group="1" x="690" y="792" width="2729" height="450" type="score"
        attribution="HMorESM">
        <line n="1" h="141" c="882">
            <w x="856">for</w>
            <w x="1433">speculation</w>
            <w x="1587">or</w>
            <w x="2220">amusement.</w>
            <w x="2446">Its</w>
            <w x="2977">happiness</w>
            <w x="3099">is</w>
            <w x="3246">to</w>
            <w x="3401">be</w>
        </line>
        <line n="2" h="141" c="1006">
            <w x="1111">realized</w>
            <w x="1338">only</w>
            <w x="1767">through</w>
            <w x="1957">our</w>
            <w x="2197">own</w>
            <w x="2630">struggles</w>
            <w x="2889">with</w>
            <w x="3397">ourselves,</w>
        </line>
        <line n="3" h="141" c="1174">
            <w x="928">only</w>
            <w x="1338">through</w>
            <w x="1554">our</w>
            <w x="1810">own</w>
            <w x="2246">reaching</w>
            <w x="2695">forward</w>
            <w x="2836">to</w>
            <w x="3092">new</w>
            <w x="3404">virtue</w>
        </line>
    </div>
</body>
