<body>
	<div id="2" group="1" x="661" y="2446" width="2777" height="2409" type="score"
		attribution="HMorESM">
		<line c="2516" h="143" n="13">
			<w x="870">
				<choice>
					<hyph>ing</hyph>
					<reg>nothing</reg>
				</choice>
			</w>
			<w x="1295">effectual</w>
			<w x="1514">can</w>
			<w x="1662">be</w>
			<w x="1926">done</w>
			<w x="2096">for</w>
			<w x="2336">rich</w>
			<w x="2476">or</w>
			<w x="2761">poor.</w>
			<w x="3470">Unhappily,</w>
		</line>
		<line c="2662" h="133" n="14">
			<w x="1081">religion</w>
			<w x="1287">has</w>
			<w x="1595">been,</w>
			<w x="1772">for</w>
			<w x="1968">the</w>
			<w x="2259">most</w>
			<w x="2510">part,</w>
			<w x="2811">taught</w>
			<w x="2966">to</w>
			<w x="3148">the</w>
			<w x="3420">poor</w>
		</line>
		<line c="2799" h="133" n="15">
			<w x="1368">mechanically,</w>
			<w x="2008">superficially,</w>
			<w x="2148">as</w>
			<w x="2249">a</w>
			<w x="2722">tradition.</w>
			<w x="2935">It</w>
			<w x="3140">has</w>
			<w x="3418">been</w>
		</line>
		<line c="2946" h="132" n="16">
			<w x="1125">imposed</w>
			<w x="1289">on</w>
			<w x="1597">them</w>
			<w x="1710">as</w>
			<w x="1805">a</w>
			<w x="2273">restraint,</w>
			<w x="2403">or</w>
			<w x="2500">a</w>
			<w x="2811">form;</w>
			<w x="2961">it</w>
			<w x="3141">has</w>
			<w x="3417">been</w>
		</line>
		<line c="3077" h="113" n="17">
			<w x="1191">addressed</w>
			<w x="1342">to</w>
			<w x="1544">the</w>
			<w x="1926">senses,</w>
			<w x="2071">or</w>
			<w x="2199">to</w>
			<w x="2401">the</w>
			<w x="2791">sensual</w>
			<w x="3419">imagination,</w>
		</line>
		<line c="3224" h="125" n="18">
			<w x="898">and</w>
			<w x="1106">not</w>
			<w x="1232">to</w>
			<w x="1412">the</w>
			<w x="1761">higher</w>
			<w x="2309">principles.</w>
			<w x="2591">An</w>
			<w x="3023">outward</w>
			<w x="3283">hell,</w>
			<w x="3427">or</w>
		</line>
		<line c="3361" h="127" n="19">
			<w x="841">an</w>
			<w x="1251">outward</w>
			<w x="1670">heaven,</w>
			<w x="1866">has</w>
			<w x="2076">too</w>
			<w x="2370">often</w>
			<w x="2628">been</w>
			<w x="2811">the</w>
			<w x="3201">highest</w>
			<w x="3426">
				<choice>
					<hyph>mo-</hyph>
					<reg>motive</reg>
				</choice>
			</w>
		</line>
		<line c="3513" h="124" n="20">
			<w x="909" endhyph="true">tive</w>
			<w x="1309">brought</w>
			<w x="1477">to</w>
			<w x="1752">bear</w>
			<w x="1928">on</w>
			<w x="2215">their</w>
			<w x="2585">minds.</w>
			<w x="2889">But</w>
			<w x="3427">something</w>
		</line>
		<line c="3653" h="120" n="21">
			<w x="976">more</w>
			<w x="1086">is</w>
			<w x="1513">wanted;</w>
			<w x="1626">a</w>
			<w x="1992">deeper</w>
			<w x="2301">work,</w>
			<w x="2453">an</w>
			<w x="2824">inward</w>
			<w x="3235">culture,</w>
			<w x="3424">the</w>
		</line>
		<line c="3797" h="129" n="22">
			<w x="1387">
				<choice>
					<orig>developement</orig>
					<reg>development</reg>
				</choice>
			</w>
			<w x="1528">of</w>
			<w x="1715">the</w>
			<w x="2112">reason,</w>
			<w x="2301">the</w>
			<w x="2911">conscience,</w>
			<w x="3096">the</w>
			<w x="3424">
				<choice>
					<hyph>affec-</hyph>
					<reg>affections,</reg>
				</choice>
			</w>
		</line>
		<line c="3928" h="134" n="23">
			<w x="994" endhyph="true">tions,</w>
			<w x="1218">and</w>
			<w x="1422">the</w>
			<w x="1757">moral</w>
			<w x="1989">will.</w>
			<div id="3" group="1" x="689" y="3871" width="2780" height="256" type="parenthesis"
				attribution="HMorESM">
				<line n="23" h="128" c="3935">
					<blank x="2049"/>
					<w x="2399">True</w>
					<w x="2824">religion</w>
					<w x="2937">is</w>
					<w x="3051">a</w>
					<w x="3249">life</w>
					<w x="3457">
						<choice>
							<hyph>un-</hyph>
							<reg>unfolded</reg>
						</choice>
					</w>
				</line>
				<line n="24" h="128" c="4063">
					<w x="1057" endhyph="true">folded</w>
					<w x="1398">within,</w>
					<w x="1615">not</w>
					<w x="2125">something</w>
					<w x="2503">forced</w>
					<w x="2644">on</w>
					<w x="2777">us</w>
					<w x="3041">from</w>
					<w x="3447">abroad.</w>
				</line>
			</div>
			<line c="4206" h="160" n="25">
				<w x="947">The</w>
				<w x="1204">poor</w>
				<w x="1431">man</w>
				<w x="1733">needs</w>
				<w x="1880">an</w>
				<w x="2331">elevating</w>
				<w x="2660">power</w>
				<w x="3016">within,</w>
				<w x="3151">to</w>
				<w x="3437">resist</w>
			</line>
			<line c="4363" h="135" n="26">
				<w x="884">the</w>
				<w x="1413">depressing</w>
				<w x="1939">tendencies</w>
				<w x="2084">of</w>
				<w x="2257">his</w>
				<w x="2704">outward</w>
				<w x="2895">lot.</w>
				<w x="3439">Spiritual</w>
			</line>
			<line c="4502" h="122" n="27">
				<w x="1064">culture</w>
				<w x="1223">is</w>
				<w x="1405">the</w>
				<w x="1666">only</w>
				<w x="2096">effectual</w>
				<w x="2501">service</w>
				<w x="2676">we</w>
				<w x="2895">can</w>
				<w x="3164">send</w>
				<w x="3430">him,</w>
			</line>
			<line c="4632" h="146" n="28">
				<w x="911">and</w>
				<w x="1084">let</w>
				<w x="1271">his</w>
				<w x="1640">misery</w>
				<w x="1932">plead</w>
				<w x="2173">with</w>
				<w x="2311">us</w>
				<w x="2444">to</w>
				<w x="2811">bestow</w>
				<w x="2915">it</w>
				<w x="3039">to</w>
				<w x="3228">the</w>
				<w x="3434">
					<choice>
						<hyph>ex-</hyph>
						<reg>extent</reg>
					</choice>
				</w>
			</line>
			<line c="4790" h="113" n="29">
				<w x="922" endhyph="true">tent</w>
				<w x="1064">of</w>
				<w x="1263">our</w>
				<w x="1620">power.</w>
			</line>
		</line>
	</div>
</body>
