<body>
	<div id="2" group="1" x="581" y="1419" width="2552" height="778" type="score"
		attribution="HMorESM">
		<line c="1484" h="129" n="6">
			<div id="3" group="1" x="601" y="1416" width="2514" height="132" type="score"
				attribution="HMorESM">
				<w x="845">what</w>
				<w x="935">is</w>
				<w x="1434">interesting</w>
				<w x="1548">in</w>
				<w x="1721">the</w>
				<w x="2051">human</w>
				<w x="2562">character.</w>
				<w x="2952">Whilst</w>
				<w x="3105">the</w>
			</div>
		</line>
		<line c="1616" h="145" n="7">
			<w x="869">bursts</w>
			<w x="1051">of</w>
			<w x="1429">passion</w>
			<w x="1576">in</w>
			<w x="1779">the</w>
			<w x="2222">newborn</w>
			<w x="2504">child</w>
			<w x="2704">are</w>
			<w x="3095">gravely</w>
		</line>
		<line c="1750" h="136" n="8">
			<w x="864">urged</w>
			<w x="1051">as</w>
			<w x="1526">indications</w>
			<w x="1658">of</w>
			<w x="1745">a</w>
			<w x="2084">native,</w>
			<w x="2417">rooted,</w>
			<w x="2942">corruption;</w>
			<w x="3098">its</w>
		</line>
		<line c="1870" h="116" n="9">
			<w x="890">bursts</w>
			<w x="1049">of</w>
			<w x="1503">affection,</w>
			<w x="1659">its</w>
			<w x="1976">sweet</w>
			<w x="2292">smile,</w>
			<w x="2447">its</w>
			<w x="2903">innocent</w>
			<w x="3102">and</w>
		</line>
		<line c="2009" h="137" n="10">
			<w x="1156">irrepressible</w>
			<w x="1374">joy,</w>
			<w x="1515">its</w>
			<w x="1985">loveliness</w>
			<w x="2194">and</w>
			<w x="2546">beauty,</w>
			<w x="2723">are</w>
			<w x="3106">not</w>
			<w x="3184">
				<choice>
					<hyph>lis-</hyph>
					<reg>listened</reg>
				</choice>
			</w>
		</line>
		<line c="2136" h="136" n="11">
			<w x="868" endhyph="true">tened</w>
			<w x="1017">to,</w>
			<w x="1346">though</w>
			<w x="1572">they</w>
			<w x="1836">plead</w>
			<w x="2111">more</w>
			<w x="2589">eloquently</w>
			<w x="2726">its</w>
			<w x="3110">alliance</w>
		</line>
	</div>
</body>
