<body>
	<div id="2" group="1" x="709" y="3497" width="2731" height="1985" type="score"
		attribution="HMorESM">
		<line c="3561" h="147" n="19">
			<w x="964">
				<choice>
					<hyph>tians,</hyph>
					<reg>Christians,</reg>
				</choice>
			</w>
			<w x="1180">you</w>
			<w x="1438">well</w>
			<w x="1781">know.</w>
			<w x="2172">Men</w>
			<w x="2439">have</w>
			<w x="2806">always</w>
			<w x="3256">inclined</w>
			<w x="3397">to</w>
		</line>
		<line c="3713" h="120" n="20">
			<w x="985">think,</w>
			<w x="1198">that</w>
			<w x="1458">they</w>
			<w x="1765">honor</w>
			<w x="2032">God</w>
			<w x="2210">by</w>
			<w x="2576">placing</w>
			<w x="2804">him</w>
			<w x="2962">on</w>
			<w x="3055">a</w>
			<w x="3399">distant</w>
		</line>
		<line c="3854" h="120" n="21">
			<w x="1045">throne,</w>
			<w x="1344">much</w>
			<w x="1636">more</w>
			<w x="1871">than</w>
			<w x="2047">by</w>
			<w x="2498">investing</w>
			<w x="2728">him</w>
			<w x="2965">with</w>
			<w x="3154">the</w>
			<w x="3394">mild</w>
		</line>
		<line c="3995" h="122" n="22">
			<w x="973">
				<choice>
					<orig>lustre</orig>
					<reg>luster</reg>
				</choice>
			</w>
			<w x="1145">of</w>
			<w x="1555">parental</w>
			<w x="2096">goodness.</w>
			<w x="2463">They</w>
			<w x="2734">have</w>
			<w x="3053">made</w>
			<w x="3288">him</w>
			<w x="3399">a</w>
		</line>
		<line c="4140" h="125" n="23">
			<w x="945">stern</w>
			<w x="1456">sovereign,</w>
			<w x="1780">giving</w>
			<w x="1979">life</w>
			<w x="2131">on</w>
			<w x="2377">hard</w>
			<w x="2719">terms,</w>
			<w x="3214">preferring</w>
			<w x="3398">his</w>
		</line>
		<line c="4279" h="138" n="24">
			<w x="914">own</w>
			<w x="1218">honor</w>
			<w x="1346">to</w>
			<w x="1528">the</w>
			<w x="1906">welfare</w>
			<w x="2048">of</w>
			<w x="2221">his</w>
			<w x="2716">creatures,</w>
			<w x="3260">demanding</w>
			<w x="3404">an</w>
		</line>
		<line c="4422" h="137" n="25">
			<w x="1192">obedience</w>
			<w x="1528">which</w>
			<w x="1698">he</w>
			<w x="1990">gives</w>
			<w x="2172">no</w>
			<w x="2582">strength</w>
			<w x="2719">to</w>
			<w x="3154">perform,</w>
			<w x="3404">
				<choice>
					<hyph>pre-</hyph>
					<reg>preparing</reg>
				</choice>
			</w>
		</line>
		<line c="4569" h="134" n="26">
			<w x="1012" endhyph="true">paring</w>
			<w x="1411">endless</w>
			<w x="1872">torments</w>
			<w x="2069">for</w>
			<w x="2582">creatures</w>
			<w x="2912">whom</w>
			<w x="3068">he</w>
			<w x="3402">brings</w>
		</line>
		<line c="4705" h="129" n="27">
			<w x="908">into</w>
			<w x="1207">being</w>
			<w x="1550">wholly</w>
			<w x="1789">evil,</w>
			<w x="1997">and</w>
			<w x="2421">refusing</w>
			<w x="2573">to</w>
			<w x="2934">pardon</w>
			<w x="3136">the</w>
			<w x="3408">least</w>
		</line>
		<line c="4836" h="119" n="28">
			<w x="883">sin,</w>
			<w x="1074">the</w>
			<w x="1286">sin</w>
			<w x="1406">of</w>
			<w x="1592">the</w>
			<w x="1894">child,</w>
			<w x="2283">without</w>
			<w x="2444">an</w>
			<w x="2798">infinite</w>
			<w x="3400">satisfaction.</w>
		</line>
		<div id="3" group="1" x="694" y="4913" width="2748" height="560" type="score"
			attribution="HMorESM">
			<line c="4990" h="135" n="29">
				<w x="936">Men</w>
				<w x="1219">have</w>
				<w x="1431">too</w>
				<w x="1727">often</w>
				<w x="2006">been</w>
				<w x="2549">degraded,</w>
				<w x="2915">broken</w>
				<w x="3061">in</w>
				<w x="3412">spirit,</w>
			</line>
			<line c="5131" h="135" n="30">
				<w x="1099">stripped</w>
				<w x="1262">of</w>
				<w x="1586">manly</w>
				<w x="1960">feeling,</w>
				<w x="2283">rather</w>
				<w x="2540">than</w>
				<w x="2836">lifted</w>
				<w x="3008">up</w>
				<w x="3154">to</w>
				<w x="3416">true</w>
			</line>
			<line c="5270" h="159" n="31">
				<w x="1071">dignity,</w>
				<w x="1255">by</w>
				<w x="1540">their</w>
				<w x="1987">religion.</w>
				<w x="2357">How</w>
				<w x="2749">seldom</w>
				<w x="2966">has</w>
				<w x="3448">worship</w>
			</line>
			<line c="5405" h="116" n="32">
				<w x="1122">breathed</w>
				<w x="1364">the</w>
				<w x="1799">noblest</w>
				<w x="2386">sentiments</w>
				<w x="2566">of</w>
				<w x="2953">human</w>
				<w x="3453">nature!</w>
			</line>
		</div>
	</div>
</body>
