<body>
	<div id="2" group="1" x="720" y="1530" width="2777" height="710" type="score"
		attribution="HMorESM">
		<line c="1598" h="145" n="6">
			<w x="925">I</w>
			<w x="1234">begin</w>
			<w x="1496">with</w>
			<w x="1680">the</w>
			<w x="2103">remark,</w>
			<w x="2328">that</w>
			<w x="2476">in</w>
			<w x="2661">the</w>
			<w x="3095">Sermon</w>
			<w x="3280">on</w>
			<w x="3463">the</w>
		</line>
		<line c="1737" h="133" n="7">
			<w x="1066">Mount</w>
			<w x="1370">Jesus</w>
			<w x="1604">said</w>
			<w x="1989">nothing</w>
			<w x="2306">about</w>
			<w x="2488">the</w>
			<w x="3113">"church";</w>
			<w x="3312">nor</w>
			<w x="3466">do</w>
		</line>
		<line c="1890" h="128" n="8">
			<w x="897">we</w>
			<w x="1117">find</w>
			<w x="1366">him,</w>
			<w x="1513">or</w>
			<w x="1707">his</w>
			<w x="2205">disciples,</w>
			<w x="2531">laying</w>
			<w x="2843">down</w>
			<w x="3354">anywhere</w>
			<w x="3468">a</w>
		</line>
		<line c="2036" h="143" n="9">
			<w x="1093">definite</w>
			<w x="1349">plan</w>
			<w x="1539">for</w>
			<w x="1684">its</w>
			<w x="2344">organization,</w>
			<w x="2491">or</w>
			<w x="2557">a</w>
			<w x="2864">ritual</w>
			<w x="3035">for</w>
			<w x="3203">its</w>
			<w x="3470">
				<choice>
					<hyph>wor-</hyph>
					<reg>worship.</reg>
				</choice>
			</w>
		</line>
		<line c="2173" h="144" n="10">
			<w x="972" endhyph="true">ship.</w>
			<w x="1285">Nor</w>
			<w x="1604">ought</w>
			<w x="1822">this</w>
			<w x="1956">to</w>
			<w x="2384">surprise</w>
			<w x="2557">us.</w>
			<w x="2774">It</w>
			<w x="2987">was</w>
			<w x="3195">the</w>
			<w x="3464">very</w>
		</line>
	</div>
</body>
