<body>
	<div id="2" group="1" x="486" y="3368" width="2739" height="278" type="score"
		attribution="HMorESM">
		<line n="19" h="139" c="3437">
			<w x="906">pressed</w>
			<w x="1183">with</w>
			<w x="1422">the</w>
			<w x="1727">great</w>
			<w x="2138">purpose</w>
			<w x="2319">of</w>
			<w x="2605">their</w>
			<w x="2958">being.</w>
			<w x="3216">We</w>
		</line>
		<line n="20" h="139" c="3576">
			<w x="763">may</w>
			<w x="954">call</w>
			<w x="1154">the</w>
			<w x="1422">poor</w>
			<w x="2014">unfortunate,</w>
			<w x="2214">but</w>
			<w x="2519">never</w>
			<w x="2710">call</w>
			<w x="2997">them</w>
			<w x="3216">low.</w>
		</line>
	</div>
	<div id="3" group="1" x="505" y="3660" width="2725" height="128" type="score"
		attribution="HMorESM">
		<line n="21" h="128" c="3724">
			<w x="668">If</w>
			<w x="1069">faithful</w>
			<w x="1202">to</w>
			<w x="1489">their</w>
			<w x="1794">light,</w>
			<w x="2042">they</w>
			<w x="2376">stand</w>
			<w x="2729">among</w>
			<w x="2939">the</w>
			<w x="3216">high.</w>
		</line>
	</div>
</body>
