<body>
	<div id="2" group="1" x="389" y="4561" width="2556" height="546" type="score"
		attribution="HMorESM">
		<line c="4628" h="124" n="30">
			<w x="642">even</w>
			<w x="895">now.</w>
			<w x="1200">The</w>
			<w x="1501">blight</w>
			<w x="1796">which</w>
			<w x="2010">falls</w>
			<w x="2192">on</w>
			<w x="2362">the</w>
			<w x="2588">soul</w>
			<w x="2743">of</w>
			<w x="2917">the</w>
		</line>
		<line c="4762" h="140" n="31">
			<w x="956">
				<choice>
					<orig>wrong-doer,</orig>
					<reg>wrong doer,</reg>
					<reg>wrong</reg>
					<reg>doer,</reg>
				</choice>
			</w>
			<w x="1154">the</w>
			<w x="1651">desolation</w>
			<w x="1813">of</w>
			<w x="1998">his</w>
			<w x="2306">moral</w>
			<w x="2666">nature,</w>
			<w x="2830">is</w>
			<w x="3026">a</w>
		</line>
		<line c="4899" h="128" n="32">
			<w x="658">more</w>
			<w x="1023">terrible</w>
			<w x="1451">calamity</w>
			<w x="1685">than</w>
			<w x="1845">he</w>
			<w x="2210">inflicts.</w>
			<w x="2428">In</w>
			<w x="2985">deadening</w>
		</line>
		<line c="5023" h="122" n="33">
			<w x="579">his</w>
			<w x="841">moral</w>
			<w x="1238">feelings,</w>
			<w x="1380">he</w>
			<w x="1605">dies</w>
			<w x="1753">to</w>
			<w x="1945">the</w>
			<w x="2288">proper</w>
			<w x="2757">happiness</w>
			<w x="2911">of</w>
		</line>
	</div>
</body>
