<body>
	<div id="2" group="1" x="477" y="4833" width="2715" height="273" type="score"
		attribution="HMorESM">
		<line n="29" h="136" c="4901">
			<w x="753">form</w>
			<w x="928">no</w>
			<w x="1424">judgment</w>
			<w x="1581">of</w>
			<w x="1838">their</w>
			<w x="2132">own.</w>
			<w x="2417">But</w>
			<w x="2665">this</w>
			<w x="2789">is</w>
			<w x="3001">the</w>
			<w x="3189">last</w>
		</line>
		<line n="30" h="136" c="5037">
			<w x="887">subject</w>
			<w x="1070">on</w>
			<w x="1406">which</w>
			<w x="1627">the</w>
			<w x="2160">individual</w>
			<w x="2518">should</w>
			<w x="2697">be</w>
			<w x="3056">willing</w>
			<w x="3185">to</w>
		</line>
	</div>
</body>
