<body>
	<div id="2" group="1" x="499" y="3610" width="2579" height="651" type="score"
		attribution="HMorESM">
		<line c="3673" h="109" n="23">
			<w x="613">it</w>
			<w x="823">was</w>
			<w x="1092">made</w>
			<w x="1294">for.</w>
			<w x="1496">It</w>
			<w x="1618">is</w>
			<w x="1959">worthy</w>
			<w x="2091">of</w>
			<w x="2657">observation,</w>
			<w x="2864">that</w>
			<w x="3114">we</w>
		</line>
		<line c="3800" h="119" n="24">
			<w x="684">are</w>
			<w x="914">able</w>
			<w x="1052">to</w>
			<w x="1426">discern</w>
			<w x="1617">not</w>
			<w x="1870">only</w>
			<w x="2116">what</w>
			<w x="2291">we</w>
			<w x="2668">already</w>
			<w x="2868">are,</w>
			<w x="3051">but</w>
		</line>
		<line c="3939" h="112" n="25">
			<w x="757">what</w>
			<w x="933">we</w>
			<w x="1173">may</w>
			<w x="1597">become,</w>
			<w x="1722">to</w>
			<w x="1918">see</w>
			<w x="2059">in</w>
			<w x="2519">ourselves</w>
			<w x="2835">germs</w>
			<w x="3050">and</w>
		</line>
		<line c="4072" h="117" n="26">
			<w x="937">promises</w>
			<w x="1067">of</w>
			<w x="1156">a</w>
			<w x="1513">growth</w>
			<w x="1650">to</w>
			<w x="1964">which</w>
			<w x="2122">no</w>
			<w x="2474">bounds</w>
			<w x="2671">can</w>
			<w x="2829">be</w>
			<w x="3036">set,</w>
		</line>
		<line c="4199" h="111" n="27">
			<w x="634">to</w>
			<w x="879">dart</w>
			<w x="1251">beyond</w>
			<w x="1518">what</w>
			<w x="1706">we</w>
			<w x="1966">have</w>
			<w x="2363">actually</w>
			<w x="2699">gained</w>
			<w x="2848">to</w>
			<w x="3047">the</w>
		</line>
	</div>
</body>
