<body>
	<div id="2" group="1" x="680" y="4654" width="2496" height="391" type="score"
		attribution="HMorESM">
		<line c="4714" h="124" n="31">
			<w x="911">more</w>
			<w x="1359">humbling</w>
			<w x="1592">than</w>
			<w x="1819">that</w>
			<w x="1966">of</w>
			<w x="2240">sects.</w>
			<w x="2629">When</w>
			<w x="2745">I</w>
			<w x="3216">meditate</w>
		</line>
		<line c="4849" h="109" n="32">
			<w x="797">on</w>
			<w x="989">the</w>
			<w x="1293">grand</w>
			<w x="1630">moral,</w>
			<w x="2028">spiritual</w>
			<w x="2426">purpose</w>
			<w x="2577">of</w>
			<w x="3156">Christianity,</w>
		</line>
		<line c="4981" h="107" n="33">
			<w x="770">in</w>
			<w x="1085">which</w>
			<w x="1240">all</w>
			<w x="1376">its</w>
			<w x="1661">glory</w>
			<w x="2088">consists;</w>
			<w x="2381">when</w>
			<w x="2497">I</w>
			<w x="2924">consider</w>
			<w x="3158">how</w>
		</line>
	</div>
</body>
