<body>
	<div id="2" group="1" x="373" y="782" width="2535" height="1182" type="score"
		attribution="HMorESM">
		<line c="864" h="143" n="1">
			<w x="672">
				<choice>
					<hyph>poses.</hyph>
					<reg>imposes.</reg>
				</choice>
			</w>
			<w x="831">I</w>
			<w x="1063">wish</w>
			<w x="1200">to</w>
			<w x="1568">regard</w>
			<w x="1882">myself</w>
			<w x="2008">as</w>
			<w x="2506">belonging,</w>
			<w x="2689">not</w>
			<w x="2814">to</w>
			<w x="2892">a</w>
		</line>
		<line c="987" h="125" n="2">
			<w x="620">sect,</w>
			<w x="773">but</w>
			<w x="894">to</w>
			<w x="1063">the</w>
			<w x="1612">community</w>
			<w x="1746">of</w>
			<w x="1951">free</w>
			<w x="2294">minds,</w>
			<w x="2433">of</w>
			<w x="2736">lovers</w>
			<w x="2883">of</w>
		</line>
		<line c="1126" h="103" n="3">
			<w x="638">truth,</w>
			<w x="773">of</w>
			<w x="1202">followers</w>
			<w x="1336">of</w>
			<w x="1673">Christ,</w>
			<w x="1907">both</w>
			<w x="2046">on</w>
			<w x="2304">earth</w>
			<w x="2510">and</w>
			<w x="2621">in</w>
			<w x="2889">
				<choice>
					<hyph>heav-</hyph>
					<reg>heaven.</reg>
				</choice>
			</w>
		</line>
		<line c="1259" h="112" n="4">
			<w x="551" endhyph="true">en.</w>
			<w x="697">I</w>
			<w x="1004">desire</w>
			<w x="1142">to</w>
			<w x="1488">escape</w>
			<w x="1679">the</w>
			<w x="2035">narrow</w>
			<w x="2283">walls</w>
			<w x="2416">of</w>
			<w x="2502">a</w>
			<w x="2891">
				<choice>
					<hyph>particu-</hyph>
					<reg>particular</reg>
				</choice>
			</w>
		</line>
		<line c="1391" h="107" n="5">
			<w x="520" endhyph="true">lar</w>
			<w x="875">church,</w>
			<w x="1088">and</w>
			<w x="1190">to</w>
			<w x="1386">live</w>
			<w x="1670">under</w>
			<w x="1836">the</w>
			<w x="2082">open</w>
			<w x="2304">sky,</w>
			<w x="2426">in</w>
			<w x="2596">the</w>
			<w x="2893">broad</w>
		</line>
		<line c="1524" h="108" n="6">
			<w x="620">light,</w>
			<w x="998">looking</w>
			<w x="1163">far</w>
			<w x="1366">and</w>
			<w x="1636">wide,</w>
			<w x="1962">seeing</w>
			<w x="2179">with</w>
			<w x="2372">my</w>
			<w x="2607">own</w>
			<w x="2890">eyes,</w>
		</line>
		<line c="1656" h="110" n="7">
			<w x="717">hearing</w>
			<w x="929">with</w>
			<w x="1124">my</w>
			<w x="1342">own</w>
			<w x="1600">ears,</w>
			<w x="1792">and</w>
			<w x="2232">following</w>
			<w x="2493">truth</w>
			<w x="2890">meekly,</w>
		</line>
		<line c="1785" h="107" n="8">
			<w x="572">but</w>
			<w x="1049">resolutely,</w>
			<w x="1460">however</w>
			<w x="1843">arduous</w>
			<w x="1975">or</w>
			<w x="2325">solitary</w>
			<w x="2464">be</w>
			<w x="2654">the</w>
			<w x="2892">path</w>
		</line>
		<line c="1904" h="125" n="9">
			<w x="487">in</w>
			<w x="778">which</w>
			<w x="973">she</w>
			<w x="1307">leads.</w>
			<w x="1446">I</w>
			<w x="1663">am,</w>
			<w x="1915">then,</w>
			<w x="2081">no</w>
			<w x="2372">organ</w>
			<w x="2532">of</w>
			<w x="2623">a</w>
			<w x="2887">sect,</w>
		</line>
	</div>
</body>
