<body>
	<div id="2" group="1" x="746" y="4772" width="2712" height="567" type="score"
		attribution="HMorESM">
		<line c="4858" h="155" n="29">
			<w x="1175">Spiritual</w>
			<w x="1602">freedom</w>
			<w x="1727">is</w>
			<w x="1933">the</w>
			<w x="2392">attribute</w>
			<w x="2544">of</w>
			<w x="2641">a</w>
			<w x="2959">mind,</w>
			<w x="3110">in</w>
			<w x="3446">which</w>
		</line>
		<line c="4989" h="118" n="30">
			<w x="1068">reason</w>
			<w x="1283">and</w>
			<w x="1849">conscience</w>
			<w x="2130">have</w>
			<w x="2449">begun</w>
			<w x="2581">to</w>
			<w x="2790">act,</w>
			<w x="2996">and</w>
			<w x="3296">which</w>
			<w x="3444">is</w>
		</line>
		<line c="5123" h="157" n="31">
			<w x="954">free</w>
			<w x="1332">through</w>
			<w x="1474">its</w>
			<w x="1707">own</w>
			<w x="2086">energy,</w>
			<w x="2487">through</w>
			<w x="2833">fidelity</w>
			<w x="2973">to</w>
			<w x="3142">the</w>
			<w x="3466">truth,</w>
		</line>
		<line c="5269" h="133" n="32">
			<w x="1120">through</w>
			<w x="1636">resistance</w>
			<w x="1809">of</w>
			<w x="2400">temptation.</w>
			<w x="2581">I</w>
			<w x="2955">cannot</w>
			<w x="3446">therefore</w>
		</line>
	</div>
</body>
