<body>
	<div id="2" group="1" x="723" y="2148" width="2738" height="266" type="arcedscore"
		attribution="HMorESM">
		<line n="10" h="133" c="2214">
			<w x="899">the</w>
			<w x="1362">sectarian</w>
			<w x="1645">spirit</w>
			<w x="1798">of</w>
			<w x="2199">Rome;</w>
			<w x="2391">but</w>
			<w x="2510">in</w>
			<w x="2776">that,</w>
			<w x="2917">as</w>
			<w x="3025">in</w>
			<w x="3183">all</w>
			<w x="3460">other</w>
		</line>
		<line n="11" h="133" c="2347">
			<w x="1221">churches,</w>
			<w x="1769">individuals</w>
			<w x="1967">are</w>
			<w x="2290">better</w>
			<w x="2544">than</w>
			<w x="2827">their</w>
			<w x="3223">creed;</w>
			<w x="3449">and,</w>
		</line>
	</div>
	<div id="3" group="2" x="708" y="2726" width="2757" height="253" type="score"
		attribution="HMorESM">
		<line n="14" h="126" c="2789">
			<w x="1187">formed.</w>
			<w x="1345">It</w>
			<w x="1487">is</w>
			<w x="1701">one</w>
			<w x="1950">sign</w>
			<w x="2080">of</w>
			<w x="2290">the</w>
			<w x="2765">tendency</w>
			<w x="2912">of</w>
			<w x="3256">human</w>
			<w x="3466">
				<choice>
					<hyph>na-</hyph>
					<reg>nature</reg>
				</choice>
			</w>
		</line>
		<line n="15" h="126" c="2915">
			<w x="961" endhyph="true">ture</w>
			<w x="1113">to</w>
			<w x="1628">goodness,</w>
			<w x="1860">that</w>
			<w x="1967">it</w>
			<w x="2312">grows</w>
			<w x="2572">good</w>
			<w x="2872">under</w>
			<w x="3019">a</w>
			<w x="3466">thousand</w>
		</line>
	</div>
</body>
