<body>
	<div id="2" group="1" x="458" y="857" width="2540" height="393" type="score"
		attribution="HMorESM">
		<line c="920" h="116" n="2">
			<w x="616">out</w>
			<w x="746">of</w>
			<w x="1017">sight.</w>
			<w x="1495">Perhaps</w>
			<w x="1614">in</w>
			<w x="1804">our</w>
			<w x="2242">presence,</w>
			<w x="2418">the</w>
			<w x="2666">most</w>
			<w x="3037">heroic</w>
		</line>
		<line c="1049" h="136" n="3">
			<w x="684">deed</w>
			<w x="835">on</w>
			<w x="1092">earth</w>
			<w x="1194">is</w>
			<w x="1439">done</w>
			<w x="1573">in</w>
			<w x="1854">some</w>
			<w x="2166">silent</w>
			<w x="2453">spirit,</w>
			<w x="2626">the</w>
			<w x="2975">loftiest</w>
		</line>
		<line c="1180" h="124" n="4">
			<w x="835">purpose</w>
			<w x="1331">cherished,</w>
			<w x="1515">the</w>
			<w x="1782">most</w>
			<w x="2225">generous</w>
			<w x="2644">sacrifice</w>
			<w x="3039">made,</w>
		</line>
	</div>
	<div id="3" group="2" x="452" y="4278" width="2557" height="796" type="score"
		attribution="HMorESM">
		<line c="4338" h="114" n="28">
			<w x="665">how</w>
			<w x="1022">narrow</w>
			<w x="1179">or</w>
			<w x="1579">obscure</w>
			<w x="1764">his</w>
			<w x="2152">sphere.</w>
			<w x="2461">The</w>
			<w x="2773">father</w>
			<w x="2976">and</w>
		</line>
		<line c="4465" h="116" n="29">
			<w x="792">mother</w>
			<w x="923">of</w>
			<w x="1062">an</w>
			<w x="1538">unnoticed</w>
			<w x="1888">family,</w>
			<w x="2141">who,</w>
			<w x="2262">in</w>
			<w x="2515">their</w>
			<w x="2973">seclusion,</w>
		</line>
		<line c="4592" h="144" n="30">
			<w x="813">awaken</w>
			<w x="999">the</w>
			<w x="1272">mind</w>
			<w x="1404">of</w>
			<w x="1598">one</w>
			<w x="1866">child</w>
			<w x="2004">to</w>
			<w x="2176">the</w>
			<w x="2392">idea</w>
			<w x="2600">and</w>
			<w x="2834">love</w>
			<w x="2972">of</w>
		</line>
		<line c="4730" h="165" n="31">
			<w x="792">perfect</w>
			<w x="1276">goodness,</w>
			<w x="1496">who</w>
			<w x="1872">awaken</w>
			<w x="1998">in</w>
			<w x="2189">him</w>
			<w x="2270">a</w>
			<w x="2650">strength</w>
			<w x="2780">of</w>
			<w x="2979">will</w>
		</line>
		<line c="4865" h="133" n="32">
			<w x="576">to</w>
			<w x="831">repel</w>
			<w x="967">all</w>
			<w x="1490">temptation,</w>
			<w x="1684">and</w>
			<w x="1898">who</w>
			<w x="2134">send</w>
			<w x="2365">him</w>
			<w x="2540">out</w>
			<w x="2980">prepared</w>
		</line>
		<line c="4977" h="163" n="33">
			<w x="576">to</w>
			<w x="843">profit</w>
			<w x="998">by</w>
			<w x="1182">the</w>
			<w x="1582">conflicts</w>
			<w x="1718">of</w>
			<w x="1888">life,</w>
			<w x="2282">surpass</w>
			<w x="2420">in</w>
			<w x="2895">influence</w>
			<w x="2979">a</w>
		</line>
	</div>
</body>
