<body>
	<div id="2" group="1" x="469" y="737" width="2512" height="138" type="score"
		attribution="HMorESM">
		<line n="1" h="150" c="817">
			<w x="750">hence</w>
			<w x="917">the</w>
			<w x="1334">spiritless</w>
			<w x="1760">tameness</w>
			<w x="1902">of</w>
			<w x="2077">our</w>
			<w x="2561">characters</w>
			<w x="2736">and</w>
			<w x="2969">lives.</w>
		</line>
	</div>
	<div id="3" group="2" x="469" y="1267" width="2560" height="406" type="parenthesis"
		attribution="HMorESM">
		<line n="5" h="135" c="1335">
			<blank x="1675"/>
			<w x="2001">Even</w>
			<w x="2174">the</w>
			<w x="2617">influence</w>
			<w x="2749">of</w>
			<w x="3014">
				<choice>
					<hyph>supe-</hyph>
					<reg>superior</reg>
				</choice>
			</w>
		</line>
		<line n="6" h="135" c="1470">
			<w x="667" endhyph="true">rior</w>
			<w x="977">minds</w>
			<w x="1222">may</w>
			<w x="1476">harm</w>
			<w x="1629">us,</w>
			<w x="1782">by</w>
			<w x="2138">bowing</w>
			<w x="2265">us</w>
			<w x="2408">to</w>
			<w x="2708">servile</w>
			<w x="3009">
				<choice>
					<hyph>acqui-</hyph>
					<reg>acquiescence</reg>
				</choice>
			</w>
		</line>
		<line n="7" h="135" c="1605">
			<w x="845" endhyph="true">escence</w>
			<w x="1043">and</w>
			<w x="1466">damping</w>
			<w x="1649">our</w>
			<w x="2041">spiritual</w>
			<w x="2433">activity.</w>
		</line>
	</div>
	<div id="4" group="3" x="475" y="2077" width="2559" height="657" type="score"
		attribution="HMorESM">
		<line c="2138" h="133" n="11">
			<w x="710">great</w>
			<w x="1110">thinkers</w>
			<w x="1261">to</w>
			<w x="1556">make</w>
			<w x="1736">us</w>
			<w x="2116">thinkers</w>
			<w x="2351">too.</w>
			<w x="2659">One</w>
			<w x="2813">of</w>
			<w x="2999">the</w>
		</line>
		<line c="2267" h="121" n="12">
			<w x="718">chief</w>
			<w x="920">arts</w>
			<w x="1056">of</w>
			<w x="1609">
				<choice>
					<orig>self-culture,</orig>
					<reg>self culture,</reg>
					<reg>self</reg>
					<reg>culture,</reg>
				</choice>
			</w>
			<w x="1718">is</w>
			<w x="1841">to</w>
			<w x="2106">unite</w>
			<w x="2274">the</w>
			<w x="2693">childlike</w>
			<w x="2999">
				<choice>
					<hyph>teach-</hyph>
					<reg>teachableness,</reg>
				</choice>
			</w>
		</line>
		<line c="2405" h="116" n="13">
			<w x="883" endhyph="true">ableness,</w>
			<w x="1215">which</w>
			<w x="1678">gratefully</w>
			<w x="2176">welcomes</w>
			<w x="2423">light</w>
			<w x="2687">from</w>
			<w x="3002">every</w>
		</line>
		<line c="2537" h="122" n="14">
			<w x="783">human</w>
			<w x="1085">being</w>
			<w x="1286">who</w>
			<w x="1493">can</w>
			<w x="1725">give</w>
			<w x="1868">it,</w>
			<w x="2100">with</w>
			<w x="2413">manly</w>
			<w x="2868">resistance</w>
			<w x="3001">of</w>
		</line>
		<line c="2666" h="133" n="15">
			<w x="861">opinions</w>
			<w x="1291">however</w>
			<w x="1678">current,</w>
			<w x="1823">of</w>
			<w x="2292">influences</w>
			<w x="2695">however</w>
			<w x="3003">
				<choice>
					<hyph>gener-</hyph>
					<reg>generally</reg>
				</choice>
			</w>
		</line>
	</div>
	<div id="5" group="4" x="483" y="3260" width="2562" height="649" type="score"
		attribution="HMorESM">
		<line c="3331" h="131" n="20">
			<w x="973">Especially</w>
			<w x="1099">if</w>
			<w x="1359">there</w>
			<w x="1711">springs</w>
			<w x="1873">up</w>
			<w x="2191">within</w>
			<w x="2405">you</w>
			<w x="2610">any</w>
			<w x="2888">view</w>
			<w x="3006">of</w>
		</line>
		<line c="3456" h="114" n="21">
			<w x="775">God's</w>
			<w x="1052">word</w>
			<w x="1209">or</w>
			<w x="1659">universe,</w>
			<w x="1872">any</w>
			<w x="2348">sentiment</w>
			<w x="2515">or</w>
			<w x="3005">aspiration</w>
		</line>
		<line c="3593" h="133" n="22">
			<w x="770">which</w>
			<w x="1083">seems</w>
			<w x="1229">to</w>
			<w x="1448">you</w>
			<w x="1602">of</w>
			<w x="1691">a</w>
			<w x="2016">higher</w>
			<w x="2309">order</w>
			<w x="2561">than</w>
			<w x="2797">what</w>
			<w x="3009">you</w>
		</line>
		<line c="3721" h="122" n="23">
			<w x="725">meet</w>
			<w x="1100">abroad,</w>
			<w x="1341">give</w>
			<w x="1757">reverent</w>
			<w x="2025">heed</w>
			<w x="2157">to</w>
			<w x="2331">it;</w>
			<w x="2681">inquire</w>
			<w x="2896">into</w>
			<w x="3014">it</w>
		</line>
		<line c="3856" h="122" n="24">
			<w x="929">earnestly,</w>
			<w x="1385">solemnly.</w>
			<w x="1647">Do</w>
			<w x="1825">not</w>
			<w x="2054">trust</w>
			<w x="2149">it</w>
			<w x="2522">blindly,</w>
			<w x="2684">for</w>
			<w x="2795">it</w>
			<w x="3014">may</w>
		</line>
	</div>
	<div id="6" group="5" x="478" y="4444" width="2566" height="143" type="parenthesis"
		attribution="HMorESM">
		<line n="29" h="143" c="4515">
			<blank x="1109"/>
			<w x="1313">Be</w>
			<w x="1517">true</w>
			<w x="1639">to</w>
			<w x="1889">your</w>
			<w x="2123">own</w>
			<w x="2484">highest</w>
			<w x="3029">convictions.</w>
		</line>
	</div>
	<div id="7" group="5" x="494" y="4594" width="2584" height="647" type="score"
		attribution="HMorESM">
		<line c="4642" h="138" n="30">
			<w x="1006">Intimations</w>
			<w x="1250">from</w>
			<w x="1433">our</w>
			<w x="1666">own</w>
			<w x="1936">souls</w>
			<w x="2070">of</w>
			<w x="2547">something</w>
			<w x="2804">more</w>
			<w x="3066">
				<choice>
					<hyph>per-</hyph>
					<reg>perfect</reg>
				</choice>
			</w>
		</line>
		<line c="4770" h="112" n="31">
			<w x="682" endhyph="true">fect</w>
			<w x="919">than</w>
			<w x="1240">others</w>
			<w x="1556">teach,</w>
			<w x="1669">if</w>
			<w x="2086">faithfully</w>
			<w x="2534">followed,</w>
			<w x="2762">give</w>
			<w x="2918">us</w>
			<w x="3023">a</w>
		</line>
		<line c="4904" h="125" n="32">
			<w x="1124">consciousness</w>
			<w x="1263">of</w>
			<w x="1650">spiritual</w>
			<w x="1905">force</w>
			<w x="2111">and</w>
			<w x="2561">progress,</w>
			<w x="2842">never</w>
			<w x="3022">
				<choice>
					<hyph>ex-</hyph>
					<reg>experienced</reg>
				</choice>
			</w>
		</line>
		<line c="5043" h="139" n="33">
			<w x="946" endhyph="true">perienced</w>
			<w x="1120">by</w>
			<w x="1288">the</w>
			<w x="1613">vulgar</w>
			<w x="1769">of</w>
			<w x="1995">high</w>
			<w x="2183">life</w>
			<w x="2331">or</w>
			<w x="2551">low</w>
			<w x="2777">life,</w>
			<w x="3021">who</w>
		</line>
		<line c="5172" h="120" n="34">
			<w x="821">march,</w>
			<w x="952">as</w>
			<w x="1176">they</w>
			<w x="1345">are</w>
			<w x="1708">drilled,</w>
			<w x="1835">to</w>
			<w x="2007">the</w>
			<w x="2235">step</w>
			<w x="2370">of</w>
			<w x="2612">their</w>
			<w x="2907">times.</w>
		</line>
	</div>
</body>
