<body>
	<div id="2" group="1" x="754" y="4664" width="2754" height="862" type="score"
		attribution="HMorESM">
		<line c="4744" h="132" n="28">
			<w x="915">the</w>
			<w x="1486">prosperous</w>
			<w x="1699">the</w>
			<w x="2146">slightest</w>
			<w x="2862">consideration.</w>
			<w x="3194">The</w>
			<w x="3466">only</w>
		</line>
		<line c="4880" h="123" n="29">
			<w x="1293">distinctions</w>
			<w x="1608">which</w>
			<w x="1943">should</w>
			<w x="2112">be</w>
			<w x="2668">recognized</w>
			<w x="2850">are</w>
			<w x="3136">those</w>
			<w x="3278">of</w>
			<w x="3464">the</w>
		</line>
		<line c="5026" h="133" n="30">
			<w x="993">"soul,</w>
			<w x="1162">of</w>
			<w x="1492">strong</w>
			<w x="2000">principle,</w>
			<w x="2167">of</w>
			<w x="2812">incorruptible</w>
			<w x="3305">integrity,</w>
			<w x="3451">of</w>
		</line>
		<line c="5168" h="127" n="31">
			<w x="1275">usefulness,</w>
			<w x="1444">of</w>
			<w x="1941">cultivated</w>
			<w x="2409">intellect,</w>
			<w x="2559">of</w>
			<w x="2923">fidelity</w>
			<w x="3067">in</w>
			<w x="3466">seeking</w>
		</line>
		<line c="5308" h="140" n="32">
			<w x="901">for</w>
			<w x="1194">truth.</w>
			<w x="1418">A</w>
			<w x="1688">man,</w>
			<w x="1820">in</w>
			<w x="2351">proportion</w>
			<w x="2483">as</w>
			<w x="2634">he</w>
			<w x="2823">has</w>
			<w x="3100">these</w>
			<w x="3470">claims,</w>
		</line>
		<line c="5452" h="132" n="33">
			<w x="1081">should</w>
			<w x="1250">be</w>
			<w x="1689">honored</w>
			<w x="1921">and</w>
			<w x="2442">welcomed</w>
			<w x="3083">everywhere.</w>
			<w x="3262">I</w>
			<w x="3467">see</w>
		</line>
	</div>
</body>
