<body>
	<div id="2" group="1" x="721" y="4680" width="2715" height="702" type="score"
		attribution="HMorESM">
		<line c="4752" h="126" n="28">
			<w x="1018">latter.</w>
			<w x="1232">It</w>
			<w x="1416">has</w>
			<w x="1693">been</w>
			<w x="1951">truly</w>
			<w x="2202">said,</w>
			<w x="2429">that</w>
			<w x="2600">the</w>
			<w x="2982">amount</w>
			<w x="3125">of</w>
			<w x="3473">
				<choice>
					<hyph>prop-</hyph>
					<reg>property</reg>
				</choice>
			</w>
		</line>
		<line c="4890" h="127" n="29">
			<w x="931" endhyph="true">erty</w>
			<w x="1220">taken</w>
			<w x="1397">by</w>
			<w x="1645">theft</w>
			<w x="1863">and</w>
			<w x="2269">forgery,</w>
			<w x="2389">is</w>
			<w x="2672">small</w>
			<w x="3189">compared</w>
			<w x="3472">with</w>
		</line>
		<line c="5026" h="133" n="30">
			<w x="966">what</w>
			<w x="1095">is</w>
			<w x="1403">taken</w>
			<w x="1585">by</w>
			<w x="2061">dishonest</w>
			<w x="2647">insolvency.</w>
			<w x="2948">Yet</w>
			<w x="3138">the</w>
			<w x="3423">thief</w>
		</line>
		<line c="5177" h="123" n="31">
			<w x="818">is</w>
			<w x="1046">sent</w>
			<w x="1176">to</w>
			<w x="1530">prison,</w>
			<w x="1740">and</w>
			<w x="1946">the</w>
			<w x="2440">dishonest</w>
			<w x="2907">bankrupt</w>
			<w x="3174">lives</w>
			<w x="3392">per</w>
		</line>
		<line c="5313" h="133" n="32">
			<w x="956">haps</w>
			<w x="1083">in</w>
			<w x="1364">state.</w>
			<w x="1696">The</w>
			<w x="2026">moral</w>
			<w x="2526">sentiment</w>
			<w x="2667">of</w>
			<w x="2852">the</w>
			<w x="3470">community</w>
		</line>
	</div>
</body>
