<body>
	<div id="2" group="1" x="617" y="2253" width="2772" height="547" type="score"
		attribution="HMorESM">
		<line c="2312" h="128" n="11">
			<w x="881">
				<choice>
					<hyph>itual</hyph>
					<reg>spiritual</reg>
				</choice>
			</w>
			<w x="1273">powers,</w>
			<w x="1879">comprehend</w>
			<w x="1957">a</w>
			<w x="2305">higher,</w>
			<w x="2709">spiritual</w>
			<w x="2984">life?</w>
			<w x="3352">There</w>
		</line>
		<line c="2459" h="118" n="12">
			<w x="810">are</w>
			<w x="1344">multitudes</w>
			<w x="1597">who</w>
			<w x="2147">pronounce</w>
			<w x="2240">a</w>
			<w x="2469">man</w>
			<w x="2591">a</w>
			<w x="3111">visionary,</w>
			<w x="3351">who</w>
		</line>
		<line c="2600" h="116" n="13">
			<w x="972">speaks</w>
			<w x="1468">distinctly</w>
			<w x="1691">and</w>
			<w x="2116">joyfully</w>
			<w x="2280">of</w>
			<w x="2450">his</w>
			<w x="2784">future</w>
			<w x="3124">being,</w>
			<w x="3354">and</w>
		</line>
		<line c="2744" h="125" n="14">
			<w x="770">of</w>
			<w x="945">the</w>
			<w x="1339">triumph</w>
			<w x="1490">of</w>
			<w x="1648">the</w>
			<w x="1916">mind</w>
			<w x="2165">over</w>
			<w x="2495">bodily</w>
			<w x="2837">decay.</w>
		</line>
	</div>
	<div id="3" group="2" x="635" y="3086" width="2718" height="147" type="score"
		attribution="HMorESM">
		<line n="17" h="147" c="3160">
			<w x="912">We</w>
			<w x="1142">have</w>
			<w x="1455">more</w>
			<w x="1898">evidence</w>
			<w x="2137">that</w>
			<w x="2312">we</w>
			<w x="2570">have</w>
			<w x="2847">souls</w>
			<w x="2994">or</w>
			<w x="3344">spirits,</w>
		</line>
	</div>
</body>
