<body>
	<div id="2" group="1" x="557" y="886" width="2737" height="280" type="score"
		attribution="HMorESM">
		<line n="1" h="140" c="956">
			<w x="1015">
				<choice>
					<hyph>complish</hyph>
					<reg>accomplish</reg>
				</choice>
			</w>
			<w x="1359">these</w>
			<w x="1648">ends,</w>
			<w x="1786">is</w>
			<w x="2135">worth</w>
			<w x="2453">more</w>
			<w x="2709">than</w>
			<w x="3145">libraries</w>
			<w x="3292">as</w>
		</line>
		<line n="2" h="140" c="1096">
			<w x="910">usually</w>
			<w x="1187">read.</w>
			<w x="1409">It</w>
			<w x="1518">is</w>
			<w x="1702">not</w>
			<w x="2244">necessary,</w>
			<w x="2474">that</w>
			<w x="2780">much</w>
			<w x="3145">should</w>
			<w x="3292">be</w>
		</line>
	</div>
	<div id="3" group="2" x="528" y="4298" width="2760" height="839" type="score"
		attribution="HMorESM">
		<line c="4366" h="123" n="25">
			<w x="1030">obtained.</w>
			<w x="1382">What</w>
			<w x="1583">we</w>
			<w x="1879">want</w>
			<w x="2050">is,</w>
			<w x="2169">a</w>
			<w x="2431">race</w>
			<w x="2608">of</w>
			<w x="3050">teachers</w>
			<w x="3318">
				<choice>
					<hyph>ac-</hyph>
					<reg>acquainted</reg>
				</choice>
			</w>
		</line>
		<line c="4505" h="151" n="26">
			<w x="954" endhyph="true">quainted</w>
			<w x="1221">with</w>
			<w x="1425">the</w>
			<w x="1996">philosophy</w>
			<w x="2160">of</w>
			<w x="2356">the</w>
			<w x="2696">mind,</w>
			<div id="4" group="3" x="536" y="4437" width="2760" height="272" type="parenthesis"
				attribution="HMorESM">
				<line n="1" h="136" c="4505">
					<blank x="2718"/>
					<w x="3053">gifted</w>
					<w x="3296">men</w>
				</line>
				<line n="2" h="136" c="4641">
					<w x="742">and</w>
					<w x="1149">women,</w>
					<w x="1380">who</w>
					<w x="1635">shall</w>
					<w x="2005">respect</w>
					<w x="2340">human</w>
					<w x="2667">nature</w>
					<w x="2797">in</w>
					<w x="2986">the</w>
					<w x="3284">child,</w>
				</line>
			</div>
		</line>
		<line c="4783" h="142" n="28">
			<w x="728">and</w>
			<w x="1019">strive</w>
			<w x="1150">to</w>
			<w x="1451">touch</w>
			<w x="1654">and</w>
			<w x="1994">gently</w>
			<w x="2273">bring</w>
			<w x="2479">out</w>
			<w x="2643">his</w>
			<w x="2875">best</w>
			<w x="3314">powers</w>
		</line>
		<line c="4934" h="124" n="29">
			<w x="731">and</w>
			<w x="1367">sympathies;</w>
			<w x="1611">and</w>
			<w x="1863">who</w>
			<w x="2146">shall</w>
			<w x="2541">devote</w>
			<w x="3103">themselves</w>
			<w x="3304">to</w>
		</line>
		<line c="5062" h="133" n="30">
			<w x="725">this</w>
			<w x="888">as</w>
			<w x="1077">the</w>
			<w x="1371">great</w>
			<w x="1603">end</w>
			<w x="1776">of</w>
			<w x="1991">life.</w>
			<w x="2345">This</w>
			<w x="2639">good</w>
			<w x="2733">I</w>
			<w x="2983">trust</w>
			<w x="3112">is</w>
			<w x="3324">to</w>
		</line>
	</div>
</body>
