<body>
	<div id="2" group="1" x="690" y="764" width="2736" height="322" type="score"
		attribution="HMorESM">
		<line n="1" h="161" c="845">
			<blank x="3030"/>
			<w x="3417">Every</w>
		</line>
		<line n="2" h="161" c="1006">
			<w x="994">truth</w>
			<w x="1437">involves</w>
			<w x="1750">them.</w>
		</line>
	</div>
	<div id="3" group="2" x="690" y="1943" width="2734" height="1271" type="score"
		attribution="HMorESM">
		<line c="2023" h="158" n="9">
			<w x="868">out</w>
			<w x="1277">number,</w>
			<w x="1373">I</w>
			<w x="1733">should</w>
			<w x="1869">be</w>
			<w x="2072">the</w>
			<w x="2276">last</w>
			<w x="2422">to</w>
			<w x="2720">deny."</w>
			<w x="2858">I</w>
			<w x="3110">only</w>
			<w x="3432">
				<choice>
					<hyph>main-</hyph>
					<reg>maintain,</reg>
				</choice>
			</w>
		</line>
		<line c="2153" h="143" n="10">
			<w x="918" endhyph="true">tain,</w>
			<w x="1142">and</w>
			<w x="1293">in</w>
			<w x="1428">so</w>
			<w x="1776">doing</w>
			<w x="1878">I</w>
			<w x="2155">utter</w>
			<w x="2317">an</w>
			<w x="2804">identical</w>
			<w x="3437">proposition,</w>
		</line>
		<line c="2253" h="200" n="11">
			<w x="901">that</w>
			<w x="1156">what</w>
			<w x="1305">is</w>
			<w x="1879">mysterious,</w>
			<w x="2236">secret,</w>
			<w x="2723">unknown,</w>
			<w x="3074">cannot</w>
			<w x="3195">at</w>
			<w x="3440">the</w>
		</line>
		<line c="2438" h="141" n="12">
			<w x="952">same</w>
			<w x="1178">time</w>
			<w x="1326">be</w>
			<w x="1675">known</w>
			<w x="1819">or</w>
			<w x="1961">an</w>
			<w x="2295">object</w>
			<w x="2435">of</w>
			<w x="2706">faith.</w>
			<w x="2922">It</w>
			<w x="3035">is</w>
			<w x="3115">a</w>
			<w x="3400">great</w>
		</line>
		<line c="2581" h="136" n="13">
			<w x="868">and</w>
			<w x="1361">common</w>
			<w x="1650">error,</w>
			<w x="1810">to</w>
			<w x="2270">confound</w>
			<w x="2541">facts</w>
			<w x="2860">which</w>
			<w x="3035">we</w>
			<w x="3395">
				<choice>
					<hyph>under-</hyph>
					<reg>understand,</reg>
				</choice>
			</w>
		</line>
		<line c="2729" h="164" n="14">
			<w x="1007" endhyph="true">stand,</w>
			<w x="1203">with</w>
			<w x="1460">the</w>
			<w x="1934">mysteries</w>
			<w x="2270">which</w>
			<w x="2514">lurk</w>
			<w x="2844">under</w>
			<w x="3160">them,</w>
			<w x="3432">and</w>
		</line>
		<line c="2885" h="192" n="15">
			<w x="794">to</w>
			<w x="1203">suppose</w>
			<w x="1421">that</w>
			<w x="1541">in</w>
			<w x="2012">believing</w>
			<w x="2192">the</w>
			<w x="2422">first</w>
			<w x="2580">we</w>
			<w x="2970">believe</w>
			<w x="3152">the</w>
			<w x="3426">last.</w>
		</line>
		<line c="3019" h="163" n="16">
			<w x="880">But</w>
			<w x="1045">no</w>
			<w x="1305">two</w>
			<w x="1565">things</w>
			<w x="1771">are</w>
			<w x="2048">more</w>
			<w x="2478">distinct,</w>
			<w x="2681">nor</w>
			<w x="2926">does</w>
			<w x="3106">the</w>
			<w x="3429">most</w>
		</line>
		<line c="3144" h="150" n="17">
			<w x="1112">thorough</w>
			<w x="1665">knowledge</w>
			<w x="1810">of</w>
			<w x="1999">the</w>
			<w x="2203">one</w>
			<w x="2526">imply</w>
			<w x="2721">the</w>
			<w x="2970">least</w>
			<w x="3406">
				<choice>
					<hyph>percep-</hyph>
					<reg>perception</reg>
				</choice>
			</w>
		</line>
	</div>
</body>
