<body>
	<div id="1" group="1" x="462" y="1468" width="2508" height="253" type="parenthesis"
		attribution="HMorESM">
		<line c="1537" h="147" n="6">
			<blank x="2365"/>
			<w x="2787">Honor</w>
			<w x="2967">the</w>
		</line>
		<line c="1665" h="122" n="7">
			<w x="771">child.</w>
			<w x="1006">On</w>
			<w x="1229">this</w>
			<w x="1715">principle,</w>
			<w x="1890">all</w>
			<w x="2192">good</w>
			<w x="2658">education</w>
			<w x="3010">rests.</w>
		</line>
	</div>
	<div id="3" group="2" x="458" y="1994" width="2521" height="511" type="score"
		attribution="HMorESM">
		<line c="2051" h="112" n="10">
			<w x="667">"of</w>
			<w x="928">such</w>
			<w x="1030">is</w>
			<w x="1230">the</w>
			<w x="1661">kingdom</w>
			<w x="1823">of</w>
			<w x="2306">heaven."</w>
			<w x="2471">In</w>
			<w x="2698">that</w>
			<w x="2970">short</w>
		</line>
		<line c="2192" h="123" n="11">
			<w x="861">sentence</w>
			<w x="952">is</w>
			<w x="1258">taught</w>
			<w x="1445">the</w>
			<w x="1725">spirit</w>
			<w x="1856">of</w>
			<w x="2030">the</w>
			<w x="2236">true</w>
			<w x="2584">system</w>
			<w x="2738">of</w>
			<w x="2968">
				<choice>
					<hyph>edu-</hyph>
					<reg>education;</reg>
				</choice>
			</w>
		</line>
		<line c="2319" h="112" n="12">
			<w x="814" endhyph="true">cation;</w>
			<w x="999">and</w>
			<w x="1169">for</w>
			<w x="1404">want</w>
			<w x="1558">of</w>
			<w x="2194">understanding</w>
			<w x="2317">it,</w>
			<w x="2550">little</w>
			<w x="2970">effectual</w>
		</line>
		<line c="2449" h="112" n="13">
			<w x="633">aid,</w>
			<w x="726">I</w>
			<w x="953">fear,</w>
			<w x="1061">is</w>
			<w x="1258">yet</w>
			<w x="1544">given</w>
			<w x="1667">to</w>
			<w x="1838">the</w>
			<w x="2274">heavenly</w>
			<w x="2684">principle</w>
			<w x="2795">in</w>
			<w x="2966">the</w>
		</line>
	</div>
</body>
