<body>
	<div id="2" group="1" x="545" y="786" width="2514" height="921" type="score"
		attribution="HMorESM">
		<line c="853" h="132" n="1">
			<w x="962">There</w>
			<w x="1062">is</w>
			<w x="1441">another</w>
			<w x="1860">evidence</w>
			<w x="1994">of</w>
			<w x="2569">Christianity,</w>
			<w x="2767">still</w>
			<w x="3100">more</w>
		</line>
		<line c="984" h="118" n="2">
			<w x="880">internal</w>
			<w x="1115">than</w>
			<w x="1320">any</w>
			<w x="1496">on</w>
			<w x="1792">which</w>
			<w x="1901">I</w>
			<w x="2164">have</w>
			<w x="2366">yet</w>
			<w x="2709">dwelt,</w>
			<w x="2827">an</w>
			<w x="3088">
				<choice>
					<hyph>evi-</hyph>
					<reg>evidence</reg>
				</choice>
			</w>
		</line>
		<line c="1107" h="129" n="3">
			<w x="808" endhyph="true">dence</w>
			<w x="928">to</w>
			<w x="1068">be</w>
			<w x="1242">felt</w>
			<w x="1544">rather</w>
			<w x="1763">than</w>
			<w x="2265">described,</w>
			<w x="2445">but</w>
			<w x="2638">not</w>
			<w x="2846">less</w>
			<w x="3045">real</w>
		</line>
		<line c="1253" h="110" n="4">
			<w x="896">because</w>
			<w x="1302">founded</w>
			<w x="1461">on</w>
			<w x="1824">feeling.</w>
			<w x="1991">I</w>
			<w x="2232">refer</w>
			<w x="2351">to</w>
			<w x="2567">that</w>
			<w x="3047">conviction</w>
		</line>
		<line c="1381" h="118" n="5">
			<w x="653">of</w>
			<w x="828">the</w>
			<w x="1144">divine</w>
			<w x="1525">original</w>
			<w x="1659">of</w>
			<w x="1843">our</w>
			<w x="2228">religion,</w>
			<w x="2527">which</w>
			<w x="2883">springs</w>
			<w x="3045">up</w>
		</line>
		<line c="1509" h="139" n="6">
			<w x="711">and</w>
			<w x="1218">continually</w>
			<w x="1473">gains</w>
			<w x="1885">strength,</w>
			<w x="2005">in</w>
			<w x="2270">those</w>
			<w x="2501">who</w>
			<w x="2780">apply</w>
			<w x="2877">it</w>
			<w x="3048">
				<choice>
					<hyph>ha-</hyph>
					<reg>habitually</reg>
				</choice>
			</w>
		</line>
		<line c="1646" h="115" n="7">
			<w x="874" endhyph="true">bitually</w>
			<w x="993">to</w>
			<w x="1247">their</w>
			<w x="1625">tempers</w>
			<w x="1831">and</w>
			<w x="2118">lives,</w>
			<w x="2309">and</w>
			<w x="2527">who</w>
			<w x="2882">imbibe</w>
			<w x="3045">its</w>
		</line>
	</div>
</body>
