<body>
	<div id="2" group="1" x="731" y="1037" width="2717" height="1985" type="score"
		attribution="HMorESM">
		<line c="1107" h="128" n="2">
			<w x="844">as</w>
			<w x="1104">true,</w>
			<w x="1309">and</w>
			<w x="1683">preach</w>
			<w x="2093">nothing</w>
			<w x="2372">else.</w>
			<w x="2810">Teach</w>
			<w x="3204">nothing</w>
			<w x="3432">
				<choice>
					<hyph>be-</hyph>
					<reg>because</reg>
				</choice>
			</w>
		</line>
		<line c="1240" h="114" n="3">
			<w x="992" endhyph="true">cause</w>
			<w x="1312">others</w>
			<w x="1627">teach</w>
			<w x="1784">it.</w>
			<w x="2348">Inculcate</w>
			<w x="2758">nothing</w>
			<w x="3079">about</w>
			<w x="3416">which</w>
		</line>
		<line c="1387" h="140" n="4">
			<w x="910">you</w>
			<w x="1203">have</w>
			<w x="1622">doubts,</w>
			<w x="2071">because</w>
			<w x="2574">expected</w>
			<w x="2744">to</w>
			<w x="3237">inculcate</w>
			<w x="3448">it.</w>
		</line>
		<line c="1531" h="129" n="5">
			<w x="1039">Speak</w>
			<w x="1324">from</w>
			<w x="1498">no</w>
			<w x="1864">human</w>
			<w x="2275">master,</w>
			<w x="2564">from</w>
			<w x="2723">no</w>
			<w x="3086">human</w>
			<w x="3410">creed.</w>
		</line>
		<line c="1669" h="134" n="6">
			<w x="1041">Speak</w>
			<w x="1291">from</w>
			<w x="1564">your</w>
			<w x="1790">own</w>
			<w x="2066">calm</w>
			<w x="2658">convictions,</w>
			<w x="2868">and</w>
			<w x="3121">from</w>
			<w x="3420">
				<choice>
					<hyph>noth-</hyph>
					<reg>nothing</reg>
				</choice>
			</w>
		</line>
		<line c="1812" h="123" n="7">
			<w x="878" endhyph="true">ing</w>
			<w x="1123">else.</w>
			<w x="1406">Do</w>
			<w x="1596">not</w>
			<w x="1805">use</w>
			<w x="2223">stronger</w>
			<w x="2682">language</w>
			<w x="2918">than</w>
			<w x="3192">your</w>
			<w x="3425">own</w>
		</line>
		<line c="1942" h="127" n="8">
			<w x="1009">minds</w>
			<w x="1422">warrant,</w>
			<w x="1589">for</w>
			<w x="1766">the</w>
			<w x="2010">sake</w>
			<w x="2143">of</w>
			<w x="2500">making</w>
			<w x="2858">greater</w>
			<w x="3416">impression.</w>
		</line>
		<line c="2092" h="119" n="9">
			<w x="896">Do</w>
			<w x="1110">not</w>
			<w x="1332">seek</w>
			<w x="1512">the</w>
			<w x="2030">reputation</w>
			<w x="2172">of</w>
			<w x="2715">eloquence,</w>
			<w x="2876">by</w>
			<w x="3346">assuming</w>
			<w x="3425">a</w>
		</line>
		<line c="2240" h="140" n="10">
			<w x="973">bold,</w>
			<w x="1444">confident</w>
			<w x="1710">tone,</w>
			<w x="2051">which</w>
			<w x="2464">exceeds</w>
			<w x="2735">your</w>
			<w x="3093">private</w>
			<w x="3418">belief.</w>
		</line>
		<line c="2375" h="134" n="11">
			<w x="1274">Exaggerate</w>
			<w x="1710">nothing.</w>
			<w x="2123">Paint</w>
			<w x="2538">nothing</w>
			<w x="2956">beyond</w>
			<w x="3168">the</w>
			<w x="3420">life.</w>
		</line>
		<line c="2516" h="128" n="12">
			<w x="880">Be</w>
			<w x="1160">true,</w>
			<w x="1362">the</w>
			<w x="1765">hardest</w>
			<w x="2117">lesson</w>
			<w x="2277">to</w>
			<w x="2488">the</w>
			<w x="2964">minister.</w>
			<w x="3457">Preach</w>
		</line>
		<line c="2660" h="129" n="13">
			<w x="1112">nothing,</w>
			<w x="1570">however</w>
			<w x="2074">gratifying</w>
			<w x="2230">to</w>
			<w x="2446">the</w>
			<w x="3044">imagination</w>
			<w x="3211">or</w>
			<w x="3427">the</w>
		</line>
		<line c="2789" h="101" n="14">
			<w x="974">heart,</w>
			<w x="1329">which</w>
			<w x="1694">cannot</w>
			<w x="1971">stand</w>
			<w x="2173">the</w>
			<w x="2522">scrutiny</w>
			<w x="2726">of</w>
			<w x="2924">the</w>
			<w x="3424">deliberate</w>
		</line>
		<line c="2945" h="135" n="15">
			<w x="1199">judgment.</w>
			<w x="1668">Distort</w>
			<w x="1857">no</w>
			<w x="2159">truth</w>
			<w x="2366">for</w>
			<w x="2588">the</w>
			<w x="2866">sake</w>
			<w x="3052">of</w>
			<w x="3417">effect.</w>
		</line>
	</div>
</body>
