<body>
	<div id="2" group="1" x="397" y="947" width="2746" height="429" type="arcedscore3"
		attribution="HMorESM">
		<line c="1023" h="136" n="2">
			<w x="653">what</w>
			<w x="1074">remains</w>
			<w x="1450">secret.</w>
			<w x="1762">But</w>
			<w x="2202">secret</w>
			<w x="2547">things</w>
			<w x="2976">belong</w>
			<w x="3216">to</w>
		</line>
		<line c="1153" h="147" n="3">
			<w x="750">God,"</w>
			<w x="968">and</w>
			<w x="1136">the</w>
			<w x="1414">pride</w>
			<w x="1558">of</w>
			<w x="1900">reason</w>
			<w x="2014">is</w>
			<w x="2607">manifested,</w>
			<w x="2806">not</w>
			<w x="2976">in</w>
			<w x="3225">
				<choice>
					<hyph>de-</hyph>
					<reg>declining,</reg>
				</choice>
			</w>
		</line>
		<line c="1296" h="151" n="4">
			<w x="774" endhyph="true">clining,</w>
			<w x="968">but</w>
			<w x="1091">in</w>
			<w x="1620">professing,</w>
			<w x="1762">to</w>
			<w x="2048">make</w>
			<w x="2330">them</w>
			<w x="2698">objects</w>
			<w x="2848">of</w>
			<w x="3216">faith.</w>
		</line>
	</div>
</body>
