<body>
	<div id="2" group="1" x="648" y="3127" width="2538" height="660" type="score"
		attribution="HMorESM">
		<line c="3193" h="116" n="19">
			<w x="808">He</w>
			<w x="1039">who</w>
			<w x="1213">has</w>
			<w x="1405">not</w>
			<w x="1740">caught</w>
			<w x="1844">a</w>
			<w x="2236">glimpse</w>
			<w x="2368">of</w>
			<w x="2531">his</w>
			<w x="2765">own</w>
			<w x="3144">rational</w>
		</line>
		<line c="3326" h="108" n="20">
			<w x="815">and</w>
			<w x="1192">spiritual</w>
			<w x="1485">being,</w>
			<w x="1624">of</w>
			<w x="2095">something</w>
			<w x="2388">within</w>
			<w x="2751">himself</w>
			<w x="3146">superior</w>
		</line>
		<line c="3457" h="106" n="21">
			<w x="747">to</w>
			<w x="936">the</w>
			<w x="1221">world</w>
			<w x="1429">and</w>
			<w x="1709">allied</w>
			<w x="1864">to</w>
			<w x="2045">the</w>
			<w x="2450">divinity,</w>
			<w x="2733">wants</w>
			<w x="2922">the</w>
			<w x="3142">true</w>
		</line>
		<line c="3595" h="125" n="22">
			<w x="924">spring</w>
			<w x="1055">of</w>
			<w x="1256">that</w>
			<w x="1647">purpose</w>
			<w x="1776">of</w>
			<w x="2324">
				<choice>
					<orig>self-culture,</orig>
					<reg>self culture,</reg>
					<reg>self</reg>
					<reg>culture,</reg>
				</choice>
			</w>
			<w x="2473">on</w>
			<w x="2783">which</w>
			<w x="2890">I</w>
			<w x="3142">have</w>
		</line>
		<line c="3719" h="107" n="23">
			<w x="980">insisted</w>
			<w x="1104">as</w>
			<w x="1275">the</w>
			<w x="1477">first</w>
			<w x="1607">of</w>
			<w x="1734">all</w>
			<w x="1901">the</w>
			<w x="2206">means</w>
			<w x="2340">of</w>
			<w x="2956">improvement.</w>
		</line>
	</div>
</body>
