<body>
	<div id="2" group="1" x="671" y="3109" width="2507" height="395" type="score"
		attribution="HMorESM">
		<line c="3179" h="124" n="19">
			<div id="3" group="1" x="670" y="3109" width="2505" height="136" type="score"
				attribution="HMorESM">
				<w x="1093">fathers,"</w>
				<w x="1287">are</w>
				<w x="1640">greatly</w>
				<w x="2125">softened;</w>
				<w x="2333">and</w>
				<w x="2536">that</w>
				<w x="2633">a</w>
				<w x="3074">necessity</w>
				<w x="3171">is</w>
			</div>
		</line>
		<line c="3312" h="128" n="20">
			<w x="821">felt</w>
			<w x="964">by</w>
			<w x="1223">those</w>
			<w x="1458">who</w>
			<w x="1692">hold</w>
			<w x="1838">it,</w>
			<w x="1976">of</w>
			<w x="2688">accommodating</w>
			<w x="2941">their</w>
			<w x="3169">
				<choice>
					<hyph>rep-</hyph>
					<reg>representations</reg>
				</choice>
			</w>
		</line>
		<line c="3443" h="123" n="21">
			<w x="1189" endhyph="true">resentations</w>
			<w x="1323">of</w>
			<w x="1425">it</w>
			<w x="1679">more</w>
			<w x="1888">and</w>
			<w x="2166">more</w>
			<w x="2311">to</w>
			<w x="2498">the</w>
			<w x="2944">improved</w>
			<w x="3168">
				<choice>
					<hyph>phi-</hyph>
					<reg>philosophy</reg>
				</choice>
			</w>
		</line>
		<line c="3570" h="128" n="22">
			<w x="1018" endhyph="true">losophy</w>
			<w x="1149">of</w>
			<w x="1322">the</w>
			<w x="1635">human</w>
			<w x="1930">mind,</w>
			<w x="2123">and</w>
			<w x="2242">to</w>
			<w x="2411">the</w>
			<w x="2906">undeniable</w>
			<w x="3166">
				<choice>
					<hyph>prin-</hyph>
					<reg>principles</reg>
				</choice>
			</w>
		</line>
	</div>
</body>
