<body>
	<div id="2" group="1" x="455" y="1760" width="2520" height="1043" type="score"
		attribution="HMorESM">
		<line c="1833" h="141" n="8">
			<w x="1076">acknowledged</w>
			<w x="1509">teachings</w>
			<w x="1644">of</w>
			<w x="1957">nature</w>
			<w x="2139">and</w>
			<w x="2693">conscience.</w>
			<w x="3001">All</w>
		</line>
		<line c="1953" h="111" n="9">
			<w x="692">those</w>
			<w x="1380">interpretations</w>
			<w x="1542">of</w>
			<w x="1741">the</w>
			<w x="2143">Gospel,</w>
			<w x="2462">which</w>
			<w x="2765">strike</w>
			<w x="2999">the</w>
		</line>
		<line c="2077" h="121" n="10">
			<w x="685">mind</w>
			<w x="800">at</w>
			<w x="1038">once</w>
			<w x="1162">as</w>
			<w x="1706">inconsistent</w>
			<w x="1911">with</w>
			<w x="1988">a</w>
			<w x="2414">righteous</w>
			<w x="2995">government</w>
		</line>
		<line c="2210" h="125" n="11">
			<w x="569">of</w>
			<w x="741">the</w>
			<w x="1187">universe,</w>
			<w x="1486">which</w>
			<w x="1867">require</w>
			<w x="1989">of</w>
			<w x="2207">man</w>
			<w x="2469">what</w>
			<w x="2589">is</w>
			<w x="2996">
				<choice>
					<hyph>dispro-</hyph>
					<reg>disproportioned</reg>
				</choice>
			</w>
		</line>
		<line c="2346" h="121" n="12">
			<w x="881" endhyph="true">portioned</w>
			<w x="1003">to</w>
			<w x="1159">his</w>
			<w x="1511">nature,</w>
			<w x="1646">or</w>
			<w x="1951">which</w>
			<w x="2257">shock</w>
			<w x="2469">any</w>
			<w x="2715">clear</w>
			<w x="2990">
				<choice>
					<hyph>con-</hyph>
					<reg>conviction</reg>
				</choice>
			</w>
		</line>
		<line c="2477" h="129" n="13">
			<w x="763" endhyph="true">viction</w>
			<w x="1078">which</w>
			<w x="1276">our</w>
			<w x="1802">experience</w>
			<w x="2000">has</w>
			<w x="2482">furnished,</w>
			<w x="2807">cannot</w>
			<w x="2960">be</w>
		</line>
		<line c="2607" h="118" n="14">
			<w x="778">viewed</w>
			<w x="1001">with</w>
			<w x="1195">too</w>
			<w x="1556">jealous</w>
			<w x="1710">an</w>
			<w x="1916">eye</w>
			<w x="2080">by</w>
			<w x="2308">him,</w>
			<w x="2562">who,</w>
			<w x="2998">revering</w>
		</line>
		<line c="2734" h="125" n="15">
			<w x="1013">Christianity,</w>
			<w x="1346">desires</w>
			<w x="1468">to</w>
			<w x="1786">secure</w>
			<w x="1908">to</w>
			<w x="2009">it</w>
			<w x="2142">an</w>
			<w x="2599">intelligent</w>
			<w x="2896">belief.</w>
		</line>
	</div>
</body>
