<body>
	<div id="2" group="1" x="660" y="4477" width="2741" height="418" type="score"
		attribution="HMorESM">
		<line c="4539" h="129" n="27">
			<w x="918">mind</w>
			<w x="1199">does</w>
			<w x="1412">not</w>
			<w x="1815">receive</w>
			<w x="2135">every</w>
			<w x="2453">thing</w>
			<w x="2709">from</w>
			<w x="3128">abroad.</w>
			<w x="3435">Its</w>
		</line>
		<line c="4687" h="117" n="28">
			<w x="923">great</w>
			<w x="1211">ideas</w>
			<w x="1466">arise</w>
			<w x="1724">from</w>
			<w x="2015">itself,</w>
			<w x="2222">and</w>
			<w x="2398">by</w>
			<w x="2681">those</w>
			<w x="2998">native</w>
			<w x="3283">lights</w>
			<w x="3389">it</w>
		</line>
		<line c="4815" h="150" n="29">
			<w x="936">reads</w>
			<w x="1136">and</w>
			<w x="1796">comprehends</w>
			<w x="1999">the</w>
			<w x="2420">volumes</w>
			<w x="2566">of</w>
			<w x="2900">nature</w>
			<w x="3101">and</w>
			<w x="3388">
				<choice>
					<hyph>reve-</hyph>
					<reg>revelation</reg>
				</choice>
			</w>
		</line>
	</div>
</body>
