<body>
	<div id="2" group="1" x="562" y="842" width="2782" height="851" type="score"
		attribution="HMorESM">
		<line c="903" h="133" n="1">
			<w x="932">
				<choice>
					<hyph>rations,</hyph>
					<reg>obscurations,</reg>
				</choice>
			</w>
			<w x="1068">to</w>
			<w x="1444">discern</w>
			<w x="1656">the</w>
			<w x="1908">truth</w>
			<w x="2056">in</w>
			<w x="2201">its</w>
			<w x="2718">simplicity</w>
			<w x="2922">and</w>
			<w x="3287">
				<choice>
					<hyph>majes-</hyph>
					<reg>majesty;</reg>
				</choice>
			</w>
		</line>
		<line c="1051" h="137" n="2">
			<w x="750" endhyph="true">ty;</w>
			<w x="992">this</w>
			<w x="1102">is</w>
			<w x="1215">a</w>
			<w x="1515">labor</w>
			<w x="1832">which</w>
			<w x="2121">turns</w>
			<w x="2252">to</w>
			<w x="2533">sport</w>
			<w x="2736">the</w>
			<w x="2936">toil</w>
			<w x="3102">of</w>
			<w x="3289">the</w>
		</line>
		<line c="1190" h="131" n="3">
			<w x="849">hands</w>
			<w x="1052">and</w>
			<w x="1259">the</w>
			<w x="1578">sweat</w>
			<w x="1741">of</w>
			<w x="1927">the</w>
			<w x="2265">brow;</w>
			<w x="2491">and</w>
			<w x="2622">to</w>
			<w x="2877">hold</w>
			<w x="3088">fast</w>
			<w x="3291">this</w>
		</line>
		<line c="1342" h="124" n="4">
			<w x="806">truth</w>
			<w x="1192">openly,</w>
			<w x="1702">fearlessly,</w>
			<w x="2057">amidst</w>
			<w x="2451">outcry,</w>
			<w x="2786">scorn,</w>
			<w x="3288">desertion,</w>
		</line>
		<line c="1474" h="140" n="5">
			<w x="1170">persecution,</w>
			<w x="1277">is</w>
			<w x="1390">a</w>
			<w x="1848">heroism,</w>
			<w x="2186">before</w>
			<w x="2509">which</w>
			<w x="2687">the</w>
			<w x="3112">exploits</w>
			<w x="3288">of</w>
		</line>
		<line c="1626" h="117" n="6">
			<w x="1105">conquerors</w>
			<w x="1380">grow</w>
			<w x="1706">vulgar</w>
			<w x="1911">and</w>
			<w x="2207">tame.</w>
		</line>
	</div>
</body>
