<body>
	<div id="2" group="1" x="746" y="2995" width="2580" height="257" type="bars2"
		attribution="HMorESM">
		<line c="3048" h="138" n="18">
			<blank x="2376"/>
			<w x="2544">A</w>
			<w x="2761">man</w>
			<w x="2864">is</w>
			<w x="3134">great</w>
			<w x="3255">as</w>
		</line>
		<line c="3193" h="112" n="19">
			<w x="815">a</w>
			<w x="1056">man,</w>
			<w x="1199">be</w>
			<w x="1337">he</w>
			<w x="1638">where</w>
			<w x="1769">or</w>
			<w x="2010">what</w>
			<w x="2148">he</w>
			<w x="2442">may.</w>
		</line>
	</div>
</body>
