<body>
	<div id="2" group="1" x="435" y="3591" width="2518" height="1054" type="score"
		attribution="HMorESM">
		<line c="3667" h="154" n="22">
			<w x="686">seeds</w>
			<w x="818">of</w>
			<w x="987">the</w>
			<w x="1256">same</w>
			<w x="1802">excellence.</w>
			<w x="2144">How</w>
			<w x="2546">quickly,</w>
			<w x="2698">by</w>
			<w x="2984">what</w>
		</line>
		<line c="3796" h="151" n="23">
			<w x="569">an</w>
			<w x="938">instinct,</w>
			<w x="1085">do</w>
			<w x="1560">accordant</w>
			<w x="1845">minds</w>
			<w x="2308">
				<choice>
					<orig>recognise</orig>
					<reg>recognize</reg>
				</choice>
			</w>
			<w x="2496">one</w>
			<w x="2941">another!</w>
		</line>
		<line c="3926" h="168" n="24">
			<w x="576">No</w>
			<w x="1058">attraction</w>
			<w x="1196">is</w>
			<w x="1366">so</w>
			<w x="1819">powerful</w>
			<w x="1978">as</w>
			<w x="2214">that</w>
			<w x="2531">which</w>
			<w x="2998">subsists</w>
		</line>
		<line c="4060" h="156" n="25">
			<w x="799">between</w>
			<w x="986">the</w>
			<w x="1244">truly</w>
			<w x="1481">wise</w>
			<w x="1688">and</w>
			<w x="2007">good;</w>
			<w x="2319">whilst</w>
			<w x="2506">the</w>
			<w x="2931">brightest</w>
		</line>
		<line c="4193" h="152" n="26">
			<w x="896">excellence</w>
			<w x="1022">is</w>
			<w x="1232">lost</w>
			<w x="1390">on</w>
			<w x="1650">those</w>
			<w x="1865">who</w>
			<w x="2119">have</w>
			<w x="2474">nothing</w>
			<w x="2928">congenial</w>
		</line>
		<line c="4319" h="156" n="27">
			<w x="520">in</w>
			<w x="770">their</w>
			<w x="982">own</w>
			<w x="1346">breasts.</w>
			<w x="1658">God</w>
			<w x="2079">becomes</w>
			<w x="2164">a</w>
			<w x="2342">real</w>
			<w x="2627">being</w>
			<w x="2744">to</w>
			<w x="2890">us,</w>
		</line>
		<line c="4439" h="138" n="28">
			<w x="515">in</w>
			<w x="1042">proportion</w>
			<w x="1157">as</w>
			<w x="1333">his</w>
			<w x="1566">own</w>
			<w x="1886">nature</w>
			<w x="2000">is</w>
			<w x="2420">unfolded</w>
			<w x="2742">within</w>
			<w x="2888">us.</w>
		</line>
		<line c="4578" h="156" n="29">
			<w x="579">To</w>
			<w x="681">a</w>
			<w x="911">man</w>
			<w x="1126">who</w>
			<w x="1238">is</w>
			<w x="1624">growing</w>
			<w x="1733">in</w>
			<w x="1917">the</w>
			<w x="2291">likeness</w>
			<w x="2426">of</w>
			<w x="2690">God,</w>
			<w x="2922">faith</w>
		</line>
	</div>
</body>
