<body>
	<div id="2" group="1" x="662" y="2457" width="2512" height="528" type="score"
		attribution="HMorESM">
		<line c="2530" h="120" n="14">
			<w x="755">at</w>
			<w x="982">least</w>
			<w x="1103">as</w>
			<w x="1257">far</w>
			<w x="1390">as</w>
			<w x="1658">moral</w>
			<w x="2058">subjects</w>
			<w x="2251">are</w>
			<w x="2779">concerned.</w>
			<w x="3163">Truth</w>
		</line>
		<line c="2654" h="141" n="15">
			<w x="926">which</w>
			<w x="1262">relates</w>
			<w x="1401">to</w>
			<w x="1680">God,</w>
			<w x="1870">and</w>
			<w x="2150">duty,</w>
			<w x="2364">and</w>
			<w x="2868">happiness,</w>
			<w x="3060">and</w>
			<w x="3222">a</w>
		</line>
		<line c="2783" h="121" n="16">
			<w x="926">future</w>
			<w x="1207">state,</w>
			<w x="1318">is</w>
			<w x="1656">always</w>
			<w x="2198">humanized,</w>
			<w x="2331">if</w>
			<w x="2420">I</w>
			<w x="2656">may</w>
			<w x="2786">so</w>
			<w x="2983">use</w>
			<w x="3204">the</w>
		</line>
		<line c="2890" h="163" n="17">
			<w x="925">word,</w>
			<w x="1103">by</w>
			<w x="1467">passing</w>
			<w x="1856">through</w>
			<w x="1959">a</w>
			<w x="2294">human</w>
			<w x="2633">mind;</w>
			<w x="2889">and,</w>
			<w x="3201">when</w>
		</line>
	</div>
</body>
