<body>
	<div id="2" group="1" x="520" y="2837" width="2541" height="1177" type="score"
		attribution="HMorESM">
		<line c="2904" h="120" n="17">
			<w x="766">
				<choice>
					<hyph>terial</hyph>
					<reg>material</reg>
				</choice>
			</w>
			<w x="1193">creation.</w>
			<w x="1507">And</w>
			<w x="1704">we</w>
			<w x="2011">have,</w>
			<w x="2248">too,</w>
			<w x="2366">a</w>
			<w x="2732">power,</w>
			<w x="3103">which</w>
		</line>
		<line c="3033" h="125" n="18">
			<w x="836">cannot</w>
			<w x="1068">stop</w>
			<w x="1211">at</w>
			<w x="1473">what</w>
			<w x="1630">we</w>
			<w x="1805">see</w>
			<w x="2014">and</w>
			<w x="2395">handle,</w>
			<w x="2503">at</w>
			<w x="2745">what</w>
			<w x="3095">exists</w>
		</line>
		<line c="3160" h="122" n="19">
			<w x="809">within</w>
			<w x="996">the</w>
			<w x="1351">bounds</w>
			<w x="1503">of</w>
			<w x="1793">space</w>
			<w x="2012">and</w>
			<w x="2278">time,</w>
			<w x="2578">which</w>
			<w x="2864">seeks</w>
			<w x="3043">for</w>
		</line>
		<line c="3293" h="113" n="20">
			<w x="679">the</w>
			<w x="1059">Infinite,</w>
			<w x="1562">Uncreated</w>
			<w x="1914">Cause,</w>
			<w x="2215">which</w>
			<w x="2550">cannot</w>
			<w x="2764">rest</w>
			<w x="2917">till</w>
			<w x="3048">it</w>
		</line>
		<line c="3423" h="135" n="21">
			<w x="835">ascend</w>
			<w x="957">to</w>
			<w x="1127">the</w>
			<w x="1532">Eternal,</w>
			<w x="2416">
				<choice>
					<orig>All-comprehending</orig>
					<reg>All comprehending</reg>
					<reg>All</reg>
					<reg>comprehending</reg>
				</choice>
			</w>
			<w x="2710">Mind.</w>
			<w x="3039">This</w>
		</line>
		<line c="3558" h="111" n="22">
			<w x="667">we</w>
			<w x="880">call</w>
			<w x="1071">the</w>
			<w x="1491">religious</w>
			<w x="1959">principle,</w>
			<w x="2225">and</w>
			<w x="2290">its</w>
			<w x="2704">grandeur</w>
			<w x="3089">cannot</w>
		</line>
		<line c="3688" h="115" n="23">
			<w x="647">be</w>
			<w x="1220">exaggerated</w>
			<w x="1394">by</w>
			<w x="1740">human</w>
			<w x="2225">language;</w>
			<w x="2427">for</w>
			<w x="2538">it</w>
			<w x="2849">marks</w>
			<w x="3053">out</w>
		</line>
		<line c="3819" h="111" n="24">
			<w x="593">a</w>
			<w x="882">being</w>
			<w x="1289">destined</w>
			<w x="1473">for</w>
			<w x="1805">higher</w>
			<w x="2373">communion</w>
			<w x="2611">than</w>
			<w x="2854">with</w>
			<w x="3043">the</w>
		</line>
		<line c="3954" h="116" n="25">
			<w x="818">visible</w>
			<w x="1282">universe.</w>
			<w x="1544">To</w>
			<w x="2005">
				<choice>
					<orig>develope</orig>
					<reg>develop</reg>
				</choice>
			</w>
			<w x="2262">this,</w>
			<w x="2408">is</w>
			<w x="2902">eminently</w>
			<w x="3050">to</w>
		</line>
	</div>
</body>
