<body>
	<div id="2" group="1" x="485" y="1847" width="2594" height="542" type="score"
		attribution="HMorESM">
		<line c="1917" h="127" n="9">
			<w x="691">We</w>
			<w x="832">go</w>
			<w x="1190">further.</w>
			<w x="1482">We</w>
			<w x="1827">believe</w>
			<w x="2035">that</w>
			<w x="2280">God</w>
			<w x="2453">has</w>
			<w x="2614">set</w>
			<w x="2804">the</w>
			<w x="3047">same</w>
		</line>
		<line c="2045" h="113" n="10">
			<w x="732">limit</w>
			<w x="864">to</w>
			<w x="1051">his</w>
			<w x="1301">own</w>
			<w x="2000">benevolence.</w>
			<w x="2229">He</w>
			<w x="2573">makes</w>
			<w x="2747">no</w>
			<w x="3050">being</w>
		</line>
		<line c="2183" h="135" n="11">
			<w x="814">happy,</w>
			<w x="959">in</w>
			<w x="1173">any</w>
			<w x="1455">other</w>
			<w x="1749">sense</w>
			<w x="1992">than</w>
			<w x="2136">in</w>
			<w x="2506">that</w>
			<w x="2522">of</w>
			<w x="2827">giving</w>
			<w x="3049">him</w>
		</line>
		<line c="2319" h="124" n="12">
			<w x="845">means,</w>
			<w x="1209">powers,</w>
			<w x="1636">motives,</w>
			<w x="1832">and</w>
			<w x="1918">a</w>
			<w x="2139">field</w>
			<w x="2318">for</w>
			<w x="2758">exertion.</w>
			<w x="3050">We</w>
		</line>
	</div>
</body>
