<body>
	<div id="2" group="1" x="619" y="4562" width="2536" height="259" type="score"
		attribution="HMorESM">
		<line c="4631" h="108" n="30">
			<w x="754">on</w>
			<w x="953">our</w>
			<w x="1244">whole</w>
			<w x="1577">modes</w>
			<w x="1729">of</w>
			<w x="2129">religious</w>
			<w x="2551">thinking.</w>
			<w x="2948">These</w>
			<w x="3179">
				<choice>
					<hyph>ob-</hyph>
					<reg>obstacles</reg>
				</choice>
			</w>
		</line>
		<line c="4754" h="129" n="31">
			<w x="949" endhyph="true">stacles</w>
			<w x="1124">are</w>
			<w x="1724">strengthened</w>
			<w x="1880">by</w>
			<w x="2050">the</w>
			<w x="2416">general</w>
			<w x="3007">indisposition</w>
			<w x="3182">to</w>
		</line>
	</div>
</body>
