<body>
	<div id="2" group="1" x="471" y="1024" width="2734" height="2548" type="score"
		attribution="HMorESM">
		<line c="1098" h="117" n="2">
			<w x="957">weakness.</w>
			<w x="1278">The</w>
			<w x="1808">Protestant</w>
			<w x="2249">minister,</w>
			<w x="2616">mixing</w>
			<w x="2934">freely</w>
			<w x="3181">with</w>
		</line>
		<line c="1249" h="124" n="3">
			<w x="846">society,</w>
			<w x="1370">sustaining</w>
			<w x="1544">all</w>
			<w x="1715">its</w>
			<w x="2211">relations,</w>
			<w x="2454">and</w>
			<w x="3001">depending</w>
			<w x="3232">on</w>
		</line>
		<line c="1390" h="131" n="4">
			<w x="832">opinion</w>
			<w x="1023">for</w>
			<w x="1380">bread,</w>
			<w x="1594">has</w>
			<w x="1946">strong</w>
			<w x="2616">inducements</w>
			<w x="2754">to</w>
			<w x="3068">make</w>
			<w x="3181">a</w>
		</line>
		<line c="1537" h="126" n="5">
			<w x="1057">compromise</w>
			<w x="1326">with</w>
			<w x="1535">the</w>
			<w x="1888">world.</w>
			<w x="2111">Is</w>
			<w x="2424">there</w>
			<w x="2644">not</w>
			<w x="3018">reason</w>
			<w x="3252">to</w>
		</line>
		<line c="1673" h="126" n="6">
			<w x="695">fear,</w>
			<w x="943">that,</w>
			<w x="1252">under</w>
			<w x="1549">these</w>
			<w x="2076">influences,</w>
			<w x="2471">religion</w>
			<w x="2693">and</w>
			<w x="2871">the</w>
			<w x="3180">world</w>
		</line>
		<line c="1799" h="122" n="7">
			<w x="719">often</w>
			<w x="1034">shake</w>
			<w x="1405">hands?</w>
			<w x="1619">Is</w>
			<w x="1917">there</w>
			<w x="2127">not</w>
			<w x="2238">a</w>
			<w x="2575">secret</w>
			<w x="3179">
				<choice>
					<hyph>understand-</hyph>
					<reg>understanding,</reg>
				</choice>
			</w>
		</line>
		<line c="1961" h="125" n="8">
			<w x="660" endhyph="true">ing,</w>
			<w x="907">that</w>
			<w x="1118">the</w>
			<w x="1627">ministry,</w>
			<w x="1930">while</w>
			<w x="2060">it</w>
			<w x="2606">condemns</w>
			<w x="2806">sin</w>
			<w x="2966">in</w>
			<w x="3179">the</w>
		</line>
		<line c="2104" h="120" n="9">
			<w x="746">mass,</w>
			<w x="1044">must</w>
			<w x="1374">touch</w>
			<w x="1710">gently</w>
			<w x="1923">the</w>
			<w x="2505">prejudices,</w>
			<w x="2940">wrongs,</w>
			<w x="3180">and</w>
		</line>
		<line c="2238" h="131" n="10">
			<w x="794">abuses</w>
			<w x="1132">which</w>
			<w x="1323">the</w>
			<w x="1900">community</w>
			<w x="2090">has</w>
			<w x="2384">taken</w>
			<w x="2706">under</w>
			<w x="2851">its</w>
			<w x="3208">wing?</w>
		</line>
		<line c="2383" h="135" n="11">
			<w x="589">Is</w>
			<w x="804">not</w>
			<w x="1312">preaching</w>
			<w x="1613">often</w>
			<w x="2092">disarmed</w>
			<w x="2274">by</w>
			<w x="2494">this</w>
			<w x="2832">silent,</w>
			<w x="3184">almost</w>
		</line>
		<line c="2517" h="127" n="12">
			<w x="1088">unconscious,</w>
			<w x="1638">concession</w>
			<w x="1769">to</w>
			<w x="1954">the</w>
			<w x="2339">world?</w>
			<w x="2841">Whether</w>
			<w x="2931">a</w>
			<w x="3181">
				<choice>
					<hyph>min-</hyph>
					<reg>ministry</reg>
				</choice>
			</w>
		</line>
		<line c="2671" h="121" n="13">
			<w x="699" endhyph="true">istry</w>
			<w x="1179">sustained</w>
			<w x="1341">as</w>
			<w x="1479">it</w>
			<w x="1758">now</w>
			<w x="1876">is,</w>
			<w x="2080">can</w>
			<w x="2248">be</w>
			<w x="2673">morally</w>
			<w x="2945">free,</w>
			<w x="3077">is</w>
			<w x="3184">a</w>
		</line>
		<line c="2808" h="134" n="14">
			<w x="877">problem</w>
			<w x="1084">yet</w>
			<w x="1231">to</w>
			<w x="1418">be</w>
			<w x="1798">solved.</w>
			<w x="2024">If</w>
			<w x="2260">not,</w>
			<w x="2467">the</w>
			<w x="2902">minister</w>
			<w x="3188">must</w>
		</line>
		<line c="2949" h="126" n="15">
			<w x="717">now,</w>
			<w x="854">as</w>
			<w x="1020">of</w>
			<w x="1242">old,</w>
			<w x="1530">leave</w>
			<w x="1702">all</w>
			<w x="1892">for</w>
			<w x="2260">Christ,</w>
			<w x="2660">looking</w>
			<w x="2991">solely</w>
			<w x="3186">for</w>
		</line>
		<line c="3090" h="148" n="16">
			<w x="632">aid</w>
			<w x="782">to</w>
			<w x="1101">those,</w>
			<w x="1550">however</w>
			<w x="1768">few</w>
			<w x="1910">or</w>
			<w x="2215">poor,</w>
			<w x="2451">who</w>
			<w x="2756">share</w>
			<w x="2925">his</w>
			<w x="3187">own</w>
		</line>
		<line c="3227" h="143" n="17">
			<w x="718">deep</w>
			<w x="1122">interest</w>
			<w x="1242">in</w>
			<w x="1424">the</w>
			<w x="1907">Christian</w>
			<w x="2240">cause.</w>
			<w x="2675">Better</w>
			<w x="2930">earn</w>
			<w x="3213">your</w>
		</line>
		<line c="3380" h="115" n="18">
			<w x="761">bread</w>
			<w x="1000">with</w>
			<w x="1180">the</w>
			<w x="1480">sweat</w>
			<w x="1623">of</w>
			<w x="1879">your</w>
			<w x="2188">brow,</w>
			<w x="2418">than</w>
			<w x="2644">part</w>
			<w x="2887">with</w>
			<w x="3189">moral</w>
		</line>
		<line c="3512" h="86" n="19">
			<w x="906">freedom.</w>
		</line>
	</div>
</body>
