<body>
	<div id="2" group="1" x="471" y="4364" width="2716" height="1135" type="score"
		attribution="HMorESM">
		<line c="4436" h="123" n="26">
			<w x="837">Reason</w>
			<w x="951">is</w>
			<w x="1131">the</w>
			<w x="1379">very</w>
			<w x="1723">faculty</w>
			<w x="1840">to</w>
			<w x="2146">which</w>
			<w x="2632">revelation</w>
			<w x="2737">is</w>
			<w x="3156">
				<choice>
					<hyph>address-</hyph>
					<reg>addressed,</reg>
				</choice>
			</w>
		</line>
		<line c="4577" h="183" n="27">
			<w x="631" endhyph="true">ed,</w>
			<w x="843">and</w>
			<w x="994">by</w>
			<w x="1296">which</w>
			<w x="1578">alone</w>
			<w x="1681">it</w>
			<w x="1877">can</w>
			<w x="2028">be</w>
			<w x="2539">explained.</w>
			<w x="3064">Without</w>
			<w x="3160">it</w>
		</line>
		<line c="4726" h="139" n="28">
			<w x="616">we</w>
			<w x="951">should</w>
			<w x="1104">be</w>
			<w x="1592">incapable</w>
			<w x="1726">of</w>
			<w x="2061">divine</w>
			<w x="2502">teaching,</w>
			<w x="2711">just</w>
			<w x="2870">as</w>
			<w x="3161">
				<choice>
					<hyph>with-</hyph>
					<reg>without</reg>
				</choice>
			</w>
		</line>
		<line c="4860" h="127" n="29">
			<w x="634" endhyph="true">out</w>
			<w x="805">the</w>
			<w x="1007">eye</w>
			<w x="1177">we</w>
			<w x="1515">should</w>
			<w x="1736">lose</w>
			<w x="1916">the</w>
			<w x="2336">happiest</w>
			<w x="2829">influences</w>
			<w x="2972">of</w>
			<w x="3159">the</w>
		</line>
		<line c="5001" h="125" n="30">
			<w x="699">sun;</w>
			<w x="923">and</w>
			<w x="1164">they</w>
			<w x="1394">who</w>
			<w x="1714">would</w>
			<w x="2257">discourage</w>
			<w x="2440">the</w>
			<w x="2631">use</w>
			<w x="2774">of</w>
			<w x="3152">reason,</w>
		</line>
		<line c="5147" h="134" n="31">
			<w x="664">that</w>
			<w x="851">we</w>
			<w x="1109">may</w>
			<w x="1445">better</w>
			<w x="1848">receive</w>
			<w x="2400">revelation,</w>
			<w x="2608">are</w>
			<w x="2927">much</w>
			<w x="3161">like</w>
		</line>
		<line c="5282" h="125" n="32">
			<w x="766">those,</w>
			<w x="1017">who</w>
			<w x="1344">should</w>
			<w x="1588">bind</w>
			<w x="1741">up</w>
			<w x="1885">or</w>
			<w x="2175">pluck</w>
			<w x="2358">out</w>
			<w x="2551">the</w>
			<w x="2775">eye,</w>
			<w x="2994">that</w>
			<w x="3160">we</w>
		</line>
		<line c="5429" h="134" n="33">
			<w x="753">might</w>
			<w x="1047">enjoy</w>
			<w x="1176">to</w>
			<w x="1359">the</w>
			<w x="1545">full</w>
			<w x="1723">the</w>
			<w x="2159">splendor</w>
			<w x="2299">of</w>
			<w x="2538">day.</w>
		</line>
	</div>
</body>
