<body>
	<div id="2" group="1" x="722" y="979" width="2714" height="925" type="score"
		attribution="HMorESM">
		<line c="1050" h="122" n="2">
			<w x="1221">Protestant</w>
			<w x="1661">country,</w>
			<w x="1803">be</w>
			<w x="2247">reduced</w>
			<w x="2387">to</w>
			<w x="2480">a</w>
			<w x="2833">nullity.</w>
			<w x="3027">It</w>
			<w x="3156">is</w>
			<w x="3466">true,</w>
		</line>
		<line c="1171" h="118" n="3">
			<w x="912">that</w>
			<w x="1174">men</w>
			<w x="1388">are</w>
			<w x="1626">sent</w>
			<w x="1766">to</w>
			<w x="1961">the</w>
			<w x="2561">Scriptures;</w>
			<w x="2776">but</w>
			<w x="3028">they</w>
			<w x="3184">are</w>
			<w x="3439">told</w>
		</line>
		<line c="1313" h="118" n="4">
			<w x="1029">before</w>
			<w x="1281">they</w>
			<w x="1465">go,</w>
			<w x="1682">that</w>
			<w x="1931">they</w>
			<w x="2135">will</w>
			<w x="2298">be</w>
			<w x="2643">driven</w>
			<w x="2891">from</w>
			<w x="3083">the</w>
			<w x="3456">church</w>
		</line>
		<line c="1442" h="109" n="5">
			<w x="852">on</w>
			<w x="1123">earth</w>
			<w x="1334">and</w>
			<w x="1458">in</w>
			<w x="1845">heaven,</w>
			<w x="2176">unless</w>
			<w x="2409">they</w>
			<w x="2620">find</w>
			<w x="2748">in</w>
			<w x="2926">the</w>
			<w x="3440">Scriptures</w>
		</line>
		<line c="1572" h="114" n="6">
			<w x="885">the</w>
			<w x="1346">doctrines</w>
			<w x="1663">which</w>
			<w x="1874">are</w>
			<w x="2349">embodied</w>
			<w x="2490">in</w>
			<w x="2691">the</w>
			<w x="3096">popular</w>
			<w x="3462">creed.</w>
		</line>
		<line c="1712" h="112" n="7">
			<w x="989">They</w>
			<w x="1196">are</w>
			<w x="1438">told,</w>
			<w x="1831">indeed,</w>
			<w x="1980">to</w>
			<w x="2376">inquire</w>
			<w x="2574">for</w>
			<w x="3230">themselves;</w>
			<w x="3477">but</w>
		</line>
		<line c="1835" h="125" n="8">
			<w x="942">they</w>
			<w x="1123">are</w>
			<w x="1378">also</w>
			<w x="1625">told,</w>
			<w x="1756">at</w>
			<w x="2040">what</w>
			<w x="2372">points</w>
			<w x="2770">inquiry</w>
			<w x="3026">must</w>
			<w x="3428">arrive;</w>
		</line>
	</div>
	<div id="3" group="2" x="726" y="2964" width="2732" height="394" type="score"
		attribution="HMorESM">
		<line c="3033" h="115" n="17">
			<w x="973">thing</w>
			<w x="1284">which</w>
			<w x="1773">Orthodox</w>
			<w x="2027">eyes</w>
			<w x="2280">have</w>
			<w x="2460">not</w>
			<w x="2719">seen</w>
			<w x="3059">before</w>
			<w x="3225">us.</w>
			<w x="3432">Is</w>
		</line>
		<line c="3162" h="114" n="18">
			<w x="903">this</w>
			<w x="1030">a</w>
			<w x="1244">state</w>
			<w x="1384">of</w>
			<w x="1700">things</w>
			<w x="2178">favorable</w>
			<w x="2304">to</w>
			<w x="2665">serious</w>
			<w x="3042">inquiry</w>
			<w x="3248">into</w>
			<w x="3432">the</w>
		</line>
		<line c="3294" h="113" n="19">
			<w x="1007">truths</w>
			<w x="1143">of</w>
			<w x="1355">the</w>
			<w x="1768">Gospel?</w>
			<w x="1980">yet,</w>
			<w x="2210">how</w>
			<w x="2444">long</w>
			<w x="2637">has</w>
			<w x="2824">the</w>
			<w x="3184">church</w>
			<w x="3435">been</w>
		</line>
	</div>
</body>
