<body>
	<div id="2" group="1" x="592" y="670" width="2565" height="1095" type="score"
		attribution="HMorESM">
		<line c="761" h="122" n="1">
			<w x="978">allowed</w>
			<w x="1130">to</w>
			<w x="1359">look</w>
			<w x="1598">with</w>
			<w x="1870">grief,</w>
			<w x="2207">shame,</w>
			<w x="2450">pity,</w>
			<w x="2587">I</w>
			<w x="2781">had</w>
			<w x="3127">almost</w>
		</line>
		<line c="899" h="112" n="2">
			<w x="845">said,</w>
			<w x="1315">contempt.</w>
			<w x="1534">In</w>
			<w x="1896">passing</w>
			<w x="2152">these</w>
			<w x="2604">censures,</w>
			<w x="2696">I</w>
			<w x="2962">claim</w>
			<w x="3119">no</w>
		</line>
		<line c="1028" h="111" n="3">
			<w x="1133">superiority.</w>
			<w x="1298">I</w>
			<w x="1461">am</w>
			<w x="1679">sure</w>
			<w x="1934">there</w>
			<w x="2106">are</w>
			<w x="2565">thousands</w>
			<w x="2698">of</w>
			<w x="2840">all</w>
			<w x="3119">sects,</w>
		</line>
		<line c="1158" h="111" n="4">
			<w x="824">who</w>
			<w x="1097">think</w>
			<w x="1284">and</w>
			<w x="1492">feel</w>
			<w x="1609">as</w>
			<w x="1716">I</w>
			<w x="1878">do</w>
			<w x="1996">in</w>
			<w x="2183">this</w>
			<w x="2662">particular,</w>
			<w x="2854">and</w>
			<w x="3126">who,</w>
		</line>
		<line c="1289" h="107" n="5">
			<w x="761">far</w>
			<w x="1001">from</w>
			<w x="1402">claiming</w>
			<w x="1789">superior</w>
			<w x="2373">intelligence,</w>
			<w x="2533">are</w>
			<w x="3124">distinguished</w>
		</line>
		<line c="1423" h="114" n="6">
			<w x="754">by</w>
			<w x="1179">following</w>
			<w x="1350">out</w>
			<w x="1516">the</w>
			<w x="1767">plain</w>
			<w x="2163">dictates,</w>
			<w x="2336">the</w>
			<w x="2684">natural</w>
			<w x="3116">impulses,</w>
		</line>
		<line c="1551" h="113" n="7">
			<w x="799">and</w>
			<w x="1371">spontaneous</w>
			<w x="1863">judgments</w>
			<w x="1999">of</w>
			<w x="2508">conscience</w>
			<w x="2704">and</w>
			<w x="3122">common</w>
		</line>
		<line c="1687" h="50" n="8">
			<w x="906">sense.</w>
		</line>
	</div>
</body>
