<body>
	<div id="2" group="1" x="640" y="4323" width="2535" height="520" type="score"
		attribution="HMorESM">
		<line c="4387" h="131" n="28">
			<w x="911">edged</w>
			<w x="1133">laws</w>
			<w x="1269">of</w>
			<w x="1608">nature.</w>
			<w x="1851">In</w>
			<w x="2109">other</w>
			<w x="2436">words,</w>
			<w x="2604">we</w>
			<w x="2958">believe</w>
			<w x="3192">that</w>
		</line>
		<line c="4514" h="129" n="29">
			<w x="851">God</w>
			<w x="1149">never</w>
			<w x="1709">contradicts,</w>
			<w x="1831">in</w>
			<w x="2040">one</w>
			<w x="2272">part</w>
			<w x="2423">of</w>
			<w x="2913">Scripture,</w>
			<w x="3190">what</w>
		</line>
		<line c="4652" h="106" n="30">
			<w x="754">he</w>
			<w x="1111">teaches</w>
			<w x="1242">in</w>
			<w x="1650">another;</w>
			<w x="1863">and</w>
			<w x="2141">never</w>
			<w x="2683">contradicts,</w>
			<w x="2808">in</w>
			<w x="3195">
				<choice>
					<hyph>revela-</hyph>
					<reg>revelation,</reg>
				</choice>
			</w>
		</line>
		<line c="4773" h="145" n="31">
			<w x="866" endhyph="true">tion,</w>
			<w x="1149">what</w>
			<w x="1291">he</w>
			<w x="1687">teaches</w>
			<w x="1850">in</w>
			<w x="2015">his</w>
			<w x="2351">works</w>
			<w x="2577">and</w>
			<w x="3191">providence</w>
		</line>
	</div>
</body>
