<body>
	<div id="2" group="1" x="436" y="2209" width="2516" height="914" type="score"
		attribution="HMorESM">
		<line c="2279" h="114" n="12">
			<w x="932">prevalently</w>
			<w x="1381">irrational.</w>
			<w x="1642">He</w>
			<w x="1858">who</w>
			<w x="1963">is</w>
			<w x="2454">compelled</w>
			<w x="2605">to</w>
			<w x="2934">defend</w>
		</line>
		<line c="2403" h="130" n="13">
			<w x="610">his</w>
			<w x="792">faith</w>
			<w x="905">in</w>
			<w x="1095">any</w>
			<w x="1566">particular,</w>
			<w x="1702">by</w>
			<w x="1865">the</w>
			<w x="2116">plea,</w>
			<w x="2308">that</w>
			<w x="2623">human</w>
			<w x="2936">reason</w>
		</line>
		<line c="2533" h="133" n="14">
			<w x="518">is</w>
			<w x="914">so</w>
			<w x="1084">depraved</w>
			<w x="1466">through</w>
			<w x="1648">the</w>
			<w x="1864">fall,</w>
			<w x="1992">as</w>
			<w x="2113">to</w>
			<w x="2264">be</w>
			<w x="2422">an</w>
			<w x="2933">inadequate</w>
		</line>
		<line c="2662" h="134" n="15">
			<w x="687">judge</w>
			<w x="835">of</w>
			<w x="1209">religion,</w>
			<w x="1394">and</w>
			<w x="1653">that</w>
			<w x="1819">God</w>
			<w x="1921">is</w>
			<w x="2312">honored</w>
			<w x="2451">by</w>
			<w x="2620">our</w>
			<w x="2932">
				<choice>
					<hyph>recepe-</hyph>
					<reg>reception</reg>
				</choice>
			</w>
		</line>
		<line c="2793" h="131" n="16">
			<w x="618" endhyph="true">tion</w>
			<w x="757">of</w>
			<w x="994">what</w>
			<w x="1333">shocks</w>
			<w x="1523">the</w>
			<w x="1921">intellect,</w>
			<w x="2255">seems</w>
			<w x="2368">to</w>
			<w x="2605">have</w>
			<w x="2752">no</w>
			<w x="2932">
				<choice>
					<hyph orig="defence">de-</hyph>
					<reg>defence</reg>
					<reg>defense</reg>
				</choice>
			</w>
		</line>
		<line c="2922" h="132" n="17">
			<w x="687" endhyph="true">fence</w>
			<w x="880">left</w>
			<w x="1222">against</w>
			<w x="1828">accumulated</w>
			<w x="2354">absurdities.</w>
			<w x="2934">According</w>
		</line>
		<line c="3066" h="116" n="18">
			<w x="518">to</w>
			<w x="836">these</w>
			<w x="1344">principles,</w>
			<w x="1501">the</w>
			<w x="1839">fanatic</w>
			<w x="2053">who</w>
			<w x="2572">exclaimed,</w>
			<w x="2757">"I</w>
			<w x="2931">
				<choice>
					<hyph>be-</hyph>
					<reg>believe</reg>
				</choice>
			</w>
		</line>
	</div>
</body>
