<body>
	<div id="2" group="1" x="658" y="2447" width="2781" height="1146" type="score"
		attribution="HMorESM">
		<line c="2516" h="121" n="12">
			<w x="920">wear</w>
			<w x="1088">no</w>
			<w x="1580">restraints</w>
			<w x="1785">but</w>
			<w x="2100">those</w>
			<w x="2266">of</w>
			<w x="2362">a</w>
			<w x="2674">sense</w>
			<w x="2822">of</w>
			<w x="3155">duty.</w>
			<w x="3411">His</w>
		</line>
		<line c="2655" h="153" n="13">
			<w x="943">office</w>
			<w x="1092">is,</w>
			<w x="1229">to</w>
			<w x="1500">utter</w>
			<w x="1823">God's</w>
			<w x="2093">truth</w>
			<w x="2595">according</w>
			<w x="2725">to</w>
			<w x="2895">his</w>
			<w x="3411">
				<choice>
					<hyph>apprehen-</hyph>
					<reg>apprehension</reg>
				</choice>
			</w>
		</line>
		<line c="2805" h="126" n="14">
			<w x="877" endhyph="true">sion</w>
			<w x="1068">of</w>
			<w x="1215">it,</w>
			<w x="1458">and</w>
			<w x="1640">he</w>
			<w x="2018">should</w>
			<w x="2200">be</w>
			<w x="2833">encouraged</w>
			<w x="2977">to</w>
			<w x="3293">utter</w>
			<w x="3414">it</w>
		</line>
		<line c="2940" h="146" n="15">
			<w x="1120">honestly,</w>
			<w x="1502">simply.</w>
			<w x="1785">He</w>
			<w x="2054">must</w>
			<w x="2385">follow</w>
			<w x="2559">his</w>
			<w x="2816">own</w>
			<w x="3407">conscience,</w>
		</line>
		<line c="3081" h="138" n="16">
			<w x="862">and</w>
			<w x="1007">no</w>
			<w x="1325">other.</w>
			<w x="1675">How</w>
			<w x="1870">can</w>
			<w x="2018">he</w>
			<w x="2385">rebuke</w>
			<w x="2868">prevalent</w>
			<w x="3145">error</w>
			<w x="3414">
				<choice>
					<hyph>with-</hyph>
					<reg>without</reg>
				</choice>
			</w>
		</line>
		<line c="3235" h="127" n="17">
			<w x="838" endhyph="true">out</w>
			<w x="1005">an</w>
			<w x="1427">unawed</w>
			<w x="1794">spirit?</w>
			<w x="2223">Better</w>
			<w x="2468">that</w>
			<w x="2611">he</w>
			<w x="2979">should</w>
			<w x="3222">hold</w>
			<w x="3415">his</w>
		</line>
		<line c="3376" h="141" n="18">
			<w x="965">peace</w>
			<w x="1239">than</w>
			<w x="1417">not</w>
			<w x="1747">speak</w>
			<w x="2022">from</w>
			<w x="2206">his</w>
			<w x="2451">own</w>
			<w x="2732">soul.</w>
			<w x="3170">Better</w>
			<w x="3417">that</w>
		</line>
		<line c="3526" h="125" n="19">
			<w x="837">the</w>
			<w x="1148">pulpit</w>
			<w x="1296">be</w>
			<w x="1813">prostrated</w>
			<w x="2054">than</w>
			<w x="2202">its</w>
			<w x="2650">freedom</w>
			<w x="2801">be</w>
			<w x="3095">taken</w>
			<w x="3410">away.</w>
		</line>
	</div>
</body>
