<body>
	<div id="2" group="1" x="416" y="4016" width="2540" height="404" type="score"
		attribution="HMorESM">
		<line c="4084" h="121" n="25">
			<w x="648">
				<choice>
					<hyph>ings</hyph>
					<reg>feelings</reg>
				</choice>
			</w>
			<w x="758">of</w>
			<w x="824">a</w>
			<w x="1278">profound</w>
			<w x="1468">and</w>
			<w x="1719">lofty</w>
			<w x="2002">spirit.</w>
			<w x="2267">To</w>
			<w x="2444">be</w>
			<w x="2983">universally</w>
		</line>
		<line c="4216" h="120" n="26">
			<w x="890">intelligible</w>
			<w x="1013">is</w>
			<w x="1190">not</w>
			<w x="1356">the</w>
			<w x="1701">highest</w>
			<w x="1989">merit.</w>
			<w x="2200">A</w>
			<w x="2455">great</w>
			<w x="2707">mind</w>
			<w x="2978">
				<choice>
					<hyph>can-</hyph>
					<reg>cannot,</reg>
				</choice>
			</w>
		</line>
		<line c="4345" h="122" n="27">
			<w x="642" endhyph="true">not,</w>
			<w x="1014">without</w>
			<w x="1458">injurious</w>
			<w x="1979">constraint,</w>
			<w x="2318">shrink</w>
			<w x="2600">itself</w>
			<w x="2734">to</w>
			<w x="2944">the</w>
		</line>
	</div>
</body>
