<body>
	<div id="2" group="1" x="613" y="1035" width="2544" height="1055" type="score"
		attribution="HMorESM">
		<line c="1104" h="150" n="3">
			<w x="940">gender</w>
			<w x="1040">a</w>
			<w x="1380">slavish</w>
			<w x="1949">dependence</w>
			<w x="2162">and</w>
			<w x="2320">an</w>
			<w x="2569">inert</w>
			<w x="2840">faith.</w>
			<w x="3179">The</w>
		</line>
		<line c="1237" h="116" n="4">
			<w x="824">soul</w>
			<w x="1093">often</w>
			<w x="1376">owes</w>
			<w x="1536">its</w>
			<w x="1777">best</w>
			<w x="2336">acquisitions</w>
			<w x="2476">to</w>
			<w x="2768">itself.</w>
			<w x="3179">They</w>
		</line>
		<line c="1372" h="119" n="5">
			<w x="881">come</w>
			<w x="1028">to</w>
			<w x="1146">it</w>
			<w x="1401">from</w>
			<w x="1840">glimpses</w>
			<w x="1999">of</w>
			<w x="2141">its</w>
			<w x="2379">own</w>
			<w x="2709">nature</w>
			<w x="3064">which</w>
			<w x="3154">it</w>
		</line>
		<line c="1501" h="115" n="6">
			<w x="938">cannot</w>
			<w x="1186">trace</w>
			<w x="1310">to</w>
			<w x="1644">human</w>
			<w x="2069">teaching,</w>
			<w x="2316">from</w>
			<w x="2512">the</w>
			<w x="2922">whispers</w>
			<w x="3058">of</w>
			<w x="3149">a</w>
		</line>
		<line c="1636" h="118" n="7">
			<w x="907">divine</w>
			<w x="1227">voice,</w>
			<w x="1492">from</w>
			<w x="1893">stirrings</w>
			<w x="2104">and</w>
			<w x="2621">aspirations</w>
			<w x="2776">of</w>
			<w x="2916">its</w>
			<w x="3150">own</w>
		</line>
		<line c="1772" h="127" n="8">
			<w x="1077">unfolding</w>
			<w x="1264">and</w>
			<w x="1787">unbounded</w>
			<w x="2237">energies,</w>
			<w x="2509">from</w>
			<w x="2698">the</w>
			<w x="3156">indistinct</w>
		</line>
		<line c="1904" h="127" n="9">
			<w x="1009">dawning</w>
			<w x="1160">of</w>
			<w x="1378">new</w>
			<w x="1710">truths,</w>
			<w x="1845">or</w>
			<w x="2103">from</w>
			<w x="2290">the</w>
			<w x="2632">sudden</w>
			<w x="3151">brightening</w>
		</line>
		<line c="2025" h="129" n="10">
			<w x="746">of</w>
			<w x="925">old</w>
			<w x="1240">truths,</w>
			<w x="1575">which,</w>
			<w x="1689">if</w>
			<w x="1871">left</w>
			<w x="1989">to</w>
			<w x="2158">act</w>
			<w x="2472">freely,</w>
			<w x="2735">work</w>
			<w x="2820">a</w>
			<w x="3150">mighty</w>
		</line>
	</div>
</body>
