<body>
	<div id="2" group="1" x="741" y="5355" width="2757" height="286" type="score"
		type2="questionmark" attribution="HMorESM">
		<line n="1" h="143" c="5427">
			<w x="1012">This</w>
			<w x="1605">recognition</w>
			<w x="1773">of</w>
			<w x="2080">every</w>
			<w x="2381">man's</w>
			<w x="2677">right</w>
			<w x="2811">of</w>
			<w x="3295">judgment</w>
			<w x="3498">
				<choice>
					<hyph>ap-</hyph>
					<reg>appears</reg>
				</choice>
			</w>
		</line>
		<line n="2" h="143" c="5570">
			<w x="1027" endhyph="true">pears</w>
			<w x="1156">in</w>
			<w x="1348">the</w>
			<w x="1823">teachings</w>
			<w x="1956">of</w>
			<w x="2114">all</w>
			<w x="2821">denominations</w>
			<w x="2959">of</w>
			<w x="3488">Christians.</w>
		</line>
	</div>
</body>
