<body>
	<div id="2" group="1" x="665" y="1349" width="2773" height="2121" type="brokenscore"
		attribution="HMorESM">
		<line c="1423" h="121" n="5">
			<w x="783">I</w>
			<w x="1076">think</w>
			<w x="1227">of</w>
			<w x="1366">it,</w>
			<w x="1525">as</w>
			<w x="1658">a</w>
			<w x="2048">society</w>
			<w x="2444">passing</w>
			<w x="2858">through</w>
			<w x="3402">successive</w>
		</line>
		<line c="1564" h="130" n="6">
			<w x="1004">stages</w>
			<w x="1149">of</w>
			<w x="1875">
				<choice>
					<orig>developement,</orig>
					<reg>development,</reg>
				</choice>
			</w>
			<w x="2240">virtue,</w>
			<w x="2842">knowledge,</w>
			<w x="3232">power,</w>
			<w x="3403">by</w>
		</line>
		<line c="1705" h="126" n="7">
			<w x="871">the</w>
			<w x="1240">energy</w>
			<w x="1415">of</w>
			<w x="1574">its</w>
			<w x="1841">own</w>
			<w x="2360">members.</w>
			<w x="2889">Celestial</w>
			<w x="3265">genius</w>
			<w x="3400">is</w>
		</line>
		<line c="1843" h="125" n="8">
			<w x="1021">always</w>
			<w x="1356">active</w>
			<w x="1488">to</w>
			<w x="1898">explore</w>
			<w x="2080">the</w>
			<w x="2371">great</w>
			<w x="2660">laws</w>
			<w x="2776">of</w>
			<w x="2960">the</w>
			<w x="3397">creation</w>
		</line>
		<line c="1984" h="127" n="9">
			<w x="874">and</w>
			<w x="1083">the</w>
			<w x="1639">everlasting</w>
			<w x="2150">principles</w>
			<w x="2314">of</w>
			<w x="2499">the</w>
			<w x="2823">mind,</w>
			<w x="2958">to</w>
			<w x="3397">disclose</w>
		</line>
		<line c="2123" h="125" n="10">
			<w x="850">the</w>
			<w x="1289">beautiful</w>
			<w x="1412">in</w>
			<w x="1612">the</w>
			<w x="2071">universe,</w>
			<w x="2280">and</w>
			<w x="2427">to</w>
			<w x="2868">discover</w>
			<w x="3046">the</w>
			<w x="3397">means</w>
		</line>
		<line c="2270" h="132" n="11">
			<w x="827">by</w>
			<w x="1144">which</w>
			<w x="1458">every</w>
			<w x="1689">soul</w>
			<w x="1943">may</w>
			<w x="2092">be</w>
			<w x="2480">carried</w>
			<w x="2926">forward.</w>
			<w x="3160">In</w>
			<w x="3399">that</w>
		</line>
		<line c="2412" h="121" n="12">
			<w x="1003">world,</w>
			<w x="1160">as</w>
			<w x="1311">in</w>
			<w x="1566">this,</w>
			<w x="1848">there</w>
			<w x="2048">are</w>
			<w x="2575">diversities</w>
			<w x="2741">of</w>
			<w x="3185">intellect,</w>
			<w x="3396">and</w>
		</line>
		<line c="2554" h="137" n="13">
			<w x="848">the</w>
			<w x="1236">highest</w>
			<w x="1564">minds</w>
			<w x="1794">find</w>
			<w x="2078">their</w>
			<w x="2583">happiness</w>
			<w x="2788">and</w>
			<w x="3232">progress</w>
			<w x="3392">in</w>
		</line>
		<line c="2701" h="118" n="14">
			<w x="1114">elevating</w>
			<w x="1312">the</w>
			<w x="1540">less</w>
			<w x="2072">improved.</w>
			<w x="2498">There</w>
			<w x="2704">the</w>
			<w x="2984">work</w>
			<w x="3142">of</w>
			<w x="3389">
				<choice>
					<hyph>edu-</hyph>
					<reg>education,</reg>
				</choice>
			</w>
		</line>
		<line c="2842" h="119" n="15">
			<w x="1025" endhyph="true">cation,</w>
			<w x="1335">which</w>
			<w x="1665">began</w>
			<w x="1956">here,</w>
			<w x="2208">goes</w>
			<w x="2392">on</w>
			<w x="2775">without</w>
			<w x="3052">end;</w>
			<w x="3280">and</w>
			<w x="3388">a</w>
		</line>
		<line c="2985" h="124" n="16">
			<w x="1025">diviner</w>
			<w x="1597">philosophy</w>
			<w x="1833">than</w>
			<w x="1998">is</w>
			<w x="2316">taught</w>
			<w x="2484">on</w>
			<w x="2815">earth,</w>
			<w x="3183">reveals</w>
			<w x="3387">the</w>
		</line>
		<line c="3130" h="132" n="17">
			<w x="937">spirit</w>
			<w x="1087">to</w>
			<w x="1412">itself,</w>
			<w x="1612">and</w>
			<w x="2070">awakens</w>
			<w x="2194">it</w>
			<w x="2345">to</w>
			<w x="2765">earnest,</w>
			<w x="3077">joyful</w>
			<w x="3390">effort</w>
		</line>
		<line c="3257" h="137" n="18">
			<w x="831">for</w>
			<w x="970">its</w>
			<w x="1204">own</w>
			<w x="1745">perfection.</w>
		</line>
		<line c="3403" h="138" n="19">
			<w x="1024">And</w>
			<w x="1246">not</w>
			<w x="1500">only</w>
			<w x="1714">will</w>
			<w x="1973">they</w>
			<w x="2206">who</w>
			<w x="2407">are</w>
			<w x="2677">born</w>
			<w x="2914">into</w>
			<w x="3381">Heaven,</w>
		</line>
	</div>
</body>
