<body>
	<div id="2" group="1" x="513" y="1921" width="2529" height="920" type="score"
		attribution="HMorESM">
		<line c="1993" h="109" n="10">
			<w x="694">We</w>
			<w x="948">have</w>
			<w x="1198">now</w>
			<w x="1458">come</w>
			<w x="1581">to</w>
			<w x="1859">learn,</w>
			<w x="2065">that</w>
			<w x="2626">Christianity</w>
			<w x="2726">is</w>
			<w x="2919">not</w>
			<w x="3019">a</w>
		</line>
		<line c="2133" h="118" n="11">
			<w x="835">dogma,</w>
			<w x="1013">but</w>
			<w x="1096">a</w>
			<w x="1376">spirit,</w>
			<w x="1602">that</w>
			<w x="1759">its</w>
			<w x="2150">essence</w>
			<w x="2279">is</w>
			<w x="2469">the</w>
			<w x="2746">spirit</w>
			<w x="2878">of</w>
			<w x="3016">its</w>
		</line>
		<line c="2260" h="111" n="12">
			<w x="783">divine</w>
			<w x="1170">founder,</w>
			<w x="1369">that</w>
			<w x="1465">it</w>
			<w x="1566">is</w>
			<w x="1700">of</w>
			<w x="1929">little</w>
			<w x="2453">importance</w>
			<w x="2683">what</w>
			<w x="3019">church</w>
		</line>
		<line c="2381" h="123" n="13">
			<w x="568">a</w>
			<w x="780">man</w>
			<w x="1139">belongs</w>
			<w x="1312">to,</w>
			<w x="1447">or</w>
			<w x="1688">what</w>
			<w x="2048">formula</w>
			<w x="2178">of</w>
			<w x="2619">doctrines</w>
			<w x="2780">he</w>
			<w x="3012">
				<choice>
					<hyph>sub-</hyph>
					<reg>subscribes,</reg>
				</choice>
			</w>
		</line>
		<line c="2522" h="111" n="14">
			<w x="853" endhyph="true">scribes,</w>
			<w x="1061">that</w>
			<w x="1433">nothing</w>
			<w x="1536">is</w>
			<w x="1991">important</w>
			<w x="2170">but</w>
			<w x="2337">the</w>
			<w x="2738">supreme</w>
			<w x="3007">love,</w>
		</line>
		<line c="2648" h="121" n="15">
			<w x="838">choice,</w>
			<w x="1176">pursuit</w>
			<w x="1308">of</w>
			<w x="1594">moral</w>
			<w x="2116">perfection,</w>
			<w x="2471">shining</w>
			<w x="2730">forth</w>
			<w x="2844">in</w>
			<w x="3030">the</w>
		</line>
		<line c="2790" h="124" n="16">
			<w x="656">life</w>
			<w x="866">and</w>
			<w x="1313">teachings</w>
			<w x="1466">of</w>
			<w x="1810">Christ.</w>
			<w x="2149">This</w>
			<w x="2272">is</w>
			<w x="2471">the</w>
			<w x="2707">true</w>
			<w x="3012">
				<choice>
					<hyph>Cath-</hyph>
					<reg>Catholic</reg>
				</choice>
			</w>
		</line>
	</div>
</body>
