<body>
	<div id="2" group="1" x="546" y="891" width="2714" height="147" type="score"
		attribution="HMorESM">
		<line n="1" h="147" c="964">
			<w x="958">greatest</w>
			<w x="1392">thinkers</w>
			<w x="1714">never</w>
			<w x="2130">entered</w>
			<w x="2399">what</w>
			<w x="2623">we</w>
			<w x="2838">call</w>
			<w x="2941">a</w>
			<w x="3259">study.</w>
		</line>
	</div>
	<div id="3" group="2" x="555" y="1749" width="2724" height="560" type="score"
		attribution="HMorESM">
		<line c="1803" h="127" n="7">
			<w x="621">a</w>
			<w x="896">man.</w>
			<w x="1112">It</w>
			<w x="1264">is</w>
			<w x="1561">time,</w>
			<w x="1808">that</w>
			<w x="2008">we</w>
			<w x="2364">should</w>
			<w x="2679">cease</w>
			<w x="2834">to</w>
			<w x="3104">limit</w>
			<w x="3355">to</w>
		</line>
		<line c="1975" h="154" n="8">
			<w x="1008">professed</w>
			<w x="1444">scholars</w>
			<w x="1656">the</w>
			<w x="1942">titles</w>
			<w x="2106">of</w>
			<w x="2565">thinkers,</w>
			<w x="3278">philosophers.</w>
		</line>
		<line c="2098" h="127" n="9">
			<w x="1018">Whoever</w>
			<w x="1332">seeks</w>
			<w x="1620">truth</w>
			<w x="1873">with</w>
			<w x="2036">an</w>
			<w x="2431">earnest</w>
			<w x="2751">mind,</w>
			<w x="2906">no</w>
			<w x="3266">matter</w>
		</line>
		<line c="2232" h="157" n="10">
			<w x="818">when</w>
			<w x="957">or</w>
			<w x="1221">how,</w>
			<w x="1613">belongs</w>
			<w x="1744">to</w>
			<w x="1926">the</w>
			<w x="2266">school</w>
			<w x="2409">of</w>
			<w x="2956">intellectual</w>
			<w x="3219">men.</w>
		</line>
	</div>
</body>
