<body>
	<div id="2" group="1" x="455" y="1199" width="2510" height="647" type="score"
		attribution="HMorESM">
		<line c="1262" h="120" n="4">
			<w x="784">receive</w>
			<w x="978">but</w>
			<w x="1081">a</w>
			<w x="1443">cursory</w>
			<w x="1876">attention.</w>
			<w x="2368">Religion</w>
			<w x="2470">is</w>
			<w x="2829">thought</w>
			<w x="2959">to</w>
		</line>
		<line c="1394" h="119" n="5">
			<w x="763">consist</w>
			<w x="875">in</w>
			<w x="980">a</w>
			<w x="1283">fervid</w>
			<w x="1517">state</w>
			<w x="1671">of</w>
			<w x="1955">mind,</w>
			<w x="2403">produced</w>
			<w x="2562">by</w>
			<w x="2732">the</w>
			<w x="2960">
				<choice>
					<hyph>con-</hyph>
					<reg>constant</reg>
				</choice>
			</w>
		</line>
		<line c="1523" h="145" n="6">
			<w x="674" endhyph="true">stant</w>
			<w x="1311">contemplation</w>
			<w x="1461">of</w>
			<w x="1548">a</w>
			<w x="1736">few</w>
			<w x="2135">affecting</w>
			<w x="2465">ideas;</w>
			<w x="2775">whilst</w>
			<w x="3000">the</w>
		</line>
		<line c="1657" h="130" n="7">
			<w x="654">only</w>
			<w x="1150">acceptable</w>
			<w x="1562">religion,</w>
			<w x="1861">which</w>
			<w x="2254">consists</w>
			<w x="2387">in</w>
			<w x="2678">living</w>
			<w x="2995">
				<choice>
					<hyph>"so-</hyph>
					<reg>"soberly,</reg>
				</choice>
			</w>
		</line>
		<line c="1784" h="118" n="8">
			<w x="720" endhyph="true">berly,</w>
			<w x="1291">righteously,</w>
			<w x="1485">and</w>
			<w x="1783">godly</w>
			<w x="1924">in</w>
			<w x="2111">the</w>
			<w x="2489">world,"</w>
			<w x="2812">seems</w>
			<w x="3000">to</w>
		</line>
	</div>
</body>
