<body>
	<div id="2" group="1" x="557" y="3559" width="2526" height="1561" type="score"
		attribution="HMorESM">
		<line c="3624" h="116" n="22">
			<w x="818">views</w>
			<w x="964">in</w>
			<w x="1418">proportion</w>
			<w x="1545">as</w>
			<w x="1784">they</w>
			<w x="2022">have</w>
			<w x="2484">ascended.</w>
			<w x="2793">The</w>
			<w x="3064">
				<choice>
					<hyph>high-</hyph>
					<reg>highest</reg>
				</choice>
			</w>
		</line>
		<line c="3757" h="117" n="23">
			<w x="699" endhyph="true">est</w>
			<w x="1058">powers</w>
			<w x="1273">and</w>
			<w x="1764">affections,</w>
			<w x="2063">which</w>
			<w x="2240">our</w>
			<w x="2571">nature</w>
			<w x="2739">has</w>
			<w x="3056">
				<choice>
					<hyph>devel-</hyph>
					<reg>developed,</reg>
				</choice>
			</w>
		</line>
		<line c="3891" h="125" n="24">
			<w x="817" endhyph="true">oped,</w>
			<w x="1002">find</w>
			<w x="1273">more</w>
			<w x="1531">than</w>
			<w x="1967">adequate</w>
			<w x="2330">objects</w>
			<w x="2448">in</w>
			<w x="2655">this</w>
			<w x="3109">religion.</w>
		</line>
		<line c="4009" h="138" n="25">
			<w x="1080">Christianity</w>
			<w x="1180">is</w>
			<w x="1519">indeed</w>
			<w x="2000">peculiarly</w>
			<w x="2255">fitted</w>
			<w x="2421">to</w>
			<w x="2589">the</w>
			<w x="2865">more</w>
			<w x="3064">
				<choice>
					<hyph>im-</hyph>
					<reg>improved</reg>
				</choice>
			</w>
		</line>
		<line c="4140" h="143" n="26">
			<w x="877" endhyph="true">proved</w>
			<w x="1172">stages</w>
			<w x="1329">of</w>
			<w x="1706">society,</w>
			<w x="1831">to</w>
			<w x="2001">the</w>
			<w x="2258">more</w>
			<w x="2629">delicate</w>
			<w x="3064">
				<choice>
					<hyph>sensibili-</hyph>
					<reg>sensibilities</reg>
				</choice>
			</w>
		</line>
		<line c="4268" h="137" n="27">
			<w x="726" endhyph="true">ties</w>
			<w x="881">of</w>
			<w x="1218">refined</w>
			<w x="1557">minds,</w>
			<w x="1790">and</w>
			<div id="3" group="2" x="554" y="4212" width="2509" height="391" type="parenthesis"
				attribution="HMorESM">
				<blank x="1791"/>
				<w x="2252">especially</w>
				<w x="2382">to</w>
				<w x="2584">that</w>
				<w x="3060">
					<choice>
						<hyph>dissatisfac-</hyph>
						<reg>dissatisfaction</reg>
					</choice>
				</w>

				<line n="2" h="130" c="4407">
					<w x="761" endhyph="true">tion</w>
					<w x="978">with</w>
					<w x="1154">the</w>
					<w x="1538">present</w>
					<w x="1791">state,</w>
					<w x="2071">which</w>
					<w x="2402">always</w>
					<w x="2698">grows</w>
					<w x="2925">with</w>
					<w x="3060">the</w>
				</line>
				<line n="3" h="130" c="4537">
					<w x="895">growth</w>
					<w x="1046">of</w>
					<w x="1232">our</w>
					<w x="1553">moral</w>
					<w x="1900">powers</w>
					<w x="2133">and</w>
					<w x="2599">affections.</w>
				</line>
			</div>
			<w x="2825">As</w>
			<w x="3066">men</w>
		</line>
		<line c="4667" h="111" n="30">
			<w x="924">advance</w>
			<w x="1039">in</w>
			<w x="1587">civilization,</w>
			<w x="1815">they</w>
			<w x="2181">become</w>
			<w x="2692">susceptible</w>
			<w x="2825">of</w>
			<w x="3064">
				<choice>
					<hyph>men-</hyph>
					<reg>mental</reg>
				</choice>
			</w>
		</line>
		<line c="4804" h="120" n="31">
			<w x="686" endhyph="true">tal</w>
			<w x="1176">sufferings,</w>
			<w x="1320">to</w>
			<w x="1632">which</w>
			<w x="1918">ruder</w>
			<w x="2164">ages</w>
			<w x="2351">are</w>
			<w x="2859">strangers;</w>
			<w x="3067">and</w>
		</line>
		<line c="4926" h="138" n="32">
			<w x="800">these</w>
			<w x="1379">Christianity</w>
			<w x="1518">is</w>
			<w x="1806">fitted</w>
			<w x="1967">to</w>
			<w x="2400">assuage.</w>
			<w x="3110">Imagination</w>
		</line>
		<line c="5060" h="109" n="33">
			<w x="731">and</w>
			<w x="1149">intellect</w>
			<w x="1546">become</w>
			<w x="1830">more</w>
			<w x="2270">restless;</w>
			<w x="2499">and</w>
			<w x="3062">Christianity</w>
		</line>
	</div>
</body>
