<body>
	<div id="2" group="1" x="516" y="3786" width="2784" height="690" type="score"
		attribution="HMorESM">
		<line c="3851" h="141" n="22">
			<w x="700">to</w>
			<w x="950">their</w>
			<w x="1247">own.</w>
			<div id="3" group="1" x="505" y="3787" width="2764" height="278" type="bar"
				type2="parenthesis" attribution="HMorESM">
				<line n="22" h="139" c="3856">
					<blank x="1364"/>
					<w x="1670">Now,</w>
					<w x="2099">habitual</w>
					<w x="2643">subjection</w>
					<w x="2796">to</w>
					<w x="3121">slight</w>
					<w x="3254">or</w>
				</line>
				<line n="23" h="139" c="3995">
					<w x="1069">contempt,</w>
					<w x="1202">is</w>
					<w x="1641">crushing</w>
					<w x="1803">to</w>
					<w x="2013">the</w>
					<w x="2338">spirit.</w>
				</line>
			</div>
			<w x="2513">It</w>
			<w x="2642">is</w>
			<w x="3292">exceedingly</w>
		</line>
		<line c="4138" h="113" n="24">
			<w x="791">hard</w>
			<w x="986">for</w>
			<w x="1109">a</w>
			<w x="1458">human</w>
			<w x="1749">being</w>
			<w x="1875">to</w>
			<w x="2501">comprehend</w>
			<w x="2707">and</w>
			<w x="3293">appreciate</w>
		</line>
		<line c="4271" h="137" n="25">
			<w x="950">himself,</w>
			<w x="1290">amidst</w>
			<w x="1700">outward</w>
			<w x="2276">humiliation.</w>
			<w x="2680">There</w>
			<w x="2790">is</w>
			<w x="2944">no</w>
			<w x="3251">
				<choice>
					<hyph>great-</hyph>
					<reg>greater</reg>
				</choice>
			</w>
		</line>
		<line c="4411" h="118" n="26">
			<w x="686" endhyph="true">er</w>
			<w x="909">man</w>
			<w x="1141">than</w>
			<w x="1307">he</w>
			<w x="1536">who</w>
			<w x="1667">is</w>
			<w x="1891">true</w>
			<w x="2023">to</w>
			<w x="2434">himself,</w>
			<w x="2724">when</w>
			<w x="2875">all</w>
			<w x="3253">around</w>
		</line>
	</div>
</body>
