<body>
	<div id="2" group="1" x="466" y="4887" width="2758" height="722" type="score"
		attribution="HMorESM">
		<line c="4963" h="151" n="29">
			<w x="687">The</w>
			<w x="909">city</w>
			<w x="1052">of</w>
			<w x="1436">Boston</w>
			<w x="1650">has</w>
			<w x="1845">the</w>
			<w x="2203">honor,</w>
			<w x="2525">above</w>
			<w x="2698">all</w>
			<w x="3057">cities,</w>
			<w x="3252">of</w>
		</line>
		<line c="5101" h="170" n="30">
			<w x="838">proving</w>
			<w x="1090">how</w>
			<w x="1393">much</w>
			<w x="1597">can</w>
			<w x="1748">be</w>
			<w x="2431">accomplished</w>
			<w x="2611">by</w>
			<w x="2703">a</w>
			<w x="3251">generous,</w>
		</line>
		<line c="5236" h="150" n="31">
			<w x="1022">affectionate</w>
			<w x="1351">mode</w>
			<w x="1522">of</w>
			<w x="1916">speech</w>
			<w x="2150">and</w>
			<w x="2516">action</w>
			<w x="2887">among</w>
			<w x="3253">those</w>
		</line>
		<line c="5380" h="157" n="32">
			<w x="807">classes</w>
			<w x="978">of</w>
			<w x="1360">society</w>
			<w x="1682">which</w>
			<w x="1788">it</w>
			<w x="2011">has</w>
			<w x="2295">been</w>
			<w x="2717">thought</w>
			<w x="2923">can</w>
			<w x="3251">only</w>
		</line>
		<line c="5540" h="153" n="33">
			<w x="592">be</w>
			<w x="1052">reached</w>
			<w x="1254">by</w>
			<w x="1726">menace,</w>
			<w x="2274">sternness,</w>
			<w x="2516">and</w>
			<w x="2946">terror.</w>
			<w x="3253">Dr.</w>
		</line>
	</div>
</body>
