<body>
	<div id="2" group="1" x="453" y="4021" width="2522" height="789" type="score"
		attribution="HMorESM">
		<line c="4089" h="108" n="26">
			<w x="607">but</w>
			<w x="809">our</w>
			<w x="1349">excellence.</w>
			<w x="1607">He</w>
			<w x="1807">has</w>
			<w x="1965">no</w>
			<w x="2212">love</w>
			<w x="2362">of</w>
			<w x="2728">praise.</w>
			<w x="2998">He</w>
		</line>
		<line c="4227" h="119" n="27">
			<w x="668">calls</w>
			<w x="815">us</w>
			<w x="941">as</w>
			<w x="1197">truly</w>
			<w x="1315">to</w>
			<w x="1599">honor</w>
			<w x="2038">goodness</w>
			<w x="2155">in</w>
			<w x="2467">others</w>
			<w x="2587">as</w>
			<w x="2704">in</w>
			<w x="2949">
				<choice>
					<hyph>him-</hyph>
					<reg>himself,</reg>
				</choice>
			</w>
		</line>
		<line c="4346" h="141" n="28">
			<w x="651" endhyph="true">self,</w>
			<w x="844">and</w>
			<w x="1084">only</w>
			<w x="1404">claims</w>
			<w x="1821">supreme</w>
			<w x="2152">honor,</w>
			<w x="2532">because</w>
			<w x="2688">he</w>
			<w x="2949">
				<choice>
					<hyph>tran-</hyph>
					<reg>transcends</reg>
				</choice>
			</w>
		</line>
		<line c="4470" h="129" n="29">
			<w x="761" endhyph="true">scends</w>
			<w x="904">all</w>
			<w x="1246">others,</w>
			<w x="1433">and</w>
			<w x="1825">because</w>
			<w x="1974">he</w>
			<w x="2621">communicates</w>
			<w x="2762">to</w>
			<w x="2953">the</w>
		</line>
		<line c="4611" h="110" n="30">
			<w x="691">mind</w>
			<w x="982">which</w>
			<w x="1368">receives</w>
			<w x="1595">him,</w>
			<w x="1683">a</w>
			<w x="1931">light,</w>
			<w x="2335">strength,</w>
			<w x="2656">purity,</w>
			<w x="2954">which</w>
		</line>
		<line c="4746" h="132" n="31">
			<w x="580">no</w>
			<w x="843">other</w>
			<w x="1112">being</w>
			<w x="1296">can</w>
			<w x="1630">confer.</w>
			<w x="1918">God</w>
			<w x="2093">has</w>
			<w x="2235">no</w>
			<w x="2451">love</w>
			<w x="2586">of</w>
			<w x="2946">empire.</w>
		</line>
	</div>
</body>
