<body>
	<div id="2" group="1" x="433" y="901" width="2737" height="427" type="score"
		attribution="HMorESM">
		<line c="970" h="145" n="1">
			<w x="779">which</w>
			<w x="920">are</w>
			<w x="1338">known</w>
			<w x="1440">in</w>
			<w x="1604">the</w>
			<w x="2074">universe.</w>
			<w x="2325">No</w>
			<w x="2832">greatness,</w>
			<w x="3149">
				<choice>
					<hyph>there-</hyph>
					<reg>therefore,</reg>
				</choice>
			</w>
		</line>
		<line c="1114" h="148" n="2">
			<w x="705" endhyph="true">fore,</w>
			<w x="822">of</w>
			<w x="920">a</w>
			<w x="1260">being,</w>
			<w x="1727">separates</w>
			<w x="1923">me</w>
			<w x="2205">from</w>
			<w x="2434">him</w>
			<w x="2621">or</w>
			<w x="2919">makes</w>
			<w x="3150">him</w>
		</line>
		<line c="1267" h="138" n="3">
			<w x="1176">unapproachable</w>
			<w x="1365">by</w>
			<w x="1624">me.</w>
			<w x="1943">The</w>
			<w x="2253">mind</w>
			<w x="2423">of</w>
			<w x="2745">Jesus</w>
			<w x="3199">Christ,</w>
		</line>
	</div>
	<div id="3" group="2" x="452" y="5422" width="2732" height="153" type="parenthesis"
		attribution="HMorESM">
		<line n="33" h="153" c="5498">
			<blank x="2917"/>
			<w x="3184">We</w>
		</line>
	</div>
</body>
