<body>
	<div id="2" group="1" x="415" y="4052" width="2723" height="415" type="score"
		attribution="HMorESM">
		<line c="4136" h="157" n="24">
			<w x="623">that</w>
			<w x="760">it</w>
			<w x="1138">consists</w>
			<w x="1288">in</w>
			<w x="1582">moral</w>
			<w x="2005">energy;</w>
			<w x="2216">and</w>
			<w x="2797">accordingly,</w>
			<w x="2967">we</w>
			<w x="3165">all</w>
		</line>
		<line c="4273" h="147" n="25">
			<w x="848">measure</w>
			<w x="1134">virtue</w>
			<w x="1290">by</w>
			<w x="1486">the</w>
			<w x="1717">trials</w>
			<w x="1940">and</w>
			<w x="2434">difficulties</w>
			<w x="2787">which</w>
			<w x="2834">it</w>
			<w x="3114">
				<choice>
					<hyph>over-</hyph>
					<reg>overcomes,</reg>
				</choice>
			</w>
		</line>
		<line c="4401" h="119" n="26">
			<w x="773" endhyph="true">comes,</w>
			<w x="951">for</w>
			<w x="1239">these</w>
			<w x="1425">are</w>
			<w x="1584">the</w>
			<w x="1818">tests</w>
			<w x="2027">and</w>
			<w x="2508">measures</w>
			<w x="2652">of</w>
			<w x="2834">the</w>
			<w x="3131">force</w>
		</line>
	</div>
</body>
