<body>
	<div id="2" group="1" x="435" y="1604" width="2523" height="778" type="score"
		attribution="HMorESM">
		<line c="1672" h="121" n="7">
			<w x="588">the</w>
			<w x="1149">incorrigible.</w>
			<w x="1440">We</w>
			<w x="1675">look</w>
			<w x="1941">upon</w>
			<w x="2144">this</w>
			<w x="2427">world</w>
			<w x="2566">as</w>
			<w x="2671">a</w>
			<w x="2989">place</w>
		</line>
		<line c="1802" h="121" n="8">
			<w x="552">of</w>
			<w x="1034">education,</w>
			<w x="1157">in</w>
			<w x="1454">which</w>
			<w x="1603">he</w>
			<w x="1726">is</w>
			<w x="2106">training</w>
			<w x="2314">men</w>
			<w x="2479">by</w>
			<w x="2993">prosperity</w>
		</line>
		<line c="1932" h="113" n="9">
			<w x="611">and</w>
			<w x="1093">adversity,</w>
			<w x="1245">by</w>
			<w x="1449">aids</w>
			<w x="1658">and</w>
			<w x="2263">obstructions,</w>
			<w x="2413">by</w>
			<w x="2808">conflicts</w>
			<w x="2945">of</w>
		</line>
		<line c="2064" h="120" n="10">
			<w x="746">reason</w>
			<w x="943">and</w>
			<w x="1344">passion,</w>
			<w x="1495">by</w>
			<w x="1865">motives</w>
			<w x="1988">to</w>
			<w x="2216">duty</w>
			<w x="2405">and</w>
			<w x="2986">temptations</w>
		</line>
		<line c="2193" h="123" n="11">
			<w x="552">to</w>
			<w x="744">sin,</w>
			<w x="906">by</w>
			<w x="984">a</w>
			<w x="1328">various</w>
			<w x="1795">discipline</w>
			<w x="2106">suited</w>
			<w x="2226">to</w>
			<w x="2445">free</w>
			<w x="2651">and</w>
			<w x="2984">moral</w>
		</line>
		<line c="2315" h="122" n="12">
			<w x="756">beings,</w>
			<w x="947">for</w>
			<w x="1220">union</w>
			<w x="1460">with</w>
			<w x="1861">himself,</w>
			<w x="2071">and</w>
			<w x="2250">for</w>
			<w x="2350">a</w>
			<w x="2736">sublime</w>
			<w x="2988">and</w>
		</line>
	</div>
</body>
