<body>
	<div id="2" group="1" x="509" y="2831" width="2531" height="664" type="score"
		attribution="HMorESM">
		<line c="2900" h="121" n="17">
			<w x="832">extent,</w>
			<w x="1076">even</w>
			<w x="1338">when</w>
			<w x="1904">drunkenness</w>
			<w x="2017">is</w>
			<w x="2428">escaped.</w>
			<w x="2713">Not</w>
			<w x="2813">a</w>
			<w x="3024">few</w>
		</line>
		<line c="3040" h="105" n="18">
			<w x="744">men,</w>
			<w x="1071">called</w>
			<w x="1597">temperate,</w>
			<w x="1815">and</w>
			<w x="2063">who</w>
			<w x="2321">have</w>
			<w x="2715">thought</w>
			<w x="3022">
				<choice>
					<hyph>them-</hyph>
					<reg>themselves</reg>
				</choice>
			</w>
		</line>
		<line c="3169" h="105" n="19">
			<w x="790" endhyph="true">selves</w>
			<w x="1071">such,</w>
			<w x="1330">have</w>
			<w x="1739">learned,</w>
			<w x="1887">on</w>
			<w x="2366">abstaining</w>
			<w x="2631">from</w>
			<w x="2823">the</w>
			<w x="3067">use</w>
		</line>
		<line c="3302" h="108" n="20">
			<w x="628">of</w>
			<w x="939">ardent</w>
			<w x="1291">spirits,</w>
			<w x="1516">that</w>
			<w x="1701">for</w>
			<w x="1978">years</w>
			<w x="2242">their</w>
			<w x="2554">minds</w>
			<w x="2763">had</w>
			<w x="3023">been</w>
		</line>
		<line c="3440" h="121" n="21">
			<w x="905">clouded,</w>
			<w x="1326">impaired</w>
			<w x="1497">by</w>
			<w x="1958">moderate</w>
			<w x="2403">drinking,</w>
			<w x="2770">without</w>
			<w x="3023">their</w>
		</line>
	</div>
</body>
