<body>
	<div id="2" group="1" x="617" y="3906" width="2534" height="390" type="score"
		attribution="HMorESM">
		<line c="3977" h="126" n="25">
			<w x="796">and</w>
			<w x="1228">generous</w>
			<w x="1716">sentiments</w>
			<w x="1897">the</w>
			<w x="2202">means</w>
			<w x="2336">of</w>
			<w x="2760">exertion.</w>
			<w x="3192">Great</w>
		</line>
		<line c="4096" h="143" n="26">
			<w x="874">effort</w>
			<w x="1109">from</w>
			<w x="1359">great</w>
			<w x="1723">motives</w>
			<w x="1825">is</w>
			<w x="1994">the</w>
			<w x="2199">best</w>
			<w x="2631">definition</w>
			<w x="2764">of</w>
			<w x="2840">a</w>
			<w x="3133">happy</w>
		</line>
		<line c="4236" h="153" n="27">
			<w x="801">life.</w>
			<w x="1111">The</w>
			<w x="1434">easiest</w>
			<w x="1708">labor</w>
			<w x="1806">is</w>
			<w x="1892">a</w>
			<w x="2220">burden</w>
			<w x="2358">to</w>
			<w x="2572">him</w>
			<w x="2786">who</w>
			<w x="2970">has</w>
			<w x="3130">no</w>
		</line>
	</div>
</body>
