<body>
	<div id="2" group="1" x="518" y="1873" width="2528" height="1046" type="score"
		attribution="HMorESM">
		<line c="1937" h="109" n="9">
			<w x="770">Etna,</w>
			<w x="983">and</w>
			<w x="1332">shaken</w>
			<w x="1546">and</w>
			<w x="2030">convulsed</w>
			<w x="2216">the</w>
			<w x="2514">earth.</w>
			<w x="2710">It</w>
			<w x="2821">is</w>
			<w x="3021">
				<choice>
					<hyph>im-</hyph>
					<reg>impossible</reg>
				</choice>
			</w>
		</line>
		<line c="2064" h="129" n="10">
			<w x="877" endhyph="true">possible</w>
			<w x="1061">not</w>
			<w x="1190">to</w>
			<w x="1556">discern</w>
			<w x="1759">this</w>
			<w x="2218">increased</w>
			<w x="2512">fervor</w>
			<w x="2642">of</w>
			<w x="2907">mind</w>
			<w x="3022">in</w>
		</line>
		<line c="2205" h="118" n="11">
			<w x="787">every</w>
			<w x="1292">department</w>
			<w x="1420">of</w>
			<w x="1619">life.</w>
			<w x="1826">A</w>
			<w x="2039">new</w>
			<w x="2296">spirit</w>
			<w x="2428">of</w>
			<w x="3024">improvement</w>
		</line>
		<line c="2332" h="120" n="12">
			<w x="608">is</w>
			<w x="949">abroad.</w>
			<w x="1256">The</w>
			<w x="1802">imagination</w>
			<w x="2007">can</w>
			<w x="2154">no</w>
			<w x="2453">longer</w>
			<w x="2608">be</w>
			<w x="3021">confined</w>
		</line>
		<line c="2473" h="132" n="13">
			<w x="608">to</w>
			<w x="776">the</w>
			<w x="1316">acquisitions</w>
			<w x="1469">of</w>
			<w x="1711">past</w>
			<w x="1954">ages,</w>
			<w x="2135">but</w>
			<w x="2237">is</w>
			<w x="2616">kindling</w>
			<w x="2784">the</w>
			<w x="3019">
				<choice>
					<hyph>pas-</hyph>
					<reg>passions</reg>
				</choice>
			</w>
		</line>
		<line c="2597" h="119" n="14">
			<w x="737" endhyph="true">sions</w>
			<w x="902">by</w>
			<w x="1203">vague</w>
			<w x="1405">but</w>
			<w x="1692">noble</w>
			<w x="1962">ideas</w>
			<w x="2116">of</w>
			<w x="2531">blessings</w>
			<w x="2830">never</w>
			<w x="3019">yet</w>
		</line>
		<line c="2733" h="126" n="15">
			<w x="889">attained.</w>
			<w x="1495">Multitudes,</w>
			<w x="1947">unwilling</w>
			<w x="2083">to</w>
			<w x="2311">wait</w>
			<w x="2504">the</w>
			<w x="2759">slow</w>
			<w x="3017">pace</w>
		</line>
		<line c="2855" h="116" n="16">
			<w x="622">of</w>
			<w x="829">that</w>
			<w x="1108">great</w>
			<w x="1593">innovator,</w>
			<w x="1851">time,</w>
			<w x="2042">are</w>
			<w x="2358">taking</w>
			<w x="2553">the</w>
			<w x="2840">work</w>
			<w x="2999">of</w>
		</line>
	</div>
	<div id="3" group="2" x="503" y="3578" width="2528" height="897" type="score"
		attribution="HMorESM">
		<line c="3639" h="107" n="22">
			<w x="651">the</w>
			<w x="1119">eagerness</w>
			<w x="1282">of</w>
			<w x="1571">party.</w>
			<w x="1882">The</w>
			<w x="2344">character</w>
			<w x="2501">of</w>
			<w x="2685">the</w>
			<w x="2889">age</w>
			<w x="3056">is</w>
		</line>
		<line c="3773" h="108" n="23">
			<w x="872">stamped</w>
			<w x="1105">very</w>
			<w x="1482">strongly</w>
			<w x="1624">on</w>
			<w x="1756">its</w>
			<w x="2107">literary</w>
			<w x="2671">productions.</w>
			<w x="3005">Who,</w>
		</line>
		<line c="3904" h="108" n="24">
			<w x="679">that</w>
			<w x="864">can</w>
			<w x="1271">compare</w>
			<w x="1441">the</w>
			<w x="1792">present</w>
			<w x="2013">with</w>
			<w x="2179">the</w>
			<w x="2421">past,</w>
			<w x="2529">is</w>
			<w x="2703">not</w>
			<w x="3008">struck</w>
		</line>
		<line c="4031" h="107" n="25">
			<w x="701">with</w>
			<w x="864">the</w>
			<w x="1096">bold</w>
			<w x="1298">and</w>
			<w x="1668">earnest</w>
			<w x="1914">spirit</w>
			<w x="2065">of</w>
			<w x="2238">the</w>
			<w x="2676">literature</w>
			<w x="2821">of</w>
			<w x="3005">our</w>
		</line>
		<line c="4166" h="117" n="26">
			<w x="771">times.</w>
			<w x="967">It</w>
			<w x="1315">refuses</w>
			<w x="1455">to</w>
			<w x="1748">waste</w>
			<w x="2021">itself</w>
			<w x="2167">on</w>
			<w x="2500">trifles,</w>
			<w x="2634">or</w>
			<w x="2752">to</w>
			<w x="2999">
				<choice>
					<hyph>min-</hyph>
					<reg>minister</reg>
				</choice>
			</w>
		</line>
		<line c="4297" h="114" n="27">
			<w x="709" endhyph="true">ister</w>
			<w x="844">to</w>
			<w x="1127">mere</w>
			<w x="1707">gratification.</w>
			<w x="2151">Almost</w>
			<w x="2334">all</w>
			<w x="2538">that</w>
			<w x="2664">is</w>
			<w x="3002">written</w>
		</line>
		<line c="4414" h="116" n="28">
			<w x="668">has</w>
			<w x="883">now</w>
			<w x="1139">some</w>
			<w x="1509">bearing</w>
			<w x="1664">on</w>
			<w x="1930">great</w>
			<w x="2339">interests</w>
			<w x="2491">of</w>
			<w x="2808">human</w>
			<w x="2999">
				<choice>
					<hyph>na-</hyph>
					<reg>nature</reg>
				</choice>
			</w>
		</line>
	</div>
</body>
