<body>
	<div id="2" group="1" x="538" y="3114" width="2562" height="1421" type="score"
		attribution="HMorESM">
		<line c="3179" h="117" n="19">
			<w x="1195">denominations</w>
			<w x="1326">is</w>
			<w x="1545">laid</w>
			<w x="1809">upon</w>
			<w x="2095">him;</w>
			<w x="2316">for,</w>
			<w x="2632">whilst</w>
			<w x="2809">we</w>
			<w x="3120">deny</w>
		</line>
		<line c="3304" h="132" n="20">
			<w x="714">the</w>
			<w x="1144">Christian</w>
			<w x="1425">name</w>
			<w x="1546">to</w>
			<w x="1785">none</w>
			<w x="2017">who</w>
			<w x="2632">acknowledge</w>
			<w x="2932">Jesus</w>
			<w x="3124">as</w>
		</line>
		<line c="3433" h="127" n="21">
			<w x="781">their</w>
			<w x="1177">
				<choice>
					<orig>Saviour</orig>
					<reg>Savior</reg>
				</choice>
			</w>
			<w x="1403">and</w>
			<w x="1735">Lord,</w>
			<w x="1918">we</w>
			<w x="2100">do</w>
			<w x="2682">deliberately</w>
			<w x="3177">believe,</w>
		</line>
		<line c="3576" h="130" n="22">
			<w x="774">that,</w>
			<w x="944">by</w>
			<w x="1214">many</w>
			<w x="1437">who</w>
			<w x="1797">confess</w>
			<w x="2044">him,</w>
			<w x="2211">his</w>
			<w x="2592">religion</w>
			<w x="2713">is</w>
			<w x="3131">
				<choice>
					<hyph>mourn-</hyph>
					<reg>mournfully</reg>
				</choice>
			</w>
		</line>
		<line c="3711" h="127" n="23">
			<w x="772" endhyph="true">fully</w>
			<w x="1265">disfigured.</w>
			<w x="1552">We</w>
			<w x="1943">believe,</w>
			<w x="2175">that</w>
			<w x="2448">piety</w>
			<w x="2587">at</w>
			<w x="2960">present</w>
			<w x="3080">is</w>
		</line>
		<line c="3841" h="114" n="24">
			<w x="884">robbed</w>
			<w x="1000">in</w>
			<w x="1140">no</w>
			<w x="1399">small</w>
			<w x="1740">degree</w>
			<w x="1875">of</w>
			<w x="2013">its</w>
			<w x="2528">singleness,</w>
			<w x="2888">energy,</w>
			<w x="3083">and</w>
		</line>
		<line c="3966" h="145" n="25">
			<w x="1032">happiness,</w>
			<w x="1175">by</w>
			<w x="1348">the</w>
			<w x="1982">multiplication</w>
			<w x="2099">in</w>
			<w x="2271">the</w>
			<w x="2604">church</w>
			<w x="2735">of</w>
			<w x="3082">objects</w>
		</line>
		<line c="4096" h="144" n="26">
			<w x="682">of</w>
			<w x="1090">supreme</w>
			<w x="1546">worship;</w>
			<w x="1712">by</w>
			<w x="1881">the</w>
			<w x="2270">division</w>
			<w x="2425">of</w>
			<w x="2597">the</w>
			<w x="2833">One</w>
			<w x="3082">God</w>
		</line>
		<line c="4234" h="118" n="27">
			<w x="754">into</w>
			<w x="1041">three</w>
			<w x="1454">persons,</w>
			<w x="1742">who</w>
			<w x="2068">sustain</w>
			<w x="2500">different</w>
			<w x="2934">relations</w>
			<w x="3131">to</w>
		</line>
		<line c="4364" h="108" n="28">
			<w x="1015">mankind;</w>
			<w x="1272">and,</w>
			<w x="1592">above</w>
			<w x="1800">all,</w>
			<w x="1977">by</w>
			<w x="2164">the</w>
			<w x="2792">dishonorable</w>
			<w x="3083">views</w>
		</line>
		<line c="4494" h="113" n="29">
			<w x="898">formed</w>
			<w x="1029">of</w>
			<w x="1201">the</w>
			<w x="1500">moral</w>
			<w x="1959">character</w>
			<w x="2144">and</w>
			<w x="2783">administration</w>
			<w x="2913">of</w>
			<w x="3136">the</w>
		</line>
	</div>
</body>
