<body>
	<div id="2" group="1" x="680" y="1561" width="2713" height="278" type="score"
		attribution="HMorESM">
		<line n="6" h="139" c="1630">
			<w x="998">which</w>
			<w x="1169">are</w>
			<w x="1704">intimately,</w>
			<w x="2287">indissolubly</w>
			<w x="2614">bound</w>
			<w x="3092">together.</w>
			<w x="3394">The</w>
		</line>
		<line n="7" h="139" c="1769">
			<w x="935">head</w>
			<w x="1133">and</w>
			<w x="1309">the</w>
			<w x="1606">heart</w>
			<w x="1793">are</w>
			<w x="2011">not</w>
			<w x="2307">more</w>
			<w x="2624">vitally</w>
			<w x="3149">connected</w>
			<w x="3389">than</w>
		</line>
	</div>
	<div id="3" group="2" x="689" y="3972" width="2726" height="967" type="score"
		attribution="HMorESM">
		<line c="4033" h="129" n="23">
			<w x="942">name</w>
			<w x="1085">of</w>
			<w x="1406">pious.</w>
			<w x="1974">Thought,</w>
			<w x="2579">intelligence,</w>
			<w x="2688">is</w>
			<w x="2870">the</w>
			<w x="3226">dignity</w>
			<w x="3370">of</w>
		</line>
		<line c="4175" h="123" n="24">
			<w x="751">a</w>
			<w x="1015">man,</w>
			<w x="1218">and</w>
			<w x="1384">no</w>
			<w x="1606">man</w>
			<w x="1718">is</w>
			<w x="2031">rising</w>
			<w x="2218">but</w>
			<w x="2364">in</w>
			<w x="2950">proportion</w>
			<w x="3077">as</w>
			<w x="3247">he</w>
			<w x="3380">is</w>
		</line>
		<line c="4320" h="131" n="25">
			<w x="1063">learning</w>
			<w x="1226">to</w>
			<w x="1512">think</w>
			<w x="1888">clearly</w>
			<w x="2110">and</w>
			<w x="2579">forcibly,</w>
			<w x="2718">or</w>
			<w x="3183">directing</w>
			<w x="3380">the</w>
		</line>
		<line c="4463" h="130" n="26">
			<w x="1015">energy</w>
			<w x="1156">of</w>
			<w x="1328">his</w>
			<w x="1640">mind</w>
			<w x="1768">to</w>
			<w x="1972">the</w>
			<w x="2523">acquisition</w>
			<w x="2669">of</w>
			<w x="2960">truth.</w>
			<w x="3384">Every</w>
		</line>
		<line c="4606" h="129" n="27">
			<w x="942">man,</w>
			<w x="1059">in</w>
			<w x="1624">whatsoever</w>
			<w x="2156">condition,</w>
			<w x="2286">is</w>
			<w x="2413">to</w>
			<w x="2579">be</w>
			<w x="2691">a</w>
			<w x="3120">student.</w>
			<w x="3416">No</w>
		</line>
		<line c="4746" h="124" n="28">
			<w x="1000">matter</w>
			<w x="1261">what</w>
			<w x="1541">other</w>
			<w x="1982">vocation</w>
			<w x="2114">he</w>
			<w x="2351">may</w>
			<w x="2638">have,</w>
			<w x="2816">his</w>
			<w x="3098">chief</w>
			<w x="3387">
				<choice>
					<hyph>voca-</hyph>
					<reg>vocation</reg>
				</choice>
			</w>
		</line>
		<line c="4892" h="139" n="29">
			<w x="891" endhyph="true">tion</w>
			<w x="990">is</w>
			<w x="1123">to</w>
			<w x="1490">Think.</w>
		</line>
	</div>
	<div id="4" group="3" x="680" y="5243" width="2723" height="297" type="score"
		attribution="HMorESM">
		<line n="32" h="148" c="5317">
			<w x="1016">walls,</w>
			<w x="1272">and</w>
			<w x="1568">bend</w>
			<w x="1877">body</w>
			<w x="2112">and</w>
			<w x="2439">mind</w>
			<w x="2721">over</w>
			<w x="3106">books.</w>
			<w x="3397">Men</w>
		</line>
		<line n="33" h="148" c="5465">
			<w x="1086">thought</w>
			<w x="1462">before</w>
			<w x="1793">books</w>
			<w x="2089">were</w>
			<w x="2492">written,</w>
			<w x="2721">and</w>
			<w x="3048">some</w>
			<w x="3216">of</w>
			<w x="3402">the</w>
		</line>
	</div>
</body>
