<body>
	<div id="2" group="1" x="433" y="3396" width="2519" height="388" type="score"
		attribution="HMorESM">
		<line c="3454" h="124" n="21">
			<w x="838">resistible</w>
			<w x="1161">being;</w>
			<w x="1373">and</w>
			<w x="1485">I</w>
			<w x="1728">must</w>
			<w x="2123">confess,</w>
			<w x="2307">that</w>
			<w x="2708">religion,</w>
			<w x="2808">as</w>
			<w x="2935">it</w>
		</line>
		<line c="3603" h="179" n="22">
			<w x="597">has</w>
			<w x="838">been</w>
			<w x="1282">generally</w>
			<w x="1607">taught,</w>
			<w x="1718">is</w>
			<w x="1916">any</w>
			<w x="2160">thing</w>
			<w x="2354">but</w>
			<w x="2502">an</w>
			<w x="2935">elevating</w>
		</line>
		<line c="3722" h="117" n="23">
			<w x="867">principle.</w>
			<w x="1063">It</w>
			<w x="1264">has</w>
			<w x="1535">been</w>
			<w x="1794">used</w>
			<w x="1944">to</w>
			<w x="2231">scare</w>
			<w x="2422">the</w>
			<w x="2723">child,</w>
			<w x="2935">and</w>
		</line>
	</div>
</body>
