<body>
	<div id="2" group="1" x="608" y="841" width="2795" height="2420" type="brokenscore"
		attribution="HMorESM">
		<line c="902" h="127" n="1">
			<w x="971">seldom</w>
			<w x="1274">found</w>
			<w x="1524">their</w>
			<w x="1780">ruin,</w>
			<w x="1903">in</w>
			<w x="2085">the</w>
			<w x="2442">notion,</w>
			<w x="2656">that</w>
			<w x="2886">they</w>
			<w x="3144">were</w>
			<w x="3365">
				<choice>
					<hyph>em-</hyph>
					<reg>embraced</reg>
				</choice>
			</w>
		</line>
		<line c="1052" h="136" n="2">
			<w x="962" endhyph="true">braced</w>
			<w x="1090">in</w>
			<w x="1274">the</w>
			<w x="1749">motherly</w>
			<w x="2016">arms</w>
			<w x="2162">of</w>
			<w x="2458">"the</w>
			<w x="2683">true</w>
			<w x="3194">church";</w>
			<w x="3368">for</w>
		</line>
		<line c="1203" h="146" n="3">
			<w x="844">with</w>
			<w x="1077">this</w>
			<w x="1359">they</w>
			<w x="1639">have</w>
			<w x="1928">been</w>
			<w x="2390">satisfied.</w>
			<w x="3014">Professed</w>
			<w x="3368">
				<choice>
					<hyph>Chris-</hyph>
					<reg>Christians</reg>
				</choice>
			</w>
		</line>
		<line c="1341" h="138" n="4">
			<w x="858" endhyph="true">tians</w>
			<w x="1141">have</w>
			<w x="1502">fought</w>
			<w x="1823">about</w>
			<w x="2133">"the</w>
			<w x="2584">church"</w>
			<w x="2742">as</w>
			<w x="2860">if</w>
			<w x="2971">it</w>
			<w x="3256">were</w>
			<w x="3372">a</w>
		</line>
		<line c="1485" h="134" n="5">
			<w x="953">matter</w>
			<w x="1117">of</w>
			<w x="1308">life</w>
			<w x="1535">and</w>
			<w x="1874">death.</w>
			<w x="2234">The</w>
			<w x="2613">Roman</w>
			<w x="3072">Catholic</w>
			<w x="3371">shuts</w>
		</line>
		<line c="1631" h="142" n="6">
			<w x="792">the</w>
			<w x="1042">gate</w>
			<w x="1179">of</w>
			<w x="1536">heaven</w>
			<w x="1690">on</w>
			<w x="1904">you</w>
			<w x="2314">because</w>
			<w x="2528">you</w>
			<w x="2738">will</w>
			<w x="2926">not</w>
			<w x="3203">enter</w>
			<w x="3373">his</w>
		</line>
		<line c="1769" h="136" n="7">
			<w x="1210">"church."</w>
			<w x="1659">Among</w>
			<w x="1862">the</w>
			<w x="2440">Protestants</w>
			<w x="2650">are</w>
			<w x="2937">those</w>
			<w x="3186">who</w>
			<w x="3376">tell</w>
		</line>
		<line c="1917" h="145" n="8">
			<w x="828">you</w>
			<w x="1072">that</w>
			<w x="1277">the</w>
			<w x="1755">promises</w>
			<w x="1903">of</w>
			<w x="2502">Christianity</w>
			<w x="2659">do</w>
			<w x="2871">not</w>
			<w x="3226">belong</w>
			<w x="3378">to</w>
		</line>
		<line c="2058" h="148" n="9">
			<w x="859">you,</w>
			<w x="1017">be</w>
			<w x="1276">your</w>
			<w x="1781">character</w>
			<w x="2047">what</w>
			<w x="2152">it</w>
			<w x="2440">may,</w>
			<w x="2769">unless</w>
			<w x="2986">you</w>
			<w x="3379">receive</w>
		</line>
		<line c="2186" h="120" n="10">
			<w x="814">the</w>
			<w x="1316">Christian</w>
			<w x="1902">ordinances</w>
			<w x="2208">from</w>
			<w x="2433">the</w>
			<w x="2923">ministers</w>
			<w x="3109">of</w>
			<w x="3382">their</w>
		</line>
		<line c="2335" h="132" n="11">
			<w x="1192">"church."</w>
			<w x="1744">Salvation</w>
			<w x="1855">is</w>
			<w x="2147">made</w>
			<w x="2293">to</w>
			<w x="2530">flow</w>
			<w x="2930">through</w>
			<w x="3021">a</w>
			<w x="3388">certain</w>
		</line>
		<line c="2480" h="171" n="12">
			<w x="1191">priesthood,</w>
			<w x="1617">through</w>
			<w x="1787">an</w>
			<w x="2335">hereditary</w>
			<w x="2685">order,</w>
			<w x="3124">through</w>
			<w x="3389">
				<choice>
					<hyph>par-</hyph>
					<reg>particular</reg>
				</choice>
			</w>
		</line>
		<line c="2613" h="150" n="13">
			<w x="967" endhyph="true">ticular</w>
			<w x="1227">rites</w>
			<w x="1887">administered</w>
			<w x="2066">by</w>
			<w x="2711">consecrated</w>
			<w x="3375">functionaries.</w>
		</line>
		<line c="2770" h="142" n="14">
			<w x="916">Even</w>
			<w x="1309">among</w>
			<w x="2051">denominations</w>
			<w x="2217">in</w>
			<w x="2571">which</w>
			<w x="2866">such</w>
			<w x="3384">exclusive</w>
		</line>
		<line c="2908" h="136" n="15">
			<w x="962">claims</w>
			<w x="1150">are</w>
			<w x="1362">not</w>
			<w x="1535">set</w>
			<w x="1707">up</w>
			<w x="1913">you</w>
			<w x="2122">will</w>
			<w x="2328">still</w>
			<w x="2593">meet</w>
			<w x="2792">the</w>
			<w x="3060">idea,</w>
			<w x="3277">that</w>
			<w x="3390">a</w>
		</line>
		<line c="3039" h="155" n="16">
			<w x="863">man</w>
			<w x="1013">is</w>
			<w x="1328">safer</w>
			<w x="1449">in</w>
			<w x="1733">their</w>
			<w x="2256">particular</w>
			<w x="2830">"church"</w>
			<w x="3109">than</w>
			<w x="3391">
				<choice>
					<hyph>else-</hyph>
					<reg>elsewhere;</reg>
				</choice>
			</w>
		</line>
		<line c="3192" h="137" n="17">
			<w x="1016" endhyph="true">where;</w>
			<w x="1185">so</w>
			<w x="1408">that</w>
			<w x="1943">something</w>
			<w x="2329">distinct</w>
			<w x="2602">from</w>
			<w x="3074">Christian</w>
			<w x="3387">purity</w>
		</line>
	</div>
</body>
