<body>
	<div id="2" group="1" x="510" y="4542" width="2752" height="995" type="score"
		attribution="HMorESM">
		<line c="4620" h="135" n="27">
			<w x="703">I</w>
			<w x="974">have</w>
			<w x="1250">said,</w>
			<w x="1611">preach</w>
			<w x="1979">plainly</w>
			<w x="2201">and</w>
			<w x="2575">preach</w>
			<w x="3126">earnestly;</w>
			<w x="3224">I</w>
		</line>
		<line c="4754" h="144" n="28">
			<w x="727">now</w>
			<w x="967">say,</w>
			<w x="1351">preach</w>
			<w x="1618">with</w>
			<w x="1955">moral</w>
			<w x="2404">courage.</w>
			<w x="2774">Fear</w>
			<w x="2929">no</w>
			<w x="3216">man,</w>
		</line>
		<line c="4894" h="132" n="29">
			<w x="731">high</w>
			<w x="890">or</w>
			<w x="1121">low,</w>
			<w x="1344">rich</w>
			<w x="1502">or</w>
			<w x="1795">poor,</w>
			<w x="2126">taught</w>
			<w x="2299">
				<choice>
					<orig>on</orig>
					<reg>or</reg>
				</choice>
			</w>
			<w x="2779">untaught.</w>
			<w x="3224">Honor</w>
		</line>
		<line c="5034" h="137" n="30">
			<w x="877">all</w>
			<w x="941">men;</w>
			<w x="1182">love</w>
			<w x="1336">all</w>
			<w x="1625">men;</w>
			<w x="1813">but</w>
			<w x="2047">fear</w>
			<w x="2342">none.</w>
			<w x="2760">Speak</w>
			<w x="3021">what</w>
			<w x="3222">you</w>
		</line>
		<line c="5188" h="145" n="31">
			<w x="896">account</w>
			<w x="1184">great</w>
			<w x="1489">truths</w>
			<w x="1909">frankly,</w>
			<w x="2359">strongly,</w>
			<w x="2727">boldly.</w>
			<w x="3021">Do</w>
			<w x="3223">not</w>
		</line>
		<line c="5337" h="139" n="32">
			<w x="752">spoil</w>
			<w x="1069">them</w>
			<w x="1210">of</w>
			<w x="1400">life</w>
			<w x="1555">to</w>
			<w x="1866">avoid</w>
			<w x="2304">
				<choice>
					<orig>offence.</orig>
					<reg>offense.</reg>
				</choice>
			</w>
			<w x="2594">Do</w>
			<w x="2779">not</w>
			<w x="3064">seek</w>
			<w x="3269">to</w>
		</line>
		<line c="5465" h="132" n="33">
			<w x="973">propitiate</w>
			<w x="1352">passion</w>
			<w x="1546">and</w>
			<w x="2022">prejudice</w>
			<w x="2178">by</w>
			<w x="2779">compromise</w>
			<w x="2984">and</w>
			<w x="3269">
				<choice>
					<hyph>con-</hyph>
					<reg>concession.</reg>
				</choice>
			</w>
		</line>
	</div>
</body>
