<body>
	<div id="2" group="1" x="644" y="3896" width="2568" height="384" type="parenthesis"
		type2="score" attribution="HMorESM">
		<line c="3969" h="151" n="25">
			<blank x="1240"/>
			<w x="1543">The</w>
			<w x="1840">truest</w>
			<w x="2360">admiration</w>
			<w x="2470">is</w>
			<w x="2687">that</w>
			<w x="2847">by</w>
			<w x="3232">which</w>
		</line>
		<line c="4104" h="121" n="26">
			<w x="784">we</w>
			<w x="1158">receive</w>
			<w x="1391">other</w>
			<w x="1680">minds</w>
			<w x="1897">into</w>
			<w x="2077">our</w>
			<w x="2315">own.</w>
			<w x="2675">True</w>
			<w x="2952">praise</w>
			<w x="3100">is</w>
			<w x="3143">a</w>
		</line>
		<line c="4235" h="120" n="27">
			<w x="1063">sympathy</w>
			<w x="1292">with</w>
			<w x="1813">excellence,</w>
			<w x="2155">gaining</w>
			<w x="2498">strength</w>
			<w x="2675">by</w>
			<w x="3133">utterance.</w>
		</line>
	</div>
</body>
