<body>
	<div id="2" group="1" x="681" y="2686" width="2508" height="531" type="bar" type2="score"
		attribution="HMorESM">
		<line c="2756" h="153" n="16">
			<blank x="1690"/>
			<w x="2010">Even</w>
			<w x="2196">the</w>
			<w x="2530">child's</w>
			<w x="2799">mind</w>
			<w x="3209">outruns</w>
		</line>
		<line c="2890" h="132" n="17">
			<w x="787">its</w>
			<w x="1200">lessons,</w>
			<w x="1385">and</w>
			<w x="1850">overflows</w>
			<w x="1984">in</w>
			<w x="2558">questionings</w>
			<w x="2882">which</w>
			<w x="3214">bring</w>
		</line>
		<line c="3019" h="129" n="18">
			<w x="822">the</w>
			<w x="1140">wisest</w>
			<w x="1276">to</w>
			<w x="1400">as</w>
			<w x="1677">stand.</w>
			<w x="2036">Even</w>
			<w x="2210">the</w>
			<w x="2474">child</w>
			<w x="2750">starts</w>
			<w x="2918">the</w>
			<w x="3171">great</w>
		</line>
		<line c="3159" h="143" n="19">
			<w x="1112">problems,</w>
			<w x="1385">which</w>
			<w x="1895">philosophy</w>
			<w x="2061">has</w>
			<w x="2408">labored</w>
			<w x="2518">to</w>
			<w x="2774">solve</w>
			<w x="2922">for</w>
			<w x="3194">ages.</w>
		</line>
	</div>
</body>
