<body>
	<div id="2" group="1" x="703" y="707" width="2519" height="269" type="bars2"
		attribution="HMorESM">
		<line c="774" h="154" n="1">
			<blank x="1822"/>
			<w x="1902">I</w>
			<w x="2268">answer,</w>
			<w x="2457">that</w>
			<w x="2681">Man</w>
			<w x="2781">is</w>
			<w x="2858">a</w>
			<w x="3197">greater</w>
		</line>
		<line c="909" h="131" n="2">
			<w x="940">name</w>
			<w x="1152">than</w>
			<w x="1603">President</w>
			<w x="1730">or</w>
			<w x="2077">King.</w>
		</line>
	</div>
	<div id="3" group="2" x="698" y="2144" width="2531" height="1185" type="score"
		attribution="HMorESM">
		<line c="2216" h="144" n="12">
			<w x="880">into</w>
			<w x="1067">the</w>
			<w x="1341">world</w>
			<w x="1518">for</w>
			<w x="1600">a</w>
			<w x="1868">great</w>
			<w x="2186">work?</w>
			<div id="4" group="2" x="707" y="2155" width="2505" height="400" type="parenthesis"
				attribution="HMorESM">
				<blank x="2251"/>
				<w x="2478">To</w>
				<w x="2838">educate</w>
				<w x="2959">a</w>
				<w x="3212">child</w>
				<line n="13" h="133" c="2354">
					<w x="1133">perfectly</w>
					<w x="1532">requires</w>
					<w x="2069">profounder</w>
					<w x="2463">thought,</w>
					<w x="2802">greater</w>
					<w x="3212">wisdom,</w>
				</line>
				<line n="14" h="133" c="2487">
					<w x="925">than</w>
					<w x="1062">to</w>
					<w x="1421">govern</w>
					<w x="1512">a</w>
					<w x="1745">state;</w>
				</line>
			</div>
			<w x="1996">and</w>
			<w x="2168">for</w>
			<w x="2376">this</w>
			<w x="2633">plain</w>
			<w x="2992">reason,</w>
			<w x="3232">that</w>
		</line>
		<line c="2612" h="131" n="15">
			<w x="862">the</w>
			<w x="1262">interests</w>
			<w x="1481">and</w>
			<w x="1805">wants</w>
			<w x="1935">of</w>
			<w x="2114">the</w>
			<w x="2393">latter</w>
			<w x="2590">are</w>
			<w x="2872">more</w>
			<w x="3196">
				<choice>
					<hyph>super-</hyph>
					<reg>superficial,</reg>
				</choice>
			</w>
		</line>
		<line c="2749" h="106" n="16">
			<w x="954" endhyph="true">ficial,</w>
			<w x="1369">coarser,</w>
			<w x="1594">and</w>
			<w x="1886">more</w>
			<w x="2317">obvious,</w>
			<w x="2560">than</w>
			<w x="2777">the</w>
			<w x="3232">spiritual</w>
		</line>
		<line c="2883" h="112" n="17">
			<w x="1173">capacities,</w>
			<w x="1344">the</w>
			<w x="1704">growth</w>
			<w x="1863">of</w>
			<w x="2221">thought</w>
			<w x="2429">and</w>
			<w x="2795">feeling,</w>
			<w x="3003">and</w>
			<w x="3196">the</w>
		</line>
		<line c="3009" h="101" n="18">
			<w x="999">
				<choice>
					<orig>subtile</orig>
					<reg>subtle</reg>
				</choice>
			</w>
			<w x="1216">laws</w>
			<w x="1349">of</w>
			<w x="1519">the</w>
			<w x="1804">mind,</w>
			<w x="2100">which</w>
			<w x="2339">must</w>
			<w x="2473">all</w>
			<w x="2627">be</w>
			<w x="2989">studied</w>
			<w x="3194">and</w>
		</line>
		<line c="3147" h="112" n="19">
			<w x="1381">comprehended,</w>
			<w x="1712">before</w>
			<w x="1920">the</w>
			<w x="2195">work</w>
			<w x="2341">of</w>
			<w x="2819">education</w>
			<w x="3040">can</w>
			<w x="3195">be</w>
		</line>
		<line c="3271" h="122" n="20">
			<w x="1178">thoroughly</w>
			<w x="1735">performed;</w>
			<w x="1966">and</w>
			<w x="2171">yet</w>
			<w x="2306">to</w>
			<w x="2465">all</w>
			<w x="2972">conditions</w>
			<w x="3252">this</w>
		</line>
	</div>
</body>
