<body>
	<div id="2" group="1" x="688" y="2148" width="2720" height="293" type="parenthesis"
		attribution="HMorESM">
		<line n="10" h="146" c="2221">
			<blank x="1237"/>
			<w x="1553">What</w>
			<w x="1855">avails</w>
			<w x="2083">our</w>
			<w x="2432">liberty</w>
			<w x="2595">of</w>
			<w x="3004">speech,</w>
			<w x="3144">if,</w>
			<w x="3316">on</w>
			<w x="3409">a</w>
		</line>
		<line n="11" h="146" c="2367">
			<w x="1004">grave</w>
			<w x="1432">question</w>
			<w x="1572">of</w>
			<w x="1860">duty</w>
			<w x="2023">we</w>
			<w x="2330">must</w>
			<w x="2595">hold</w>
			<w x="2804">our</w>
			<w x="3204">peace?</w>
		</line>
	</div>
</body>
