<body>
	<div id="2" group="1" x="463" y="723" width="2543" height="2254" type="score"
		attribution="HMorESM">
		<line c="804" h="131" n="1">
			<w x="576">in</w>
			<w x="720">its</w>
			<w x="1032">almost</w>
			<w x="1665">imperceptible</w>
			<w x="2113">approach.</w>
			<w x="2433">Few</w>
			<w x="2646">who</w>
			<w x="2968">perish</w>
		</line>
		<line c="953" h="135" n="2">
			<w x="593">by</w>
			<w x="708">it</w>
			<w x="984">know</w>
			<w x="1135">its</w>
			<w x="1357">first</w>
			<w x="1802">accesses.</w>
			<w x="2218">Youth</w>
			<w x="2433">does</w>
			<w x="2626">not</w>
			<w x="2815">see</w>
			<w x="2970">or</w>
		</line>
		<line c="1079" h="109" n="3">
			<w x="816">suspect</w>
			<w x="1391">drunkenness</w>
			<w x="1525">in</w>
			<w x="1717">the</w>
			<w x="2173">sparkling</w>
			<w x="2651">beverage,</w>
			<w x="2969">which</w>
		</line>
		<line c="1204" h="121" n="4">
			<w x="863">quickens</w>
			<w x="1042">all</w>
			<w x="1213">its</w>
			<w x="1910">susceptibilities</w>
			<w x="2072">of</w>
			<w x="2277">joy.</w>
			<w x="2614">The</w>
			<w x="2970">invalid</w>
		</line>
		<line c="1341" h="109" n="5">
			<w x="683">does</w>
			<w x="877">not</w>
			<w x="1047">see</w>
			<w x="1146">it</w>
			<w x="1282">in</w>
			<w x="1454">the</w>
			<w x="1830">cordial,</w>
			<w x="2131">which</w>
			<w x="2285">his</w>
			<w x="2730">physician</w>
			<w x="2967">
				<choice>
					<hyph>pre-</hyph>
					<reg>prescribes,</reg>
				</choice>
			</w>
		</line>
		<line c="1469" h="112" n="6">
			<w x="816" endhyph="true">scribes,</w>
			<w x="1030">and</w>
			<w x="1344">which</w>
			<w x="1617">gives</w>
			<w x="1868">new</w>
			<w x="2118">tone</w>
			<w x="2267">to</w>
			<w x="2454">his</w>
			<w x="2970">debilitated</w>
		</line>
		<line c="1600" h="117" n="7">
			<w x="790">organs.</w>
			<w x="1117">The</w>
			<w x="1369">man</w>
			<w x="1521">of</w>
			<w x="1892">thought</w>
			<w x="2094">and</w>
			<w x="2426">genius</w>
			<w x="2810">detects</w>
			<w x="2974">no</w>
		</line>
		<line c="1732" h="120" n="8">
			<w x="839">palsying</w>
			<w x="1180">poison</w>
			<w x="1316">in</w>
			<w x="1510">the</w>
			<w x="1924">draught,</w>
			<w x="2223">which</w>
			<w x="2542">seems</w>
			<w x="2654">a</w>
			<w x="3043">spring</w>
		</line>
		<line c="1861" h="122" n="9">
			<w x="585">of</w>
			<w x="1074">inspiration</w>
			<w x="1211">to</w>
			<w x="1613">intellect</w>
			<w x="1810">and</w>
			<w x="2384">imagination.</w>
			<w x="2694">The</w>
			<w x="2970">lover</w>
		</line>
		<line c="1994" h="110" n="10">
			<w x="586">of</w>
			<w x="872">social</w>
			<w x="1289">pleasure</w>
			<w x="1544">little</w>
			<w x="1951">dreams,</w>
			<w x="2384">that</w>
			<w x="2356">the</w>
			<w x="2652">glass,</w>
			<w x="2969">which</w>
		</line>
		<line c="2116" h="115" n="11">
			<w x="864">animates</w>
			<w x="1486">conversation,</w>
			<w x="1686">will</w>
			<w x="1940">ever</w>
			<w x="2096">be</w>
			<w x="2409">drunk</w>
			<w x="2540">in</w>
			<w x="2978">solitude,</w>
		</line>
		<line c="2251" h="99" n="12">
			<w x="690">and</w>
			<w x="864">will</w>
			<w x="1050">sink</w>
			<w x="1264">him</w>
			<w x="1456">too</w>
			<w x="1653">low</w>
			<w x="1832">for</w>
			<w x="2000">the</w>
			<w x="2532">intercourse</w>
			<w x="2665">in</w>
			<w x="2969">which</w>
		</line>
		<line c="2392" h="123" n="13">
			<w x="585">he</w>
			<w x="821">now</w>
			<w x="1230">delights.</w>
			<w x="1948">Intemperance</w>
			<w x="2288">comes</w>
			<w x="2531">with</w>
			<w x="2967">noiseless</w>
		</line>
		<line c="2513" h="120" n="14">
			<w x="694">step,</w>
			<w x="887">and</w>
			<w x="1165">binds</w>
			<w x="1299">its</w>
			<w x="1524">first</w>
			<w x="1792">cords</w>
			<w x="2017">with</w>
			<w x="2122">a</w>
			<w x="2424">touch</w>
			<w x="2595">too</w>
			<w x="2832">light</w>
			<w x="2966">to</w>
		</line>
		<line c="2647" h="109" n="15">
			<w x="590">be</w>
			<w x="807">felt.</w>
			<w x="1134">This</w>
			<w x="1400">truth</w>
			<w x="1532">of</w>
			<w x="1957">mournful</w>
			<w x="2478">experience</w>
			<w x="2810">should</w>
			<w x="2968">be</w>
		</line>
		<line c="2767" h="133" n="16">
			<w x="887">treasured</w>
			<w x="1047">up</w>
			<w x="1211">by</w>
			<w x="1337">us</w>
			<w x="1532">all,</w>
			<w x="1715">and</w>
			<w x="2040">should</w>
			<w x="2474">influence</w>
			<w x="2659">the</w>
			<w x="2964">habits</w>
		</line>
		<line c="2912" h="110" n="17">
			<w x="640">and</w>
			<w x="1263">arrangements</w>
			<w x="1422">of</w>
			<w x="1839">domestic</w>
			<w x="2048">and</w>
			<w x="2340">social</w>
			<w x="2531">life</w>
			<w x="2666">in</w>
			<w x="2963">every</w>
		</line>
	</div>
</body>
