<body>
	<div id="2" group="1" x="631" y="4224" width="2738" height="1120" type="brokenscore"
		type2="annotated" attribution="HMorESM">
		<line c="4280" h="140" n="25">
			<w x="965">human</w>
			<w x="1319">nature,</w>
			<w x="1436">to</w>
			<w x="1837">suppose</w>
			<w x="2050">that</w>
			<w x="2230">the</w>
			<w x="2661">departed</w>
			<w x="2929">meet</w>
			<w x="3334">peculiar</w>
		</line>
		<line c="4426" h="119" n="26">
			<w x="1308">congratulation</w>
			<w x="1565">from</w>
			<w x="1913">friends</w>
			<w x="2145">who</w>
			<w x="2346">had</w>
			<w x="2613">gone</w>
			<w x="2930">before</w>
			<w x="3196">them</w>
			<w x="3329">to</w>
		</line>
		<line c="4569" h="120" n="27">
			<w x="843">that</w>
			<w x="1164">better</w>
			<w x="1551">world;</w>
			<w x="1776">and</w>
			<w x="2291">especially</w>
			<w x="2544">from</w>
			<w x="2715">all</w>
			<w x="2989">who</w>
			<w x="3190">had</w>
			<w x="3339">in</w>
		</line>
		<line c="4711" h="123" n="28">
			<w x="818">any</w>
			<w x="1048">way</w>
			<w x="1336">given</w>
			<w x="1577">aids</w>
			<w x="1726">to</w>
			<w x="1998">their</w>
			<w x="2391">virtue;</w>
			<w x="2664">from</w>
			<w x="3073">parents</w>
			<w x="3330">who</w>
		</line>
		<line c="4843" h="105" n="29">
			<w x="823">had</w>
			<w x="1218">instilled</w>
			<w x="1451">into</w>
			<w x="1742">them</w>
			<w x="1942">the</w>
			<w x="2181">first</w>
			<w x="2563">lessons</w>
			<w x="2714">of</w>
			<w x="2947">love</w>
			<w x="3073">to</w>
			<w x="3331">God</w>
		</line>
		<line c="4986" h="134" n="30">
			<w x="819">and</w>
			<w x="1144">man;</w>
			<w x="1422">from</w>
			<w x="1982">associates,</w>
			<w x="2332">whose</w>
			<w x="2835">examples</w>
			<w x="3071">had</w>
			<w x="3327">won</w>
		</line>
		<line c="5126" h="143" n="31">
			<w x="882">them</w>
			<w x="1013">to</w>
			<w x="1505">goodness,</w>
			<w x="1836">whose</w>
			<w x="2187">faithful</w>
			<w x="2617">counsels</w>
			<w x="3065">deterred</w>
			<w x="3328">them</w>
		</line>
		<line c="5270" h="116" n="32">
			<w x="870">from</w>
			<w x="1090">sin.</w>
			<w x="1422">The</w>
			<w x="1648">ties</w>
			<w x="2044">created</w>
			<w x="2218">by</w>
			<w x="2466">such</w>
			<w x="2874">benefits</w>
			<w x="3178">must</w>
			<w x="3327">be</w>
		</line>
	</div>
	<div id="3" group="2" x="474" y="5624" width="3489" height="446" type="annotation"
		attribution="ESM">
		<line n="1" h="446" c="5847">
			<w x="789">Oh</w>
			<w x="1207">tell</w>
			<w x="1511">us</w>
			<w x="1891">ye</w>
			<w x="2357">who</w>
			<w x="2766">have</w>
			<w x="3289">gone</w>
			<w x="3945">before!</w>
		</line>
	</div>
</body>
