<body>
	<div id="2" group="1" x="664" y="4906" width="2743" height="424" type="score"
		attribution="HMorESM">
		<line c="4982" h="136" n="30">
			<w x="886">We</w>
			<w x="1168">have</w>
			<w x="1317">to</w>
			<w x="1573">fight</w>
			<w x="1829">with</w>
			<w x="2028">the</w>
			<w x="2392">power</w>
			<w x="2541">of</w>
			<w x="2840">habit.</w>
			<w x="3460">Through</w>
		</line>
		<line c="5122" h="133" n="31">
			<w x="990">habit,</w>
			<w x="1227">men</w>
			<w x="1500">look</w>
			<w x="1675">on</w>
			<w x="1909">this</w>
			<w x="2341">glorious</w>
			<w x="2773">creation</w>
			<w x="3054">with</w>
			<w x="3388">
				<choice>
					<hyph>insen-</hyph>
					<reg>insensibility,</reg>
				</choice>
			</w>
		</line>
		<line c="5263" h="144" n="32">
			<w x="1046" endhyph="true">sibility,</w>
			<w x="1255">and</w>
			<w x="1486">are</w>
			<w x="1690">less</w>
			<w x="2065">moved</w>
			<w x="2220">by</w>
			<w x="2405">the</w>
			<w x="3175">
				<choice>
					<orig>all-enlightening</orig>
					<reg>all enlightening</reg>
					<reg>all</reg>
					<reg>enlightening</reg>
				</choice>
			</w>
			<w x="3388">sun</w>
		</line>
	</div>
</body>
