<body>
	<div id="2" group="1" x="680" y="2226" width="2779" height="2975" type="brokenscore"
		attribution="HMorESM">
		<line c="1013" h="132" n="2">
			<w x="871">we</w>
			<w x="1123">have</w>
			<w x="1272">no</w>
			<w x="1583">proof.</w>
			<w x="2076">Heaven</w>
			<w x="2192">is</w>
			<w x="2371">the</w>
			<w x="2696">union,</w>
			<w x="2902">the</w>
			<w x="3258">society</w>
			<w x="3394">of</w>
		</line>
		<line c="1158" h="144" n="3">
			<w x="1132">spiritual,</w>
			<w x="1458">higher</w>
			<w x="1818">beings.</w>
			<w x="2158">May</w>
			<w x="2338">not</w>
			<w x="2621">these</w>
			<w x="2767">fill</w>
			<w x="2946">the</w>
			<w x="3397">universe,</w>
		</line>
		<line c="1293" h="120" n="4">
			<w x="842">so</w>
			<w x="993">as</w>
			<w x="1143">to</w>
			<w x="1448">make</w>
			<w x="1890">Heaven</w>
			<w x="2571">everywhere?</w>
			<w x="2775">are</w>
			<w x="3056">such</w>
			<w x="3405">beings</w>
		</line>
		<line c="1441" h="135" n="5">
			<w x="1147">probably</w>
			<w x="1905">circumscribed,</w>
			<w x="2028">as</w>
			<w x="2222">we</w>
			<w x="2456">are,</w>
			<w x="2616">by</w>
			<w x="3026">material</w>
			<w x="3406">limits?</w>
		</line>
		<line c="1580" h="106" n="6">
			<w x="1052">Milton</w>
			<w x="1240">has</w>
			<w x="1642">said,&#8212;</w>
		</line>
	</div>
	<div id="3" group="2" x="708" y="940" width="2732" height="707" type="brokenscore"
		type2="annotated" attribution="HMorESM">
		<line c="2285" h="109" n="10">
			<w x="823">in</w>
			<w x="1008">the</w>
			<w x="1214">veil</w>
			<w x="1355">of</w>
			<w x="1643">flesh,</w>
			<w x="1964">which</w>
			<w x="2136">we</w>
			<w x="2379">now</w>
			<w x="2656">want</w>
			<w x="2983">power</w>
			<w x="3146">to</w>
			<w x="3412">
				<choice>
					<hyph>pene-</hyph>
					<reg>penetrate.</reg>
				</choice>
			</w>
		</line>
		<line c="2430" h="128" n="11">
			<w x="982">trate.</w>
			<w x="1202">A</w>
			<w x="1436">new</w>
			<w x="1753">sense,</w>
			<w x="1850">a</w>
			<w x="2086">new</w>
			<w x="2638">eye,</w>
			<w x="2660">might</w>
			<w x="2936">show</w>
			<w x="3146">the</w>
			<w x="3419">
				<choice>
					<hyph>spir-</hyph>
					<reg>spiritual</reg>
				</choice>
			</w>
		</line>
		<line c="2570" h="119" n="12">
			<w x="938" endhyph="true">itual</w>
			<w x="1236">world</w>
			<w x="1808">compassing</w>
			<w x="1943">us</w>
			<w x="2094">on</w>
			<w x="2396">every</w>
			<w x="2660">side.</w>
		</line>
		<line c="2702" h="153" n="13">
			<w x="1040">But</w>
			<w x="1444">suppose</w>
			<w x="1848">Heaven</w>
			<w x="1980">to</w>
			<w x="2130">be</w>
			<w x="2522">remote.</w>
			<w x="2827">Still</w>
			<w x="2984">we</w>
			<w x="3136">on</w>
			<w x="3408">earth</w>
		</line>
		<line c="2851" h="126" n="14">
			<w x="930">may</w>
			<w x="1082">be</w>
			<w x="1418">visible</w>
			<w x="1568">to</w>
			<w x="1768">its</w>
			<w x="2390">inhabitants;</w>
			<w x="2588">still</w>
			<w x="2733">in</w>
			<w x="2915">an</w>
			<w x="3412">important</w>
		</line>
		<line c="2991" h="125" n="15">
			<w x="986">sense</w>
			<w x="1247">they</w>
			<w x="1494">may</w>
			<w x="1670">be</w>
			<w x="2126">present;</w>
			<w x="2317">for</w>
			<w x="2582">what</w>
			<w x="2746">do</w>
			<w x="2930">we</w>
			<w x="3236">mean</w>
			<w x="3412">by</w>
		</line>
		<line c="3134" h="126" n="16">
			<w x="1226">presence?</w>
			<w x="1528">Am</w>
			<w x="1640">I</w>
			<w x="1831">not</w>
			<w x="2223">present</w>
			<w x="2354">to</w>
			<w x="2639">those</w>
			<w x="2783">of</w>
			<w x="2998">you</w>
			<w x="3231">who</w>
			<w x="3438">are</w>
		</line>
		<line c="3276" h="126" n="17">
			<w x="1077">beyond</w>
			<w x="1264">the</w>
			<w x="1555">reach</w>
			<w x="1699">of</w>
			<w x="1876">my</w>
			<w x="2125">arm,</w>
			<w x="2305">but</w>
			<w x="2618">whom</w>
			<w x="2707">I</w>
			<w x="3171">distinctly</w>
			<w x="3413">see?</w>
		</line>
		<line c="3414" h="116" n="18">
			<w x="950">And</w>
			<w x="1062">is</w>
			<w x="1168">it</w>
			<w x="1291">at</w>
			<w x="1456">all</w>
			<w x="2085">inconsistent</w>
			<w x="2316">with</w>
			<w x="2529">our</w>
			<w x="3077">knowledge</w>
			<w x="3227">of</w>
			<w x="3414">
				<choice>
					<hyph>na-</hyph>
					<reg>nature,</reg>
				</choice>
			</w>
		</line>
		<line c="3562" h="126" n="19">
			<w x="950" endhyph="true">ture,</w>
			<w x="1094">to</w>
			<w x="1494">suppose</w>
			<w x="1704">that</w>
			<w x="1982">those</w>
			<w x="2105">in</w>
			<w x="2547">Heaven,</w>
			<w x="3015">whatever</w>
			<w x="3162">be</w>
			<w x="3430">their</w>
		</line>
		<line c="3700" h="121" n="20">
			<w x="1048">abode,</w>
			<w x="1284">may</w>
			<w x="1534">have</w>
			<w x="1944">spiritual</w>
			<w x="2315">senses,</w>
			<w x="2690">organs,</w>
			<w x="2854">by</w>
			<w x="3170">which</w>
			<w x="3416">they</w>
		</line>
		<line c="3841" h="126" n="21">
			<w x="933">may</w>
			<w x="1311">discern</w>
			<w x="1511">the</w>
			<w x="1912">remote</w>
			<w x="2043">as</w>
			<w x="2413">clearly</w>
			<w x="2545">as</w>
			<w x="2720">we</w>
			<w x="2880">do</w>
			<w x="3075">the</w>
			<w x="3412">near?</w>
		</line>
		<line c="3983" h="121" n="22">
			<w x="968">This</w>
			<w x="1216">little</w>
			<w x="1420">ball</w>
			<w x="1561">of</w>
			<w x="1824">sight</w>
			<w x="2023">can</w>
			<w x="2234">see</w>
			<w x="2442">the</w>
			<w x="2830">planets</w>
			<w x="2984">at</w>
			<w x="3182">the</w>
			<w x="3416">
				<choice>
					<hyph>dis-</hyph>
					<reg>distance</reg>
				</choice>
			</w>
		</line>
		<line c="4116" h="135" n="23">
			<w x="988" endhyph="true">tance</w>
			<w x="1152">of</w>
			<w x="1552">millions</w>
			<w x="1692">of</w>
			<w x="2013">miles,</w>
			<w x="2226">and</w>
			<w x="2394">by</w>
			<w x="2582">the</w>
			<w x="2826">aids</w>
			<w x="2989">of</w>
			<w x="3413">science,</w>
		</line>
		<line c="4268" h="124" n="24">
			<w x="902">can</w>
			<w x="1447">distinguish</w>
			<w x="1650">the</w>
			<w x="2226">inequalities</w>
			<w x="2367">of</w>
			<w x="2626">their</w>
			<w x="3082">surfaces.</w>
			<w x="3420">And</w>
		</line>
		<line c="4413" h="122" n="25">
			<w x="810">it</w>
			<w x="918">is</w>
			<w x="1158">easy</w>
			<w x="1328">for</w>
			<w x="1464">us</w>
			<w x="1616">to</w>
			<w x="2049">conceive</w>
			<w x="2189">of</w>
			<w x="2323">an</w>
			<w x="2617">organ</w>
			<w x="2758">of</w>
			<w x="3058">vision</w>
			<w x="3187">so</w>
			<w x="3421">
				<choice>
					<hyph>sen-</hyph>
					<reg>sensitive</reg>
				</choice>
			</w>
		</line>
		<line c="4547" h="135" n="26">
			<w x="988" endhyph="true">sitive</w>
			<w x="1186">and</w>
			<w x="1632">piercing,</w>
			<w x="1842">that</w>
			<w x="2097">from</w>
			<w x="2290">our</w>
			<w x="2564">earth</w>
			<w x="2746">the</w>
			<w x="3282">inhabitants</w>
			<w x="3410">of</w>
		</line>
		<line c="4693" h="122" n="27">
			<w x="989">those</w>
			<w x="1464">
				<choice>
					<orig>far-rolling</orig>
					<reg>far rolling</reg>
					<reg>far</reg>
					<reg>rolling</reg>
				</choice>
			</w>
			<w x="1811">worlds</w>
			<w x="2112">might</w>
			<w x="2260">be</w>
			<w x="2774">discerned.</w>
			<w x="3146">Why,</w>
			<w x="3415">then,</w>
		</line>
		<line c="4835" h="124" n="28">
			<w x="936">may</w>
			<w x="1125">not</w>
			<w x="1384">they</w>
			<w x="1616">who</w>
			<w x="1877">have</w>
			<w x="2284">entered</w>
			<w x="2376">a</w>
			<w x="2705">higher</w>
			<w x="3008">state,</w>
			<w x="3224">and</w>
			<w x="3420">are</w>
		</line>
		<line c="4976" h="126" n="29">
			<w x="1086">clothed</w>
			<w x="1354">with</w>
			<w x="1784">spiritual</w>
			<w x="2191">frames,</w>
			<w x="2544">survey</w>
			<w x="2744">our</w>
			<w x="3038">earth</w>
			<w x="3186">as</w>
			<w x="3421">
				<choice>
					<hyph>dis-</hyph>
					<reg>distinctly</reg>
				</choice>
			</w>
		</line>
		<line c="5121" h="121" n="30">
			<w x="1038" endhyph="true">tinctly</w>
			<w x="1186">as</w>
			<w x="1453">when</w>
			<w x="1560">it</w>
			<w x="1768">was</w>
			<w x="2013">their</w>
			<w x="2416">abode?</w>
		</line>
	</div>
	<div id="3" group="3" x="75" y="3931" width="352" height="663" type="annotation"
		attribution="ESM">
		<line n="1" h="595" c="4297">
			<w x="364">Vain</w>
		</line>
	</div>
	<div id="4" group="3" x="75" y="3401" width="352" height="555" type="annotation"
		attribution="ESM">
		<line n="1" h="520" c="3704">
			<w x="382">vain</w>
		</line>
	</div>
	<div id="5" group="3" x="75" y="2182" width="352" height="1244" type="annotation"
		attribution="ESM">
		<line n="1" h="1244" c="2804">
			<w x="427">speculations!</w>
		</line>
	</div>
</body>
