<body>
	<div id="2" group="1" x="617" y="781" width="2526" height="256" type="score"
		attribution="HMorESM">
		<line c="848" h="117" n="1">
			<w x="990">constant</w>
			<w x="1277">lights</w>
			<w x="1429">of</w>
			<w x="1606">the</w>
			<w x="1864">soul.</w>
			<w x="2307">Hence,</w>
			<w x="2442">in</w>
			<w x="2715">good</w>
			<w x="2960">men</w>
			<w x="3112">of</w>
		</line>
		<line c="982" h="113" n="2">
			<w x="1017">opposing</w>
			<w x="1714">denominations,</w>
			<w x="1826">a</w>
			<w x="2048">real</w>
			<w x="2544">agreement</w>
			<w x="2776">may</w>
			<w x="3120">subsist</w>
		</line>
	</div>
</body>
