<body>
	<div id="2" group="1" x="588" y="1189" width="2511" height="264" type="score2"
		attribution="HMorESM">
		<line c="1256" h="121" n="4">
			<w x="950">opinion.</w>
			<w x="1234">We</w>
			<w x="1516">think,</w>
			<w x="1711">that</w>
			<w x="1848">in</w>
			<w x="2220">nothing</w>
			<w x="2470">have</w>
			<w x="2936">Christians</w>
			<w x="3138">so</w>
		</line>
		<line c="1377" h="140" n="5">
			<w x="888">widely</w>
			<w x="1302">departed</w>
			<w x="1559">from</w>
			<w x="1794">their</w>
			<w x="2175">religion,</w>
			<w x="2306">as</w>
			<w x="2412">in</w>
			<w x="2606">this</w>
			<w x="3080">particular.</w>
		</line>
	</div>
	<div id="3" group="2" x="605" y="3552" width="2526" height="1572" type="score"
		attribution="HMorESM">
		<line c="3619" h="132" n="22">
			<w x="896">We</w>
			<w x="1104">can</w>
			<w x="1438">hardly</w>
			<w x="1861">conceive</w>
			<w x="2011">of</w>
			<w x="2110">a</w>
			<w x="2455">plainer</w>
			<w x="2933">obligation</w>
			<w x="3098">on</w>
		</line>
		<line c="3753" h="142" n="23">
			<w x="884">beings</w>
			<w x="1017">of</w>
			<w x="1202">our</w>
			<w x="1404">frail</w>
			<w x="1595">and</w>
			<w x="1916">fallible</w>
			<w x="2251">nature,</w>
			<w x="2471">who</w>
			<w x="2641">are</w>
			<w x="3095">instructed</w>
		</line>
		<line c="3879" h="134" n="24">
			<w x="699">in</w>
			<w x="886">the</w>
			<w x="1130">duty</w>
			<w x="1279">of</w>
			<w x="1595">candid</w>
			<w x="2093">judgment,</w>
			<w x="2339">than</w>
			<w x="2516">to</w>
			<w x="2841">abstain</w>
			<w x="3096">from</w>
		</line>
		<line c="4002" h="133" n="25">
			<w x="1135">condemning</w>
			<w x="1351">men</w>
			<w x="1495">of</w>
			<w x="1896">apparent</w>
			<w x="2706">conscientiousness</w>
			<w x="2910">and</w>
			<w x="3095">
				<choice>
					<hyph>sin-</hyph>
					<reg>sincerity,</reg>
				</choice>
			</w>
		</line>
		<line c="4139" h="154" n="26">
			<w x="895" endhyph="true">cerity,</w>
			<w x="1117">who</w>
			<w x="1306">are</w>
			<w x="1828">chargeable</w>
			<w x="2072">with</w>
			<w x="2239">no</w>
			<w x="2539">crime</w>
			<w x="2734">but</w>
			<w x="2946">that</w>
			<w x="3095">of</w>
		</line>
		<line c="4266" h="162" n="27">
			<w x="974">differing</w>
			<w x="1208">from</w>
			<w x="1340">us</w>
			<w x="1473">in</w>
			<w x="1628">the</w>
			<w x="2256">interpretation</w>
			<w x="2392">of</w>
			<w x="2565">the</w>
			<w x="3098">Scriptures,</w>
		</line>
		<line c="4404" h="135" n="28">
			<w x="770">and</w>
			<w x="1184">differing,</w>
			<w x="1397">too,</w>
			<w x="1560">on</w>
			<w x="1842">topics</w>
			<w x="1975">of</w>
			<w x="2233">great</w>
			<w x="2438">and</w>
			<w x="3105">acknowledged</w>
		</line>
		<line c="4531" h="127" n="29">
			<w x="1048">obscurity.</w>
			<w x="1302">We</w>
			<w x="1471">are</w>
			<w x="1955">astonished</w>
			<w x="2071">at</w>
			<w x="2246">the</w>
			<w x="2702">hardihood</w>
			<w x="2823">of</w>
			<w x="3103">those,</w>
		</line>
		<line c="4659" h="119" n="30">
			<w x="842">who,</w>
			<w x="1061">with</w>
			<w x="1435">Christ's</w>
			<w x="1854">warnings</w>
			<w x="2274">sounding</w>
			<w x="2403">in</w>
			<w x="2638">their</w>
			<w x="2881">ears,</w>
			<w x="3108">take</w>
		</line>
		<line c="4789" h="127" n="31">
			<w x="727">on</w>
			<w x="1006">them</w>
			<w x="1204">the</w>
			<w x="1843">responsibility</w>
			<w x="2005">of</w>
			<w x="2376">making</w>
			<w x="2733">creeds</w>
			<w x="2922">for</w>
			<w x="3109">his</w>
		</line>
		<line c="4921" h="142" n="32">
			<w x="950">church,</w>
			<w x="1142">and</w>
			<w x="1347">cast</w>
			<w x="1521">out</w>
			<w x="1991">professors</w>
			<w x="2126">of</w>
			<w x="2516">virtuous</w>
			<w x="2767">lives</w>
			<w x="2930">for</w>
			<w x="3152">
				<choice>
					<hyph>im-</hyph>
					<reg>imagined</reg>
				</choice>
			</w>
		</line>
		<line c="5054" h="127" n="33">
			<w x="908" endhyph="true">agined</w>
			<w x="1251">errors,</w>
			<w x="1427">for</w>
			<w x="1603">the</w>
			<w x="1846">guilt</w>
			<w x="1976">of</w>
			<w x="2368">thinking</w>
			<w x="2551">for</w>
			<w x="3106">themselves.</w>
		</line>
	</div>
</body>
