<body>
	<div id="2" group="1" x="364" y="2592" width="2720" height="2237" type="score"
		attribution="HMorESM">
		<line c="2655" h="122" n="13">
			<w x="661">God.</w>
			<w x="927">But</w>
			<w x="1020">I</w>
			<w x="1493">maintain,</w>
			<w x="1731">that,</w>
			<w x="2132">because</w>
			<w x="2312">the</w>
			<w x="2696">Trinity</w>
			<w x="2806">is</w>
			<w x="3066">
				<choice>
					<hyph>irra-</hyph>
					<reg>irrational,</reg>
				</choice>
			</w>
		</line>
		<line c="2802" h="123" n="14">
			<w x="672" endhyph="true">tional,</w>
			<w x="783">it</w>
			<w x="1035">does</w>
			<w x="1225">not</w>
			<w x="1549">follow</w>
			<w x="1757">that</w>
			<w x="1937">the</w>
			<w x="2209">same</w>
			<w x="2678">reproach</w>
			<w x="3063">belongs</w>
		</line>
		<line c="2940" h="141" n="15">
			<w x="472">to</w>
			<w x="1121">Christianity;</w>
			<w x="1312">for</w>
			<w x="1512">this</w>
			<w x="1943">doctrine</w>
			<w x="2050">is</w>
			<w x="2202">no</w>
			<w x="2432">part</w>
			<w x="2566">of</w>
			<w x="2731">the</w>
			<w x="3119">
				<choice>
					<hyph>Chris-</hyph>
					<reg>Christian</reg>
				</choice>
			</w>
		</line>
		<line c="3079" h="133" n="16">
			<w x="550" endhyph="true">tian</w>
			<w x="959">religion.</w>
			<w x="1137">I</w>
			<w x="1460">know,</w>
			<w x="1731">there</w>
			<w x="1912">are</w>
			<w x="2340">passages</w>
			<w x="2650">which</w>
			<w x="2828">are</w>
			<w x="3115">
				<choice>
					<hyph>con-</hyph>
					<reg>continually</reg>
				</choice>
			</w>
		</line>
		<line c="3215" h="132" n="17">
			<w x="728" endhyph="true">tinually</w>
			<w x="1095">quoted</w>
			<w x="1231">in</w>
			<w x="1400">its</w>
			<w x="1874">
				<choice>
					<orig>defence;</orig>
					<reg>defense;</reg>
				</choice>
			</w>
			<w x="2112">but</w>
			<w x="2384">allow</w>
			<w x="2582">me</w>
			<w x="2733">to</w>
			<w x="3116">prove</w>
		</line>
		<line c="3355" h="131" n="18">
			<w x="808">doctrines</w>
			<w x="948">in</w>
			<w x="1146">the</w>
			<w x="1443">same</w>
			<w x="1736">way,</w>
			<w x="1955">that</w>
			<w x="2121">is,</w>
			<w x="2285">by</w>
			<w x="2784">detaching</w>
			<w x="3059">texts</w>
		</line>
		<line c="3498" h="145" n="19">
			<w x="602">from</w>
			<w x="858">their</w>
			<w x="1392">
				<choice>
					<orig>connexion</orig>
					<reg>connection</reg>
				</choice>
			</w>
			<w x="1574">and</w>
			<w x="2139">interpreting</w>
			<w x="2395">them</w>
			<w x="2786">without</w>
			<w x="3061">
				<choice>
					<hyph>refer-</hyph>
					<reg>reference</reg>
				</choice>
			</w>
		</line>
		<line c="3639" h="141" n="20">
			<w x="597" endhyph="true">ence</w>
			<w x="728">to</w>
			<w x="899">the</w>
			<w x="1277">general</w>
			<w x="1648">current</w>
			<w x="1784">of</w>
			<w x="2284">Scripture,</w>
			<w x="2484">and</w>
			<w x="2567">I</w>
			<w x="2774">can</w>
			<w x="3060">prove</w>
		</line>
		<line c="3782" h="141" n="21">
			<w x="549">any</w>
			<w x="819">thing</w>
			<w x="1020">and</w>
			<w x="1324">every</w>
			<w x="1547">thing</w>
			<w x="1840">from</w>
			<w x="2024">the</w>
			<w x="2368">Bible.</w>
			<w x="2530">I</w>
			<w x="2745">can</w>
			<w x="3074">prove,</w>
		</line>
		<line c="3923" h="136" n="22">
			<w x="552">that</w>
			<w x="799">God</w>
			<w x="999">has</w>
			<w x="1351">human</w>
			<w x="1788">passions.</w>
			<w x="1967">I</w>
			<w x="2163">can</w>
			<w x="2467">prove</w>
			<w x="3057">
				<choice>
					<hyph>transubstan-</hyph>
					<reg>transubstantiation,</reg>
				</choice>
			</w>
		</line>
		<line c="4062" h="127" n="23">
			<w x="698" endhyph="true">tiation,</w>
			<w x="1017">which</w>
			<w x="1147">is</w>
			<w x="1488">taught</w>
			<w x="1800">much</w>
			<w x="2096">more</w>
			<w x="2603">explicitly</w>
			<w x="2860">than</w>
			<w x="3058">the</w>
		</line>
		<line c="4202" h="143" n="24">
			<w x="784">Trinity.</w>
			<div id="3" group="1" x="374" y="4140" width="2696" height="133" type="underline"
				attribution="HMorESM">
					<blank x="842"/>
					<w x="1365">Detached</w>
					<w x="1616">texts</w>
					<w x="1927">prove</w>
					<w x="2326">nothing.</w>			
			</div>
			<w x="2723">Christ</w>
			<w x="2821">is</w>
			<w x="3058">
				<choice>
					<hyph>call-</hyph>
					<reg>called</reg>
				</choice>
			</w>
		</line>
		<line c="4336" h="140" n="25">
			<w x="472" endhyph="true">ed</w>
			<w x="812">God;</w>
			<w x="1285">the</w>
			<w x="1500">title</w>
			<w x="1613">is</w>
			<w x="1908">given</w>
			<w x="2046">to</w>
			<w x="2388">Moses</w>
			<w x="2586">and</w>
			<w x="2717">to</w>
			<w x="3048">rulers.</w>
		</line>
		<line c="4484" h="126" n="26">
			<w x="675">Christ</w>
			<w x="887">has</w>
			<w x="1170">said,</w>
			<w x="1399">"I</w>
			<w x="1625">and</w>
			<w x="1835">my</w>
			<w x="2189">Father</w>
			<w x="2396">are</w>
			<w x="2744">one;"</w>
			<w x="2906">so</w>
			<w x="3056">he</w>
		</line>
		<line c="4631" h="158" n="27">
			<w x="695">prayed</w>
			<w x="936">that</w>
			<w x="1095">all</w>
			<w x="1278">his</w>
			<w x="1742">disciples</w>
			<w x="2041">might</w>
			<w x="2208">be</w>
			<w x="2444">one,</w>
			<w x="2875">meaning</w>
			<w x="3057">not</w>
		</line>
		<line c="4776" h="124" n="28">
			<w x="542">one</w>
			<w x="739">and</w>
			<w x="912">the</w>
			<w x="1187">same</w>
			<w x="1494">being,</w>
			<w x="1679">but</w>
			<w x="1869">one</w>
			<w x="1989">in</w>
			<w x="2417">affection</w>
			<w x="2621">and</w>
			<w x="3045">purpose.</w>
		</line>
	</div>
</body>
