<body>
	<div id="2" group="1" x="399" y="731" width="2727" height="726" type="score"
		attribution="HMorESM">
		<line c="833" h="135" n="1">
			<w x="518">of</w>
			<w x="856">mercy</w>
			<w x="1198">should</w>
			<w x="1586">temper</w>
			<w x="2154">legislation;</w>
			<w x="2387">that</w>
			<w x="2556">we</w>
			<w x="2918">should</w>
			<w x="3103">not</w>
		</line>
		<line c="970" h="140" n="2">
			<w x="672">sever</w>
			<w x="1133">ourselves</w>
			<w x="1274">so</w>
			<w x="1624">widely</w>
			<w x="1877">from</w>
			<w x="2104">our</w>
			<w x="2376">fallen</w>
			<w x="2870">brethren;</w>
			<w x="3104">that</w>
		</line>
		<line c="1123" h="130" n="3">
			<w x="549">we</w>
			<w x="888">should</w>
			<w x="1369">
				<choice>
					<orig>recognise</orig>
					<reg>recognize</reg>
				</choice>
			</w>
			<w x="1492">in</w>
			<w x="1754">them</w>
			<w x="1938">the</w>
			<w x="2557">countenance</w>
			<w x="2771">and</w>
			<w x="3101">claims</w>
		</line>
		<line c="1266" h="145" n="4">
			<w x="522">of</w>
			<w x="1054">humanity;</w>
			<w x="1291">that</w>
			<w x="1480">we</w>
			<w x="1850">should</w>
			<w x="2173">strive</w>
			<w x="2322">to</w>
			<w x="2527">win</w>
			<w x="2819">them</w>
			<w x="3103">back</w>
		</line>
		<line c="1389" h="132" n="5">
			<w x="507">to</w>
			<w x="788">God.</w>
		</line>
	</div>
</body>
