<body>
	<div id="2" group="1" x="634" y="3088" width="2739" height="700" type="score"
		attribution="HMorESM">
		<line n="17" h="140" c="3158">
			<w x="1016">nature,</w>
			<w x="1128">it</w>
			<w x="1388">must</w>
			<w x="1552">be</w>
			<w x="1864">won.</w>
			<w x="2396">Immortal</w>
			<w x="2884">happiness</w>
			<w x="2988">is</w>
			<w x="3368">nothing</w>
		</line>
		<line n="18" h="140" c="3298">
			<w x="960">more</w>
			<w x="1200">than</w>
			<w x="1412">the</w>
			<w x="1904">unfolding</w>
			<w x="2084">of</w>
			<w x="2284">our</w>
			<w x="2548">own</w>
			<w x="2916">minds,</w>
			<w x="3148">the</w>
			<w x="3364">full,</w>
		</line>
		<line n="19" h="140" c="3438">
			<w x="976">bright</w>
			<w x="1400">exercise</w>
			<w x="1552">of</w>
			<w x="1768">our</w>
			<w x="2012">best</w>
			<w x="2464">powers;</w>
			<w x="2696">and</w>
			<w x="2984">these</w>
			<w x="3368">powers</w>
		</line>
		<line n="20" h="140" c="3578">
			<w x="856">are</w>
			<w x="1164">never</w>
			<w x="1292">to</w>
			<w x="1452">be</w>
			<w x="1900">unfolded</w>
			<w x="2156">here</w>
			<w x="2296">or</w>
			<w x="2780">hereafter,</w>
			<w x="2972">but</w>
			<w x="3368">through</w>
		</line>
		<line n="21" h="140" c="3718">
			<w x="864">our</w>
			<w x="1084">own</w>
			<w x="1300">free</w>
			<w x="1792">exertion.</w>
			<w x="2016">To</w>
			<w x="2496">anticipate</w>
			<w x="2592">a</w>
			<w x="2912">higher</w>
			<w x="3368">existence</w>
		</line>
	</div>
	<div id="3" group="2" x="643" y="3930" width="2726" height="705" type="score"
		attribution="HMorESM">
		<line n="23" h="141" c="4000">
			<w x="1004">reason</w>
			<w x="1344">frowns</w>
			<w x="1500">no</w>
			<w x="1712">less</w>
			<w x="1976">than</w>
			<w x="2548">revelation.</w>
			<w x="2944">Dream</w>
			<w x="3132">not</w>
			<w x="3268">of</w>
			<w x="3364">a</w>
		</line>
		<line n="24" h="141" c="4141">
			<w x="1032">heaven</w>
			<w x="1248">into</w>
			<w x="1552">which</w>
			<w x="1780">you</w>
			<w x="2004">may</w>
			<w x="2304">enter,</w>
			<w x="2524">live</w>
			<w x="2764">here</w>
			<w x="2892">as</w>
			<w x="3104">you</w>
			<w x="3364">may.</w>
		</line>
		<line n="25" h="141" c="4282">
			<w x="868">To</w>
			<w x="1124">such</w>
			<w x="1244">as</w>
			<w x="1532">waste</w>
			<w x="1732">the</w>
			<w x="2140">present</w>
			<w x="2436">state,</w>
			<w x="2636">the</w>
			<w x="2940">future</w>
			<w x="3152">will</w>
			<w x="3364">not,</w>
		</line>
		<line n="26" h="141" c="4423">
			<w x="1056">cannot,</w>
			<w x="1328">bring</w>
			<w x="1900">happiness.</w>
			<w x="2268">There</w>
			<w x="2376">is</w>
			<w x="2536">no</w>
			<w x="2944">concord</w>
			<w x="3360">between</w>
		</line>
		<line n="27" h="141" c="4564">
			<w x="956">them</w>
			<w x="1180">and</w>
			<w x="1404">that</w>
			<w x="1716">world</w>
			<w x="1872">of</w>
			<w x="2240">purity.</w>
			<w x="2436">A</w>
			<w x="2800">human</w>
			<w x="3144">being,</w>
			<w x="3360">who</w>
		</line>
	</div>
</body>
