<body>
	<div id="2" group="1" x="644" y="3534" width="2736" height="1265" type="score"
		attribution="HMorESM">
		<line c="3616" h="177" n="19">
			<w x="853">
				<choice>
					<hyph>tion</hyph>
					<reg>exaltation</reg>
				</choice>
			</w>
			<w x="998">of</w>
			<w x="1170">his</w>
			<w x="1671">character.</w>
			<w x="1853">I</w>
			<w x="2223">believe</w>
			<w x="2456">him</w>
			<w x="2586">to</w>
			<w x="2736">be</w>
			<w x="2829">a</w>
			<w x="3138">more</w>
			<w x="3421">than</w>
		</line>
		<line c="3747" h="167" n="20">
			<w x="979">human</w>
			<w x="1299">being.</w>
			<w x="1563">In</w>
			<w x="1850">truth,</w>
			<w x="2048">all</w>
			<w x="2550">Christians</w>
			<w x="2711">so</w>
			<w x="3114">believe</w>
			<w x="3348">him.</w>
		</line>
		<line c="3881" h="152" n="21">
			<w x="990">Those</w>
			<w x="1213">who</w>
			<w x="1644">suppose</w>
			<w x="1858">him</w>
			<w x="2064">not</w>
			<w x="2192">to</w>
			<w x="2447">have</w>
			<w x="2818">existed</w>
			<w x="3166">before</w>
			<w x="3429">his</w>
		</line>
		<line c="4032" h="172" n="22">
			<w x="930">birth,</w>
			<w x="1082">do</w>
			<w x="1295">not</w>
			<w x="1644">regard</w>
			<w x="1888">him</w>
			<w x="2003">as</w>
			<w x="2094">a</w>
			<w x="2344">mere</w>
			<w x="2647">man,</w>
			<w x="3005">though</w>
			<w x="3166">so</w>
			<w x="3432">
				<choice>
					<hyph>re-</hyph>
					<reg>reproached.</reg>
				</choice>
			</w>
		</line>
		<line c="4175" h="173" n="23">
			<w x="1135" endhyph="true">proached.</w>
			<w x="1527">They</w>
			<w x="1878">always</w>
			<w x="2298">separate</w>
			<w x="2512">him</w>
			<w x="2668">by</w>
			<w x="2947">broad</w>
			<w x="3360">
				<choice>
					<hyph>distinc-</hyph>
					<reg>distinctions</reg>
				</choice>
			</w>
		</line>
		<line c="4314" h="169" n="24">
			<w x="919" endhyph="true">tions</w>
			<w x="1149">from</w>
			<w x="1441">other</w>
			<w x="1698">men.</w>
			<w x="2093">They</w>
			<w x="2526">consider</w>
			<w x="2749">him</w>
			<w x="2904">as</w>
			<w x="3427">enjoying</w>
		</line>
		<line c="4459" h="151" n="25">
			<w x="755">a</w>
			<w x="1324">communion</w>
			<w x="1582">with</w>
			<w x="1866">God,</w>
			<w x="2093">and</w>
			<w x="1007">as</w>
			<w x="2599">having</w>
			<w x="3064">received</w>
			<w x="3354">gifts,</w>
		</line>
		<line c="4595" h="146" n="26">
			<w x="1277">endowments,</w>
			<w x="1495">aid,</w>
			<w x="1786">lights</w>
			<w x="2068">from</w>
			<w x="2342">him,</w>
			<w x="2720">granted</w>
			<w x="2864">to</w>
			<w x="3032">no</w>
			<w x="3351">other,</w>
		</line>
		<line c="4737" h="138" n="27">
			<w x="1026">as</w>
			<w x="1366">having</w>
			<w x="1853">exhibited</w>
			<w x="1941">a</w>
			<w x="2344">spotless</w>
			<w x="2714">purity,</w>
			<w x="3040">which</w>
			<w x="3150">is</w>
			<w x="3357">the</w>
		</line>
	</div>
</body>
