<body>
	<div id="2" group="1" x="668" y="4777" width="2709" height="421" type="score"
		attribution="HMorESM">
		<line c="4855" h="135" n="29">
			<w x="934">
				<choice>
					<hyph>cated</hyph>
					<reg>communicated</reg>
				</choice>
			</w>
			<w x="1055">to</w>
			<w x="1324">them</w>
			<w x="1487">his</w>
			<w x="1746">truth</w>
			<w x="1868">in</w>
			<w x="2048">the</w>
			<w x="2470">simplest</w>
			<w x="2778">form;</w>
			<w x="3004">and</w>
			<w x="3394">though</w>
		</line>
		<line c="4994" h="137" n="30">
			<w x="874">they</w>
			<w x="1352">constantly</w>
			<w x="2101">misunderstood</w>
			<w x="2336">him,</w>
			<w x="2576">and</w>
			<w x="2896">never</w>
			<w x="3404">received</w>
		</line>
		<line c="5136" h="144" n="31">
			<w x="802">his</w>
			<w x="1015">full</w>
			<w x="1483">meaning,</w>
			<w x="1662">he</w>
			<w x="1902">was</w>
			<w x="2197">never</w>
			<w x="2652">wearied</w>
			<w x="2928">with</w>
			<w x="3437">teaching</w>
		</line>
	</div>
</body>
