<body>
	<div id="2" group="1" x="420" y="4452" width="2532" height="662" type="score"
		attribution="HMorESM">
		<line c="4519" h="113" n="29">
			<w x="575">life</w>
			<w x="802">shall</w>
			<w x="1064">serve</w>
			<w x="1194">or</w>
			<w x="1361">fail</w>
			<w x="1496">of</w>
			<w x="1633">its</w>
			<w x="1852">end.</w>
			<w x="2163">The</w>
			<w x="2408">man,</w>
			<w x="2629">who</w>
			<w x="2929">works</w>
		</line>
		<line c="4654" h="119" n="30">
			<w x="647">from</w>
			<w x="1118">honorable</w>
			<w x="1523">motives,</w>
			<w x="1767">from</w>
			<w x="2191">domestic</w>
			<w x="2686">affections,</w>
			<w x="2935">from</w>
		</line>
		<line c="4783" h="128" n="31">
			<w x="701">desire</w>
			<w x="853">of</w>
			<w x="949">a</w>
			<w x="1398">condition</w>
			<w x="1698">which</w>
			<w x="1915">will</w>
			<w x="2191">open</w>
			<w x="2337">to</w>
			<w x="2560">him</w>
			<w x="2934">greater</w>
		</line>
		<line c="4911" h="114" n="32">
			<w x="858">happiness</w>
			<w x="1048">and</w>
			<w x="1561">usefulness,</w>
			<w x="1805">finds</w>
			<w x="1923">in</w>
			<w x="2197">labor</w>
			<w x="2328">an</w>
			<w x="2725">exercise</w>
			<w x="2931">and</w>
		</line>
		<line c="5049" h="120" n="33">
			<w x="949">invigoration</w>
			<w x="1104">of</w>
			<w x="1430">virtue.</w>
			<w x="1765">The</w>
			<w x="2387">
				<choice>
					<orig>day-laborer,</orig>
					<reg>day laborer,</reg>
					<reg>day</reg>
					<reg>laborer,</reg>
				</choice>
			</w>
			<w x="2632">who</w>
			<w x="2923">earns,</w>
		</line>
	</div>
</body>
