<body>
	<div id="2" group="1" x="438" y="2989" width="2695" height="283" type="score3"
		attribution="HMorESM">
		<line c="3081" h="176" n="16">
			<w x="702">who</w>
			<w x="927">take</w>
			<w x="1501">exclusively</w>
			<w x="1709">the</w>
			<w x="2001">name</w>
			<w x="2131">of</w>
			<w x="2496">Christ.</w>
			<w x="2822">But</w>
			<w x="2907">I</w>
			<w x="3126">say,</w>
		</line>
		<line c="3201" h="140" n="17">
			<w x="657">you</w>
			<w x="939">have</w>
			<w x="1085">no</w>
			<w x="1349">right</w>
			<w x="1467">to</w>
			<w x="1928">confound</w>
			<w x="2491">Christianity</w>
			<w x="2738">with</w>
			<w x="2896">its</w>
			<w x="3126">
				<choice>
					<hyph>pro-</hyph>
					<reg>professors</reg>
				</choice>
			</w>
		</line>
	</div>
	<div id="3" group="2" x="444" y="3557" width="2701" height="282" type="score"
		attribution="HMorESM">
		<line c="3625" h="130" n="20">
			<w x="702">have</w>
			<w x="1012">been</w>
			<w x="1518">corrupted</w>
			<w x="1760">and</w>
			<w x="2305">obscured.</w>
			<w x="2777">Common</w>
			<w x="3143">candor</w>
		</line>
		<line c="3768" h="133" n="21">
			<w x="865">requires</w>
			<w x="1085">that</w>
			<w x="1310">you</w>
			<w x="1642">should</w>
			<w x="1968">judge</w>
			<w x="2091">of</w>
			<w x="2198">it</w>
			<w x="2339">as</w>
			<w x="2463">it</w>
			<w x="2732">came</w>
			<w x="3014">from</w>
			<w x="3137">its</w>
		</line>
	</div>
</body>
