<body>
	<div id="2" group="1" x="655" y="3409" width="2510" height="645" type="score"
		attribution="HMorESM">
		<line c="3469" h="107" n="21">
			<w x="762">its</w>
			<w x="1119">Father</w>
			<w x="1256">in</w>
			<w x="1645">heaven.</w>
			<w x="2364">Accordingly,</w>
			<w x="2872">multitudes</w>
			<w x="3183">seem</w>
		</line>
		<line c="3594" h="131" n="22">
			<w x="747">to</w>
			<w x="1037">prize</w>
			<w x="1370">pardon</w>
			<w x="1627">more</w>
			<w x="1845">than</w>
			<w x="2146">piety,</w>
			<w x="2342">and</w>
			<w x="2608">think</w>
			<w x="2691">it</w>
			<w x="2793">a</w>
			<w x="3151">greater</w>
		</line>
		<line c="3728" h="129" n="23">
			<w x="872">boon</w>
			<w x="1006">to</w>
			<w x="1382">escape,</w>
			<w x="1749">through</w>
			<w x="2140">Christ's</w>
			<w x="2638">sufferings,</w>
			<w x="2869">the</w>
			<w x="3003">fire</w>
			<w x="3138">of</w>
		</line>
		<line c="3860" h="118" n="24">
			<w x="846">hell,</w>
			<w x="1089">than</w>
			<w x="1235">to</w>
			<w x="1630">receive,</w>
			<w x="2015">through</w>
			<w x="2197">his</w>
			<w x="2665">influence,</w>
			<w x="2876">the</w>
			<w x="3145">spirit</w>
		</line>
		<line c="3992" h="112" n="25">
			<w x="759">of</w>
			<w x="1138">heaven,</w>
			<w x="1312">the</w>
			<w x="1598">spirit</w>
			<w x="1756">of</w>
			<w x="2204">devotion.</w>
			<w x="2411">Is</w>
			<w x="2678">such</w>
			<w x="2780">a</w>
			<w x="3140">system</w>
		</line>
	</div>
</body>
