<body>
	<div id="2" group="1" x="676" y="4240" width="2564" height="944" type="score"
		attribution="HMorESM">
		<line c="4302" h="132" n="27">
			<w x="1076">influence</w>
			<w x="1227">of</w>
			<w x="1434">fear</w>
			<w x="1567">in</w>
			<w x="1959">palsying</w>
			<w x="2151">the</w>
			<w x="2454">moral</w>
			<w x="2803">nature.</w>
			<w x="3196">Men's</w>
		</line>
		<line c="4453" h="142" n="28">
			<w x="946">minds</w>
			<w x="1164">and</w>
			<w x="1746">consciences</w>
			<w x="1938">are</w>
			<w x="2354">subdued</w>
			<w x="2520">by</w>
			<w x="2835">terror,</w>
			<w x="2972">so</w>
			<w x="3205">that</w>
		</line>
		<line c="4579" h="117" n="29">
			<w x="883">they</w>
			<w x="1105">dare</w>
			<w x="1303">not</w>
			<w x="1704">confess,</w>
			<w x="1949">even</w>
			<w x="2096">to</w>
			<w x="2659">themselves,</w>
			<w x="2836">the</w>
			<w x="3198">
				<choice>
					<hyph>shrink-</hyph>
					<reg>shrinking,</reg>
				</choice>
			</w>
		</line>
		<line c="4713" h="118" n="30">
			<w x="853" endhyph="true">ing,</w>
			<w x="1173">which</w>
			<w x="1418">they</w>
			<w x="1656">feel,</w>
			<w x="1927">from</w>
			<w x="2124">the</w>
			<w x="2590">unworthy</w>
			<w x="2888">views</w>
			<w x="3203">which</w>
		</line>
		<line c="4846" h="118" n="31">
			<w x="848">this</w>
			<w x="1198">system</w>
			<w x="1493">gives</w>
			<w x="1666">of</w>
			<w x="1985">God;</w>
			<w x="2274">and,</w>
			<w x="2423">by</w>
			<w x="2656">thus</w>
			<w x="3207">smothering</w>
		</line>
		<line c="4980" h="124" n="32">
			<w x="922">their</w>
			<w x="1120">just</w>
			<w x="1690">abhorrence,</w>
			<w x="1942">they</w>
			<w x="2379">gradually</w>
			<w x="2858">extinguish</w>
			<w x="3009">it,</w>
			<w x="3207">and</w>
		</line>
		<line c="5107" h="106" n="33">
			<w x="904">even</w>
			<w x="1203">come</w>
			<w x="1351">to</w>
			<w x="1796">vindicate</w>
			<w x="1942">in</w>
			<w x="2213">God</w>
			<w x="2468">what</w>
			<w x="2789">would</w>
			<w x="3208">disgrace</w>
		</line>
	</div>
</body>
