<body>
	<div id="2" group="1" x="512" y="3907" width="2501" height="524" type="score"
		attribution="HMorESM">
		<line c="3979" h="122" n="25">
			<w x="646">By</w>
			<w x="729">a</w>
			<w x="948">kind</w>
			<w x="1080">of</w>
			<w x="1457">instinct,</w>
			<w x="1685">they</w>
			<w x="1918">have</w>
			<w x="2218">fought</w>
			<w x="2548">against</w>
			<w x="2715">the</w>
			<w x="2985">light,</w>
		</line>
		<line c="4096" h="113" n="26">
			<w x="781">before</w>
			<w x="1074">which</w>
			<w x="1256">the</w>
			<w x="1591">shades</w>
			<w x="1742">of</w>
			<w x="2276">superstition</w>
			<w x="2522">were</w>
			<w x="2984">vanishing,</w>
		</line>
		<line c="4226" h="116" n="27">
			<w x="668">and</w>
			<w x="900">have</w>
			<w x="1322">received</w>
			<w x="1555">their</w>
			<w x="2097">punishment</w>
			<w x="2209">in</w>
			<w x="2376">the</w>
			<w x="2784">darkness</w>
			<w x="2993">and</w>
		</line>
		<line c="4354" h="155" n="28">
			<w x="1010">degradation</w>
			<w x="1164">of</w>
			<w x="1415">their</w>
			<w x="1656">own</w>
			<w x="1999">minds.</w>
			<w x="2257">To</w>
			<w x="2515">such</w>
			<w x="2847">power</w>
			<w x="2992">as</w>
		</line>
	</div>
</body>
