<body>
	<div id="2" group="1" x="492" y="3530" width="2704" height="138" type="score"
		attribution="HMorESM">
		<line n="20" h="138" c="3599">
			<w x="880">
				<choice>
					<hyph>struct.</hyph>
					<reg>instruct.</reg>
				</choice>
			</w>
			<w x="1304">Believe</w>
			<w x="1452">in</w>
			<w x="1620">the</w>
			<w x="2088">greatness</w>
			<w x="2240">of</w>
			<w x="2388">its</w>
			<w x="2712">nature</w>
			<w x="2944">and</w>
			<w x="3060">in</w>
			<w x="3192">its</w>
		</line>
	</div>
	<div id="3" group="2" x="484" y="4811" width="2704" height="285" type="parenthesis"
		attribution="HMorESM">
		<line n="29" h="142" c="4882">
			<blank x="2620"/>
			<w x="2896">That</w>
			<w x="3184">mind,</w>
		</line>
		<line n="2" h="142" c="5024">
			<w x="700">not</w>
			<w x="944">you,</w>
			<w x="1148">nor</w>
			<w x="1296">I,</w>
			<w x="1508">nor</w>
			<w x="1672">an</w>
			<w x="2000">angel,</w>
			<w x="2224">can</w>
			<w x="2872">comprehend.</w>
		</line>
	</div>
</body>
