<body>
	<div id="2" group="1" x="636" y="896" width="2539" height="2773" type="score"
		attribution="HMorESM">
		<line c="971" h="110" n="2">
			<w x="792">
				<choice>
					<hyph>ren</hyph>
					<reg>brethren</reg>
				</choice>
			</w>
			<w x="1000">and</w>
			<w x="1354">friends,</w>
			<w x="1482">to</w>
			<w x="1722">their</w>
			<w x="1997">race.</w>
			<w x="2260">Our</w>
			<w x="2513">great</w>
			<w x="2713">and</w>
			<w x="2976">most</w>
			<w x="3151">
				<choice>
					<hyph>dif-</hyph>
					<reg>difficult</reg>
				</choice>
			</w>
		</line>
		<line c="1106" h="114" n="3">
			<w x="867" endhyph="true">ficult</w>
			<w x="1141">duty,</w>
			<w x="1288">as</w>
			<w x="1591">social</w>
			<w x="1952">beings,</w>
			<w x="2101">is,</w>
			<w x="2229">to</w>
			<w x="2557">derive</w>
			<w x="2976">constant</w>
			<w x="3153">aid</w>
		</line>
		<line c="1240" h="124" n="4">
			<w x="851">from</w>
			<w x="1194">society</w>
			<w x="1551">without</w>
			<w x="1845">taking</w>
			<w x="1978">its</w>
			<w x="2234">yoke;</w>
			<w x="2429">to</w>
			<w x="2680">open</w>
			<w x="2864">our</w>
			<w x="3153">minds</w>
		</line>
		<line c="1368" h="111" n="5">
			<w x="726">to</w>
			<w x="924">the</w>
			<w x="1373">thoughts,</w>
			<w x="1916">reasonings,</w>
			<w x="2130">and</w>
			<w x="2676">persuasions</w>
			<w x="2811">of</w>
			<w x="3147">others,</w>
		</line>
		<line c="1495" h="134" n="6">
			<w x="789">and</w>
			<w x="1002">yet</w>
			<w x="1144">to</w>
			<w x="1384">hold</w>
			<w x="1598">fast</w>
			<w x="1788">the</w>
			<w x="2110">sacred</w>
			<w x="2374">right</w>
			<w x="2526">of</w>
			<w x="2872">private</w>
			<w x="3152">
				<choice>
					<hyph>judg-</hyph>
					<reg>judgment;</reg>
				</choice>
			</w>
		</line>
		<line c="1623" h="138" n="7">
			<w x="922" endhyph="true">ment;</w>
			<w x="1062">to</w>
			<w x="1436">receive</w>
			<w x="1861">impulses</w>
			<w x="2122">from</w>
			<w x="2320">our</w>
			<w x="2952">
				<choice>
					<orig>fellow-beings,</orig>
					<reg>fellow beings,</reg>
					<reg>fellow</reg>
					<reg>beings,</reg>
				</choice>
			</w>
			<w x="3153">and</w>
		</line>
		<line c="1759" h="132" n="8">
			<w x="789">yet</w>
			<w x="936">to</w>
			<w x="1144">act</w>
			<w x="1400">from</w>
			<w x="1612">our</w>
			<w x="1861">own</w>
			<w x="2203">souls;</w>
			<w x="2344">to</w>
			<w x="2900">sympathize</w>
			<w x="3151">with</w>
		</line>
		<line c="1897" h="120" n="9">
			<w x="944">others,</w>
			<w x="1147">and</w>
			<w x="1339">yet</w>
			<w x="1486">to</w>
			<w x="1966">determine</w>
			<w x="2165">our</w>
			<w x="2381">own</w>
			<w x="2843">feelings;</w>
			<w x="2990">to</w>
			<w x="3150">act</w>
		</line>
		<line c="2022" h="124" n="10">
			<w x="837">with</w>
			<w x="1166">others,</w>
			<w x="1360">and</w>
			<w x="1551">yet</w>
			<w x="1687">to</w>
			<w x="1994">follow</w>
			<w x="2174">our</w>
			<w x="2389">own</w>
			<w x="3002">consciences;</w>
			<w x="3146">to</w>
		</line>
		<line c="2155" h="135" n="11">
			<w x="859">unite</w>
			<w x="1159">social</w>
			<w x="1613">deference</w>
			<w x="1823">and</w>
			<w x="2522">
				<choice>
					<orig>self-dominion;</orig>
					<reg>self dominion;</reg>
					<reg>self</reg>
					<reg>dominion,</reg>
				</choice>
			</w>
			<w x="2664">to</w>
			<w x="2884">join</w>
			<w x="3147">
				<choice>
					<hyph>mor-</hyph>
					<reg>moral</reg>
				</choice>
			</w>
		</line>
		<line c="2283" h="137" n="12">
			<w x="726" endhyph="true">al</w>
			<w x="1449">
				<choice>
					<orig>self-subsistence</orig>
					<reg>self subsistence</reg>
					<reg>self</reg>
					<reg>subsistence</reg>
				</choice>
			</w>
			<w x="1691">with</w>
			<w x="1992">social</w>
			<w x="2626">dependence;</w>
			<w x="2767">to</w>
			<w x="3150">respect</w>
		</line>
		<line c="2422" h="120" n="13">
			<w x="911">others</w>
			<w x="1280">without</w>
			<w x="1587">losing</w>
			<w x="2196">
				<choice>
					<orig>self-respect;</orig>
					<reg>self respect;</reg>
					<reg>self</reg>
					<reg>respect;</reg>
				</choice>
			</w>
			<w x="2337">to</w>
			<w x="2576">love</w>
			<w x="2781">our</w>
			<w x="3145">friends,</w>
		</line>
		<line c="2556" h="119" n="14">
			<w x="803">and</w>
			<w x="962">to</w>
			<w x="1463">reverence</w>
			<w x="1679">our</w>
			<w x="2175">superiors,</w>
			<w x="2502">whilst</w>
			<w x="2721">our</w>
			<w x="3150">supreme</w>
		</line>
		<line c="2678" h="125" n="15">
			<w x="978">homage</w>
			<w x="1110">is</w>
			<w x="1416">given</w>
			<w x="1576">to</w>
			<w x="1812">that</w>
			<w x="2132">moral</w>
			<w x="2648">perfection</w>
			<w x="2976">which</w>
			<w x="3149">no</w>
		</line>
		<line c="2811" h="113" n="16">
			<w x="896">friend</w>
			<w x="1089">and</w>
			<w x="1246">no</w>
			<w x="1643">superior</w>
			<w x="1818">has</w>
			<w x="2222">realized,</w>
			<w x="2421">and</w>
			<w x="2764">which,</w>
			<w x="2886">if</w>
			<w x="3150">
				<choice>
					<hyph>faith-</hyph>
					<reg>faithfully</reg>
				</choice>
			</w>
		</line>
		<line c="2945" h="117" n="17">
			<w x="840" endhyph="true">fully</w>
			<w x="1278">pursued,</w>
			<w x="1509">will</w>
			<w x="1798">often</w>
			<w x="2201">demand</w>
			<w x="2716">separation</w>
			<w x="2989">from</w>
			<w x="3151">all</w>
		</line>
		<line c="3081" h="119" n="18">
			<w x="944">around</w>
			<w x="1120">us.</w>
			<w x="1471">Such</w>
			<w x="1589">is</w>
			<w x="1792">our</w>
			<w x="2063">great</w>
			<w x="2341">work</w>
			<w x="2482">as</w>
			<w x="2787">social</w>
			<w x="3140">beings,</w>
		</line>
		<line c="3211" h="117" n="19">
			<w x="829">and,</w>
			<w x="973">to</w>
			<w x="1351">perform</w>
			<w x="1498">it,</w>
			<w x="1664">we</w>
			<w x="1999">should</w>
			<w x="2246">look</w>
			<w x="2720">habitually</w>
			<w x="2840">to</w>
			<w x="3142">Jesus</w>
		</line>
		<line c="3344" h="124" n="20">
			<w x="948">Christ,</w>
			<w x="1168">who</w>
			<w x="1351">was</w>
			<w x="1958">distinguished</w>
			<w x="2123">by</w>
			<w x="2482">nothing</w>
			<w x="2755">more</w>
			<w x="2995">than</w>
			<w x="3145">by</w>
		</line>
		<line c="3476" h="125" n="21">
			<w x="895">moral</w>
			<w x="1589">independence,</w>
			<w x="1806">than</w>
			<w x="1975">by</w>
			<w x="2386">resisting</w>
			<w x="2591">and</w>
			<w x="3151">overcoming</w>
		</line>
		<line c="3590" h="82" n="22">
			<w x="802">the</w>
			<w x="1110">world.</w>
		</line>
	</div>
</body>
