<body>
	<div id="2" group="1" x="636" y="2084" width="2530" height="388" type="score"
		attribution="HMorESM">
		<line c="2150" h="115" n="11">
			<w x="1030">
				<choice>
					<hyph>ernment.</hyph>
					<reg>government.</reg>
				</choice>
			</w>
			<w x="1279">No</w>
			<w x="1586">extent</w>
			<w x="1743">of</w>
			<w x="2277">observation</w>
			<w x="2484">can</w>
			<w x="2866">unsettle</w>
			<w x="3196">those</w>
		</line>
		<line c="2278" h="115" n="12">
			<w x="989">primary</w>
			<w x="1186">and</w>
			<w x="1725">fundamental</w>
			<w x="2183">principles</w>
			<w x="2317">of</w>
			<w x="2589">moral</w>
			<w x="2858">truth,</w>
			<w x="3154">which</w>
		</line>
		<line c="2402" h="142" n="13">
			<w x="772">we</w>
			<w x="1078">derive</w>
			<w x="1319">from</w>
			<w x="1504">our</w>
			<w x="1852">highest</w>
			<w x="2241">faculties</w>
			<w x="2704">operating</w>
			<w x="2823">in</w>
			<w x="2988">the</w>
			<w x="3199">
				<choice>
					<hyph>re-</hyph>
					<reg>relations</reg>
				</choice>
			</w>
		</line>
	</div>
</body>
