<body>
	<div id="2" group="1" x="694" y="4034" width="2512" height="371" type="parenthesis"
		attribution="HMorESM">
		<line c="4093" h="106" n="25">
			<blank x="1987"/>
			<w x="2333">Men</w>
			<w x="2563">feel</w>
			<w x="2776">and</w>
			<w x="3056">think</w>
			<w x="3240">at</w>
		</line>
		<line c="4234" h="124" n="26">
			<w x="1026">present</w>
			<w x="1275">with</w>
			<w x="1568">more</w>
			<w x="1933">energy</w>
			<w x="2179">than</w>
			<w x="2647">formerly.</w>
			<w x="3054">There</w>
			<w x="3196">is</w>
		</line>
		<line c="4366" h="120" n="27">
			<w x="894">more</w>
			<w x="1084">of</w>
			<w x="1438">interest</w>
			<w x="1639">and</w>
			<w x="2041">fervor.</w>
		</line>
	</div>
</body>
