<body>
	<div id="2" group="1" x="516" y="3239" width="2723" height="277" type="parenthesis"
		attribution="HMorESM">
		<line n="17" h="138" c="3308">
			<blank x="1976"/>
			<w x="2136">he</w>
			<w x="2472">knows</w>
			<w x="2812">much,</w>
			<w x="2992">but</w>
			<w x="3236">does</w>
		</line>
		<line n="18" h="138" c="3446">
			<w x="728">not</w>
			<w x="1024">know</w>
			<w x="1212">the</w>
			<w x="1448">way</w>
			<w x="1564">to</w>
			<w x="1752">the</w>
			<w x="2104">child's</w>
			<w x="2400">mind</w>
			<w x="2608">and</w>
			<w x="2912">heart.</w>
		</line>
	</div>
</body>
