<body>
	<div id="2" group="1" x="348" y="1691" width="2745" height="545" type="score"
		attribution="HMorESM">
		<line c="1750" h="130" n="7">
			<w x="424">a</w>
			<w x="833">stranger</w>
			<w x="964">to</w>
			<w x="1121">his</w>
			<w x="1354">own</w>
			<w x="1612">soul.</w>
			<w x="1848">In</w>
			<w x="2031">the</w>
			<w x="2271">very</w>
			<w x="2693">progress</w>
			<w x="2839">of</w>
			<w x="3075">
				<choice>
					<hyph>civ-</hyph>
					<reg>civilization,</reg>
				</choice>
			</w>
		</line>
		<line c="1887" h="138" n="8">
			<w x="769" endhyph="true">ilization,</w>
			<w x="867">I</w>
			<w x="1056">see</w>
			<w x="1238">the</w>
			<w x="1498">need</w>
			<w x="1642">of</w>
			<w x="1790">an</w>
			<w x="2300">antagonist</w>
			<w x="2765">principle</w>
			<w x="2879">to</w>
			<w x="3064">the</w>
		</line>
		<line c="2030" h="137" n="9">
			<w x="700">senses,</w>
			<w x="839">of</w>
			<w x="916">a</w>
			<w x="1240">power</w>
			<w x="1368">to</w>
			<w x="1583">free</w>
			<w x="1818">man</w>
			<w x="2072">from</w>
			<w x="2440">matter,</w>
			<w x="2566">to</w>
			<w x="2862">recall</w>
			<w x="3064">him</w>
		</line>
		<line c="2172" h="120" n="10">
			<w x="594">from</w>
			<w x="762">the</w>
			<w x="1162">outward</w>
			<w x="1290">to</w>
			<w x="1462">the</w>
			<w x="1812">inward</w>
			<w x="2180">world;</w>
			<w x="2400">and</w>
			<w x="2789">religion</w>
			<w x="3074">alone</w>
		</line>
	</div>
</body>
