<body>
	<div id="2" group="1" x="595" y="1752" width="2749" height="700" type="score"
		type2="questionmark" attribution="HMorESM">
		<line c="1820" h="118" n="7">
			<w x="778">
				<choice>
					<hyph>son</hyph>
					<reg>comparison</reg>
				</choice>
			</w>
			<w x="1023">with</w>
			<w x="1203">the</w>
			<w x="1467">past.</w>
			<w x="1843">Men,</w>
			<w x="1975">in</w>
			<w x="2387">general,</w>
			<w x="2745">cannot</w>
			<w x="2977">now</w>
			<w x="3334">endure</w>
		</line>
		<line c="1966" h="123" n="8">
			<w x="709">to</w>
			<w x="988">think</w>
			<w x="1194">that</w>
			<w x="1454">their</w>
			<w x="1689">own</w>
			<w x="2059">narrow</w>
			<w x="2399">church</w>
			<w x="2697">holds</w>
			<w x="2851">all</w>
			<w x="3024">the</w>
			<w x="3336">
				<choice>
					<hyph>good-</hyph>
					<reg>goodness</reg>
				</choice>
			</w>
		</line>
		<line c="2100" h="144" n="9">
			<w x="812" endhyph="true">ness</w>
			<w x="967">on</w>
			<w x="1153">the</w>
			<w x="1462">earth.</w>
			<w x="2004">Religion</w>
			<w x="2107">is</w>
			<w x="2338">less</w>
			<w x="2538">and</w>
			<w x="2748">less</w>
			<w x="3202">regarded</w>
			<w x="3334">as</w>
		</line>
		<line c="2242" h="113" n="10">
			<w x="682">a</w>
			<w x="1009">name,</w>
			<w x="1108">a</w>
			<w x="1404">form,</w>
			<w x="1498">a</w>
			<w x="1835">creed,</w>
			<w x="1934">a</w>
			<w x="2331">church,</w>
			<w x="2540">and</w>
			<w x="2828">more</w>
			<w x="3056">and</w>
			<w x="3333">more</w>
		</line>
		<line c="2394" h="126" n="11">
			<w x="712">as</w>
			<w x="898">the</w>
			<w x="1179">spirit</w>
			<w x="1321">of</w>
			<w x="1692">Christ,</w>
			<w x="2019">which</w>
			<w x="2341">works</w>
			<w x="2650">under</w>
			<w x="2800">all</w>
			<w x="3122">forms</w>
			<w x="3335">and</w>
		</line>
	</div>
</body>
