<body>
	<div id="2" group="1" x="461" y="4044" width="2515" height="262" type="parenthesis"
		attribution="HMorESM">
		<line c="4108" h="125" n="26">
			<blank x="1598"/>
			<w x="1821">It</w>
			<w x="1914">is</w>
			<w x="2295">through</w>
			<w x="2648">inward</w>
			<w x="2966">health</w>
		</line>
		<line c="4248" h="150" n="27">
			<w x="642">that</w>
			<w x="822">we</w>
			<w x="1111">enjoy</w>
			<w x="1266">all</w>
			<w x="1701">outward</w>
			<w x="2046">things.</w>
		</line>
	</div>
</body>
