<body>
	<div id="2" group="1" x="642" y="3260" width="2517" height="263" type="parenthesis"
		attribution="HMorESM">
		<line c="3317" h="127" n="20">
			<w x="760">an</w>
			<w x="1111">intense</w>
			<w x="1544">devotion</w>
			<w x="1681">to</w>
			<w x="1866">his</w>
			<w x="2163">work,</w>
			<w x="2396">and</w>
			<w x="2831">calmness</w>
			<w x="3136">under</w>
		</line>
		<line c="3461" h="123" n="21">
			<w x="1093">opposition</w>
			<w x="1276">and</w>
			<w x="1402">ill</w>
			<w x="1814">success;</w>
		</line>
	</div>
</body>
