<body>
	<div id="2" group="1" x="448" y="4041" width="2533" height="928" type="score"
		attribution="HMorESM">
		<line c="4107" h="117" n="26">
			<w x="556">in</w>
			<w x="705">its</w>
			<w x="1246">communion</w>
			<w x="1468">with</w>
			<w x="1743">God.</w>
			<w x="1941">It</w>
			<w x="2044">is</w>
			<w x="2158">a</w>
			<w x="2438">great</w>
			<w x="2956">excellence</w>
		</line>
		<line c="4245" h="105" n="27">
			<w x="570">of</w>
			<w x="752">the</w>
			<w x="1140">doctrine</w>
			<w x="1274">of</w>
			<w x="1581">God's</w>
			<w x="1869">unity,</w>
			<w x="2078">that</w>
			<w x="2190">it</w>
			<w x="2465">offers</w>
			<w x="2591">to</w>
			<w x="2716">us</w>
			<w x="2953">ONE</w>
		</line>
		<line c="4375" h="117" n="28">
			<w x="809">OBJECT</w>
			<w x="961">of</w>
			<w x="1364">supreme</w>
			<w x="1777">homage,</w>
			<w x="2266">adoration,</w>
			<w x="2492">and</w>
			<w x="2736">love,</w>
			<w x="2956">One</w>
		</line>
		<line c="4502" h="111" n="29">
			<w x="787">Infinite</w>
			<w x="1164">Father,</w>
			<w x="1372">one</w>
			<w x="1687">Being</w>
			<w x="1836">of</w>
			<w x="2180">beings,</w>
			<w x="2376">one</w>
			<w x="2750">original</w>
			<w x="2957">and</w>
		</line>
		<line c="4634" h="117" n="30">
			<w x="842">fountain,</w>
			<w x="967">to</w>
			<w x="1285">whom</w>
			<w x="1457">we</w>
			<w x="1692">may</w>
			<w x="1932">refer</w>
			<w x="2092">all</w>
			<w x="2381">good,</w>
			<w x="2504">in</w>
			<w x="2808">whom</w>
			<w x="2958">all</w>
		</line>
		<line c="4770" h="125" n="31">
			<w x="618">our</w>
			<w x="991">powers</w>
			<w x="1206">and</w>
			<w x="1676">affections</w>
			<w x="1924">may</w>
			<w x="2094">be</w>
			<w x="2741">concentrated,</w>
			<w x="3010">and</w>
		</line>
		<line c="4893" h="139" n="32">
			<w x="741">whose</w>
			<w x="1058">lovely</w>
			<w x="1251">and</w>
			<w x="1699">venerable</w>
			<w x="2038">nature</w>
			<w x="2239">may</w>
			<w x="2619">pervade</w>
			<w x="2758">all</w>
			<w x="3012">our</w>
		</line>
	</div>
</body>
