<body>
	<div id="2" group="1" x="598" y="1596" width="2534" height="394" type="score"
		attribution="HMorESM">
		<line c="1656" h="115" n="7">
			<w x="748">the</w>
			<w x="940">end</w>
			<w x="1125">can</w>
			<w x="1335">best</w>
			<w x="1471">be</w>
			<w x="1922">promoted</w>
			<w x="2279">without</w>
			<w x="2400">it.</w>
			<w x="2575">It</w>
			<w x="2677">is</w>
			<w x="2865">the</w>
			<w x="3160">mark</w>
		</line>
		<line c="1776" h="132" n="8">
			<w x="714">of</w>
			<w x="803">a</w>
			<w x="1069">weak</w>
			<w x="1343">mind,</w>
			<w x="1472">to</w>
			<w x="1741">make</w>
			<w x="1880">an</w>
			<w x="2080">idol</w>
			<w x="2210">of</w>
			<w x="2488">order</w>
			<w x="2682">and</w>
			<w x="3108">method;</w>
		</line>
		<line c="1913" h="143" n="9">
			<w x="703">to</w>
			<w x="947">cling</w>
			<w x="1064">to</w>
			<w x="1573">established</w>
			<w x="1840">forms</w>
			<w x="1974">of</w>
			<w x="2403">business,</w>
			<w x="2672">when</w>
			<w x="2891">they</w>
			<w x="3162">clog</w>
		</line>
	</div>
</body>
