<body>
	<div id="2" group="1" x="469" y="796" width="2562" height="3285" type="score"
		attribution="HMorESM">
		<line c="860" h="119" n="1">
			<w x="605">to</w>
			<w x="951">assume</w>
			<w x="1133">the</w>
			<w x="1530">ministry</w>
			<w x="1667">be</w>
			<w x="2016">taught,</w>
			<w x="2222">that</w>
			<w x="2461">they</w>
			<w x="2692">have</w>
			<w x="3006">
				<choice>
					<hyph>some-</hyph>
					<reg>something</reg>
				</choice>
			</w>
		</line>
		<line c="990" h="126" n="2">
			<w x="767" endhyph="true">thing</w>
			<w x="988">more</w>
			<w x="1110">to</w>
			<w x="1254">do</w>
			<w x="1471">than</w>
			<w x="1593">to</w>
			<w x="1911">handle</w>
			<w x="2104">old</w>
			<w x="2416">topics</w>
			<w x="2555">in</w>
			<w x="2720">old</w>
			<w x="3008">ways,</w>
		</line>
		<line c="1120" h="116" n="3">
			<w x="673">and</w>
			<w x="793">to</w>
			<w x="1032">walk</w>
			<w x="1149">in</w>
			<w x="1468">beaten</w>
			<w x="1668">and</w>
			<w x="2151">
				<choice>
					<orig>long-worn</orig>
					<reg>long worn</reg>
					<reg>long</reg>
					<reg>worn</reg>
				</choice>
			</w>
			<w x="2459">paths.</w>
			<w x="2741">Let</w>
			<w x="3002">them</w>
		</line>
		<line c="1254" h="125" n="4">
			<w x="849">inquire,</w>
			<w x="960">if</w>
			<w x="1178">new</w>
			<w x="1523">powers</w>
			<w x="1730">and</w>
			<w x="2053">agents</w>
			<w x="2294">may</w>
			<w x="2468">not</w>
			<w x="2624">be</w>
			<w x="3007">brought</w>
		</line>
		<line c="1382" h="122" n="5">
			<w x="603">to</w>
			<w x="829">bear</w>
			<w x="970">on</w>
			<w x="1136">the</w>
			<w x="1475">human</w>
			<w x="1964">character.</w>
			<w x="2204">Is</w>
			<w x="2293">it</w>
			<w x="2804">incredible,</w>
			<w x="3008">that</w>
		</line>
		<line c="1519" h="117" n="6">
			<w x="647">the</w>
			<w x="1051">progress</w>
			<w x="1187">of</w>
			<w x="1577">intellect</w>
			<w x="1766">and</w>
			<w x="2263">knowledge</w>
			<w x="2580">should</w>
			<w x="3006">
				<choice>
					<orig>develope</orig>
					<reg>develop</reg>
				</choice>
			</w>
		</line>
		<line c="1649" h="109" n="7">
			<w x="691">new</w>
			<w x="1136">resources</w>
			<w x="1314">for</w>
			<w x="1482">the</w>
			<w x="1837">teacher</w>
			<w x="1968">of</w>
			<w x="2362">religion,</w>
			<w x="2492">as</w>
			<w x="2710">well</w>
			<w x="2828">as</w>
			<w x="3006">for</w>
		</line>
		<line c="1781" h="128" n="8">
			<w x="647">the</w>
			<w x="1157">statesman,</w>
			<w x="1328">the</w>
			<w x="1642">artist,</w>
			<w x="1819">the</w>
			<w x="2445">philosopher?</w>
			<w x="2741">Are</w>
			<w x="3003">there</w>
		</line>
		<line c="1901" h="85" n="9">
			<w x="618">no</w>
			<w x="850">new</w>
			<w x="1455">combinations</w>
			<w x="1661">and</w>
			<w x="1893">new</w>
			<w x="2108">uses</w>
			<w x="2241">of</w>
			<w x="2413">the</w>
			<w x="2845">elements</w>
			<w x="2997">of</w>
		</line>
		<line c="2042" h="111" n="10">
			<w x="865">thought,</w>
			<w x="992">as</w>
			<w x="1238">well</w>
			<w x="1364">as</w>
			<w x="1517">of</w>
			<w x="1690">the</w>
			<w x="2133">elements</w>
			<w x="2295">of</w>
			<w x="2691">nature?</w>
			<w x="2887">Is</w>
			<w x="3006">it</w>
		</line>
		<line c="2163" h="138" n="11">
			<w x="966">impossible</w>
			<w x="1194">that</w>
			<w x="1342">in</w>
			<w x="1512">the</w>
			<w x="1738">vast</w>
			<w x="2168">compass</w>
			<w x="2320">of</w>
			<w x="2832">Scripture,</w>
			<w x="2989">of</w>
		</line>
		<line c="2296" h="120" n="12">
			<w x="804">nature,</w>
			<w x="950">of</w>
			<w x="1524">Providence,</w>
			<w x="1718">and</w>
			<w x="1852">of</w>
			<w x="2023">the</w>
			<w x="2267">soul,</w>
			<w x="2538">there</w>
			<w x="2844">should</w>
			<w x="3002">be</w>
		</line>
		<line c="2412" h="166" n="13">
			<w x="1029">undisclosed</w>
			<w x="1161">or</w>
			<w x="1461">dimly</w>
			<w x="1829">defined</w>
			<w x="2157">truths,</w>
			<w x="2454">which</w>
			<w x="2689">may</w>
			<w x="2901">give</w>
			<w x="3003">a</w>
		</line>
		<line c="2565" h="134" n="14">
			<w x="687">new</w>
			<w x="1056">impulse</w>
			<w x="1204">to</w>
			<w x="1399">the</w>
			<w x="1750">human</w>
			<w x="2095">mind?</w>
			<w x="2375">We</w>
			<w x="2790">dedicate</w>
			<w x="2998">this</w>
		</line>
		<line c="2700" h="122" n="15">
			<w x="767">place,</w>
			<w x="944">not</w>
			<w x="1165">only</w>
			<w x="1286">to</w>
			<w x="1456">the</w>
			<w x="2058">continuance,</w>
			<w x="2238">but</w>
			<w x="2365">to</w>
			<w x="2555">the</w>
			<w x="3000">
				<choice>
					<hyph>improve-</hyph>
					<reg>improvement</reg>
				</choice>
			</w>
		</line>
		<line c="2842" h="150" n="16">
			<w x="728" endhyph="true">ment</w>
			<w x="858">of</w>
			<w x="1031">the</w>
			<w x="1481">ministry;</w>
			<w x="1687">and</w>
			<w x="1853">let</w>
			<w x="2057">this</w>
			<w x="2678">improvement</w>
			<w x="2993">begin,</w>
		</line>
		<line c="2962" h="113" n="17">
			<w x="591">at</w>
			<w x="859">once,</w>
			<w x="982">in</w>
			<w x="1246">those</w>
			<w x="1766">particulars,</w>
			<w x="2071">where</w>
			<w x="2239">the</w>
			<w x="2570">public,</w>
			<w x="2673">if</w>
			<w x="2830">not</w>
			<w x="2996">the</w>
		</line>
		<line c="3096" h="155" n="18">
			<w x="804">clergy,</w>
			<w x="1000">feel</w>
			<w x="1096">it</w>
			<w x="1225">to</w>
			<w x="1355">be</w>
			<w x="1723">wanted.</w>
			<w x="2002">Let</w>
			<w x="2291">those,</w>
			<w x="2511">who</w>
			<w x="2698">are</w>
			<w x="2838">to</w>
			<w x="2995">be</w>
		</line>
		<line c="3233" h="120" n="19">
			<w x="893">educated</w>
			<w x="1174">here,</w>
			<w x="1347">be</w>
			<w x="1919">admonished</w>
			<w x="2269">against</w>
			<w x="2458">the</w>
			<w x="2757">frigid</w>
			<w x="3036">
				<choice>
					<hyph>elo-</hyph>
					<reg>eloquence,</reg>
				</choice>
			</w>
		</line>
		<line c="3368" h="149" n="20">
			<w x="845" endhyph="true">quence,</w>
			<w x="1016">the</w>
			<w x="1541">
				<choice>
					<orig>school-boy</orig>
					<reg>school boy</reg>
					<reg>school</reg>
					<reg>boy</reg>
				</choice>
			</w>
			<w x="1791">tone,</w>
			<w x="1965">the</w>
			<w x="2430">inanimate</w>
			<w x="2811">diction,</w>
			<w x="3027">too</w>
		</line>
		<line c="3503" h="134" n="21">
			<w x="877">common</w>
			<w x="995">in</w>
			<w x="1161">the</w>
			<w x="1484">pulpit,</w>
			<w x="1677">and</w>
			<w x="1971">which</w>
			<w x="2262">would</w>
			<w x="2400">be</w>
			<w x="2796">endured</w>
			<w x="3027">
				<choice>
					<hyph>no-</hyph>
					<reg>nowhere</reg>
				</choice>
			</w>
		</line>
		<line c="3626" h="121" n="22">
			<w x="767" endhyph="true">where</w>
			<w x="995">else.</w>
			<w x="1276">Let</w>
			<w x="1525">them</w>
			<w x="1808">speak</w>
			<w x="1943">in</w>
			<w x="2219">tones</w>
			<w x="2355">of</w>
			<w x="2598">truth</w>
			<w x="2796">and</w>
			<w x="3030">
				<choice>
					<hyph>na-</hyph>
					<reg>nature,</reg>
				</choice>
			</w>
		</line>
		<line c="3752" h="120" n="23">
			<w x="712" endhyph="true">ture,</w>
			<w x="923">and</w>
			<w x="1225">adopt</w>
			<w x="1416">the</w>
			<w x="1692">style</w>
			<w x="1911">and</w>
			<w x="2373">elocution</w>
			<w x="2518">of</w>
			<w x="2768">men,</w>
			<w x="3032">who</w>
		</line>
		<line c="3881" h="233" n="24">
			<w x="701">have</w>
			<w x="837">an</w>
			<w x="1145">urgent</w>
			<w x="1399">work</w>
			<w x="1532">in</w>
			<w x="1819">hand,</w>
			<w x="2010">and</w>
			<w x="2224">who</w>
			<w x="2411">are</w>
			<w x="2816">thirsting</w>
			<w x="3032">for</w>
		</line>
		<line c="4015" h="109" n="25">
			<w x="633">the</w>
			<w x="1203">regeneration</w>
			<w x="1336">of</w>
			<w x="1832">individuals</w>
			<w x="2026">and</w>
			<w x="2398">society.</w>
		</line>
	</div>
	<div id="3" group="2" x="457" y="4872" width="2540" height="256" type="bars2"
		attribution="HMorESM">
		<line c="4927" h="135" n="32">
			<blank x="1564"/>
			<w x="1825">He</w>
			<w x="2039">who</w>
			<w x="2336">would</w>
			<w x="2715">instruct</w>
			<w x="2980">men,</w>
		</line>
		<line c="5062" h="127" n="33">
			<w x="707">must</w>
			<w x="879">not</w>
			<w x="1078">fear</w>
			<w x="1418">them.</w>
		</line>
	</div>
</body>
