<body>
	<div id="2" group="1" x="787" y="1888" width="2745" height="570" type="score"
		attribution="HMorESM">
		<line c="1950" h="152" n="8">
			<w x="1005">The</w>
			<w x="1435">horrible</w>
			<w x="1892">thought,</w>
			<w x="2146">that</w>
			<w x="2522">certain</w>
			<w x="2972">portions</w>
			<w x="3134">of</w>
			<w x="3511">society</w>
		</line>
		<line c="2097" h="141" n="9">
			<w x="941">are</w>
			<w x="1074">to</w>
			<w x="1234">be</w>
			<w x="1504">kept</w>
			<w x="1783">down</w>
			<w x="1942">by</w>
			<w x="2332">appeals</w>
			<w x="2465">to</w>
			<w x="2724">their</w>
			<w x="3303">superstition</w>
			<w x="3514">and</w>
		</line>
		<line c="2243" h="149" n="10">
			<w x="1007">fear,</w>
			<w x="1205">has</w>
			<w x="1474">here</w>
			<w x="1919">received</w>
			<w x="2010">a</w>
			<w x="2497">refutation</w>
			<w x="2748">very</w>
			<w x="3195">cheering</w>
			<w x="3322">to</w>
			<w x="3525">the</w>
		</line>
		<line c="2383" h="145" n="11">
			<w x="1109">friends</w>
			<w x="1286">of</w>
			<w x="1794">humanity.</w>
			<w x="2127">Dr.</w>
			<w x="2735">Tuckerman</w>
			<w x="3132">carried</w>
			<w x="3515">among</w>
		</line>
	</div>
</body>
