<body>
	<div id="2" group="1" x="405" y="3094" width="2719" height="413" type="score"
		attribution="HMorESM">
		<line c="3165" h="129" n="17">
			<w x="424">a</w>
			<w x="780">mass.</w>
			<w x="1061">He</w>
			<w x="1193">is</w>
			<w x="1374">an</w>
			<w x="1815">ultimate</w>
			<w x="2158">being,</w>
			<w x="2470">made</w>
			<w x="2666">for</w>
			<w x="2854">his</w>
			<w x="3160">own</w>
		</line>
		<line c="3299" h="137" n="18">
			<w x="883">perfection</w>
			<w x="1035">as</w>
			<w x="1236">the</w>
			<w x="1623">highest</w>
			<w x="1880">end,</w>
			<w x="2190">made</w>
			<w x="2321">to</w>
			<w x="2751">maintain</w>
			<w x="2914">an</w>
			<w x="3149">
				<choice>
					<hyph>in-</hyph>
					<reg>individual</reg>
				</choice>
			</w>
		</line>
		<line c="3449" h="156" n="19">
			<w x="789" endhyph="true">dividual</w>
			<w x="1312">existence,</w>
			<w x="1524">and</w>
			<w x="1684">to</w>
			<w x="2001">serve</w>
			<w x="2342">others</w>
			<w x="2605">only</w>
			<w x="2754">as</w>
			<w x="2951">far</w>
			<w x="3152">as</w>
		</line>
	</div>
</body>
