<body>
	<div id="2" group="1" x="514" y="855" width="2746" height="722" type="score"
		attribution="HMorESM">
		<line c="947" h="143" n="1">
			<w x="740">The</w>
			<w x="1242">preaching</w>
			<w x="1556">which</w>
			<w x="2025">manifests</w>
			<w x="2118">a</w>
			<w x="2569">profound</w>
			<w x="3067">reverence</w>
			<w x="3252">for</w>
		</line>
		<line c="1094" h="122" n="2">
			<w x="798">truth,</w>
			<w x="1125">which</w>
			<w x="1266">is</w>
			<w x="1576">seen</w>
			<w x="1774">and</w>
			<w x="1986">felt</w>
			<w x="2114">to</w>
			<w x="2440">spring</w>
			<w x="2712">from</w>
			<w x="2862">an</w>
			<w x="3236">inward</w>
		</line>
		<line c="1234" h="124" n="3">
			<w x="948">fountain,</w>
			<w x="1276">which</w>
			<w x="1656">reveals</w>
			<w x="1860">the</w>
			<w x="2074">real</w>
			<w x="2296">and</w>
			<w x="2632">whole</w>
			<w x="2906">mind</w>
			<w x="3048">of</w>
			<w x="3236">the</w>
		</line>
		<line c="1375" h="143" n="4">
			<w x="935">speaker,</w>
			<w x="1180">wins</w>
			<w x="1741">confidence,</w>
			<w x="1940">and</w>
			<w x="2258">works</w>
			<w x="2823">conviction,</w>
			<w x="2970">far</w>
			<w x="3236">more</w>
		</line>
		<line c="1525" h="128" n="5">
			<w x="740">than</w>
			<w x="922">the</w>
			<w x="1207">most</w>
			<w x="1690">vehement</w>
			<w x="2276">outpourings</w>
			<w x="2440">of</w>
			<w x="3015">imagination</w>
			<w x="3236">and</w>
		</line>
	</div>
	<div id="3" group="2" x="528" y="4155" width="2724" height="414" type="score"
		attribution="HMorESM">
		<line c="4216" h="129" n="24">
			<w x="683">So</w>
			<w x="923">you</w>
			<w x="1210">must</w>
			<w x="1453">read</w>
			<w x="1739">what</w>
			<w x="2058">others</w>
			<w x="2317">have</w>
			<w x="2749">written;</w>
			<w x="2959">but</w>
			<w x="3232">read,</w>
		</line>
		<line c="4361" h="114" n="25">
			<w x="723">that</w>
			<w x="903">the</w>
			<w x="1227">action</w>
			<w x="1368">of</w>
			<w x="1655">other</w>
			<w x="1968">minds</w>
			<w x="2204">may</w>
			<w x="2588">awaken</w>
			<w x="2842">your</w>
			<w x="3071">own</w>
			<w x="3278">
				<choice>
					<hyph>in-</hyph>
					<reg>intellectual</reg>
				</choice>
			</w>
		</line>
		<line c="4501" h="119" n="26">
			<w x="970" endhyph="true">tellectual</w>
			<w x="1390">activity,</w>
			<w x="1599">and</w>
			<w x="1786">not</w>
			<w x="1935">be</w>
			<w x="2026">a</w>
			<w x="2502">substitute</w>
			<w x="2674">for</w>
			<w x="2806">it.</w>
			<w x="3263">Listen</w>
		</line>
	</div>
</body>
