<body>
	<div id="2" group="1" x="709" y="3514" width="2726" height="981" type="brokenscore"
		attribution="HMorESM">
		<line c="3579" h="120" n="20">
			<w x="922">You</w>
			<w x="1072">all</w>
			<w x="1310">feel,</w>
			<w x="1520">that</w>
			<w x="1700">the</w>
			<w x="1953">most</w>
			<w x="2321">perfect</w>
			<w x="2589">mind</w>
			<w x="2703">is</w>
			<w x="2884">not</w>
			<w x="3098">that</w>
			<w x="3427">which</w>
		</line>
		<line c="3716" h="130" n="21">
			<w x="1000">works</w>
			<w x="1145">in</w>
			<w x="1239">a</w>
			<w x="1786">prescribed</w>
			<w x="2075">way,</w>
			<w x="2393">which</w>
			<w x="2724">thinks</w>
			<w x="2952">and</w>
			<w x="3192">acts</w>
			<w x="3408">
				<choice>
					<hyph>ac-</hyph>
					<reg>according</reg>
				</choice>
			</w>
		</line>
		<line c="3870" h="130" n="22">
			<w x="1072" endhyph="true">cording</w>
			<w x="1239">to</w>
			<w x="1751">prescribed</w>
			<w x="2055">rules,</w>
			<w x="2250">but</w>
			<w x="2481">that</w>
			<w x="2796">which</w>
			<w x="3022">has</w>
			<w x="3084">a</w>
			<w x="3407">spring</w>
		</line>
		<line c="4003" h="134" n="23">
			<w x="835">of</w>
			<w x="1155">action</w>
			<w x="1294">in</w>
			<w x="1583">itself,</w>
			<w x="1906">which</w>
			<w x="2396">combines</w>
			<w x="2689">anew</w>
			<w x="2871">the</w>
			<w x="3403">knowledge</w>
		</line>
		<line c="4138" h="142" n="24">
			<w x="1115">received</w>
			<w x="1426">from</w>
			<w x="1705">other</w>
			<w x="2075">minds,</w>
			<w x="2424">which</w>
			<w x="2883">explores</w>
			<w x="3054">its</w>
			<w x="3408">hidden</w>
		</line>
		<line c="4292" h="118" n="25">
			<w x="875">and</w>
			<w x="1403">multiplied</w>
			<w x="1895">relations,</w>
			<w x="2108">and</w>
			<w x="2399">gives</w>
			<w x="2527">it</w>
			<w x="2784">forth</w>
			<w x="2936">in</w>
			<w x="3208">fresh</w>
			<w x="3410">and</w>
		</line>
		<line c="4422" h="141" n="26">
			<w x="1006">higher</w>
			<w x="1352">forms.</w>
			<w x="1690">The</w>
			<w x="2218">perfection</w>
			<w x="2362">of</w>
			<w x="2548">the</w>
			<w x="2822">tree,</w>
			<w x="3079">then,</w>
			<w x="3282">lies</w>
			<w x="3409">in</w>
		</line>
	</div>
</body>
