<body>
	<div id="2" group="1" x="415" y="3900" width="2726" height="547" type="score"
		attribution="HMorESM">
		<line c="3969" h="138" n="23">
			<w x="953">receptacle</w>
			<w x="1120">for</w>
			<w x="1322">the</w>
			<w x="1614">most</w>
			<w x="2020">pitiable</w>
			<w x="2164">of</w>
			<w x="2363">our</w>
			<w x="2688">race.</w>
			<w x="2982">But,</w>
			<w x="3171">in</w>
		</line>
		<line c="4115" h="125" n="24">
			<w x="608">one</w>
			<w x="896">view,</w>
			<w x="1296">insanity</w>
			<w x="1408">is</w>
			<w x="1597">not</w>
			<w x="1759">so</w>
			<w x="2047">great</w>
			<w x="2191">an</w>
			<w x="2397">evil</w>
			<w x="2530">as</w>
			<w x="2711">the</w>
			<w x="3114">
				<choice>
					<hyph>prostra-</hyph>
					<reg>prostration</reg>
				</choice>
			</w>
		</line>
		<line c="4244" h="125" n="25">
			<w x="623" endhyph="true">tion</w>
			<w x="766">of</w>
			<w x="1108">reason</w>
			<w x="1238">to</w>
			<w x="1329">a</w>
			<w x="1751">religious</w>
			<w x="1978">sect</w>
			<w x="2115">or</w>
			<w x="2205">a</w>
			<w x="2630">religious</w>
			<w x="2944">chief;</w>
			<w x="3116">for</w>
		</line>
		<line c="4383" h="107" n="26">
			<w x="593">the</w>
			<w x="828">first</w>
			<w x="937">is</w>
			<w x="1029">a</w>
			<w x="1478">visitation</w>
			<w x="1626">of</w>
			<w x="2242">Providence,</w>
			<w x="2432">the</w>
			<w x="2648">last</w>
			<w x="2779">is</w>
			<w x="2892">a</w>
			<w x="3111">
				<choice>
					<hyph>vol-</hyph>
					<reg>voluntary</reg>
				</choice>
			</w>
		</line>
	</div>
</body>
