<body>
	<div id="2" group="1" x="606" y="1211" width="2521" height="933" type="score"
		attribution="HMorESM">
		<line c="1283" h="126" n="4">
			<w x="895">Prove</w>
			<w x="1034">all</w>
			<w x="1350">things,</w>
			<w x="1580">hold</w>
			<w x="1765">fast</w>
			<w x="1967">that</w>
			<w x="2262">which</w>
			<w x="2361">is</w>
			<w x="2640">good.</w>
			<w x="2906">Do</w>
			<w x="3112">not,</w>
		</line>
		<line c="1409" h="127" n="5">
			<w x="1013">brethren,</w>
			<w x="1328">shrink</w>
			<w x="1566">from</w>
			<w x="1722">the</w>
			<w x="1951">duty</w>
			<w x="2085">of</w>
			<w x="2522">searching</w>
			<w x="2816">God's</w>
			<w x="3119">Word</w>
		</line>
		<line c="1535" h="152" n="6">
			<w x="751">for</w>
			<w x="1268">yourselves,</w>
			<w x="1640">through</w>
			<w x="1867">fear</w>
			<w x="2016">of</w>
			<w x="2343">human</w>
			<w x="2752">censure</w>
			<w x="2941">and</w>
			<w x="3160">
				<choice>
					<hyph>de-</hyph>
					<reg>denunciation.</reg>
				</choice>
			</w>
		</line>
		<line c="1662" h="142" n="7">
			<w x="1090">nunciation.</w>
			<w x="1356">Do</w>
			<w x="1544">not</w>
			<w x="1833">think,</w>
			<w x="2041">that</w>
			<w x="2232">you</w>
			<w x="2448">may</w>
			<w x="2946">innocently</w>
			<w x="3118">
				<choice>
					<hyph>fol-</hyph>
					<reg>follow</reg>
				</choice>
			</w>
		</line>
		<line c="1805" h="132" n="8">
			<w x="781" endhyph="true">low</w>
			<w x="950">the</w>
			<w x="1344">opinions</w>
			<w x="1637">which</w>
			<w x="2024">prevail</w>
			<w x="2358">around</w>
			<w x="2602">you,</w>
			<w x="2985">without</w>
			<w x="3155">
				<choice>
					<hyph>in-</hyph>
					<reg>investigation,</reg>
				</choice>
			</w>
		</line>
		<line c="1933" h="144" n="9">
			<w x="1115" endhyph="true">vestigation,</w>
			<w x="1264">on</w>
			<w x="1450">the</w>
			<w x="1833">ground,</w>
			<w x="2053">that</w>
			<w x="2614">Christianity</w>
			<w x="2755">is</w>
			<w x="2985">now</w>
			<w x="3153">so</w>
		</line>
		<line c="2070" h="139" n="10">
			<w x="955">purified</w>
			<w x="1219">from</w>
			<w x="1566">errors,</w>
			<w x="1698">as</w>
			<w x="1817">to</w>
			<w x="2063">need</w>
			<w x="2220">no</w>
			<w x="2664">laborious</w>
			<w x="3155">research.</w>
		</line>
	</div>
</body>
