<body>
	<div id="2" group="1" x="675" y="1286" width="2556" height="1981" type="score"
		attribution="HMorESM">
		<line c="1363" h="124" n="5">
			<w x="1228">comprehend</w>
			<w x="1502">itself,</w>
			<w x="1689">but</w>
			<w x="1843">for</w>
			<w x="2032">still</w>
			<w x="2339">higher</w>
			<w x="2732">reasons.</w>
			<w x="3020">We</w>
			<w x="3198">
				<choice>
					<hyph>be-</hyph>
					<reg>believe,</reg>
				</choice>
			</w>
		</line>
		<line c="1489" h="118" n="6">
			<w x="925" endhyph="true">lieve,</w>
			<w x="1132">that</w>
			<w x="1323">the</w>
			<w x="1686">human</w>
			<w x="1946">mind</w>
			<w x="2066">is</w>
			<w x="2311">akin</w>
			<w x="2452">to</w>
			<w x="2671">that</w>
			<w x="3198">intellectual</w>
		</line>
		<line c="1626" h="119" n="7">
			<w x="986">energy</w>
			<w x="1280">which</w>
			<w x="1513">gave</w>
			<w x="1758">birth</w>
			<w x="1878">to</w>
			<w x="2213">nature,</w>
			<w x="2408">and</w>
			<w x="3012">consequently</w>
			<w x="3200">that</w>
		</line>
		<line c="1746" h="128" n="8">
			<w x="752">it</w>
			<w x="1139">contains</w>
			<w x="1440">within</w>
			<w x="1696">itself</w>
			<w x="1852">the</w>
			<w x="2211">seminal</w>
			<w x="2399">and</w>
			<w x="2738">prolific</w>
			<w x="3199">principles</w>
		</line>
		<line c="1900" h="134" n="9">
			<w x="895">from</w>
			<w x="1210">which</w>
			<w x="1530">nature</w>
			<w x="1899">sprung.</w>
			<w x="2211">We</w>
			<w x="2583">believe,</w>
			<w x="2790">too,</w>
			<w x="3012">that</w>
			<w x="3196">the</w>
		</line>
		<line c="2026" h="120" n="10">
			<w x="997">highest</w>
			<w x="1403">purpose</w>
			<w x="1559">of</w>
			<w x="1733">the</w>
			<w x="2155">universe</w>
			<w x="2261">is</w>
			<w x="2384">to</w>
			<w x="2713">furnish</w>
			<w x="3189">materials,</w>
		</line>
		<line c="2155" h="121" n="11">
			<w x="976">scope,</w>
			<w x="1194">and</w>
			<w x="1769">excitements</w>
			<w x="1922">to</w>
			<w x="2120">the</w>
			<w x="2443">mind,</w>
			<w x="2573">in</w>
			<w x="2757">the</w>
			<w x="3032">work</w>
			<w x="3184">of</w>
		</line>
		<line c="2287" h="114" n="12">
			<w x="1196">assimilating</w>
			<w x="1465">itself</w>
			<w x="1600">to</w>
			<w x="1768">the</w>
			<w x="2116">Infinite</w>
			<w x="2485">Spirit;</w>
			<w x="2703">that</w>
			<w x="2838">is,</w>
			<w x="2974">to</w>
			<w x="3194">
				<choice>
					<hyph>min-</hyph>
					<reg>minister</reg>
				</choice>
			</w>
		</line>
		<line c="2420" h="117" n="13">
			<w x="882" endhyph="true">ister</w>
			<w x="1018">to</w>
			<w x="1123">a</w>
			<w x="1528">progress</w>
			<w x="1831">within</w>
			<w x="2008">us,</w>
			<w x="2308">which</w>
			<w x="2682">nothing</w>
			<w x="3056">without</w>
			<w x="3196">us</w>
		</line>
		<line c="2549" h="106" n="14">
			<w x="842">can</w>
			<w x="1099">rival.</w>
			<w x="1345">So</w>
			<w x="1934">transcendent</w>
			<w x="2057">is</w>
			<w x="2207">the</w>
			<w x="2488">mind.</w>
			<w x="2720">No</w>
			<w x="3012">praise</w>
			<w x="3199">can</w>
		</line>
		<line c="2679" h="131" n="15">
			<w x="928">equal</w>
			<w x="1230">God's</w>
			<w x="1658">goodness</w>
			<w x="1775">in</w>
			<w x="2160">creating</w>
			<w x="2284">us</w>
			<w x="2531">after</w>
			<w x="2685">his</w>
			<w x="2904">own</w>
			<w x="3199">
				<choice>
					<hyph>spirit-</hyph>
					<reg>spiritual</reg>
				</choice>
			</w>
		</line>
		<line c="2813" h="111" n="16">
			<w x="824" endhyph="true">ual</w>
			<w x="1228">likeness.</w>
			<w x="1477">No</w>
			<w x="2008">imagination</w>
			<w x="2197">can</w>
			<w x="2617">conceive</w>
			<w x="2750">of</w>
			<w x="2914">the</w>
			<w x="3201">
				<choice>
					<hyph>great-</hyph>
					<reg>greatness</reg>
				</choice>
			</w>
		</line>
		<line c="2945" h="119" n="17">
			<w x="879" endhyph="true">ness</w>
			<w x="1017">of</w>
			<w x="1192">the</w>
			<w x="1370">gift</w>
			<w x="1500">of</w>
			<w x="1589">a</w>
			<w x="1965">rational</w>
			<w x="2152">and</w>
			<w x="2438">moral</w>
			<w x="2925">existence.</w>
			<w x="3205">Far</w>
		</line>
		<line c="3078" h="116" n="18">
			<w x="902">from</w>
			<w x="1390">crucifying</w>
			<w x="1607">this,</w>
			<w x="1733">to</w>
			<w x="2040">unfold</w>
			<w x="2136">it</w>
			<w x="2375">must</w>
			<w x="2620">ever</w>
			<w x="2758">be</w>
			<w x="2936">the</w>
			<w x="3202">chief</w>
		</line>
		<line c="3203" h="136" n="19">
			<w x="893">duty</w>
			<w x="1082">and</w>
			<w x="1287">end</w>
			<w x="1443">of</w>
			<w x="1628">our</w>
			<w x="1923">being,</w>
			<w x="2133">and</w>
			<w x="2319">the</w>
			<w x="2681">noblest</w>
			<w x="3022">tribute</w>
			<w x="3202">we</w>
		</line>
	</div>
</body>
