<body>
	<div id="2" group="1" x="617" y="1194" width="2806" height="1265" type="score"
		attribution="HMorESM">
		<line n="4" h="140" c="1264">
			<w x="876">
				<choice>
					<hyph>lent</hyph>
					<reg>excellent</reg>
				</choice>
			</w>
			<w x="1184">being,</w>
			<w x="1328">as</w>
			<w x="1740">likeness</w>
			<w x="1852">to</w>
			<w x="2128">him.</w>
			<w x="2420">We</w>
			<w x="2728">never</w>
			<w x="3040">know</w>
			<w x="3132">a</w>
			<w x="3396">great</w>
		</line>
		<line n="5" h="140" c="1404">
			<w x="1136">character</w>
			<w x="1388">until</w>
			<w x="1912">something</w>
			<w x="2416">congenial</w>
			<w x="2552">to</w>
			<w x="2688">it</w>
			<w x="2904">has</w>
			<w x="3232">grown</w>
			<w x="3396">up</w>
		</line>
		<line n="6" h="140" c="1544">
			<w x="992">within</w>
			<w x="1516">ourselves.</w>
			<w x="1748">No</w>
			<w x="2168">strength</w>
			<w x="2328">of</w>
			<w x="2756">intellect</w>
			<w x="2956">and</w>
			<w x="3100">no</w>
			<w x="3412">study</w>
		</line>
		<line n="7" h="140" c="1684">
			<w x="876">can</w>
			<w x="1208">enable</w>
			<w x="1288">a</w>
			<w x="1524">man</w>
			<w x="1684">of</w>
			<w x="1772">a</w>
			<w x="2096">selfish</w>
			<w x="2296">and</w>
			<w x="2700">sensual</w>
			<w x="2972">mind</w>
			<w x="3124">to</w>
			<w x="3408">
				<choice>
					<hyph>com-</hyph>
					<reg>comprehend</reg>
				</choice>
			</w>
		</line>
		<line n="8" h="140" c="1824">
			<w x="1100" endhyph="true">prehend</w>
			<w x="1476">Jesus.</w>
			<w x="1800">Such</w>
			<w x="1896">a</w>
			<w x="2172">mind</w>
			<w x="2316">is</w>
			<w x="2744">covered</w>
			<w x="2996">with</w>
			<w x="3092">a</w>
			<w x="3404">mist;</w>
		</line>
		<line n="9" h="140" c="1964">
			<w x="872">and</w>
			<w x="1076">just</w>
			<w x="1204">in</w>
			<w x="1732">proportion</w>
			<w x="1864">as</w>
			<w x="1968">it</w>
			<w x="2392">subdues</w>
			<w x="2596">evil</w>
			<w x="2920">within</w>
			<w x="3200">itself,</w>
			<w x="3404">the</w>
		</line>
		<line n="10" h="140" c="2104">
			<w x="900">mist</w>
			<w x="1104">will</w>
			<w x="1264">be</w>
			<w x="1760">scattered,</w>
			<w x="2064">Jesus</w>
			<w x="2272">will</w>
			<w x="2480">rise</w>
			<w x="2732">upon</w>
			<w x="2828">it</w>
			<w x="3064">with</w>
			<w x="3160">a</w>
			<w x="3408">
				<choice>
					<hyph orig="sun-like">sun-</hyph>
					<reg>sun-like</reg>
					<reg>sun like</reg>
					<reg>sun</reg>
					<reg>like</reg>
				</choice>
			</w>
		</line>
		<line n="11" h="140" c="2244">
			<w x="892" endhyph="true">like</w>
			<w x="1436">brightness,</w>
			<w x="1672">and</w>
			<w x="1900">will</w>
			<w x="2112">call</w>
			<w x="2384">forth</w>
			<w x="2528">its</w>
			<w x="2808">most</w>
			<w x="3172">fervent</w>
			<w x="3404">and</w>
		</line>
		<line n="12" h="140" c="2384">
			<w x="928">most</w>
			<w x="1496">enlightened</w>
			<w x="1976">affection.</w>
		</line>
	</div>
	<div id="3" group="2" x="672" y="4581" width="2745" height="853" type="score"
		attribution="HMorESM">
		<line n="27" h="142" c="4652">
			<w x="884">He</w>
			<w x="1244">looked</w>
			<w x="1640">through</w>
			<w x="1916">what</w>
			<w x="2160">men</w>
			<w x="2456">were,</w>
			<w x="2828">looked</w>
			<w x="3212">through</w>
			<w x="3408">the</w>
		</line>
		<line n="28" h="142" c="4794">
			<w x="976">thick</w>
			<w x="1348">shades</w>
			<w x="1516">of</w>
			<w x="1800">their</w>
			<w x="2244">idolatry,</w>
			<w x="2884">superstition,</w>
			<w x="3132">and</w>
			<w x="3412">vice,</w>
		</line>
		<line n="29" h="142" c="4936">
			<w x="892">and</w>
			<w x="1132">saw</w>
			<w x="1284">in</w>
			<w x="1568">every</w>
			<w x="1932">human</w>
			<w x="2224">being</w>
			<w x="2316">a</w>
			<w x="2596">spirit</w>
			<w x="2760">of</w>
			<w x="3100">divine</w>
			<w x="3408">origin</w>
		</line>
		<line n="30" h="142" c="5078">
			<w x="912">and</w>
			<w x="1304">godlike</w>
			<w x="1772">faculties,</w>
			<w x="2108">which</w>
			<w x="2436">might</w>
			<w x="2592">be</w>
			<w x="3136">recovered</w>
			<w x="3416">from</w>
		</line>
		<line n="31" h="142" c="5220">
			<w x="844">all</w>
			<w x="984">its</w>
			<w x="1232">evil,</w>
			<w x="1548">which</w>
			<w x="1852">might</w>
			<w x="2268">become</w>
			<w x="2432">an</w>
			<w x="2772">image</w>
			<w x="2980">and</w>
			<w x="3052">a</w>
			<w x="3408">temple</w>
		</line>
		<line n="32" h="142" c="5362">
			<w x="840">of</w>
			<w x="1160">God.</w>
			<w x="1460">The</w>
			<w x="1936">greatness</w>
			<w x="2108">of</w>
			<w x="2436">Jesus</w>
			<w x="2900">consisted</w>
			<w x="3028">in</w>
			<w x="3220">his</w>
			<w x="3412">
				<choice>
					<hyph>de-</hyph>
					<reg>devoting</reg>
				</choice>
			</w>
		</line>
	</div>
</body>
