<body>
	<div id="2" group="1" x="666" y="1140" width="2542" height="2757" type="score"
		attribution="HMorESM">
		<line c="1214" h="126" n="4">
			<w x="895">It</w>
			<w x="997">is</w>
			<w x="1390">chiefly</w>
			<w x="1709">through</w>
			<w x="2018">books</w>
			<w x="2230">that</w>
			<w x="2380">we</w>
			<w x="2677">enjoy</w>
			<w x="3191">intercourse</w>
		</line>
		<line c="1344" h="113" n="5">
			<w x="888">with</w>
			<w x="1311">superior</w>
			<w x="1658">minds,</w>
			<w x="1870">and</w>
			<w x="2164">these</w>
			<w x="2668">invaluable</w>
			<w x="3009">means</w>
			<w x="3183">of</w>
		</line>
		<line c="1476" h="104" n="6">
			<w x="1356">communication</w>
			<w x="1554">are</w>
			<w x="1701">in</w>
			<w x="1895">the</w>
			<w x="2200">reach</w>
			<w x="2361">of</w>
			<w x="2540">all.</w>
			<w x="2782">In</w>
			<w x="2953">the</w>
			<w x="3190">best</w>
		</line>
		<line c="1609" h="109" n="7">
			<w x="984">books,</w>
			<w x="1239">great</w>
			<w x="1454">men</w>
			<w x="1664">talk</w>
			<w x="1783">to</w>
			<w x="1942">us,</w>
			<w x="2163">give</w>
			<w x="2291">us</w>
			<w x="2528">their</w>
			<w x="2770">most</w>
			<w x="3187">precious</w>
		</line>
		<line c="1745" h="118" n="8">
			<w x="1086">thoughts,</w>
			<w x="1314">and</w>
			<w x="1591">pour</w>
			<w x="1861">their</w>
			<w x="2164">souls</w>
			<w x="2378">into</w>
			<w x="2662">ours.</w>
			<w x="3014">God</w>
			<w x="3188">be</w>
		</line>
		<line c="1873" h="113" n="9">
			<w x="1036">thanked</w>
			<w x="1195">for</w>
			<w x="1537">books.</w>
			<w x="1894">They</w>
			<w x="2062">are</w>
			<w x="2248">the</w>
			<w x="2556">voices</w>
			<w x="2691">of</w>
			<w x="2871">the</w>
			<w x="3188">distant</w>
		</line>
		<line c="1983" h="166" n="10">
			<w x="854">and</w>
			<w x="1042">the</w>
			<w x="1328">dead,</w>
			<w x="1556">and</w>
			<w x="1829">make</w>
			<w x="1986">us</w>
			<w x="2259">heirs</w>
			<w x="2421">of</w>
			<w x="2594">the</w>
			<w x="3000">spiritual</w>
			<w x="3185">life</w>
		</line>
		<line c="2128" h="118" n="11">
			<w x="795">of</w>
			<w x="1029">past</w>
			<w x="1303">ages.</w>
			<w x="1729">Books</w>
			<w x="1925">are</w>
			<w x="2123">the</w>
			<w x="2352">true</w>
			<w x="2797">
				<choice>
					<orig>levellers.</orig>
					<reg>levelers.</reg>
				</choice>
			</w>
			<w x="3184">They</w>
		</line>
		<line c="2265" h="110" n="12">
			<w x="872">give</w>
			<w x="1005">to</w>
			<w x="1172">all,</w>
			<w x="1390">who</w>
			<w x="1586">will</w>
			<w x="1992">faithfully</w>
			<w x="2169">use</w>
			<w x="2445">them,</w>
			<w x="2616">the</w>
			<w x="3006">society,</w>
			<w x="3180">the</w>
		</line>
		<line c="2394" h="106" n="13">
			<w x="1038">spiritual</w>
			<w x="1501">presence,</w>
			<w x="1639">of</w>
			<w x="1811">the</w>
			<w x="2041">best</w>
			<w x="2226">and</w>
			<w x="2611">greatest</w>
			<w x="2741">of</w>
			<w x="2925">our</w>
			<w x="3182">race.</w>
		</line>
		<line c="2531" h="118" n="14">
			<w x="828">No</w>
			<w x="1169">matter</w>
			<w x="1450">how</w>
			<w x="1677">poor</w>
			<w x="1788">I</w>
			<w x="2006">am.</w>
			<w x="2283">No</w>
			<w x="2636">matter</w>
			<w x="2988">though</w>
			<w x="3180">the</w>
		</line>
		<line c="2660" h="113" n="15">
			<w x="1163">prosperous</w>
			<w x="1321">of</w>
			<w x="1526">my</w>
			<w x="1733">own</w>
			<w x="1972">time</w>
			<w x="2164">will</w>
			<w x="2354">not</w>
			<w x="2627">enter</w>
			<w x="2811">my</w>
			<w x="3181">obscure</w>
		</line>
		<line c="2786" h="107" n="16">
			<w x="1080">dwelling.</w>
			<w x="1290">If</w>
			<w x="1464">the</w>
			<w x="1835">Sacred</w>
			<w x="2235">Writers</w>
			<w x="2444">will</w>
			<w x="2724">enter</w>
			<w x="2940">and</w>
			<w x="3179">take</w>
		</line>
		<line c="2922" h="114" n="17">
			<w x="799">up</w>
			<w x="1035">their</w>
			<w x="1340">abode</w>
			<w x="1664">under</w>
			<w x="1835">my</w>
			<w x="2075">roof,</w>
			<w x="2185">if</w>
			<w x="2514">Milton</w>
			<w x="2704">will</w>
			<w x="2987">cross</w>
			<w x="3181">my</w>
		</line>
		<line c="3051" h="113" n="18">
			<w x="1087">threshold</w>
			<w x="1224">to</w>
			<w x="1450">sing</w>
			<w x="1595">to</w>
			<w x="1806">me</w>
			<w x="1951">of</w>
			<w x="2416">Paradise,</w>
			<w x="2611">and</w>
			<w x="3177">
				<choice>
					<orig>Shakspeare</orig>
					<reg>Shakespeare</reg>
				</choice>
			</w>
		</line>
		<line c="3177" h="116" n="19">
			<w x="799">to</w>
			<w x="1023">open</w>
			<w x="1163">to</w>
			<w x="1306">me</w>
			<w x="1493">the</w>
			<w x="1818">worlds</w>
			<w x="1953">of</w>
			<w x="2489">imagination</w>
			<w x="2693">and</w>
			<w x="2885">the</w>
			<w x="3176">
				<choice>
					<hyph>work-</hyph>
					<reg>workings</reg>
				</choice>
			</w>
		</line>
		<line c="3309" h="106" n="20">
			<w x="859" endhyph="true">ings</w>
			<w x="1020">of</w>
			<w x="1194">the</w>
			<w x="1541">human</w>
			<w x="1870">heart,</w>
			<w x="2061">and</w>
			<w x="2500">Franklin</w>
			<w x="2650">to</w>
			<w x="2986">enrich</w>
			<w x="3176">me</w>
		</line>
		<line c="3443" h="112" n="21">
			<w x="878">with</w>
			<w x="1050">his</w>
			<w x="1479">practical</w>
			<w x="1872">wisdom,</w>
			<w x="1963">I</w>
			<w x="2194">shall</w>
			<w x="2379">not</w>
			<w x="2617">pine</w>
			<w x="2794">for</w>
			<w x="3031">want</w>
			<w x="3176">of</w>
		</line>
		<line c="3574" h="112" n="22">
			<w x="1156">intellectual</w>
			<w x="1894">companionship,</w>
			<w x="2108">and</w>
			<w x="2212">I</w>
			<w x="2447">may</w>
			<w x="2835">become</w>
			<w x="2949">a</w>
			<w x="3176">
				<choice>
					<hyph>cul-</hyph>
					<reg>cultivated</reg>
				</choice>
			</w>
		</line>
		<line c="3704" h="112" n="23">
			<w x="980" endhyph="true">tivated</w>
			<w x="1216">man</w>
			<w x="1578">though</w>
			<w x="2016">excluded</w>
			<w x="2282">from</w>
			<w x="2542">what</w>
			<w x="2671">is</w>
			<w x="2992">called</w>
			<w x="3174">the</w>
		</line>
		<line c="3828" h="122" n="24">
			<w x="864">best</w>
			<w x="1204">society</w>
			<w x="1320">in</w>
			<w x="1486">the</w>
			<w x="1750">place</w>
			<w x="2051">where</w>
			<w x="2136">I</w>
			<w x="2371">live.</w>
		</line>
	</div>
	<div id="3" group="2" x="673" y="4165" width="2525" height="773" type="parenthesis"
		attribution="HMorESM">
		<line n="1" h="128" c="4229">
			<blank x="2364"/>
			<w x="2803">thinkers,</w>
			<w x="3020">who</w>
			<w x="3193">
				<choice>
					<hyph>in-</hyph>
					<reg>instead</reg>
				</choice>
			</w>
		</line>
		<line n="2" h="128" c="4357">
			<w x="934" endhyph="true">stead</w>
			<w x="1090">of</w>
			<w x="1479">diluting</w>
			<w x="1624">by</w>
			<w x="2113">repetition</w>
			<w x="2392">what</w>
			<w x="2703">others</w>
			<w x="2959">say,</w>
			<w x="3193">have</w>
		</line>
		<line n="3" h="128" c="4485">
			<w x="1151">something</w>
			<w x="1290">to</w>
			<w x="1468">say</w>
			<w x="1618">for</w>
			<w x="2180">themselves,</w>
			<w x="2392">and</w>
			<w x="2670">write</w>
			<w x="2803">to</w>
			<w x="3031">give</w>
			<w x="3181">
				<choice>
					<hyph>re-</hyph>
					<reg>relief</reg>
				</choice>
			</w>
		</line>
		<line n="4" h="128" c="4613">
			<w x="851" endhyph="true">lief</w>
			<w x="984">to</w>
			<w x="1179">full,</w>
			<w x="1535">earnest</w>
			<w x="1863">souls;</w>
			<w x="2063">and</w>
			<w x="2319">these</w>
			<w x="2620">works</w>
			<w x="2876">must</w>
			<w x="3042">not</w>
			<w x="3187">be</w>
		</line>
		<line n="5" h="128" c="4741">
			<w x="1118">skimmed</w>
			<w x="1329">over</w>
			<w x="1485">for</w>
			<w x="2024">amusement,</w>
			<w x="2214">but</w>
			<w x="2436">read</w>
			<w x="2647">with</w>
			<w x="2898">fixed</w>
			<w x="3193">
				<choice>
					<hyph>atten-</hyph>
					<reg>attention</reg>
				</choice>
			</w>
		</line>
		<line n="6" h="128" c="4869">
			<w x="873" endhyph="true">tion</w>
			<w x="1062">and</w>
			<w x="1151">a</w>
			<w x="1629">reverential</w>
			<w x="1852">love</w>
			<w x="1974">of</w>
			<w x="2241">truth.</w>
		</line>
	</div>
</body>
