<body>
    <div id="2" group="1" x="494" y="731" width="2555" height="536" type="score"
        attribution="HMorESM">
        <line c="811" h="153" n="1">
            <div id="3" group="1" x="514" y="741" width="2515" height="136" type="bars2"
                attribution="HMorESM">
                <w x="650">to</w>
                <w x="801">get</w>
                <w x="887">a</w>
                <w x="1502">subsistence.</w>
            </div>
            <w x="1610">It</w>
            <w x="1749">is</w>
            <w x="1872">to</w>
            <w x="2295">exercise</w>
            <w x="2500">and</w>
            <w x="2669">call</w>
            <w x="2853">out</w>
            <w x="3011">the</w>
        </line>
        <line c="955" h="121" n="2">
            <w x="800">higher</w>
            <w x="1182">faculties</w>
            <w x="1373">and</w>
            <w x="1821">affections</w>
            <w x="1954">of</w>
            <w x="2042">a</w>
            <w x="2360">human</w>
            <w x="2668">being.</w>
            <w x="3007">
                <choice>
                    <hyph>Edu-</hyph>
                    <reg>Education</reg>
                </choice>
            </w>
        </line>
        <line c="1082" h="129" n="3">
            <w x="796" endhyph="true">cation</w>
            <w x="909">is</w>
            <w x="1104">not</w>
            <w x="1282">the</w>
            <w x="1882">authoritative,</w>
            <w x="2484">compulsory,</w>
            <w x="3008">mechanical</w>
        </line>
        <line c="1214" h="111" n="4">
            <w x="868">training</w>
            <w x="985">of</w>
            <w x="1331">passive</w>
            <w x="1653">pupils</w>
            <w x="1824">but</w>
            <w x="1989">the</w>
            <w x="2408">influence</w>
            <w x="2540">of</w>
            <w x="2821">gifted</w>
            <w x="3016">and</w>
        </line>
    </div>
</body>
