<body>
	<div id="2" group="1" x="645" y="1711" width="2534" height="523" type="score"
		attribution="HMorESM">
		<line c="1771" h="123" n="8">
			<w x="925">actual</w>
			<w x="1384">existence</w>
			<w x="1546">of</w>
			<w x="1984">miracles.</w>
			<w x="2311">This</w>
			<w x="2773">sweeping</w>
			<w x="3215">
				<choice>
					<hyph>conclu-</hyph>
					<reg>conclusion</reg>
				</choice>
			</w>
		</line>
		<line c="1902" h="124" n="9">
			<w x="839" endhyph="true">sion</w>
			<w x="960">is</w>
			<w x="1078">a</w>
			<w x="1546">specimen</w>
			<w x="1701">of</w>
			<w x="1908">that</w>
			<w x="2146">rash</w>
			<w x="2407">habit</w>
			<w x="2567">of</w>
			<w x="3213">generalizing,</w>
		</line>
		<line c="2023" h="140" n="10">
			<w x="923">which</w>
			<w x="1240">rather</w>
			<w x="1850">distinguishes</w>
			<w x="2063">our</w>
			<w x="2390">times,</w>
			<w x="2610">and</w>
			<w x="2934">shows</w>
			<w x="3210">that</w>
		</line>
		<line c="2163" h="139" n="11">
			<w x="1258">philosophical</w>
			<w x="1697">reasoning</w>
			<w x="1893">has</w>
			<w x="2180">made</w>
			<w x="2476">fewer</w>
			<w x="2921">advances</w>
			<w x="3209">than</w>
		</line>
	</div>
</body>
