<body>
	<div id="2" group="1" x="406" y="3360" width="2724" height="276" type="score" attribution="ESM">
		<line c="3427" h="113" n="19">
			<w x="516">to</w>
			<w x="849">teach,</w>
			<w x="1070">that</w>
			<w x="1508">opinions</w>
			<w x="1690">are</w>
			<w x="1833">of</w>
			<w x="2112">small</w>
			<w x="2550">moment,</w>
			<w x="2695">or</w>
			<w x="2923">that</w>
			<w x="3120">we</w>
		</line>
		<line c="3566" h="133" n="20">
			<w x="724">should</w>
			<w x="1069">make</w>
			<w x="1210">no</w>
			<w x="1550">effort</w>
			<w x="1717">for</w>
			<w x="2470">such</w>
			<w x="2596">as</w>
			<w x="2788">we</w>
			<w x="3096">deem</w>
		</line>
		<div id="3" group="1" x="1752" y="3497" width="439" height="127" type="strikethrough"
			type2="annotated" attribution="ESM">
			<line n="1" h="127" c="3560">
				<w x="2192">spending</w>
			</line>
		</div>
		<div id="4" group="2" x="3180" y="3367" width="578" height="320" type="emendation"
			type2="annotation" attribution="ESM">
			<line n="1" h="320" c="3527">
				<w x="3757">spreading</w>
			</line>
		</div>
	</div>
	<div id="5" group="3" x="376" y="4065" width="2745" height="544" type="score"
		attribution="HMorESM">
		<line c="4138" h="128" n="24">
			<w x="761">respect</w>
			<w x="1015">alike</w>
			<w x="1211">our</w>
			<w x="1440">own</w>
			<w x="1647">and</w>
			<w x="1997">others'</w>
			<w x="2344">minds.</w>
			<w x="2651">We</w>
			<w x="2912">must</w>
			<w x="3100">not</w>
		</line>
		<line c="4272" h="138" n="25">
			<w x="786">demand</w>
			<w x="893">a</w>
			<w x="1421">uniformity</w>
			<w x="1585">in</w>
			<w x="1967">religion</w>
			<w x="2301">which</w>
			<w x="2627">exists</w>
			<w x="3094">nowhere</w>
		</line>
		<line c="4407" h="139" n="26">
			<w x="637">else,</w>
			<w x="829">but</w>
			<w x="1224">expect,</w>
			<w x="1435">and</w>
			<w x="1603">be</w>
			<w x="1988">willing,</w>
			<w x="2196">that</w>
			<w x="2376">the</w>
			<w x="2834">religious</w>
			<w x="3095">
				<choice>
					<hyph>prin-</hyph>
					<reg>principle,</reg>
				</choice>
			</w>
		</line>
		<line c="4544" h="137" n="27">
			<w x="682" endhyph="true">ciple,</w>
			<w x="897">like</w>
			<w x="1197">other</w>
			<w x="1704">principles</w>
			<w x="1860">of</w>
			<w x="2058">our</w>
			<w x="2432">nature,</w>
			<w x="2775">should</w>
			<w x="3095">
				<choice>
					<hyph>mani-</hyph>
					<reg>manifest</reg>
				</choice>
			</w>
		</line>
	</div>
	<div id="6" group="4" x="395" y="4621" width="2720" height="133" type="underline"
		attribution="HMorESM">
		<line n="28" h="133" c="4687">
			<blank x="997"/>
			<w x="1427">different</w>
		</line>
	</div>
	<div id="7" group="5" x="401" y="5184" width="2731" height="284" type="score"
		attribution="HMorESM">
		<line n="32" h="142" c="5255">
			<w x="568">let</w>
			<w x="707">us</w>
			<w x="1237">remember,</w>
			<w x="1471">that</w>
			<w x="1778">those</w>
			<w x="1984">who</w>
			<w x="2285">differ</w>
			<w x="2413">in</w>
			<w x="2697">word</w>
			<w x="2820">or</w>
			<w x="3104">
				<choice>
					<hyph>spec-</hyph>
					<reg>speculation,</reg>
				</choice>
			</w>
		</line>
		<line n="33" h="142" c="5397">
			<w x="780" endhyph="true">ulation,</w>
			<w x="1047">may</w>
			<w x="1376">agree</w>
			<w x="1521">in</w>
			<w x="1872">heart;</w>
			<w x="2123">that</w>
			<w x="2324">the</w>
			<w x="2614">spirit</w>
			<w x="2775">of</w>
			<w x="3115">
				<choice>
					<hyph>Chris-</hyph>
					<reg>Christianity</reg>
				</choice>
			</w>
		</line>
	</div>
</body>
