<body>
	<div id="2" group="1" x="579" y="4481" width="2769" height="1166" type="score"
		attribution="HMorESM">
		<line c="4554" h="133" n="26">
			<w x="704">of</w>
			<w x="854">an</w>
			<w x="1083">age</w>
			<w x="1226">is</w>
			<w x="1524">often</w>
			<w x="1908">hidden</w>
			<w x="2168">from</w>
			<w x="2492">itself.</w>
			<w x="3042">Perhaps</w>
			<w x="3326">some</w>
		</line>
		<line c="4698" h="154" n="27">
			<w x="842">word</w>
			<w x="1052">has</w>
			<w x="1347">been</w>
			<w x="1744">spoken</w>
			<w x="1894">in</w>
			<w x="2091">our</w>
			<w x="2331">day</w>
			<w x="2654">which</w>
			<w x="2826">we</w>
			<w x="3105">have</w>
			<w x="3330">not</w>
		</line>
		<line c="4841" h="143" n="28">
			<w x="968">deigned</w>
			<w x="1099">to</w>
			<w x="1376">hear,</w>
			<w x="1574">but</w>
			<w x="1892">which</w>
			<w x="2004">is</w>
			<w x="2137">to</w>
			<w x="2413">grow</w>
			<w x="2781">clearer</w>
			<w x="2990">and</w>
			<w x="3329">louder</w>
		</line>
		<line c="4987" h="138" n="29">
			<w x="964">through</w>
			<w x="1140">all</w>
			<w x="1436">ages.</w>
			<w x="1957">Perhaps</w>
			<w x="2266">some</w>
			<w x="2576">silent</w>
			<w x="2948">thinker</w>
			<w x="3330">among</w>
		</line>
		<line c="5117" h="123" n="30">
			<w x="706">us</w>
			<w x="874">is</w>
			<w x="991">at</w>
			<w x="1268">work</w>
			<w x="1424">in</w>
			<w x="1623">his</w>
			<w x="1967">closet</w>
			<w x="2296">whose</w>
			<w x="2618">name</w>
			<w x="2760">is</w>
			<w x="2924">to</w>
			<w x="3114">fill</w>
			<w x="3330">the</w>
		</line>
		<line c="5267" h="140" n="31">
			<w x="874">earth.</w>
			<w x="1389">Perhaps</w>
			<w x="1671">there</w>
			<w x="1998">sleeps</w>
			<w x="2125">in</w>
			<w x="2296">his</w>
			<w x="2648">cradle</w>
			<w x="2933">some</w>
			<w x="3330">
				<choice>
					<hyph>reform-</hyph>
					<reg>reformer</reg>
				</choice>
			</w>
		</line>
		<line c="5403" h="119" n="32">
			<w x="706" endhyph="true">er</w>
			<w x="938">who</w>
			<w x="1053">is</w>
			<w x="1185">to</w>
			<w x="1481">move</w>
			<w x="1687">the</w>
			<w x="2072">church</w>
			<w x="2298">and</w>
			<w x="2500">the</w>
			<w x="2843">world,</w>
			<w x="3083">who</w>
			<w x="3200">is</w>
			<w x="3332">to</w>
		</line>
		<line c="5561" h="153" n="33">
			<w x="837">open</w>
			<w x="932">a</w>
			<w x="1159">new</w>
			<w x="1344">era</w>
			<w x="1470">in</w>
			<w x="1870">history,</w>
			<w x="2110">who</w>
			<w x="2224">is</w>
			<w x="2358">to</w>
			<w x="2550">fire</w>
			<w x="2733">the</w>
			<w x="3087">human</w>
			<w x="3336">soul</w>
		</line>
	</div>
</body>
