<body>
	<div id="2" group="1" x="509" y="3126" width="2746" height="427" type="score"
		attribution="HMorESM">
		<line c="3192" h="136" n="17">
			<w x="762">You</w>
			<w x="997">hear</w>
			<w x="1146">of</w>
			<w x="1424">great</w>
			<w x="2042">theologians.</w>
			<w x="2324">He</w>
			<w x="2585">only</w>
			<w x="3029">deserves</w>
			<w x="3298">the</w>
		</line>
		<line c="3340" h="120" n="18">
			<w x="815">name,</w>
			<w x="963">be</w>
			<w x="1131">his</w>
			<w x="1600">condition</w>
			<w x="1860">what</w>
			<w x="1963">it</w>
			<w x="2229">may,</w>
			<w x="2458">who</w>
			<w x="2683">has,</w>
			<w x="2847">by</w>
			<w x="3246">thought</w>
		</line>
		<line c="3478" h="129" n="19">
			<w x="705">and</w>
			<w x="1262">obedience,</w>
			<w x="1665">purified</w>
			<w x="1888">and</w>
			<w x="2340">enlarged</w>
			<w x="2525">his</w>
			<w x="3076">conception</w>
			<w x="3218">of</w>
		</line>
	</div>
</body>
