<body>
	<div id="2" group="1" x="398" y="4628" width="2714" height="1001" type="score"
		attribution="HMorESM">
		<line c="4708" h="121" n="28">
			<w x="575">I</w>
			<w x="776">call</w>
			<w x="1004">that</w>
			<w x="1272">mind</w>
			<w x="1554">free,</w>
			<w x="1838">which</w>
			<w x="2230">masters</w>
			<w x="2432">the</w>
			<w x="2794">senses,</w>
			<w x="3085">which</w>
		</line>
		<line c="4852" h="126" n="29">
			<w x="780">protects</w>
			<w x="1060">itself</w>
			<w x="1419">against</w>
			<w x="1756">animal</w>
			<w x="2280">appetites,</w>
			<w x="2586">which</w>
			<w x="3083">contemns</w>
		</line>
		<line c="4993" h="125" n="30">
			<w x="780">pleasure</w>
			<w x="1006">and</w>
			<w x="1263">pain</w>
			<w x="1404">in</w>
			<w x="1990">comparison</w>
			<w x="2280">with</w>
			<w x="2421">its</w>
			<w x="2674">own</w>
			<w x="3078">energy,</w>
		</line>
		<line c="5128" h="135" n="31">
			<w x="681">which</w>
			<w x="1219">penetrates</w>
			<w x="1642">beneath</w>
			<w x="1852">the</w>
			<w x="2150">body</w>
			<w x="2367">and</w>
			<w x="2914">
				<choice>
					<orig>recognises</orig>
					<reg>recognizes</reg>
				</choice>
			</w>
			<w x="3080">its</w>
		</line>
		<line c="5273" h="131" n="32">
			<w x="597">own</w>
			<w x="930">reality</w>
			<w x="1126">and</w>
			<w x="1643">greatness,</w>
			<w x="1965">which</w>
			<w x="2314">passes</w>
			<w x="2531">life,</w>
			<w x="2726">not</w>
			<w x="2848">in</w>
			<w x="3076">
				<choice>
					<hyph>ask-</hyph>
					<reg>asking</reg>
				</choice>
			</w>
		</line>
		<line c="5416" h="133" n="33">
			<w x="548" endhyph="true">ing</w>
			<w x="807">what</w>
			<w x="935">it</w>
			<w x="1206">shall</w>
			<w x="1401">eat</w>
			<w x="1554">or</w>
			<w x="1883">drink,</w>
			<w x="2097">but</w>
			<w x="2214">in</w>
			<w x="2758">hungering,</w>
			<w x="3089">
				<choice>
					<hyph>thirst-</hyph>
					<reg>thirsting,</reg>
				</choice>
			</w>
		</line>
		<line c="5557" h="151" n="34">
			<w x="583" endhyph="true">ing,</w>
			<w x="792">and</w>
			<w x="1177">seeking</w>
			<w x="1425">after</w>
			<w x="2108">righteousness.</w>
		</line>
	</div>
</body>
