<body>
	<div id="2" group="1" x="458" y="3669" width="2544" height="1315" type="score"
		attribution="HMorESM">
		<line c="3738" h="132" n="23">
			<w x="735">surest</w>
			<w x="965">and</w>
			<w x="1202">only</w>
			<w x="1635">decisive</w>
			<w x="1878">signs</w>
			<w x="2039">of</w>
			<w x="2333">piety.</w>
			<w x="2620">We</w>
			<w x="2812">lay</w>
			<w x="2972">no</w>
		</line>
		<line c="3872" h="106" n="24">
			<w x="723">stress</w>
			<w x="869">on</w>
			<w x="1171">strong</w>
			<w x="1754">excitements.</w>
			<w x="2039">We</w>
			<w x="2354">esteem</w>
			<w x="2581">him,</w>
			<w x="2775">and</w>
			<w x="2974">him</w>
		</line>
		<line c="4004" h="125" n="25">
			<w x="687">only</w>
			<w x="767">a</w>
			<w x="1051">pious</w>
			<w x="1309">man,</w>
			<w x="1531">who</w>
			<w x="2049">practically</w>
			<w x="2501">conforms</w>
			<w x="2652">to</w>
			<w x="2973">God's</w>
		</line>
		<line c="4134" h="115" n="26">
			<w x="728">moral</w>
			<w x="1257">perfections</w>
			<w x="1455">and</w>
			<w x="2065">government;</w>
			<w x="2304">who</w>
			<w x="2619">shows</w>
			<w x="2777">his</w>
			<w x="2973">
				<choice>
					<hyph>de-</hyph>
					<reg>delight</reg>
				</choice>
			</w>
		</line>
		<line c="4270" h="114" n="27">
			<w x="687" endhyph="true">light</w>
			<w x="804">in</w>
			<w x="1125">God's</w>
			<w x="1753">benevolence,</w>
			<w x="1907">by</w>
			<w x="2220">loving</w>
			<w x="2434">and</w>
			<w x="2798">serving</w>
			<w x="2973">his</w>
		</line>
		<line c="4399" h="113" n="28">
			<w x="973">
				<choice>
					<orig>neighbour;</orig>
					<reg>neighbor;</reg>
				</choice>
			</w>
			<w x="1148">his</w>
			<w x="1491">delight</w>
			<w x="1605">in</w>
			<w x="1925">God's</w>
			<w x="2279">justice,</w>
			<w x="2428">by</w>
			<w x="2728">being</w>
			<w x="2973">
				<choice>
					<hyph>reso-</hyph>
					<reg>resolutely</reg>
				</choice>
			</w>
		</line>
		<line c="4518" h="149" n="29">
			<w x="728" endhyph="true">lutely</w>
			<w x="1128">upright;</w>
			<w x="1306">his</w>
			<w x="1589">sense</w>
			<w x="1721">of</w>
			<w x="2026">God's</w>
			<w x="2368">purity,</w>
			<w x="2517">by</w>
			<w x="2976">regulating</w>
		</line>
		<line c="4659" h="112" n="30">
			<w x="604">his</w>
			<w x="1054">thoughts,</w>
			<w x="1620">imagination,</w>
			<w x="1813">and</w>
			<w x="2240">desires;</w>
			<w x="2428">and</w>
			<w x="2742">whose</w>
			<w x="2972">
				<choice>
					<hyph>con-</hyph>
					<reg>conversation,</reg>
				</choice>
			</w>
		</line>
		<line c="4786" h="116" n="31">
			<w x="903" endhyph="true">versation,</w>
			<w x="1331">business,</w>
			<w x="1527">and</w>
			<w x="1967">domestic</w>
			<w x="2162">life</w>
			<w x="2351">are</w>
			<w x="2732">swayed</w>
			<w x="2894">by</w>
			<w x="2974">a</w>
		</line>
		<line c="4923" h="108" n="32">
			<w x="756">regard</w>
			<w x="901">to</w>
			<w x="1203">God's</w>
			<w x="1641">presence</w>
			<w x="1831">and</w>
			<w x="2299">authority.</w>
			<w x="2515">In</w>
			<w x="2670">all</w>
			<w x="3037">things</w>
		</line>
	</div>
</body>
