<body>
	<div id="2" group="1" x="708" y="782" width="2724" height="1406" type="score"
		attribution="HMorESM">
		<line c="864" h="151" n="1">
			<w x="1110">will,</w>
			<w x="1120">but</w>
			<w x="1256">to</w>
			<w x="1654">awaken</w>
			<w x="1854">the</w>
			<w x="2477">conscience,</w>
			<w x="2651">the</w>
			<w x="2975">moral</w>
			<w x="3410">
				<choice>
					<hyph>discern-</hyph>
					<reg>discernment,</reg>
				</choice>
			</w>
		</line>
		<line c="993" h="152" n="2">
			<w x="978" endhyph="true">ment,</w>
			<w x="1120">so</w>
			<w x="1379">that</w>
			<w x="1626">they</w>
			<w x="1860">may</w>
			<w x="2234">discern</w>
			<w x="2464">and</w>
			<w x="2899">approve</w>
			<w x="3106">for</w>
			<w x="3407">
				<choice>
					<hyph>them-</hyph>
					<reg>themselves</reg>
				</choice>
			</w>
		</line>
		<line c="1140" h="164" n="3">
			<w x="996" endhyph="true">selves</w>
			<w x="1278">what</w>
			<w x="1406">is</w>
			<w x="2053">everlastingly</w>
			<w x="2310">right</w>
			<w x="2524">and</w>
			<w x="2874">good;</w>
			<w x="3105">not</w>
			<w x="3226">to</w>
			<w x="3413">tell</w>
		</line>
		<line c="1286" h="141" n="4">
			<w x="954">them</w>
			<w x="1176">that</w>
			<w x="1414">God</w>
			<w x="1541">is</w>
			<w x="1842">good,</w>
			<w x="2039">but</w>
			<w x="2167">to</w>
			<w x="2404">help</w>
			<w x="2690">them</w>
			<w x="2805">to</w>
			<w x="3004">see</w>
			<w x="3208">and</w>
			<w x="3411">feel</w>
		</line>
		<line c="1421" h="158" n="5">
			<w x="851">his</w>
			<w x="1098">love</w>
			<w x="1207">in</w>
			<w x="1359">all</w>
			<w x="1573">that</w>
			<w x="1720">he</w>
			<w x="1973">does</w>
			<w x="2306">within</w>
			<w x="2518">and</w>
			<w x="2874">around</w>
			<w x="3208">them;</w>
			<w x="3415">not</w>
		</line>
		<line c="1555" h="134" n="6">
			<w x="814">to</w>
			<w x="1000">tell</w>
			<w x="1289">them</w>
			<w x="1430">of</w>
			<w x="1619">the</w>
			<w x="1995">dignity</w>
			<w x="2140">of</w>
			<w x="2507">Christ,</w>
			<w x="2700">but</w>
			<w x="2874">to</w>
			<w x="3138">open</w>
			<w x="3414">their</w>
		</line>
		<line c="1712" h="152" n="7">
			<w x="1038">inward</w>
			<w x="1239">eye</w>
			<w x="1359">to</w>
			<w x="1552">the</w>
			<w x="1898">beauty</w>
			<w x="2104">and</w>
			<w x="2585">greatness</w>
			<w x="2730">of</w>
			<w x="2901">his</w>
			<w x="3409">character,</w>
		</line>
		<line c="1845" h="134" n="8">
			<w x="888">and</w>
			<w x="1038">to</w>
			<w x="1491">enkindle</w>
			<w x="2043">aspirations</w>
			<w x="2334">after</w>
			<w x="2424">a</w>
			<w x="2818">kindred</w>
			<w x="3176">virtue.</w>
			<w x="3415">In</w>
		</line>
		<line c="1998" h="139" n="9">
			<w x="659">a</w>
			<w x="1120">word,</w>
			<w x="1300">the</w>
			<w x="1602">great</w>
			<w x="1974">object</w>
			<w x="2127">of</w>
			<w x="2303">all</w>
			<w x="2690">schools</w>
			<w x="2855">is,</w>
			<w x="3003">to</w>
			<w x="3418">awaken</w>
		</line>
		<line c="2129" h="159" n="10">
			<w x="1234">intellectual</w>
			<w x="1463">and</w>
			<w x="1813">moral</w>
			<w x="2012">life</w>
			<w x="2182">in</w>
			<w x="2380">the</w>
			<w x="2711">child.</w>
			<w x="3067">Life</w>
			<w x="3225">is</w>
			<w x="3417">the</w>
		</line>
	</div>
	<div id="3" group="2" x="716" y="4187" width="2726" height="289" type="parenthesis"
		attribution="HMorESM">
		<line n="25" h="144" c="4259">
			<blank x="1696"/>
			<w x="1944">We</w>
			<w x="2280">should</w>
			<w x="2608">teach</w>
			<w x="2992">religion</w>
			<w x="3132">as</w>
			<w x="3300">we</w>
			<w x="3444">do</w>
		</line>
		<line n="26" h="144" c="4403">
			<w x="1084">nature.</w>
		</line>
	</div>
</body>
