<body>
	<div id="2" group="1" x="612" y="1048" width="2550" height="274" type="score"
		attribution="HMorESM">
		<line c="1124" h="120" n="3">
			<w x="717">
				<choice>
					<hyph>er</hyph>
					<reg>greater</reg>
				</choice>
			</w>
			<w x="1241">intellectual</w>
			<w x="1587">energy</w>
			<w x="1690">is</w>
			<w x="2109">required</w>
			<w x="2253">to</w>
			<w x="2640">express</w>
			<w x="2915">them</w>
			<w x="3142">with</w>
		</line>
		<line c="1255" h="119" n="4">
			<w x="898">effect,</w>
			<w x="1126">than</w>
			<w x="1245">to</w>
			<w x="1668">conceive</w>
			<w x="1996">them;</w>
			<w x="2148">so</w>
			<w x="2373">that</w>
			<w x="2480">a</w>
			<w x="2834">nation,</w>
			<w x="3137">which</w>
		</line>
	</div>
</body>
