<body>
	<div id="2" group="1" x="473" y="744" width="2519" height="273" type="score"
		attribution="HMorESM">
		<line c="822" h="139" n="1">
			<w x="654">the</w>
			<w x="1181">convictions</w>
			<w x="1338">at</w>
			<w x="1636">which</w>
			<w x="1789">he</w>
			<w x="2048">must</w>
			<w x="2306">stop.</w>
			<w x="2700">Better</w>
			<w x="3034">show</w>
		</line>
		<line c="945" h="147" n="2">
			<w x="682">him</w>
			<w x="1072">honestly</w>
			<w x="1243">his</w>
			<w x="1593">chains,</w>
			<w x="1816">than</w>
			<w x="2110">mock</w>
			<w x="2292">the</w>
			<w x="2555">slave</w>
			<w x="2795">with</w>
			<w x="3046">the</w>
		</line>
	</div>
</body>
